"Time_Iter","Outer_Iter","Inner_Iter",    "rms[Rho]"    ,    "rms[RhoU]"   ,    "rms[RhoV]"   ,    "rms[RhoE]"   ,     "rms[k]"     ,     "rms[w]"     
          0,           0,           0,       0.700362756,        3.00888577,       2.976772203,       6.092731228,       3.246750425,       4.992670079
          0,           0,           1,      0.6383693385,       2.939349002,       2.911180962,       6.041207559,       3.153000732,        5.10091086
          0,           0,           2,      0.5806324148,         2.8724786,       2.823636263,       6.002899374,       3.057340329,       5.182997047
          0,           0,           3,      0.5493933733,       2.810870555,       2.708803448,        5.99521661,       2.963083992,       5.223550838
          0,           0,           4,       0.531148488,       2.761270721,        2.58861652,       5.991323637,       2.877938407,       5.225085892
          0,           0,           5,      0.5147725894,       2.730705934,       2.497967703,       5.988102541,       2.813301026,       5.217971391
          0,           0,           6,      0.5010026304,       2.717960201,       2.447508858,        5.99379107,       2.784479912,       5.200523266
          0,           0,           7,      0.4806324777,       2.717850382,       2.425345132,       5.981499912,       2.800521668,       5.198967789
          0,           0,           8,      0.4556489968,       2.726530189,       2.407751566,       5.956090821,       2.839825198,       5.233596501
          0,           0,           9,      0.4269254246,       2.735895274,       2.392652171,       5.920947118,       2.891290214,       5.250440698
          0,           0,          10,       0.396309364,       2.745411542,       2.388576268,       5.881677055,       2.945475696,       5.258472817
          0,           0,          11,      0.3679770258,       2.749802191,       2.380714492,       5.843930594,       2.997444574,       5.258803528
          0,           0,          12,       0.334630506,       2.758634069,       2.386114959,       5.803841105,        3.04573636,       5.246694737
          0,           0,          13,      0.2901663518,       2.759848217,       2.402034162,       5.751909916,       3.090191622,       5.219217737
          0,           0,          14,       0.237366615,       2.753346906,       2.415188149,       5.687939961,       3.131063847,       5.163723476
          0,           0,          15,      0.1773422899,       2.761458054,       2.422332087,       5.617101631,       3.168846423,       5.083345727
          0,           0,          16,      0.1168855464,       2.779561845,        2.42677718,       5.556716687,       3.203986871,        4.95889658
          0,           0,          17,     0.07210575792,        2.80044838,        2.43944243,        5.52434434,       3.237105973,        4.78172607
          0,           0,          18,     0.05133708576,       2.818879759,        2.45309236,       5.521826302,       3.268360483,       4.620873809
          0,           0,          19,     0.05749578473,       2.835559179,       2.465852512,       5.542601579,       3.298091459,       4.641314756
          0,           0,          20,     0.07282944635,       2.842058546,       2.475875568,       5.564658719,       3.326393074,       4.772191537
          0,           0,          21,     0.08799582487,       2.840676011,       2.481909825,       5.579186663,       3.353512701,       4.878263862
          0,           0,          22,      0.1000214717,       2.837934668,       2.488899386,       5.588236548,       3.379843947,       4.950163218
          0,           0,          23,      0.1042636536,       2.835976314,       2.487965837,       5.589348343,        3.40547752,       4.991243288
          0,           0,          24,      0.0952452955,       2.830009409,       2.479217437,       5.574065345,       3.430561326,       5.009711905
          0,           0,          25,     0.08904908062,       2.826162007,       2.465246123,       5.559006053,       3.455196895,       5.010857242
          0,           0,          26,      0.0840351598,       2.821151699,       2.458519693,       5.546614181,       3.479492121,       4.998088653
          0,           0,          27,     0.06875791698,       2.810856688,        2.45166263,       5.527044593,       3.503265613,       4.974012265
          0,           0,          28,     0.05521983881,       2.802660564,       2.446504111,       5.508823381,       3.526571622,       4.943539007
          0,           0,          29,     0.03933254854,        2.79411413,       2.440676389,       5.493388821,       3.549501802,       4.912904107
          0,           0,          30,     0.02638785031,       2.785616819,       2.417498243,       5.477793859,       3.572037655,        4.88508776
          0,           0,          31,     0.01182310144,       2.773158801,       2.395565133,       5.458796462,       3.593943352,       4.866718589
          0,           0,          32,  -0.0001516226579,       2.759336802,       2.367504461,       5.443646833,       3.615343389,       4.849384686
          0,           0,          33,    -0.01616381482,       2.742913991,       2.338848699,       5.424435964,       3.636198019,       4.830686002
          0,           0,          34,    -0.02794227237,       2.733859179,        2.31305604,       5.414808678,       3.656389817,       4.800712669
          0,           0,          35,    -0.03802138527,       2.724728981,       2.283329495,       5.409726035,       3.675893002,       4.753720674
          0,           0,          36,    -0.04727813957,        2.71567223,       2.257059692,       5.405399977,       3.694674539,       4.681159227
          0,           0,          37,    -0.05768724577,       2.707064751,       2.228009631,       5.396855559,       3.712708309,       4.569657726
          0,           0,          38,    -0.06825295799,       2.698449568,       2.213230007,       5.387477447,       3.729954013,       4.414643747
          0,           0,          39,    -0.07717498493,       2.690280476,       2.192592175,       5.380492582,       3.746393992,       4.241856536
          0,           0,          40,    -0.08564637244,       2.681617768,        2.18007037,       5.372371165,       3.762007531,       4.298719075
          0,           0,          41,    -0.09110709287,       2.673536484,       2.165665657,       5.367036605,       3.776784777,       4.470096625
          0,           0,          42,    -0.09373311343,       2.666644458,       2.160309397,       5.365064496,       3.790693121,       4.598759937
          0,           0,          43,    -0.09987182179,       2.658460904,       2.159391992,       5.360866909,       3.803750762,       4.677831726
          0,           0,          44,      -0.104144719,       2.651405028,       2.159391276,       5.358736512,       3.815945349,        4.72170738
          0,           0,          45,     -0.1038375759,       2.647580227,       2.178244533,       5.361838735,       3.827261617,       4.739352556
          0,           0,          46,     -0.1052836529,       2.644630268,        2.17118926,       5.358350128,       3.837854193,       4.743629551
          0,           0,          47,     -0.1085008155,       2.642306703,       2.167532142,       5.356246478,       3.847768472,       4.732509629
          0,           0,          48,      -0.112646158,       2.638938905,       2.158693048,        5.35267944,       3.857013541,       4.720397786
          0,           0,          49,     -0.1165572115,        2.63450195,       2.163087199,       5.344142803,       3.865550315,       4.707762807
          0,           0,          50,     -0.1210033962,       2.628293743,       2.166094113,       5.335061098,       3.873415877,        4.69828831
          0,           0,          51,     -0.1275231549,        2.62165441,       2.161096948,       5.325273544,       3.880687773,       4.696945883
          0,           0,          52,     -0.1343003845,       2.615574983,       2.160637455,       5.317536086,       3.887357324,       4.708746341
          0,           0,          53,     -0.1398470835,       2.610615517,       2.167379461,       5.311646236,       3.893327629,       4.734710036
          0,           0,          54,     -0.1432662613,       2.604031514,       2.169257508,       5.303891679,       3.898670868,       4.772223285
          0,           0,          55,     -0.1442548086,       2.597674032,        2.16140932,       5.298386593,       3.903461366,       4.817387217
          0,           0,          56,     -0.1469766981,       2.591178306,       2.161336156,       5.293627727,        3.90774663,       4.861202092
          0,           0,          57,      -0.151057469,       2.584296974,       2.151599328,       5.288416235,       3.911674529,       4.903444379
          0,           0,          58,     -0.1577088262,       2.576637203,       2.145533229,       5.280247477,       3.915284412,        4.94025995
          0,           0,          59,     -0.1644199102,       2.571324061,       2.140121879,       5.272377872,       3.918721766,       4.971404065
          0,           0,          60,     -0.1726178123,       2.565296825,       2.134409877,       5.264633221,       3.922025033,       4.998594321
          0,           0,          61,     -0.1808254283,       2.558632109,       2.126833902,       5.253806042,       3.925126023,       5.024204903
          0,           0,          62,     -0.1888258652,       2.551589043,       2.104860965,       5.241296981,       3.928055636,       5.046840367
          0,           0,          63,     -0.1977521013,       2.545261341,       2.089499157,       5.230185813,       3.930909551,       5.064332888
          0,           0,          64,     -0.2082432124,       2.538169195,       2.070828255,        5.22063765,       3.933722696,       5.074413639
          0,           0,          65,     -0.2204790923,       2.530648539,       2.053198979,       5.207034431,       3.936440087,       5.079400031
          0,           0,          66,     -0.2327611618,       2.522555086,       2.045741784,       5.195647404,       3.939003493,       5.080904107
          0,           0,          67,      -0.244435147,       2.513914421,       2.050208394,       5.183281346,       3.941358102,       5.079259976
          0,           0,          68,     -0.2551292343,       2.505808108,       2.063670273,       5.172377202,       3.943579471,       5.076100748
          0,           0,          69,     -0.2662621671,       2.497141679,        2.05989471,       5.160446345,       3.945681588,       5.071469725
          0,           0,          70,     -0.2809568705,       2.488976328,        2.03487911,       5.145478951,       3.947677366,       5.063980343
          0,           0,          71,     -0.2954701131,       2.480838507,       2.014536322,       5.133815126,       3.949525414,       5.050601444
          0,           0,          72,     -0.3077910513,       2.473145921,       1.996178303,       5.122028323,       3.951091812,       5.029014661
          0,           0,          73,     -0.3183898177,        2.46633568,       1.982394558,       5.111737074,       3.952445059,        5.00190054
          0,           0,          74,     -0.3270612599,       2.460680965,       1.976064854,       5.103244582,       3.953538181,       4.969407685
          0,           0,          75,     -0.3362546926,        2.45441801,       1.965415153,        5.09257355,       3.954375618,       4.931918647
          0,           0,          76,        -0.3431275,        2.44849478,       1.971211375,       5.084989034,        3.95492968,       4.889857795
          0,           0,          77,     -0.3466395173,       2.443742805,       1.992809001,       5.082691007,       3.955233741,       4.845306005
          0,           0,          78,     -0.3526957591,       2.439497741,       1.972694644,       5.079032848,       3.955261664,       4.795195312
          0,           0,          79,      -0.357967239,       2.436065657,       1.949209122,       5.071835574,       3.954989387,       4.737009629
          0,           0,          80,      -0.358709183,       2.436299929,       1.944743266,       5.071099221,       3.954355908,        4.66813971
          0,           0,          81,      -0.355769905,       2.436399273,       1.948351983,       5.075393907,        3.95337837,       4.585566435
          0,           0,          82,     -0.3544315821,       2.437651941,       1.934939673,        5.07310658,       3.952108868,       4.496440253
          0,           0,          83,     -0.3513107694,       2.443732945,       1.934147307,       5.075271166,        3.95046644,       4.415643404
          0,           0,          84,      -0.347031131,       2.440791652,       1.971129726,       5.076414306,        3.94854509,       4.374284119
          0,           0,          85,     -0.3412099139,       2.452460371,       1.984784002,       5.078636126,       3.946213893,       4.373662251
          0,           0,          86,     -0.3395705543,       2.445361046,       1.971048474,       5.077258896,       3.943663011,       4.419730139
          0,           0,          87,     -0.3354488046,       2.446320861,       1.968442125,       5.080226366,       3.940814905,       4.478028543
          0,           0,          88,      -0.329177996,       2.451401645,        1.97791177,       5.084087215,       3.937669455,       4.529399601
          0,           0,          89,     -0.3234056501,       2.457745911,       1.987789001,       5.088602918,       3.934240644,       4.587562876
          0,           0,          90,     -0.3211700866,       2.462298121,       1.993339042,       5.089886366,       3.930560148,       4.633665516
          0,           0,          91,     -0.3174886901,       2.467253025,       2.006206592,       5.096168539,       3.926640061,       4.666819223
          0,           0,          92,     -0.3115146604,       2.473807927,       2.038439627,       5.106852478,       3.922484507,       4.687385908
          0,           0,          93,     -0.3044182425,       2.480996767,       2.037718456,       5.116224255,       3.918119884,       4.688931686
          0,           0,          94,     -0.3002418595,       2.488889778,       2.017933635,       5.120675902,       3.913544263,       4.688176897
          0,           0,          95,     -0.2953150719,       2.496678939,       2.014114186,       5.128743438,       3.908761799,       4.689949466
          0,           0,          96,      -0.289603725,       2.506389219,       2.027142213,       5.137006648,       3.903810933,       4.688350975
          0,           0,          97,     -0.2843894019,       2.515863133,       2.032578016,       5.146667776,       3.898709924,       4.680860223
          0,           0,          98,     -0.2819383427,       2.522395624,       2.039659719,       5.154686756,       3.893429906,       4.668750301
          0,           0,          99,     -0.2771956841,        2.52916873,       2.055428163,       5.162461357,       3.888039214,       4.645190123
          0,           0,         100,     -0.2696212522,       2.538327576,       2.079443701,       5.176272026,       3.882500577,       4.604281408
          0,           0,         101,     -0.2645593205,       2.546256542,       2.066858724,       5.186843457,        3.87681939,       4.543918786
          0,           0,         102,     -0.2590683294,       2.555955998,        2.05986021,       5.197186165,       3.871033289,       4.477218062
          0,           0,         103,     -0.2533209132,       2.565300248,       2.060714125,       5.207142056,       3.865236636,       4.401291671
          0,           0,         104,     -0.2448217941,       2.575359659,       2.056720564,        5.22094799,       3.859374321,       4.322654923
          0,           0,         105,     -0.2364855709,       2.584267447,       2.051984247,        5.23511296,       3.853389665,       4.232008429
          0,           0,         106,     -0.2276796771,       2.593631144,       2.051194655,       5.249193325,       3.847482383,       4.113655865
          0,           0,         107,     -0.2190999584,        2.60121906,       2.068889493,       5.262198258,        3.84179999,       3.958247873
          0,           0,         108,     -0.2104582985,        2.60767243,       2.083319548,       5.273321021,       3.836260179,       3.772415361
          0,           0,         109,     -0.2051827149,       2.612911249,       2.067417395,       5.280254195,       3.830843772,        3.87755243
          0,           0,         110,      -0.201076239,       2.615908572,       2.067015263,       5.285646585,       3.825398843,       4.052941843
          0,           0,         111,     -0.1954973167,       2.617771068,       2.074951317,       5.292542829,       3.820017529,       4.169936039
          0,           0,         112,     -0.1903386332,       2.619157043,       2.094586909,       5.298698566,       3.814571688,       4.262584749
          0,           0,         113,     -0.1871136202,       2.618400552,       2.093386657,       5.300892415,       3.808888692,       4.337855633
          0,           0,         114,     -0.1839847214,       2.617547284,       2.092946084,       5.302733562,       3.802971205,       4.397788847
          0,           0,         115,      -0.182494879,       2.614782052,        2.10607992,        5.30279185,       3.796425259,       4.449957289
          0,           0,         116,     -0.1806898194,       2.611756161,       2.114990156,       5.304206685,       3.789270427,       4.504878459
          0,           0,         117,     -0.1785890881,       2.608510789,       2.099563915,       5.305892385,       3.781680897,       4.552604306
          0,           0,         118,     -0.1755754559,       2.609442437,        2.10300436,       5.309367193,       3.774011866,       4.583895939
          0,           0,         119,     -0.1740996054,       2.609698014,       2.103099065,       5.310780726,       3.766296412,       4.601422206
          0,           0,         120,     -0.1725171406,       2.608133259,       2.109213976,       5.312546722,       3.758889002,       4.611010631
          0,           0,         121,      -0.171209855,          2.606251,       2.113460967,       5.313435851,       3.752229923,        4.61706043
          0,           0,         122,     -0.1693540796,       2.603522554,       2.123128796,       5.316471575,        3.74684989,       4.624207164
          0,           0,         123,     -0.1708785183,       2.598731922,       2.104498747,       5.315214652,       3.743752036,       4.634852316
          0,           0,         124,     -0.1759500926,       2.591567371,       2.083513067,       5.309534742,       3.742996342,       4.641610953
          0,           0,         125,     -0.1822948001,       2.584668904,       2.080120811,       5.301999765,       3.744105243,       4.635017304
          0,           0,         126,     -0.1890359714,       2.576942201,       2.073393582,       5.294257444,        3.74709465,       4.620524959
          0,           0,         127,     -0.1970351995,       2.567448497,       2.058566268,       5.285365188,       3.751982867,       4.599283121
          0,           0,         128,     -0.2044717987,       2.556015422,       2.050045674,       5.277429896,       3.758329939,       4.574225604
          0,           0,         129,     -0.2098972317,       2.547917145,       2.073222905,       5.270981688,       3.765853185,       4.548666312
          0,           0,         130,     -0.2148527351,       2.538267216,       2.078727984,       5.264782017,        3.77409914,       4.531608793
          0,           0,         131,     -0.2212311529,       2.527870904,       2.053805713,       5.257147517,       3.783150844,         4.5155901
          0,           0,         132,     -0.2289362893,       2.517225398,       2.041299953,       5.247176508,       3.792469462,       4.490672726
          0,           0,         133,     -0.2356485512,       2.506316739,       2.031012804,       5.238066894,       3.801705028,       4.449493666
          0,           0,         134,     -0.2423662738,       2.494409959,       2.015045146,       5.228888845,       3.810628713,        4.39515322
          0,           0,         135,     -0.2472057552,       2.482807998,       2.004119886,       5.220727241,       3.819173929,       4.327235419
          0,           0,         136,     -0.2500797466,       2.474494036,        1.99612292,        5.21518575,       3.827204032,       4.246234688
          0,           0,         137,     -0.2521398309,       2.467310945,       2.029537733,       5.210834996,       3.834642886,       4.162869046
          0,           0,         138,      -0.253824646,       2.462343007,       2.054458925,        5.20717226,       3.841288853,       4.104091649
          0,           0,         139,     -0.2584253271,       2.456819077,        2.02413824,       5.198537207,       3.847059585,       4.060409521
          0,           0,         140,     -0.2634238295,       2.449830639,       2.010576738,       5.190976619,       3.851908972,       4.003864196
          0,           0,         141,     -0.2664075229,          2.442628,       1.998043571,         5.1837738,       3.855889425,       3.941779118
          0,           0,         142,     -0.2697131767,       2.438190777,       1.989120024,       5.178893845,       3.858908735,       3.898645376
          0,           0,         143,     -0.2720174377,       2.432502834,        1.98721234,        5.17258507,        3.86113393,       3.910600638
          0,           0,         144,     -0.2736093714,       2.430260164,       1.984650977,        5.17048654,       3.862571542,       3.957567608
          0,           0,         145,     -0.2736476304,       2.429504802,       2.011901719,       5.168078052,       3.863352067,       4.010538599
          0,           0,         146,     -0.2724673239,       2.430366656,        2.02823397,       5.170235362,       3.863388761,       4.035229678
          0,           0,         147,     -0.2726104031,       2.431710495,       2.018164112,        5.16688489,       3.862743644,       4.053088416
          0,           0,         148,     -0.2739827886,       2.431646512,       2.010894227,       5.163560737,       3.861510313,       4.072982122
          0,           0,         149,     -0.2742204059,        2.43167393,       1.998793705,       5.161723968,       3.859687229,       4.080161316
          0,           0,         150,     -0.2737496409,        2.42988668,       1.999221624,       5.160231101,       3.857415333,       4.128213586
          0,           0,         151,     -0.2719513421,        2.43295823,        2.00520335,       5.162341874,       3.854665402,       4.168657764
          0,           0,         152,     -0.2701934632,       2.431927123,       2.025915551,       5.164988546,       3.851531804,       4.188663267
          0,           0,         153,     -0.2704574017,       2.431870181,        2.03950192,       5.164101994,       3.848056658,       4.187523641
          0,           0,         154,     -0.2699879685,        2.43231183,       2.040588897,       5.164317452,       3.844247069,        4.19611174
          0,           0,         155,     -0.2704902974,       2.430923355,       2.022474155,       5.161646123,        3.84022439,       4.152109152
          0,           0,         156,      -0.270388676,       2.429759629,       2.022162781,       5.160103714,       3.835964253,        4.13231436
          0,           0,         157,     -0.2716095271,       2.425359101,       2.018140898,       5.157484587,       3.831398373,       4.119384343
          0,           0,         158,     -0.2720895175,       2.423259259,       2.031837606,       5.157794652,        3.82658599,       4.119134689
          0,           0,         159,     -0.2718319494,       2.419771176,       2.038321098,       5.158400535,       3.821592702,       4.112796535
          0,           0,         160,     -0.2711760918,       2.415486136,       2.056874838,       5.160485155,       3.816423469,        4.07037474
          0,           0,         161,     -0.2698868812,       2.410769033,       2.047278624,       5.162045413,        3.81111839,       3.993829043
          0,           0,         162,     -0.2712968061,       2.406393112,       2.024893916,       5.160056633,       3.805688353,       3.895312468
          0,           0,         163,     -0.2714508067,       2.402647338,       2.014609535,       5.159761168,       3.800092344,       3.831943139
          0,           0,         164,     -0.2709273056,       2.398902319,        2.01252207,       5.162392483,       3.794410887,       3.780896056
          0,           0,         165,     -0.2702914626,       2.395265859,       2.019281276,       5.164550139,       3.788632006,        3.74995167
          0,           0,         166,     -0.2694950043,       2.391581919,       2.021763473,       5.167657653,       3.782783052,        3.72398314
          0,           0,         167,     -0.2681625173,       2.386847254,       2.048211275,       5.170682238,       3.776918757,       3.636740968
          0,           0,         168,     -0.2660593465,       2.381500582,       2.057728981,       5.175051863,       3.771019076,       3.545087345
          0,           0,         169,     -0.2659008612,       2.378570048,       2.032758652,       5.178255104,       3.765095656,       3.598884622
          0,           0,         170,     -0.2668951597,       2.373449898,       2.024342961,       5.178268852,        3.75911244,       3.673769784
          0,           0,         171,     -0.2665917416,       2.370477148,       2.015095348,       5.181909355,       3.753196794,       3.733823389
          0,           0,         172,     -0.2668028772,       2.363919263,       2.008503945,       5.182156464,        3.74729535,       3.791908124
          0,           0,         173,     -0.2675362882,       2.356657659,       1.998937892,       5.185014259,       3.741437317,       3.833161953
          0,           0,         174,     -0.2675005708,       2.353134168,       2.018386793,       5.189810242,        3.73555446,       3.880413674
          0,           0,         175,     -0.2681143546,       2.348627566,       2.038784818,       5.194989308,       3.729588648,       3.949835241
          0,           0,         176,     -0.2694726829,       2.342859421,       2.033983104,        5.19515409,       3.723524966,       4.037758477
          0,           0,         177,      -0.273918876,       2.335055687,       1.998727307,       5.193259804,       3.717489397,       4.103343999
          0,           0,         178,     -0.2773809719,       2.328259122,       1.983745035,       5.196143746,       3.711362604,       4.132260965
          0,           0,         179,     -0.2790786995,       2.324981076,       1.980366015,       5.196751853,       3.705315564,       4.138612702
          0,           0,         180,     -0.2745911338,       2.426722491,       1.973182014,       5.205292376,       3.699465124,       4.133059512
          0,           0,         181,     -0.2676681997,       2.396507516,       1.981535691,       5.215175701,       3.693603102,       4.130906287
          0,           0,         182,     -0.2836040483,       2.332755326,        2.01142592,       5.199202961,       3.687975766,       4.144843974
          0,           0,         183,     -0.2768558793,       2.416803732,       2.013871264,       5.208991889,       3.682622177,        4.17736874
          0,           0,         184,     -0.2765141398,       2.390075652,       2.001955584,       5.203383309,        3.67787411,       4.203321117
          0,           0,         185,     -0.2914805006,       2.331164218,       1.985524075,       5.189928743,       3.673570588,       4.199245531
          0,           0,         186,     -0.2847787949,       2.414405823,       1.961517391,        5.20210111,       3.669944181,       4.182194087
          0,           0,         187,     -0.2833890685,       2.387664697,       1.957566088,       5.201864698,       3.666914452,       4.158147122
          0,           0,         188,     -0.2942751098,       2.325549539,       1.962550115,       5.191335883,       3.664708729,       4.121724132
          0,           0,         189,     -0.2954120898,       2.338215295,       1.973851752,       5.190582042,       3.663500505,       4.096992627
          0,           0,         190,       -0.29359461,       2.393615412,       1.996721884,        5.19525754,       3.663522566,       4.100860284
          0,           0,         191,      -0.295284488,       2.377580851,       1.986487814,       5.192112955,       3.664676761,        4.12095271
          0,           0,         192,     -0.3020945117,       2.364771737,       1.995288744,       5.180889329,       3.666926512,         4.1274952
          0,           0,         193,     -0.3021847934,       2.369863503,       1.997622222,       5.182389133,       3.670208524,       4.095898692
          0,           0,         194,     -0.3048510358,       2.371210507,       1.977216227,       5.174858762,       3.674452428,       4.052717649
          0,           0,         195,     -0.3068666019,       2.368109559,       1.973013031,       5.170095703,       3.679658564,       3.985330939
          0,           0,         196,     -0.3089810843,       2.359754173,       1.966334206,       5.162045427,       3.687204907,       3.902538037
          0,           0,         197,     -0.3078160169,       2.365355117,       1.993294466,       5.165918094,       3.693556064,       3.809496405
          0,           0,         198,     -0.3051894802,       2.359013626,       2.030145225,       5.161347688,       3.700837075,       3.786215468
          0,           0,         199,     -0.3061128836,       2.368148513,       2.019178817,       5.160652345,        3.70873054,       3.802803805
          0,           0,         200,     -0.3063591499,       2.361903153,       2.010995046,       5.154833903,       3.717016277,       3.800819322
          0,           0,         201,     -0.3126918082,       2.290823266,       2.012176575,       5.139383898,       3.725747542,       3.744960028
          0,           0,         202,     -0.3146504707,       2.274567821,       2.006348884,       5.128830843,       3.734737135,       3.667835754
          0,           0,         203,     -0.3140613105,       2.255904167,        2.00068497,       5.123520958,       3.743753457,       3.596610229
          0,           0,         204,     -0.3104031296,        2.25250336,       2.006437539,       5.132312522,       3.752733293,       3.531605161
          0,           0,         205,     -0.3066986825,        2.23899922,        2.02649041,        5.12386084,       3.761570774,       3.505824037
          0,           0,         206,     -0.3012991136,       2.238481081,       2.053444189,       5.125198375,       3.770112598,       3.490948553
          0,           0,         207,     -0.2982318444,       2.233782302,       2.043167392,       5.123379807,       3.778447745,       3.470340124
          0,           0,         208,     -0.2975789709,       2.232898143,       2.025897925,       5.117379318,       3.786373839,       3.448371729
          0,           0,         209,      -0.294981826,       2.230522474,       2.025634472,       5.126686473,       3.794019824,       3.495357077
          0,           0,         210,     -0.2910662524,       2.233153512,       2.023880752,       5.123174032,        3.80117937,       3.574290406
          0,           0,         211,      -0.287936446,       2.234897701,       2.025520013,         5.1222602,       3.807839978,       3.664311105
          0,           0,         212,     -0.2836116065,       2.240416624,       2.025856237,       5.124621902,       3.816254675,       3.716105036
          0,           0,         213,     -0.2791724339,       2.245891741,       2.044275467,       5.127584972,       3.820138124,       3.729657638
          0,           0,         214,     -0.2728554873,       2.255253062,       2.057110209,       5.135144128,       3.824414056,       3.666127182
          0,           0,         215,     -0.2706781504,       2.259348563,       2.024163388,        5.15038227,       3.828394269,       3.590161561
          0,           0,         216,     -0.2684908405,       2.264617439,       2.012753422,       5.145452694,       3.831820706,       3.496735056
          0,           0,         217,     -0.2654431315,       2.269765924,       2.009583721,       5.148475152,       3.834557986,       3.487174162
          0,           0,         218,     -0.2624911953,       2.274178235,       2.009163786,        5.15487788,        3.83657578,       3.545103575
          0,           0,         219,     -0.2611855338,       2.275182032,       1.994888398,       5.154812644,        3.83784932,       3.629770188
          0,           0,         220,     -0.2588338523,       2.278739664,       1.998055936,       5.159619527,        3.83829044,       3.660494843
          0,           0,         221,     -0.2588031958,       2.278156367,       2.023087179,       5.180445678,        3.83796475,        3.64482066
          0,           0,         222,     -0.2586386257,       2.278550543,       2.029356097,       5.170448846,        3.83686883,       3.550460722
          0,           0,         223,     -0.2578934706,       2.279458875,       1.990333351,       5.169497609,        3.83482644,       3.501544902
          0,           0,         224,     -0.2579995415,        2.28075474,        2.00130147,       5.170540173,       3.831912414,       3.440591193
          0,           0,         225,     -0.2607884406,       2.278529145,       2.001476917,       5.168691098,       3.828040099,       3.352284388
          0,           0,         226,     -0.2629179199,       2.378215799,       1.986388762,       5.170237223,       3.823266097,       3.308526993
          0,           0,         227,     -0.2628657065,        2.33836427,       1.967011813,       5.173803441,       3.817580158,       3.344288593
          0,           0,         228,     -0.2726904092,       2.299091946,        1.97324407,       5.160453819,       3.810908904,       3.356270666
          0,           0,         229,     -0.2738192416,       2.308316859,       2.005921648,        5.18855314,       3.803303636,       3.329662009
          0,           0,         230,     -0.2729101517,       2.369895717,       2.017558591,        5.17670758,       3.794827394,       3.487842168
          0,           0,         231,     -0.2788395518,       2.346810459,       1.982574902,       5.170236523,       3.785307041,       3.639996351
          0,           0,         232,     -0.2878033892,       2.349409416,       1.983278382,       5.154532638,       3.774794286,       3.688625883
          0,           0,         233,     -0.2927851347,       2.347216882,       1.978218521,        5.15466864,       3.763303629,       3.664158277
          0,           0,         234,     -0.2957470664,       2.355506224,       1.984882476,        5.14894293,       3.750838455,         3.6205641
          0,           0,         235,     -0.3022225026,       2.353643064,        2.00202589,       5.146347194,       3.737479962,       3.581439347
          0,           0,         236,     -0.3051766342,       2.355975528,       2.011580941,       5.138178313,        3.72314064,       3.529078583
          0,           0,         237,      -0.313205672,       2.351215463,       2.034250206,       5.133010677,       3.707979673,        3.53135045
          0,           0,         238,     -0.3142539755,       2.352172589,       2.051265654,       5.128742645,       3.692014005,       3.670680813
          0,           0,         239,     -0.3260210163,       2.350717301,       2.032173876,       5.117291473,       3.675338358,       3.777210906
          0,           0,         240,      -0.328346716,       2.351110517,       2.022743817,       5.109968121,       3.658062028,       3.811695947
          0,           0,         241,     -0.3429293673,       2.344842959,       2.018231036,       5.093594393,       3.640317134,       3.791812608
          0,           0,         242,     -0.3433758701,        2.34813386,       2.017281178,       5.159834279,        3.62219743,       3.741609246
          0,           0,         243,      -0.351864451,       2.350341828,       2.034379124,       5.104165106,       3.604184211,        3.68669102
          0,           0,         244,      -0.355370869,       2.347896249,       2.040072788,       5.085304228,       3.585893664,       3.612521778
          0,           0,         245,     -0.3609299494,       2.349103935,       2.057042782,       5.074339146,       3.567729185,       3.586896411
          0,           0,         246,      -0.367659157,       2.344208367,       2.073326697,       5.063750725,       3.549977432,       3.696242022
          0,           0,         247,     -0.3688111317,       2.352242173,       2.043358469,       5.059842824,       3.532875246,         3.7742479
          0,           0,         248,     -0.3750165951,       2.349591431,       2.061243899,       5.147662546,       3.516832801,       3.782777741
          0,           0,         249,     -0.3731955764,       2.358850795,       2.040563754,       5.082954618,       3.502340345,       3.745569294
          0,           0,         250,     -0.3819039206,       2.352307631,        2.05312079,       5.054603864,        3.48903734,        3.66918074
          0,           0,         251,     -0.3793030195,       2.363271676,       2.031419156,       5.050237194,       3.477429793,       3.589102742
          0,           0,         252,     -0.3850358237,       2.357211895,       2.049915284,       5.044292944,       3.467771756,       3.506653858
          0,           0,         253,     -0.3825316164,       2.362686072,       2.052790582,       5.045458377,       3.460208183,       3.498564606
          0,           0,         254,     -0.3872425988,       2.355120538,       2.055738402,       5.072696728,       3.454798605,       3.612625544
          0,           0,         255,     -0.3934459875,       2.335231821,       2.017210018,       5.042221797,       3.451613952,       3.666802122
          0,           0,         256,     -0.4009797042,       2.330984754,       2.005318256,       5.029283859,       3.450193569,       3.633175379
          0,           0,         257,     -0.3971758327,       2.335776116,       2.001103961,       5.033999488,       3.450488422,       3.549633614
          0,           0,         258,     -0.3976177234,       2.335440155,       1.989401025,       5.037336175,       3.452264119,       3.460861583
          0,           0,         259,     -0.3963017237,        2.31886956,       1.985180752,       5.044733571,       3.455247478,       3.404149444
          0,           0,         260,     -0.3961469196,       2.310521046,       2.000176792,       5.047231279,        3.45918443,         3.3866159
          0,           0,         261,     -0.3920378472,       2.301531249,       1.982755103,       5.057623831,       3.463730534,         3.4516886
          0,           0,         262,     -0.3926963675,       2.297444804,       1.964570238,       5.059551518,       3.468651042,       3.526222429
          0,           0,         263,     -0.3886633211,        2.29783145,        1.93750573,       5.074159069,        3.47365963,       3.457414051
          0,           0,         264,     -0.3890172874,       2.293911647,       1.910335988,       5.075339234,       3.478569082,       3.356798042
          0,           0,         265,     -0.3730426709,       2.308169833,       1.895276058,       5.103440015,        3.48333326,       3.331147898
          0,           0,         266,     -0.3806761676,        2.29523451,       1.882135121,       5.092321143,       3.487344731,       3.338270099
          0,           0,         267,     -0.3760600259,       2.294773442,       1.907556426,       5.096413326,        3.50127341,       3.332004155
          0,           0,         268,     -0.3728246788,       2.290028977,        1.91991826,       5.100887631,       3.496709239,       3.362823325
          0,           0,         269,     -0.3641138285,       2.298509397,       1.852375543,       5.113701229,       3.496987285,       3.430919147
          0,           0,         270,      -0.369229366,       2.289236176,       1.818097132,       5.104581172,       3.497709853,       3.385841207
          0,           0,         271,     -0.3647285716,       2.289836056,       1.810423868,       5.111989054,       3.497968813,       3.328673865
          0,           0,         272,     -0.3641423456,         2.2861539,       1.787668239,       5.112005507,       3.497466173,       3.313827286
          0,           0,         273,     -0.3542113389,       2.297043935,       1.774252086,       5.127620249,       3.496130468,        3.36272012
          0,           0,         274,       -0.35856542,        2.28730677,       1.779904421,       5.118530454,        3.49381264,       3.394399267
          0,           0,         275,     -0.3562481926,       2.283958707,       1.828419495,       5.120813236,       3.490577905,       3.326511222
          0,           0,         276,     -0.3497445579,       2.289927505,       1.856974236,       5.129366991,        3.48642349,       3.407921835
          0,           0,         277,     -0.3539125119,       2.282782297,       1.800937725,       5.126128988,       3.481365909,       3.432403352
          0,           0,         278,     -0.3570540021,       2.277808326,       1.784433075,        5.11807318,        3.47532479,       3.356106316
          0,           0,         279,     -0.3534849048,       2.284151996,       1.781241929,       5.120797681,       3.468370922,        3.27403675
          0,           0,         280,     -0.3590299833,       2.275492792,       1.780451535,       5.114181259,        3.46064477,       3.273220926
          0,           0,         281,     -0.3611828713,       2.271391816,       1.802759475,       5.111978154,       3.452025641,       3.348776806
          0,           0,         282,     -0.3574654622,       2.277081919,       1.874095719,       5.112942542,         3.4425844,       3.352273766
          0,           0,         283,     -0.3594900486,       2.272975271,       1.910511316,       5.108956088,       3.432655742,       3.355421502
          0,           0,         284,     -0.3664264529,       2.270137038,       1.882509768,       5.100077734,       3.421994767,       3.429889087
          0,           0,         285,     -0.3663532669,       2.276900425,       1.868463638,        5.10178395,       3.410898771,       3.360402916
          0,           0,         286,     -0.3747294299,       2.270067606,       1.869765573,       5.086542822,       3.399745181,       3.275664143
          0,           0,         287,     -0.3770580121,       2.271447352,       1.873329506,       5.079791545,       3.388396918,       3.278082551
          0,           0,         288,     -0.3845750074,       2.264717922,       1.873735215,       5.068652623,        3.37770114,       3.298680804
          0,           0,         289,     -0.3884014027,       2.260683086,       1.909252683,       5.062700743,       3.367548589,       3.288871608
          0,           0,         290,     -0.3886920979,       2.261340303,       1.943440229,       5.062949062,       3.358472388,       3.347272661
          0,           0,         291,     -0.3957071606,       2.249929868,       1.922011757,       5.057887764,       3.351245856,       3.454572562
          0,           0,         292,     -0.4009015451,       2.246480392,       1.927237618,        5.04999957,       3.345564564,       3.456921197
          0,           0,         293,     -0.4078111127,       2.239741707,       1.930162247,       5.041452679,       3.342564153,       3.407014961
          0,           0,         294,     -0.4145219347,       2.233354562,       1.925683029,        5.03025928,       3.341695273,       3.340531897
          0,           0,         295,     -0.4243255241,        2.22387484,       1.925997527,       5.019934005,       3.344014956,       3.324778924
          0,           0,         296,      -0.430685305,       2.218713559,        1.93429161,       5.005578955,       3.348446456,       3.303206398
          0,           0,         297,     -0.4378567633,       2.211212502,       1.966688693,        4.99615215,       3.355649405,       3.281848145
          0,           0,         298,     -0.4397871744,       2.206777207,         1.9892025,       4.995761024,       3.364481792,       3.453634699
          0,           0,         299,     -0.4494407592,       2.198542324,       1.950092747,       4.987815164,       3.375484312,       3.559269715
          0,           0,         300,     -0.4576387264,       2.190395926,        1.93571308,       4.978289684,       3.387415259,       3.554243892
          0,           0,         301,     -0.4659157595,       2.179682791,       1.923607783,       4.973364471,       3.400625015,       3.500514716
          0,           0,         302,     -0.4719116542,       2.171184214,       1.911369747,       4.966207935,       3.414011679,       3.423116844
          0,           0,         303,     -0.4794473104,        2.16048117,       1.900655757,       4.962106427,       3.427876242,       3.369165038
          0,           0,         304,     -0.4805451576,        2.15733078,       1.917840686,       4.966329545,       3.441297351,       3.325409099
          0,           0,         305,     -0.4833800722,       2.151676499,       1.948790206,       4.971859191,       3.454584437,       3.363775374
          0,           0,         306,     -0.4896566991,       2.141180237,       1.933373005,       4.965212831,       3.467052927,       3.539931089
          0,           0,         307,     -0.5015255468,       2.127949009,       1.884985545,       4.956792994,       3.479030694,       3.597864323
          0,           0,         308,     -0.5101240174,       2.117063352,       1.853424166,       4.952614471,       3.489975011,       3.548172878
          0,           0,         309,     -0.5191394332,       2.101957678,       1.829203167,       4.950276454,       3.500213882,       3.491127425
          0,           0,         310,     -0.5235894254,        2.09101446,       1.824777293,       4.947400375,       3.509323608,       3.405473712
          0,           0,         311,     -0.5272447257,       2.088461574,       1.861587425,       4.949898339,        3.51758672,       3.367314988
          0,           0,         312,     -0.5315992536,       2.081791435,       1.894761691,       4.952531274,       3.524682559,       3.386275054
          0,           0,         313,     -0.5454852027,       2.063731463,       1.846610307,       4.941695575,       3.530871063,       3.483304128
          0,           0,         314,     -0.5556415462,       2.053724367,       1.789257121,        4.93663451,       3.535892101,       3.571409291
          0,           0,         315,     -0.5705559948,       2.034990189,       1.750981832,       4.928077361,       3.539977841,        3.51235109
          0,           0,         316,     -0.5759792821,       2.029299157,       1.713619238,       4.928682434,       3.542905235,       3.439275107
          0,           0,         317,     -0.5880895407,       2.014961001,        1.69198935,       4.921595449,        3.54491649,       3.390300675
          0,           0,         318,     -0.5952401921,       2.003962488,       1.674060084,       4.919054731,       3.545813182,       3.346907519
          0,           0,         319,     -0.6010366186,       1.990563034,       1.732845718,       4.918410615,       3.545812483,       3.275332379
          0,           0,         320,      -0.596017075,       1.994487052,        1.83258586,       4.927063119,       3.544719406,       3.343499659
          0,           0,         321,     -0.6157183729,       1.971260999,       1.727207462,       4.906530996,       3.542764815,       3.460955103
          0,           0,         322,     -0.6326017967,       1.956722242,       1.688679559,       4.887556869,       3.539763174,       3.466079724
          0,           0,         323,     -0.6422036169,       1.947232455,       1.663098284,       4.879110208,       3.535922727,       3.423930419
          0,           0,         324,     -0.6467957913,       1.944640452,        1.65652911,       4.871651245,       3.531074483,       3.383429045
          0,           0,         325,     -0.6509967653,       1.941378697,       1.672779011,       4.869617453,       3.525451826,       3.364770289
          0,           0,         326,     -0.6553830116,       1.937248827,       1.689338751,       4.865376111,        3.51887779,       3.343372251
          0,           0,         327,     -0.6580442489,       1.925675989,       1.779678611,       4.863262799,       3.511584236,       3.332995538
          0,           0,         328,     -0.6595498218,       1.909044397,       1.824243258,       4.857438881,       3.503438866,       3.427475872
          0,           0,         329,     -0.6664977197,       1.920732279,       1.722445343,       4.850086041,       3.494538318,        3.48037577
          0,           0,         330,     -0.6762491957,       1.922888187,       1.732580448,       4.817441786,       3.485038631,        3.44105389
          0,           0,         331,     -0.6651863636,       1.941312845,       1.822974579,       4.817783623,       3.474745275,        3.36132998
          0,           0,         332,     -0.6648469836,       1.953818811,       1.790570896,       4.807408059,       3.463860403,         3.3070016
          0,           0,         333,     -0.6748216367,       1.930516571,       1.772945474,        4.77770896,       3.452473823,       3.343728091
          0,           0,         334,     -0.6713107087,       1.932806888,       1.814162957,        4.76379408,       3.440517522,       3.347054803
          0,           0,         335,     -0.6467592193,       1.972263516,       1.877128776,       4.801082976,       3.428116219,       3.330935953
          0,           0,         336,     -0.6572274382,       1.966222645,       1.830214404,       4.769221234,       3.415493914,       3.422849943
          0,           0,         337,      -0.653052316,        1.98298449,       1.843279127,       4.764221694,       3.402471484,       3.377503712
          0,           0,         338,     -0.6410762686,       2.007908209,       1.823465291,       4.781566542,       3.389201208,       3.275013713
          0,           0,         339,     -0.6432847905,       2.006981545,       1.808923842,       4.766759831,       3.375894657,       3.278132409
          0,           0,         340,     -0.6392616542,        2.01236451,        1.80150121,         4.7630624,       3.362412698,       3.315793998
          0,           0,         341,     -0.6158246936,       2.045722839,       1.884224059,       4.807951347,       3.348975292,       3.322738559
          0,           0,         342,     -0.6074359988,       2.047917901,       1.909139757,       4.814199246,       3.335834858,       3.332901158
          0,           0,         343,     -0.6028447822,       2.061602118,       1.865112078,       4.818644723,       3.322765349,       3.432790949
          0,           0,         344,     -0.5933802415,       2.083657736,       1.850501568,       4.838104011,        3.31010685,       3.421137145
          0,           0,         345,     -0.5914599904,       2.087044611,       1.845292374,       4.838226024,       3.298034293,       3.340614188
          0,           0,         346,      -0.587742238,       2.092341807,         1.8192021,       4.843202048,       3.286392694,       3.297101162
          0,           0,         347,     -0.5757435592,       2.112454934,       1.799749982,       4.868803705,       3.275376504,       3.314022258
          0,           0,         348,     -0.5739522573,       2.115231352,       1.797374181,       4.871044857,       3.265336148,       3.313215786
          0,           0,         349,     -0.5605082739,       2.128263445,       1.880057603,       4.893948101,       3.255656565,        3.28514647
          0,           0,         350,     -0.5476834524,       2.144474747,         1.8839644,       4.921564404,        3.24674972,       3.407488266
          0,           0,         351,     -0.5450473308,       2.150771266,       1.847002897,       4.925735689,       3.238827657,       3.473383814
          0,           0,         352,     -0.5422471706,       2.155182101,       1.813664877,       4.931573195,       3.231340918,        3.43955508
          0,           0,         353,     -0.5376971353,       2.166955008,       1.736218318,       4.944683216,       3.224326071,       3.373900157
          0,           0,         354,     -0.5370752827,       2.167106516,       1.729852754,       4.946410214,       3.218254098,       3.288909787
          0,           0,         355,     -0.5259784715,       2.178133348,       1.829287146,       4.963603774,       3.212317436,       3.275082077
          0,           0,         356,      -0.518312691,       2.186771668,        1.83755213,       4.980310163,       3.206744145,        3.29046207
          0,           0,         357,     -0.5209900697,       2.182241661,       1.780333693,       4.977500303,       3.201750952,       3.388852658
          0,           0,         358,     -0.5258370044,       2.179344564,       1.706909439,       4.973024243,        3.19660089,       3.486759528
          0,           0,         359,     -0.5178421844,        2.19237262,       1.746597429,       4.988010513,       3.191509765,       3.408098938
          0,           0,         360,      -0.522327321,       2.185754964,       1.703844834,       4.982324304,       3.186980638,       3.308813635
          0,           0,         361,     -0.5264089347,       2.179648628,        1.64028058,       4.977453033,       3.182007278,       3.269835802
          0,           0,         362,     -0.5243338797,       2.185158254,       1.620529548,       4.984708533,       3.177062086,       3.265125317
          0,           0,         363,     -0.5289118939,       2.176864768,       1.695287129,       4.978764496,       3.172573457,       3.206742131
          0,           0,         364,     -0.5280765193,       2.170422403,       1.765408998,       4.980598844,       3.167829302,       3.350728626
          0,           0,         365,     -0.5276436343,       2.174671386,       1.675537246,       4.986815628,       3.163151103,         3.4653948
          0,           0,         366,     -0.5389602395,       2.160604313,       1.633274244,       4.966560756,       3.159420156,       3.451700337
          0,           0,         367,     -0.5446986023,       2.148208256,       1.591860112,        4.95378615,       3.155529236,       3.399502327
          0,           0,         368,      -0.542400407,       2.150997662,       1.610058331,       4.958395958,       3.193681748,       3.320132029
          0,           0,         369,     -0.5476361015,       2.140150428,       1.644039453,       4.946809505,       3.159702546,       3.272624841
          0,           0,         370,     -0.5537510542,       2.126976472,       1.665906466,       4.936611968,       3.151128624,       3.244444861
          0,           0,         371,     -0.5470966914,       2.131351448,       1.799188488,       4.947976687,       3.149847194,       3.251747227
          0,           0,         372,     -0.5578429162,       2.107765479,       1.784562137,        4.92406978,       3.152072786,       3.438632819
          0,           0,         373,     -0.5667892207,       2.092837715,       1.731112941,        4.90372189,       3.155526037,       3.502447991
          0,           0,         374,     -0.5697017997,       2.090192134,       1.717723964,       4.900828024,       3.160669334,       3.428543421
          0,           0,         375,     -0.5818338373,       2.065405456,       1.678331578,       4.875572808,       3.168005915,        3.32688464
          0,           0,         376,     -0.5882701136,       2.048520743,       1.702232315,       4.860406806,       3.176735527,       3.248662678
          0,           0,         377,     -0.5823470363,       2.050226149,       1.748475418,       4.872401599,       3.186765946,       3.264387623
          0,           0,         378,     -0.5917024377,       2.026045238,       1.802616073,       4.851375532,       3.198671123,       3.265649069
          0,           0,         379,     -0.5878590437,       2.023742117,       1.851551984,        4.85700437,       3.211312474,       3.342281247
          0,           0,         380,     -0.5959340348,       2.020995594,       1.804517966,       4.850275929,       3.224786614,       3.449752815
          0,           0,         381,     -0.6079143232,       1.999813723,       1.773724474,       4.821487567,       3.239136338,       3.371881087
          0,           0,         382,     -0.6191666788,       1.977476864,       1.735113927,       4.801211876,       3.253584194,       3.275724067
          0,           0,         383,     -0.6166314689,       1.987348269,       1.732583686,       4.819751931,       3.268022263,       3.243749684
          0,           0,         384,     -0.6250589243,       1.956427045,        1.73335213,       4.805647188,       3.282620863,       3.275589322
          0,           0,         385,     -0.6185110916,         1.9595883,       1.853841852,       4.816465373,       3.296648372,       3.252331925
          0,           0,         386,      -0.614620368,       1.962879182,       1.867265033,       4.837056917,       3.310187125,       3.311913233
          0,           0,         387,     -0.6241358087,       1.953277227,       1.816289846,       4.826511044,       3.323240099,       3.415255242
          0,           0,         388,     -0.6347049022,       1.939638652,       1.781052843,       4.823748902,       3.335447858,       3.371104154
          0,           0,         389,     -0.6363306125,        1.95001007,       1.740077525,       4.832191884,       3.346813334,        3.29041119
          0,           0,         390,     -0.6447108047,         1.9425964,       1.729887614,       4.818581502,       3.357477103,       3.251746372
          0,           0,         391,     -0.6332925189,       1.956558143,       1.818768783,       4.848405449,       3.367014465,       3.283269258
          0,           0,         392,      -0.634705169,       1.971704096,       1.791768737,       4.861344559,       3.375582154,       3.267115259
          0,           0,         393,     -0.6451185722,       1.952625565,       1.796216453,        4.84576021,       3.383290839,       3.231136594
          0,           0,         394,     -0.6464635615,       1.940176058,       1.793641023,       4.854161644,       3.389854549,       3.402873734
          0,           0,         395,     -0.6475168284,       1.964849972,       1.731079363,       4.866598907,         3.3954578,       3.422822225
          0,           0,         396,     -0.6567440446,       1.957720968,        1.68582618,       4.860929214,       3.400104194,       3.345247425
          0,           0,         397,     -0.6555633559,       1.962020349,       1.736567928,        4.86745079,        3.40362191,        3.23964124
          0,           0,         398,     -0.6582451484,       1.977257282,       1.682194527,       4.872890018,       3.406199715,       3.220220251
          0,           0,         399,     -0.6645296146,       1.971175466,       1.727313845,       4.867140136,       3.407793166,       3.277542249
          0,           0,         400,     -0.6631698309,       1.959266665,       1.795381777,       4.875825689,       3.408347563,       3.315512648
          0,           0,         401,     -0.6729636878,       1.954957294,       1.712407678,       4.867089347,       3.407927891,       3.353858274
          0,           0,         402,     -0.6640930269,       1.987072371,       1.724430631,        4.88273934,       3.406578096,       3.366840337
          0,           0,         403,     -0.6805225014,       1.968625202,       1.719274687,       4.861674323,       3.404227889,       3.280859917
          0,           0,         404,     -0.6817706976,        1.95801476,       1.725395029,       4.859461125,       3.400882343,       3.202227363
          0,           0,         405,     -0.6760842888,       1.977528176,       1.791872151,       4.861769678,       3.396592154,       3.259185234
          0,           0,         406,     -0.6955678582,       1.957072129,       1.710049207,       4.839877545,       3.391383222,       3.307559901
          0,           0,         407,      -0.698717273,       1.946840163,       1.778686949,       4.828777213,       3.385186051,       3.273929424
          0,           0,         408,     -0.6937817954,       1.937843656,       1.808412157,        4.82697215,       3.378117444,       3.363824813
          0,           0,         409,     -0.6875588944,       1.948484821,        1.80673364,       4.827000889,       3.370158477,       3.475559194
          0,           0,         410,     -0.7087446057,       1.923514397,       1.773211675,       4.798707353,       3.361372495,       3.459926679
          0,           0,         411,     -0.7201014808,       1.907700897,       1.722999999,       4.775051206,       3.351733042,       3.379647557
          0,           0,         412,     -0.7277198651,       1.891565643,       1.671937895,       4.752838152,        3.34131312,       3.287268751
          0,           0,         413,     -0.7165210117,       1.898920764,       1.745138929,       4.759392126,       3.330127984,       3.275617094
          0,           0,         414,     -0.7222833143,       1.880753265,       1.733732481,       4.738563994,       3.318220016,       3.283282864
          0,           0,         415,     -0.7102264188,       1.893119378,       1.803465635,       4.743412229,       3.305677306,       3.264348883
          0,           0,         416,     -0.6932451479,       1.906479167,       1.834933469,       4.755894024,       3.292582239,       3.384819868
          0,           0,         417,     -0.6972808468,       1.889931901,        1.72014729,       4.730865032,       3.278959309,       3.463289931
          0,           0,         418,     -0.7009477978,       1.872472062,       1.682292062,       4.706849674,       3.264935702,       3.418864657
          0,           0,         419,      -0.686202166,       1.890390738,       1.780975946,       4.722108934,       3.250636687,       3.322922964
          0,           0,         420,     -0.6939520684,       1.864538855,       1.746855219,       4.696137056,       3.236142031,       3.236571298
          0,           0,         421,      -0.693294886,       1.856051419,       1.732297834,       4.688087339,       3.221589448,       3.259230141
          0,           0,         422,     -0.6947713994,       1.826614718,       1.730232775,       4.681291623,       3.207085474,       3.252812556
          0,           0,         423,      -0.683267735,       1.836995255,       1.840739415,        4.71065105,       3.192770911,       3.209556485
          0,           0,         424,     -0.6865182194,       1.812462503,       1.834662604,       4.706104648,        3.17871473,       3.395965323
          0,           0,         425,     -0.6944375597,       1.807758431,       1.733699733,       4.690156731,       3.163956663,       3.417451959
          0,           0,         426,     -0.7040933311,       1.790019696,       1.660435091,       4.659976093,       3.157439247,       3.260473869
          0,           0,         427,     -0.7044189418,       1.780165664,       1.633726274,       4.663444857,        3.14971636,       3.214575916
          0,           0,         428,     -0.7035921307,       1.788568219,       1.633087106,       4.672073789,       3.140702647,       3.135081255
          0,           0,         429,     -0.6829629088,        1.84395763,       1.778441043,       4.719349652,       3.129350681,         3.1950749
          0,           0,         430,     -0.6864821253,       1.831062119,       1.743790795,       4.720222406,       3.118396833,       3.208653251
          0,           0,         431,     -0.6837739866,        1.83266061,       1.754650971,       4.730541801,       3.108637916,       3.180237478
          0,           0,         432,     -0.6789310469,       1.829973556,       1.798055348,       4.744207412,       3.099847975,       3.285372893
          0,           0,         433,     -0.6761093104,       1.839163086,       1.748807349,       4.752629775,       3.092402052,       3.458287597
          0,           0,         434,     -0.6787390391,       1.862341019,       1.736552833,       4.753113895,         3.0798822,       3.530094868
          0,           0,         435,     -0.6824725458,       1.852009589,       1.700555758,       4.745903841,       3.073801625,       3.352917839
          0,           0,         436,     -0.6924596077,        1.83521149,       1.581168575,       4.727201652,       3.073201527,       3.241494996
          0,           0,         437,     -0.6964208832,       1.819962775,       1.524448791,       4.722433597,       3.072575565,       3.216572623
          0,           0,         438,      -0.697771139,       1.823271537,        1.50308783,       4.721715082,       3.071866299,       3.249056678
          0,           0,         439,     -0.6993767749,       1.822375973,       1.508637262,       4.723123266,       3.071063038,       3.320418522
          0,           0,         440,     -0.6983921469,       1.947698522,       1.496033135,       4.730799642,         3.0701906,       3.378920102
          0,           0,         441,      -0.691189267,       1.922630532,       1.552795908,        4.75232214,       3.069289537,       3.373621638
          0,           0,         442,     -0.6902999401,       1.880498619,       1.623983328,       4.761016883,       3.066001198,       3.327528346
          0,           0,         443,     -0.6819204795,       2.161144144,        1.57139866,       4.781949346,       3.062194861,       3.284150373
          0,           0,         444,     -0.6683398279,       2.094224855,        1.60598264,       4.807504172,       3.058739717,       3.261050071
          0,           0,         445,     -0.7031998777,       1.927127322,        1.58800454,       4.757914634,       3.055275923,       3.171674367
          0,           0,         446,     -0.6952925241,       2.142281233,       1.625885586,       4.777279436,       3.051789545,       3.149366934
          0,           0,         447,     -0.6902198355,       2.073332108,       1.657632263,       4.792036709,       3.048103535,       3.250888092
          0,           0,         448,     -0.7293304614,       1.911227484,       1.691459711,        4.73804868,       3.044366861,       3.393923957
          0,           0,         449,     -0.7083028182,        2.19767779,       1.615133104,       4.766961161,        3.04053142,       3.515958239
          0,           0,         450,     -0.7000986177,       2.119872047,       1.615276249,       4.781516084,        3.03087347,       3.448701301
          0,           0,         451,     -0.7587724783,       1.920931842,       1.566519925,         4.7012472,       3.030311754,       3.303681249
          0,           0,         452,     -0.7566640761,       2.036244313,       1.505447288,       4.698079771,       3.029435181,       3.249518704
          0,           0,         453,     -0.7604566786,       2.000150687,       1.507512257,       4.692668996,       3.027963516,        3.24248567
          0,           0,         454,     -0.7634304411,       1.976598825,       1.634607674,       4.686379013,       3.023718743,        3.21729768
          0,           0,         455,     -0.7483731571,       1.990976901,       1.752149027,       4.710918359,       3.019057983,       3.152549183
          0,           0,         456,       -0.73400068,       2.130442069,       1.772836954,       4.728199734,       3.014625553,        3.38403602
          0,           0,         457,     -0.7220710808,       2.102471013,       1.680866921,       4.744767174,       3.010489146,       3.437661142
          0,           0,         458,     -0.7728979721,       1.889050101,       1.655970151,       4.663365966,       3.006765679,       3.353493721
          0,           0,         459,     -0.7793504383,       1.944557435,        1.63367442,       4.653178713,       3.003549408,       3.196280603
          0,           0,         460,     -0.7417242638,        2.18922939,        1.61961071,       4.708723298,       3.001027469,       3.054916152
          0,           0,         461,     -0.7205959659,       2.143379062,       1.624500964,        4.74041758,       2.999156126,       3.203130702
          0,           0,         462,     -0.7519562934,       2.069990984,       1.670216803,       4.686594582,       2.997976207,       3.242878174
          0,           0,         463,     -0.7253773034,       2.099870788,       1.744381118,       4.735876401,       2.997422483,       3.261929297
          0,           0,         464,     -0.7231713502,       2.164168135,       1.687941746,       4.734908967,        2.99750365,       3.401125352
          0,           0,         465,     -0.7101449329,       2.154791953,         1.6632316,       4.760856234,       2.998077262,       3.345774225
          0,           0,         466,     -0.7264707854,       2.146485759,       1.625399197,       4.734139951,       2.999084078,       3.176532253
          0,           0,         467,     -0.7082395161,       2.155663083,       1.633539805,       4.769988359,       3.000443791,       3.119972385
          0,           0,         468,     -0.7143149524,       2.168767091,       1.643601434,       4.760141315,       3.002121934,       3.186211892
          0,           0,         469,     -0.6947996564,       2.167959563,       1.756981882,       4.797213887,       3.003924188,       3.233472418
          0,           0,         470,     -0.7023592025,        2.16141802,       1.782099385,        4.78476639,       3.003498195,          3.307502
          0,           0,         471,     -0.7231873738,       2.119855467,       1.628971923,       4.764475936,       3.003334892,       3.245902776
          0,           0,         472,     -0.7606422672,       1.971717855,       1.565636873,       4.707576104,       3.004137569,         3.0699186
          0,           0,         473,     -0.7405289402,       2.128552504,       1.539715647,       4.741596832,       3.005081538,       3.040438378
          0,           0,         474,     -0.7394656035,       2.099015089,       1.521768795,       4.749432586,       3.006177841,        3.00061956
          0,           0,         475,     -0.7490033627,       2.129081658,       1.492056339,       4.738309271,       3.007403686,        2.96741684
          0,           0,         476,      -0.734207151,       2.131355731,       1.481007778,       4.765993566,       3.008686997,       3.009417428
          0,           0,         477,     -0.7434722736,        2.16155081,       1.494165903,       4.755498922,       3.009827013,       3.154313513
          0,           0,         478,     -0.7173945733,       2.167643944,       1.548672876,       4.797752924,        3.01019344,       3.157189707
          0,           0,         479,     -0.7295405412,       2.176684292,       1.595611921,       4.784539062,        3.00984375,       3.094866015
          0,           0,         480,     -0.7131194615,       2.172101034,       1.696786721,       4.811220583,       3.008747297,       3.019511399
          0,           0,         481,      -0.725761978,       2.174077292,       1.746998629,       4.793231338,       3.006758082,       3.267678392
          0,           0,         482,     -0.7197299735,       2.177324307,       1.598835351,       4.808644292,       3.004469131,        3.45792954
          0,           0,         483,     -0.7792700074,       2.034641238,       1.530618286,       4.734704029,       3.003241176,       3.329283967
          0,           0,         484,     -0.7782176661,       2.081074733,       1.479120768,       4.736199002,       3.002333222,       3.203023738
          0,           0,         485,      -0.773288104,         2.1218755,       1.468143228,       4.742584366,       3.001036953,        3.17544328
          0,           0,         486,     -0.7748249791,       2.110939086,       1.434834295,       4.742198693,       2.999161831,       3.172081797
          0,           0,         487,     -0.7760006717,       2.141862253,       1.495140366,       4.742106256,        2.99642465,       3.226870739
          0,           0,         488,     -0.7691852081,       2.138631578,       1.476500712,       4.751752999,       2.992386485,       3.290654429
          0,           0,         489,     -0.7783647136,       2.167998929,       1.516245859,       4.742450796,       2.986352066,       3.346348312
          0,           0,         490,     -0.7552895652,       2.170139136,       1.571429486,       4.770884083,       2.978373502,       3.235582519
          0,           0,         491,     -0.7762465077,       2.166174816,       1.714600567,       4.745860176,       2.971884377,       3.145216131
          0,           0,         492,     -0.7813680922,       2.122109307,       1.621621791,       4.734200261,       2.966325638,       3.163507708
          0,           0,         493,     -0.8032952573,       2.145642023,       1.565289895,       4.712177626,       2.958745698,       3.275666538
          0,           0,         494,     -0.7918478748,       2.143837191,       1.520474469,       4.722774028,       2.948360841,       3.343569985
          0,           0,         495,     -0.8104085963,       2.162965222,       1.508167902,        4.69499415,       2.935671021,       3.263124207
          0,           0,         496,     -0.7805828995,       2.162428431,       1.644493292,       4.731879591,       2.921820991,       3.156619777
          0,           0,         497,     -0.7890134273,       2.155963606,       1.753503818,       4.709528735,       2.906994756,       3.180548855
          0,           0,         498,     -0.7717706074,       2.153788258,       1.743628239,       4.735286061,       2.891373662,       3.318155745
          0,           0,         499,     -0.7867112304,       2.152378602,       1.697373183,       4.700798253,       2.879120445,       3.398397254
          0,           0,         500,     -0.8247040078,       2.106173221,       1.596694134,       4.653850696,       2.869921548,       3.190711926
          0,           0,         501,     -0.8243432579,       2.134074967,       1.515493706,       4.639328574,       2.858384832,       3.096111363
          0,           0,         502,     -0.8172583449,       2.133461475,       1.528425656,       4.654625569,       2.844079359,       2.979675422
          0,           0,         503,     -0.8070787602,       2.147215893,        1.54532484,          4.658319,       2.827916044,       3.128659262
          0,           0,         504,     -0.8054879112,       2.144259282,       1.546115757,       4.665534524,       2.812258254,         3.2279417
          0,           0,         505,     -0.7959154078,       2.143267713,       1.584446755,       4.668293472,       2.797872114,       3.230401937
          0,           0,         506,      -0.784008981,       2.144810161,       1.736011836,       4.690314532,       2.785276643,       3.222480764
          0,           0,         507,     -0.7581307587,       2.145110717,       1.801662956,       4.719970275,       2.774980324,       3.378491401
          0,           0,         508,     -0.7728871222,       2.146750996,       1.667176561,       4.703696017,       2.764534008,       3.469056362
          0,           0,         509,     -0.8153271222,       2.047278738,       1.562609663,       4.628196024,       2.762267002,       3.329904913
          0,           0,         510,     -0.8069398758,        2.11288105,       1.545229106,        4.65247839,       2.760690716,       3.289485189
          0,           0,         511,      -0.779966131,       2.142458206,       1.519414924,       4.686484226,        2.76044806,       3.230718415
          0,           0,         512,     -0.7724722345,       2.149746661,       1.561148149,       4.703271138,       2.760205485,       3.270213021
          0,           0,         513,     -0.7603407123,       2.150911474,       1.579240069,        4.71838962,       2.762078325,       3.289330339
          0,           0,         514,      -0.741362516,       2.160528238,       1.779215559,       4.750093467,       2.765947785,       3.213016132
          0,           0,         515,     -0.7249346555,       2.157046113,       1.800848077,       4.773223062,       2.763587994,       3.324777953
          0,           0,         516,     -0.7730043403,       2.102463105,       1.618396369,       4.712597422,       2.763011298,       3.285928955
          0,           0,         517,     -0.7991054857,       1.985028639,       1.510332159,       4.674260997,        2.76614198,       3.119329856
          0,           0,         518,     -0.8099337213,       1.953090914,       1.466314324,       4.666277339,       2.769969139,       3.085307653
          0,           0,         519,     -0.8092408566,       1.954803995,       1.412626459,       4.667915039,       2.774576198,       3.039291052
          0,           0,         520,     -0.8072036392,       2.033871259,       1.385671187,       4.676935563,       2.780063296,       2.986890571
          0,           0,         521,     -0.7905012405,       2.083818624,       1.359053379,       4.700244087,       2.786439436,       2.971398444
          0,           0,         522,     -0.7729356884,       2.136636904,       1.505160663,       4.728016844,        2.79367486,       3.099059496
          0,           0,         523,      -0.754228125,       2.160321584,        1.54300592,       4.757723883,        2.79909672,       3.132488776
          0,           0,         524,      -0.754165686,       2.162853058,       1.599677587,       4.759966075,       2.797127985,       3.088658541
          0,           0,         525,     -0.7799667987,       2.083969154,       1.550901778,       4.730882525,       2.801617644,        2.92236477
          0,           0,         526,      -0.783089372,       2.133503774,       1.478410486,       4.732341627,       2.806268248,       2.885409735
          0,           0,         527,     -0.7663887514,         2.1548535,       1.558973075,       4.751772739,       2.810707266,       2.921283246
          0,           0,         528,     -0.7550040959,       2.162383459,       1.727699814,       4.771652905,       2.807082897,       3.153763897
          0,           0,         529,     -0.7919613248,       2.078256877,       1.531112094,       4.726317522,       2.805326044,       3.211859633
          0,           0,         530,     -0.8379193865,       1.895347245,       1.442701231,       4.671470643,       2.804474891,       3.057640513
          0,           0,         531,     -0.8426245195,       1.878953684,       1.395776592,       4.664459119,       2.805184232,       3.021990399
          0,           0,         532,     -0.8456640367,       1.876362426,       1.367653185,       4.663600682,       2.805992622,       3.016930076
          0,           0,         533,     -0.8480784434,       1.874976036,       1.346675157,       4.662399052,       2.806878518,       3.009870454
          0,           0,         534,     -0.8509603399,       1.872875622,       1.337139471,       4.659574745,       2.807799124,       2.998742051
          0,           0,         535,     -0.8524726629,       1.871412665,       1.347407304,        4.65834134,       2.808660901,        2.99502927
          0,           0,         536,     -0.8582057852,       1.868963989,       1.326589167,       4.651939917,       2.809304624,       3.046701396
          0,           0,         537,     -0.8552000343,       1.874484098,       1.435100731,       4.657244967,       2.809471664,       3.077124897
          0,           0,         538,     -0.8500909872,       1.872976519,       1.502297247,       4.667205956,       2.808750702,        3.11224163
          0,           0,         539,     -0.8593703808,       1.873074392,       1.491578858,       4.657778379,       2.806579015,       3.112971758
          0,           0,         540,     -0.8395766731,         1.8998372,        1.66272757,       4.677367177,       2.801485664,       3.015042514
          0,           0,         541,     -0.8398045006,       1.884955458,       1.723458871,       4.682933596,       2.794027568,         2.9817018
          0,           0,         542,     -0.8440571703,        1.87116805,        1.73304657,       4.674488856,       2.785455754,       3.186606853
          0,           0,         543,     -0.8589003436,        1.85664918,       1.665368735,        4.65382276,       2.775992075,       3.420220775
          0,           0,         544,      -0.880985621,       1.843547263,       1.573542451,       4.626926869,       2.765710174,       3.503795355
          0,           0,         545,     -0.8989563686,       1.829703174,        1.54201997,       4.603387357,       2.754985873,       3.437420119
          0,           0,         546,     -0.9068094683,       1.820405901,       1.536782573,       4.591181594,       2.744189803,       3.344225545
          0,           0,         547,     -0.9055085236,        1.81828818,       1.580771999,       4.588562313,       2.733814798,       3.280057539
          0,           0,         548,     -0.8684239911,       1.847534032,        1.77756884,        4.63301565,       2.724375999,       3.298955083
          0,           0,         549,     -0.8693594478,       1.818078207,       1.801159589,       4.627460211,       2.716320663,       3.353776111
          0,           0,         550,     -0.8872203756,       1.828274109,       1.678193737,       4.596630317,        2.71019512,       3.410457323
          0,           0,         551,      -0.904025711,       1.870538553,       1.597032768,        4.56841691,         2.7064262,       3.388555793
          0,           0,         552,     -0.8880396311,       2.034860714,       1.534201118,       4.584721264,       2.705259331,       3.203878076
          0,           0,         553,     -0.8433362649,        2.09912813,       1.546733095,       4.649043261,       2.706766171,       3.042630915
          0,           0,         554,     -0.8454294678,       2.099815429,       1.535422674,       4.638806574,       2.710925506,       3.218677943
          0,           0,         555,     -0.8385009626,       2.093552454,       1.569071796,       4.649854183,       2.714102119,       3.315245092
          0,           0,         556,     -0.8823934214,       1.920676894,       1.605534598,       4.579310957,        2.71649325,       3.180969705
          0,           0,         557,     -0.9148964881,       1.750352487,       1.605692044,       4.519747317,        2.71948927,       3.067746699
          0,           0,         558,     -0.9306546829,       1.714984399,       1.415439888,       4.494559549,       2.723346317,       3.067088489
          0,           0,         559,     -0.9387836954,       1.677784906,       1.370867481,       4.485071049,       2.728305885,       3.102496075
          0,           0,         560,     -0.9395570472,       1.693397895,       1.362733898,       4.491040912,       2.734637221,       3.154071475
          0,           0,         561,     -0.9337450633,       1.707510039,       1.392788239,       4.504023932,       2.742618466,       3.159412432
          0,           0,         562,     -0.9092867495,       1.816418388,       1.517757647,       4.549076751,       2.752478878,        3.10192522
          0,           0,         563,     -0.8731162234,        1.91280512,       1.658717424,        4.61009079,       2.763520803,       3.083897108
          0,           0,         564,     -0.8371922467,         2.0550509,       1.716598849,       4.657829674,       2.774772493,       3.216850121
          0,           0,         565,     -0.8255965596,       2.091274124,       1.637635308,       4.679565505,        2.78578542,       3.402212216
          0,           0,         566,     -0.8448164041,       2.078946485,       1.585459481,       4.651873031,       2.794562646,       3.386350709
          0,           0,         567,      -0.852901255,       1.989928536,       1.667008454,       4.640805688,       2.799204614,       3.213664888
          0,           0,         568,     -0.9301575625,       1.646437171,       1.473727602,       4.533118536,        2.80238408,       3.104913185
          0,           0,         569,     -0.9401406027,       1.603664251,       1.413241887,       4.512607451,       2.806250513,       3.122522117
          0,           0,         570,     -0.9487961952,       1.586636183,       1.353235328,       4.506218448,       2.810782281,        3.19289003
          0,           0,         571,     -0.9516934741,       1.573438479,       1.356962244,        4.50607949,       2.815997489,       3.266820454
          0,           0,         572,     -0.9512529146,       1.596419356,       1.410187102,       4.510260795,       2.821785076,       3.300471929
          0,           0,         573,     -0.9523427153,       1.608207078,        1.45209852,       4.518221505,       2.827960544,       3.280973969
          0,           0,         574,     -0.9404926596,       1.645346545,       1.514950972,       4.538520889,       2.833969624,       3.292411386
          0,           0,         575,     -0.9162563951,       1.696063657,        1.71221514,       4.576948324,       2.839120692,       3.306665023
          0,           0,         576,     -0.8947899221,       1.818299336,       1.757994153,       4.607771925,       2.843102996,       3.359246679
          0,           0,         577,     -0.9433459509,       1.826502299,        1.54995429,       4.543651437,        2.84533014,       3.322134582
          0,           0,         578,     -0.9819402623,       1.596847813,       1.468934597,       4.486225774,       2.846588941,       3.199661566
          0,           0,         579,     -0.9992219933,       1.557388326,        1.39487491,       4.461808847,       2.847939739,       3.162635852
          0,           0,         580,     -0.9997762382,       1.548849358,       1.397493999,       4.466037963,        2.84929351,       3.110988337
          0,           0,         581,      -1.016227887,       1.545205411,       1.335252718,       4.442926165,       2.850483285,       3.106209136
          0,           0,         582,      -1.021879477,       1.567732395,       1.345903851,       4.439608164,       2.851253784,       3.173020105
          0,           0,         583,      -1.009588565,       1.641586754,       1.442524198,       4.460541622,       2.851220763,       3.263555101
          0,           0,         584,     -0.9816408538,       1.774307751,       1.545731517,       4.506554887,       2.850090379,       3.182585554
          0,           0,         585,     -0.9296766252,       1.905917469,       1.762834247,       4.577989691,       2.848051982,        3.10786209
          0,           0,         586,      -0.902875834,       2.043442341,       1.775501063,       4.600671631,       2.845756273,       3.287055393
          0,           0,         587,     -0.9625865168,       1.991377086,       1.565239405,       4.525689932,        2.84502066,       3.297276592
          0,           0,         588,      -1.057837608,       1.555560597,       1.471154184,       4.376524888,       2.844504375,       3.141638826
          0,           0,         589,      -1.068374806,       1.531082881,       1.404486559,       4.355824938,       2.843655865,       3.073958496
          0,           0,         590,      -1.074143255,       1.590063263,       1.353573125,       4.349496821,       2.842350208,         3.0732096
          0,           0,         591,      -1.067928804,       1.566022396,       1.356239097,       4.362823444,       2.840289357,       2.982486822
          0,           0,         592,      -1.048541331,       1.565507829,         1.4354447,       4.399268756,       2.837143953,       2.975955252
          0,           0,         593,      -1.043128818,       1.583274363,       1.450570689,        4.41620629,       2.832586951,        3.08219217
          0,           0,         594,      -1.009786472,       1.634650937,       1.555989255,       4.468130056,       2.826399217,       3.097685607
          0,           0,         595,     -0.9839976907,       1.684013438,       1.731791017,       4.508542237,       2.819523412,        3.02095165
          0,           0,         596,     -0.9474801156,       1.731070846,       1.772112651,       4.548299806,       2.812351667,       3.265742792
          0,           0,         597,     -0.9567894422,       1.812889984,       1.611894582,       4.534115799,       2.804905753,       3.463038724
          0,           0,         598,      -0.945372487,       1.958459661,       1.579628073,       4.549499638,       2.797303318,       3.437797731
          0,           0,         599,     -0.9062975672,       2.037106599,       1.598912052,       4.600965354,       2.789629786,       3.326959355
          0,           0,         600,     -0.8808145433,       2.086511453,       1.588919387,       4.625945335,       2.781942246,       3.204524135
          0,           0,         601,     -0.8786992052,       2.094626442,       1.513046596,       4.629375892,       2.774201875,       3.264643289
          0,           0,         602,     -0.8711862046,       2.093873457,       1.518798048,       4.631442285,       2.766432962,       3.282382077
          0,           0,         603,     -0.8531830078,       2.096399993,       1.677492947,       4.656984977,       2.758547095,       3.308921725
          0,           0,         604,     -0.8383546106,       2.075007969,         1.7063901,       4.675623299,       2.750557083,       3.401746044
          0,           0,         605,     -0.8412509742,       2.078461675,       1.622390367,       4.673862247,       2.742438922,       3.431522814
          0,           0,         606,     -0.8491907559,       2.072167996,       1.564649076,       4.667164559,       2.734214951,       3.286535184
          0,           0,         607,     -0.8616091013,       2.073065154,       1.472566927,        4.64980668,       2.725909417,       3.126514254
          0,           0,         608,     -0.8636654629,       2.059753653,       1.434455859,       4.644901359,        2.71761992,       3.088341434
          0,           0,         609,     -0.8174913518,        2.08205036,       1.746166445,       4.699420485,       2.709691367,        3.24890069
          0,           0,         610,     -0.8235035776,       2.062840682,       1.769992528,       4.700710345,       2.701814444,       3.272927814
          0,           0,         611,     -0.8417976526,       2.057807866,       1.693255977,       4.675205166,       2.694418123,       3.281753673
          0,           0,         612,     -0.8633699352,       2.042073561,       1.588358578,       4.650738863,       2.687905037,       3.380681922
          0,           0,         613,     -0.8766352968,       2.043479033,       1.587283686,       4.633958305,       2.682569219,       3.256801749
          0,           0,         614,     -0.8832462465,       2.025118026,       1.541608826,       4.630781006,       2.678689836,       3.087556464
          0,           0,         615,     -0.9051986203,        2.02285979,       1.475575459,       4.600719285,       2.676620978,       3.142218601
          0,           0,         616,     -0.9106324588,       2.005888432,       1.496142931,        4.59803013,       2.676720203,       3.248619794
          0,           0,         617,     -0.9032530777,       2.013621469,       1.715232973,       4.602730439,       2.679191383,       3.273358616
          0,           0,         618,     -0.8906150797,       2.012003508,       1.757570731,       4.618276269,       2.684014652,       3.299464317
          0,           0,         619,     -0.9291127407,       2.003133968,       1.589904361,       4.572065297,       2.691192558,       3.346557832
          0,           0,         620,     -0.9487610654,       1.974678165,       1.558702069,       4.559730563,       2.700545725,       3.195150128
          0,           0,         621,     -0.9477145874,       1.993080588,        1.60901477,       4.557225851,        2.71179219,       3.086019813
          0,           0,         622,     -0.9573624298,       1.970372046,       1.558015896,        4.55159979,       2.724450036,        3.13189604
          0,           0,         623,     -0.9864038521,       1.956323964,       1.511132479,       4.507717925,       2.738105357,       3.256570259
          0,           0,         624,     -0.9676639442,        1.93754813,        1.64196202,       4.539234862,       2.752444357,       3.275491653
          0,           0,         625,     -0.9545998713,        1.94114734,       1.710962322,       4.550942569,       2.767036307,        3.21020775
          0,           0,         626,      -0.962604507,       1.918082848,       1.648766927,       4.544384442,       2.781509658,       3.323681472
          0,           0,         627,     -0.9961071296,       1.924144497,       1.595174359,       4.499793921,       2.795520229,       3.222799906
          0,           0,         628,     -0.9876673895,       1.901177158,       1.575291662,       4.522356761,       2.808878429,       3.106475719
          0,           0,         629,     -0.9956513847,       1.893348871,       1.574384335,       4.510757455,       2.821356948,       3.169173243
          0,           0,         630,      -1.006172941,        1.86665079,       1.529355914,       4.509513631,       2.832818864,       3.283187767
          0,           0,         631,     -0.9849329481,       1.893783297,       1.701599927,       4.528136104,       2.843070879,       3.257875632
          0,           0,         632,     -0.9587248526,       1.874437119,       1.742165884,       4.566125627,        2.85208621,       3.239708912
          0,           0,         633,     -0.9842256069,       1.868143055,        1.59518439,        4.53738263,       2.859742655,        3.36736132
          0,           0,         634,      -1.014955286,       1.849931694,       1.532869794,       4.511123981,       2.866043235,       3.330540521
          0,           0,         635,      -1.019231737,        1.85678408,       1.488840613,       4.500885003,       2.870913902,       3.226801562
          0,           0,         636,     -0.9943786842,        1.84900275,       1.527740007,       4.544783794,       2.874384889,       3.161708346
          0,           0,         637,     -0.9847829559,       1.864821782,       1.602234685,        4.55110271,       2.876416059,       3.264763562
          0,           0,         638,     -0.9988116389,        1.84029928,       1.574823915,       4.543579175,       2.876998655,       3.297629624
          0,           0,         639,      -1.002777808,        1.84008706,       1.685035225,        4.53339482,        2.87612528,       3.291374791
          0,           0,         640,     -0.9765026284,       1.826356464,       1.730354645,       4.566966649,       2.873855136,       3.376936387
          0,           0,         641,      -1.009741558,        1.83112402,       1.578727124,       4.529480123,        2.87016272,       3.422812034
          0,           0,         642,      -1.035759486,       1.812809469,        1.53687773,       4.509086176,       2.868070547,       3.340466521
          0,           0,         643,      -1.075272086,       1.695293755,       1.475639326,       4.456767106,       2.866974361,        3.14779533
          0,           0,         644,      -1.106881106,       1.518557189,       1.416704642,       4.424183726,       2.865263209,       2.975831971
          0,           0,         645,      -1.117882622,       1.496565756,       1.372415933,       4.414595107,       2.862906981,       2.994356547
          0,           0,         646,      -1.135490486,       1.478689016,       1.307657882,       4.392790894,       2.859649286,       3.111169598
          0,           0,         647,      -1.150315999,        1.46461405,       1.260818124,       4.378851789,       2.855101024,       3.235793383
          0,           0,         648,      -1.137205319,       1.469518082,       1.349005005,       4.392197346,       2.848728005,       3.309302314
          0,           0,         649,      -1.117439897,       1.473989211,       1.434372898,       4.424658306,       2.839774938,       3.277271154
          0,           0,         650,      -1.096521162,       1.491973067,       1.503421077,       4.451237706,       2.828986159,       3.242572921
          0,           0,         651,      -1.038533785,       1.593636292,       1.746610414,       4.510417767,        2.81697352,       3.232309093
          0,           0,         652,      -1.036529014,       1.520104388,       1.763293023,       4.509025021,       2.803890369,       3.352398054
          0,           0,         653,      -1.089110849,        1.47832234,        1.57290866,       4.442003232,       2.789837573,       3.499854341
          0,           0,         654,      -1.139297735,       1.472061144,       1.515327577,       4.384511672,       2.774939324,       3.484644781
          0,           0,         655,      -1.114226729,        1.51185573,       1.560097625,       4.412461007,       2.759353066,       3.383935996
          0,           0,         656,      -1.111592031,       1.481883335,       1.540265086,       4.410690813,       2.743167565,       3.320483181
          0,           0,         657,      -1.112435987,       1.466901196,       1.521597912,       4.402209073,       2.726578464,       3.297596661
          0,           0,         658,      -1.064661108,       1.509562807,       1.708230453,       4.449817905,       2.709825844,       3.259935232
          0,           0,         659,      -1.023931816,       1.511861216,       1.725126455,       4.494956868,       2.696179102,       3.295558822
          0,           0,         660,      -1.099176721,       1.457904557,       1.532238782,       4.389020829,       2.686913224,       3.267576229
          0,           0,         661,      -1.133728053,       1.431792195,       1.423062466,        4.33286624,       2.678299872,       3.183654924
          0,           0,         662,      -1.150367428,       1.414053461,       1.324192176,       4.297090524,       2.672586477,       3.075355207
          0,           0,         663,      -1.155210839,       1.414492674,       1.285178045,        4.29136288,       2.665575115,       2.989728124
          0,           0,         664,      -1.128087505,       1.426890826,       1.361424084,       4.340344826,       2.657076721,       2.928127388
          0,           0,         665,      -1.089165542,       1.440170959,       1.448988258,       4.402293859,       2.646908795,       3.053659536
          0,           0,         666,      -1.085187647,       1.432746847,       1.430358998,       4.406920052,       2.635056351,       3.125877105
          0,           0,         667,      -1.072326706,       1.445466856,        1.45486133,       4.424445982,        2.62145421,       3.120812009
          0,           0,         668,      -1.037794886,       1.487292174,        1.65431827,       4.466579156,       2.608459521,       3.091184175
          0,           0,         669,     -0.9974069553,        1.52234456,       1.690786555,       4.511421078,        2.59473528,       3.242569196
          0,           0,         670,      -1.055080753,       1.497236022,       1.501510664,       4.428592415,       2.588326489,       3.272342644
          0,           0,         671,      -1.079810359,       1.454701003,       1.382141025,       4.378667814,       2.585265589,       3.123322992
          0,           0,         672,      -1.085087609,       1.447331566,       1.337726632,       4.360250602,       2.584129891,       3.075795654
          0,           0,         673,      -1.085391011,       1.442545049,       1.298673337,       4.361224123,       2.582765313,       3.038751587
          0,           0,         674,      -1.084928919,       1.440472817,       1.267034952,        4.36925906,       2.581149253,       3.028515638
          0,           0,         675,      -1.083516673,       1.438436417,       1.243054113,       4.374083855,       2.579268663,       3.002231535
          0,           0,         676,      -1.083514478,       1.437434869,       1.224088074,       4.370673384,       2.577132277,       3.040645495
          0,           0,         677,       -1.08264098,        1.43612356,       1.202276098,        4.37055578,       2.574776389,       3.081093258
          0,           0,         678,      -1.076948877,        1.43769358,       1.238220363,       4.379949155,         2.5722842,       3.174087939
          0,           0,         679,      -1.027339617,       1.524492894,       1.490037163,       4.452734402,       2.569826648,       3.189547335
          0,           0,         680,      -1.027651958,       1.506689618,        1.47047157,       4.463790469,       2.561803272,       3.146391415
          0,           0,         681,      -1.056152964,       1.471926951,        1.34531941,       4.418564033,       2.558128296,       2.925084379
          0,           0,         682,        -1.0710794,       1.455813758,       1.268429279,       4.388331248,       2.557870527,       2.831110588
          0,           0,         683,      -1.080022517,       1.446796026,       1.210419825,       4.377879024,       2.557633589,       2.786283827
          0,           0,         684,      -1.084601369,       1.443974068,       1.164086738,       4.375115063,       2.557481328,       2.780212927
          0,           0,         685,      -1.070275973,        1.45186426,       1.285633254,       4.402996085,       2.557508513,        2.85505119
          0,           0,         686,      -1.076894822,       1.446277935,       1.285997872,       4.397945068,       2.557865874,        2.91358687
          0,           0,         687,      -1.052523829,       1.446496539,       1.525326309,        4.43514719,       2.558825076,       3.023134962
          0,           0,         688,     -0.9968856547,       1.502599204,       1.700433076,       4.508457852,       2.560871497,       3.221285657
          0,           0,         689,     -0.9790966144,       1.563124063,       1.660594382,       4.535524882,       2.554532781,        3.40149743
          0,           0,         690,      -1.035793122,       1.515785873,       1.541244058,       4.463824048,       2.551795703,       3.283840182
          0,           0,         691,      -1.073971468,       1.477208356,       1.398407159,       4.400374786,        2.55057188,       3.133626203
          0,           0,         692,      -1.074833971,        1.46355272,       1.381486255,       4.391264076,       2.550001557,       3.051981835
          0,           0,         693,      -1.086249049,       1.456145209,       1.335108332,       4.371627656,       2.549726161,       2.995713281
          0,           0,         694,      -1.092579592,       1.452226231,       1.305285729,       4.359875048,       2.549909713,       2.967918997
          0,           0,         695,      -1.094084222,        1.44889952,         1.2929036,       4.358500126,       2.550141021,       2.940743595
          0,           0,         696,      -1.098750556,       1.445534757,       1.262089009,       4.351744167,        2.55043302,        2.91627929
          0,           0,         697,      -1.101367272,       1.442557451,       1.238165662,       4.345685392,       2.550802442,       2.897208621
          0,           0,         698,      -1.104327677,       1.439722044,       1.205732784,       4.340443655,       2.551271135,       2.886793105
          0,           0,         699,      -1.104626073,       1.437329944,       1.196195217,       4.341591364,       2.551867597,       2.889118053
          0,           0,         700,      -1.099121002,       1.435736156,       1.225920691,       4.352835902,        2.55262903,       2.909023861
          0,           0,         701,      -1.098332228,       1.433474942,       1.221516426,       4.357991197,       2.553603884,       2.950021006
          0,           0,         702,       -1.09999938,       1.429519359,       1.209591082,       4.358148537,       2.554855022,        3.01063606
          0,           0,         703,      -1.104815742,         1.4246865,       1.179478923,       4.349834192,       2.556462953,       3.083755502
          0,           0,         704,      -1.101990482,       1.420696384,       1.217381494,       4.356784074,       2.558530221,       3.156350835
          0,           0,         705,      -1.106017874,        1.41405464,       1.229800743,       4.355911847,       2.561184314,       3.236355545
          0,           0,         706,      -1.120651269,       1.413731506,       1.195582692,        4.33844141,       2.564590787,       3.248537831
          0,           0,         707,      -1.098744416,       1.439974019,       1.362635431,       4.369134603,       2.568979516,       3.195017917
          0,           0,         708,       -1.07013523,       1.454786445,       1.471339076,       4.422964042,       2.574714311,       3.190573724
          0,           0,         709,      -1.085199923,       1.451993648,       1.451211104,       4.411670269,       2.582389583,       3.127985767
          0,           0,         710,      -1.100603267,       1.436095549,       1.433234151,       4.392534012,       2.588634667,        3.10954641
          0,           0,         711,      -1.091138077,       1.476511474,       1.541478749,       4.404090367,       2.595725918,        3.12738395
          0,           0,         712,      -1.095148674,       1.465958894,       1.560464284,       4.413569894,       2.603384675,       3.141244961
          0,           0,         713,      -1.087252202,        1.44468231,       1.615783459,       4.424390419,       2.611337341,       3.188790066
          0,           0,         714,      -1.061468817,       1.475603277,       1.700855445,       4.455507136,       2.619387073,       3.298522791
          0,           0,         715,      -1.091906394,       1.478406359,       1.573916261,       4.423827992,       2.627301395,       3.440321669
          0,           0,         716,      -1.107819498,       1.511783097,       1.576747813,       4.410319415,        2.63502499,       3.386387862
          0,           0,         717,      -1.129697275,       1.478006474,       1.521379263,       4.380382938,       2.642240437,       3.269739707
          0,           0,         718,      -1.133034164,        1.45400814,       1.491361486,        4.38180492,       2.648688559,       3.160138815
          0,           0,         719,      -1.096036619,       1.479161523,        1.60356031,       4.416179059,       2.654325735,       3.259498439
          0,           0,         720,      -1.042583828,       1.521865225,       1.744151999,       4.485455934,       2.659044874,       3.307017399
          0,           0,         721,     -0.9817466459,        1.60793208,       1.782795638,       4.553735768,       2.657990123,       3.372611107
          0,           0,         722,      -1.108445952,       1.507814088,       1.601612116,       4.414869313,       2.657400687,       3.298326718
          0,           0,         723,      -1.156226969,       1.448955698,        1.48895622,       4.338496108,       2.659049741,       3.048604793
          0,           0,         724,       -1.19131985,       1.413797858,       1.380794268,        4.29022394,       2.660888023,        3.00252584
          0,           0,         725,        -1.2029131,       1.399970658,       1.302597065,       4.282381007,       2.662846111,       2.909642714
          0,           0,         726,      -1.186409915,       1.393898636,       1.318375335,       4.313640972,       2.664767302,       2.910383011
          0,           0,         727,      -1.197008121,       1.433820585,       1.295073848,       4.304237851,       2.666391238,       3.115547912
          0,           0,         728,      -1.124511132,       1.526987914,       1.507385127,       4.397919908,       2.667188289,       3.285720375
          0,           0,         729,      -1.137360643,       1.479920787,       1.464505377,       4.394623795,       2.665648072,        3.27901261
          0,           0,         730,      -1.128885793,        1.44520838,       1.531308388,       4.408233544,       2.662466392,       3.244243426
          0,           0,         731,      -1.082603177,       1.446684766,       1.702040971,       4.462699976,         2.6578981,       3.256672843
          0,           0,         732,      -1.078351218,       1.457589034,       1.645243592,       4.464797531,       2.651996164,        3.37911336
          0,           0,         733,       -1.08871293,       1.539782298,       1.614209451,       4.450388374,       2.644749179,       3.446376971
          0,           0,         734,      -1.139310879,       1.488330491,       1.543709659,       4.400056557,       2.635918043,       3.400635884
          0,           0,         735,      -1.147784296,       1.498748628,       1.494469154,       4.389612411,       2.625472477,       3.330437456
          0,           0,         736,      -1.176202248,       1.450599886,       1.426064101,       4.354453971,       2.613348426,       3.310366474
          0,           0,         737,      -1.164709908,       1.412733182,       1.454242539,       4.374584941,       2.599588004,       3.326569254
          0,           0,         738,      -1.086054923,       1.479090312,       1.711275512,       4.463327235,       2.584347304,       3.285039564
          0,           0,         739,      -1.068973433,       1.439937841,       1.739092862,        4.48826732,       2.567692919,       3.330220801
          0,           0,         740,      -1.131226227,       1.411211621,       1.561065058,       4.418218954,        2.54985402,       3.380247713
          0,           0,         741,      -1.193579942,         1.4012936,       1.509067452,       4.358309058,       2.531139734,       3.278280467
          0,           0,         742,      -1.181740576,       1.435016704,       1.542360069,       4.367621208,       2.512028819,       3.107234713
          0,           0,         743,      -1.204656049,       1.400555435,       1.508227204,       4.347406016,       2.492646308,       3.091937729
          0,           0,         744,      -1.191982948,       1.407730698,       1.515452419,       4.350271827,       2.473434639,       3.282088746
          0,           0,         745,      -1.194652774,       1.359140687,        1.56742994,       4.347453117,       2.458351895,       3.298930094
          0,           0,         746,      -1.171962221,       1.295948686,       1.645040952,       4.363003494,       2.450797984,       3.172187716
          0,           0,         747,      -1.277843626,       1.243797213,       1.380981326,       4.226932229,       2.447035888,         3.0477029
          0,           0,         748,      -1.303968435,       1.219065267,       1.360545439,       4.190732988,       2.444464947,       2.849105941
          0,           0,         749,       -1.34009697,       1.197164365,       1.259732851,       4.143751077,       2.441294388,       2.860238217
          0,           0,         750,       -1.33316482,       1.189895006,       1.257691643,       4.163354038,       2.437417335,       2.898444768
          0,           0,         751,      -1.362755753,       1.178597312,       1.201681958,       4.115787411,       2.432716119,       2.909649043
          0,           0,         752,      -1.363773495,       1.172467746,       1.183580235,       4.124165035,       2.427107439,       2.914941588
          0,           0,         753,      -1.374389143,       1.166122023,       1.136911133,       4.092366445,       2.420565091,       2.952144873
          0,           0,         754,      -1.385211298,       1.163165838,       1.118235475,       4.069342049,       2.413200347,       2.950100937
          0,           0,         755,      -1.264477956,       1.273632775,       1.387201912,       4.241140706,         2.4053413,       2.990840635
          0,           0,         756,      -1.220423412,       1.341654075,       1.468979086,       4.317943196,       2.397645685,       2.965025839
          0,           0,         757,      -1.177086386,       1.378446826,       1.676800669,       4.367440104,       2.390539238,       2.933888644
          0,           0,         758,      -1.099706739,       1.382154473,       1.745599877,       4.452602488,       2.385336733,        3.18667929
          0,           0,         759,      -1.057673891,       1.557002316,       1.706002526,       4.492899656,       2.382739293,       3.416554253
          0,           0,         760,      -1.118748691,       1.515147979,        1.65812206,       4.438065363,       2.382052607,       3.397485996
          0,           0,         761,      -1.161780147,       1.460336771,       1.563619393,       4.375215374,       2.382600381,       3.322535664
          0,           0,         762,      -1.207864214,       1.379856562,       1.440476761,       4.331142321,       2.384148911,       3.203660244
          0,           0,         763,      -1.213474818,        1.35339175,       1.416306169,       4.319902059,       2.386186345,       3.234132675
          0,           0,         764,      -1.161926925,       1.363971184,       1.598152093,       4.377564198,       2.388184851,       3.251191156
          0,           0,         765,      -1.058947971,       1.495606655,       1.717900288,       4.484451463,        2.38993516,       3.278852575
          0,           0,         766,      -1.073806433,       1.519316498,        1.66833697,       4.478653613,       2.390631057,       3.361472286
          0,           0,         767,      -1.129418287,       1.470035378,       1.596695792,       4.418085814,       2.390101836,       3.235161988
          0,           0,         768,      -1.203540732,       1.406220385,       1.437039416,       4.327269602,       2.385970552,       3.053555529
          0,           0,         769,      -1.137230188,       1.495064263,       1.564247768,       4.394687863,       2.386212936,       2.983922021
          0,           0,         770,      -1.179206567,       1.421934905,       1.466163916,       4.360969968,       2.385137624,       3.132536858
          0,           0,         771,      -1.199598377,       1.370744291,        1.37075718,       4.331398129,       2.382446503,       3.266565553
          0,           0,         772,      -1.220104665,       1.355756982,       1.335466722,       4.321261758,       2.376552238,       3.216242647
          0,           0,         773,      -1.115119346,       1.531723039,       1.623305852,       4.420182845,       2.373676454,       3.084565161
          0,           0,         774,      -1.193485125,       1.364759578,       1.615797878,       4.322656915,       2.371923047,       2.983182427
          0,           0,         775,       -1.26301289,       1.340616924,        1.25968109,       4.219052679,       2.371143451,       2.852573281
          0,           0,         776,      -1.276421858,       1.329667684,       1.202124421,       4.194742199,       2.370853076,       2.791905083
          0,           0,         777,       -1.27388626,        1.32084944,       1.182586723,       4.203384094,       2.370480116,       2.761126982
          0,           0,         778,      -1.285318308,       1.311760807,       1.121015688,        4.18641152,       2.369994919,       2.760860928
          0,           0,         779,      -1.278335982,       1.305511298,       1.127524679,       4.202551201,       2.369355666,       2.793054425
          0,           0,         780,      -1.294861063,       1.292612399,       1.020407386,       4.178230283,       2.368493661,       2.835564427
          0,           0,         781,      -1.283771538,       1.287458599,       1.072335346,       4.201112377,       2.367337228,       2.883752137
          0,           0,         782,      -1.292882192,       1.280748749,        1.04578278,       4.182878624,       2.365780238,       2.923306472
          0,           0,         783,      -1.205194357,       1.381630182,       1.381686225,       4.302899365,       2.363658521,       2.954569014
          0,           0,         784,      -1.217635334,       1.337124684,       1.360424945,       4.299860625,       2.360868766,        2.92995741
          0,           0,         785,      -1.277987723,       1.283380197,       1.197683308,        4.21044893,       2.359467413,       2.834760809
          0,           0,         786,      -1.297401738,       1.269968619,       1.125583972,       4.167554509,       2.358755258,       2.786313314
          0,           0,         787,      -1.281960756,       1.265362179,       1.170594629,       4.200211276,       2.357839799,       2.751693097
          0,           0,         788,      -1.300581303,       1.255013304,       1.115321341,       4.177522252,       2.356658505,       2.758895232
          0,           0,         789,      -1.304381197,       1.246915699,       1.107034506,       4.175830056,       2.355125971,       2.737920556
          0,           0,         790,      -1.319300199,       1.237171139,       1.057762386,       4.147035377,       2.353128027,       2.716218459
          0,           0,         791,      -1.318125173,       1.232333436,       1.075685612,       4.150263943,        2.35051013,       2.686143275
          0,           0,         792,      -1.310832846,       1.226785402,        1.12858507,       4.163845064,       2.347072517,       2.724601473
          0,           0,         793,      -1.257833575,        1.23536512,       1.293228189,       4.247127496,         2.3425594,       2.777364346
          0,           0,         794,       -1.20432708,       1.254409094,        1.49703368,       4.319431308,       2.336692863,       2.851306733
          0,           0,         795,      -1.172593279,       1.272142226,       1.607929996,       4.359453963,       2.330545336,        2.96954767
          0,           0,         796,      -1.227518309,       1.247965029,       1.438283049,       4.282688808,       2.327534669,       3.017967088
          0,           0,         797,      -1.288474167,        1.22468675,        1.30994445,       4.202807749,       2.326039857,       2.888964838
          0,           0,         798,      -1.321922688,       1.203792251,        1.23930552,       4.122785835,       2.325151279,       2.836267559
          0,           0,         799,      -1.318831701,       1.196370429,       1.228947823,       4.140615425,       2.324039815,       2.819829365
          0,           0,         800,      -1.325507957,       1.190057783,        1.19956311,       4.132021871,       2.322653376,       2.833869581
          0,           0,         801,      -1.318231725,       1.188052473,       1.198421889,       4.152117962,       2.320927418,       2.838603743
          0,           0,         802,      -1.336537252,       1.181843017,       1.119992954,       4.135547917,       2.318788182,        2.85171451
          0,           0,         803,      -1.304257356,       1.218083227,       1.209900974,       4.181436994,       2.316155744,       2.892162964
          0,           0,         804,      -1.280306312,       1.306667713,       1.308877433,       4.202754846,       2.312958987,       2.933094242
          0,           0,         805,      -1.278616226,       1.286214236,       1.313890635,       4.214771334,       2.309157043,       2.978533276
          0,           0,         806,      -1.297003224,       1.268026689,          1.275006,       4.197360289,       2.304817752,       2.990713613
          0,           0,         807,      -1.210691585,       1.277206117,       1.461093974,       4.301568665,       2.300193653,       2.927047487
          0,           0,         808,      -1.213183132,       1.276798642,       1.454885892,       4.315473046,       2.296002583,       2.902099216
          0,           0,         809,      -1.146472724,         1.3562812,       1.661223022,       4.386034824,       2.293103598,       3.053484223
          0,           0,         810,      -1.053670664,       1.494915743,       1.778143237,       4.483821779,       2.291363172,       3.327933864
          0,           0,         811,      -1.202848131,       1.359364313,       1.564550644,       4.315765679,        2.29056721,       3.237560147
          0,           0,         812,      -1.263446073,        1.29490333,       1.444885261,        4.20363389,        2.29045403,       3.071808106
          0,           0,         813,       -1.29351608,       1.246078896,       1.375246947,       4.158024992,       2.290913608,        2.97416293
          0,           0,         814,      -1.288029186,       1.210493203,       1.338191307,        4.17603998,       2.291552579,       2.924850722
          0,           0,         815,      -1.299493107,       1.196961792,       1.283395585,       4.173764639,        2.29243552,       2.908423416
          0,           0,         816,      -1.278480448,       1.259367279,       1.313865698,       4.211457507,       2.293706689,       2.908507052
          0,           0,         817,      -1.279734975,       1.283402761,       1.312996708,       4.209837101,       2.295521504,       2.943345094
          0,           0,         818,      -1.251192535,       1.252802648,       1.348436553,       4.248628822,       2.298148709,       3.029006643
          0,           0,         819,      -1.289742791,       1.210165336,       1.251035761,       4.196857015,       2.301886239,       3.104838406
          0,           0,         820,      -1.312906016,       1.178077668,       1.212428709,         4.1607944,       2.307215505,       3.139021619
          0,           0,         821,      -1.186847948,       1.355619164,       1.485717544,       4.332363499,       2.314763605,       3.133753752
          0,           0,         822,      -1.193579021,        1.36694734,       1.490705847,        4.32598557,       2.323542288,       3.074741352
          0,           0,         823,      -1.160446035,       1.386013955,       1.603441786,       4.369613265,       2.332970574,       3.087188725
          0,           0,         824,      -1.101601365,       1.430842452,       1.737324922,       4.431517943,       2.340186899,       3.183581668
          0,           0,         825,      -1.197870566,       1.332406835,       1.507361624,       4.315777134,       2.343862091,       3.220431688
          0,           0,         826,      -1.256336328,       1.260722211,       1.403366229,       4.229617963,       2.345815466,        3.06377287
          0,           0,         827,      -1.282074612,       1.227960647,       1.336588974,       4.193606339,       2.346806747,       2.979848336
          0,           0,         828,      -1.305710774,        1.21008675,       1.272562887,       4.154435622,       2.347579432,       2.946543713
          0,           0,         829,      -1.316577629,       1.197064532,       1.222343674,       4.134733622,       2.348528975,       2.922764415
          0,           0,         830,       -1.31724755,       1.190599139,       1.185509962,       4.135060986,       2.349696724,       2.892085469
          0,           0,         831,      -1.316487902,        1.18629509,       1.157135445,       4.144498171,       2.351130466,        2.88065589
          0,           0,         832,      -1.309673892,       1.181576458,        1.14520653,       4.150294206,       2.352883379,       2.844201465
          0,           0,         833,      -1.310664614,       1.180342351,       1.114796082,       4.160830491,       2.355016278,       2.845661637
          0,           0,         834,      -1.320982092,       1.177948257,       1.045733865,       4.134646386,        2.35759029,       2.847779782
          0,           0,         835,      -1.302483857,       1.181110007,       1.132581245,       4.176396287,        2.36065986,       2.936228318
          0,           0,         836,      -1.245862538,       1.203662628,       1.302079763,       4.253962661,       2.364253581,       3.002141154
          0,           0,         837,      -1.236470976,       1.205711787,       1.318234432,       4.285277529,       2.368349978,       3.067708229
          0,           0,         838,      -1.256755165,       1.219456772,       1.282723583,       4.262335103,       2.372823586,        3.10493759
          0,           0,         839,      -1.229092468,       1.281782389,        1.36736817,        4.29651565,        2.37741479,       3.072393667
          0,           0,         840,      -1.198513678,       1.379910546,       1.450981896,       4.338097189,       2.381716137,       2.982142437
          0,           0,         841,      -1.116106783,       1.501775091,       1.648561073,       4.421171164,       2.385244581,       2.919025701
          0,           0,         842,      -1.023294861,       1.589160503,       1.827067183,       4.519611577,        2.38895583,       3.154766965
          0,           0,         843,       -1.14502917,         1.4322954,       1.591063792,       4.387217447,       2.390066817,        3.22025001
          0,           0,         844,       -1.22660325,       1.342290339,       1.478898579,       4.265824626,        2.39079132,       3.062628879
          0,           0,         845,      -1.273525344,       1.293512454,       1.390891396,       4.204711625,       2.390947199,       3.003095416
          0,           0,         846,       -1.27090654,       1.265483762,       1.345500231,       4.219360656,       2.391076556,       2.992376312
          0,           0,         847,      -1.282471597,       1.247174412,       1.275478293,       4.210542723,       2.391134298,       2.955446624
          0,           0,         848,      -1.295808561,        1.22579214,       1.189763425,       4.198169025,       2.391680828,       2.920208468
          0,           0,         849,      -1.309254469,       1.221536353,       1.130345638,       4.159546423,       2.391966889,       2.812168668
          0,           0,         850,      -1.324085635,       1.218073807,       1.064121207,        4.13289661,       2.392108954,       2.758340034
          0,           0,         851,      -1.320189564,       1.217979221,       1.077158182,        4.14364493,       2.392163489,       2.727480314
          0,           0,         852,      -1.325259584,       1.217307285,       1.050490395,       4.132844476,       2.392174445,       2.709683362
          0,           0,         853,      -1.327403078,       1.216985252,       1.036052286,       4.129040975,       2.392184649,       2.694583307
          0,           0,         854,      -1.328784782,       1.216765074,       1.024892992,       4.125600748,       2.392194107,       2.682148563
          0,           0,         855,      -1.331999537,       1.216404664,       1.002198474,       4.119046107,        2.39220282,       2.672261923
          0,           0,         856,      -1.333535296,       1.216180918,      0.9886195066,       4.116365533,       2.392192325,       2.666663027
          0,           0,         857,      -1.334569217,       1.215940929,      0.9776961449,       4.114668495,       2.392177488,       2.663934052
          0,           0,         858,      -1.337668734,       1.215183355,      0.9554221571,       4.112143194,       2.392156274,       2.666067585
          0,           0,         859,      -1.338115793,       1.214764318,      0.9498278351,       4.111345453,       2.392125676,       2.675402745
          0,           0,         860,      -1.337505732,       1.214666357,      0.9503251453,       4.115949243,       2.392081155,       2.694037768
          0,           0,         861,      -1.341443753,       1.214000271,      0.9194888768,       4.107819248,       2.392015907,       2.722991635
          0,           0,         862,      -1.338782482,       1.213570581,      0.9411073743,       4.114704775,       2.391919663,       2.758695597
          0,           0,         863,      -1.337426736,       1.212902114,       0.954990534,       4.118386707,       2.391776822,       2.793835981
          0,           0,         864,      -1.336042371,       1.211852372,      0.9696390759,       4.129498207,       2.391563857,       2.832154284
          0,           0,         865,      -1.330613613,       1.210560898,       1.016642459,       4.130972592,       2.391245146,       2.875002652
          0,           0,         866,      -1.332964057,        1.20863478,       1.032970595,       4.137819244,       2.390766751,       2.912456141
          0,           0,         867,       -1.28013165,       1.271895045,       1.266942291,       4.208049843,       2.390047236,       2.957313667
          0,           0,         868,      -1.204139889,       1.337866826,       1.435301587,       4.320220019,       2.388964048,       2.985336541
          0,           0,         869,      -1.229061233,       1.304383087,       1.385403221,       4.301351397,       2.388956167,       2.952808036
          0,           0,         870,      -1.299900684,       1.233357437,       1.199607267,       4.200479543,       2.388134395,       2.894378897
          0,           0,         871,      -1.297742541,       1.209200658,       1.204323187,       4.220762998,       2.386997927,       2.856995026
          0,           0,         872,      -1.315395612,       1.188132589,        1.17047128,       4.192211146,       2.385417439,       2.870773426
          0,           0,         873,      -1.325837901,       1.179101784,       1.161917446,       4.184782807,        2.38320571,       2.847724373
          0,           0,         874,       -1.33937719,       1.168713786,        1.13356834,       4.162197872,       2.380110487,        2.88537688
          0,           0,         875,      -1.349113293,       1.176820485,       1.130428333,       4.144166731,       2.375797736,       2.884050234
          0,           0,         876,      -1.317458758,       1.215147544,       1.257470719,       4.192764264,       2.373680464,       2.913542242
          0,           0,         877,      -1.229359118,       1.304611965,       1.526940735,       4.294345344,       2.372625815,       2.856032649
          0,           0,         878,      -1.292493047,       1.235824513,       1.324961586,       4.221165765,       2.372097988,       2.723408778
          0,           0,         879,       -1.32997359,       1.179018887,       1.214240435,       4.161199956,       2.371839306,       2.640028373
          0,           0,         880,      -1.347744407,       1.169029545,       1.168723583,       4.129387015,       2.371710614,       2.611271271
          0,           0,         881,      -1.350753373,        1.16638967,       1.162457017,       4.125631638,        2.37157025,        2.59774805
          0,           0,         882,      -1.362540271,       1.162796815,        1.13087367,       4.106604257,        2.37142739,       2.587471136
          0,           0,         883,      -1.378342833,        1.15738157,       1.080684711,       4.084147089,       2.371242288,       2.580171038
          0,           0,         884,      -1.388472987,       1.151792099,       1.041484549,       4.059010517,       2.371009934,       2.574120296
          0,           0,         885,       -1.39387038,       1.147698017,       1.016581975,       4.054557262,       2.370717985,       2.570075457
          0,           0,         886,      -1.394923654,       1.144716324,       1.011433218,       4.037925141,       2.370350731,       2.568658699
          0,           0,         887,      -1.400563856,       1.140932737,      0.9871174398,       4.042672039,       2.369888107,        2.56982028
          0,           0,         888,      -1.400040998,       1.138743965,      0.9859889067,        4.04273482,       2.369304392,       2.573381621
          0,           0,         889,      -1.406052577,       1.135503607,      0.9586858619,       4.026046251,       2.368566493,        2.57955001
          0,           0,         890,       -1.40845766,       1.133090392,      0.9473891114,         4.0211844,       2.367631661,       2.589970201
          0,           0,         891,      -1.400359268,       1.132473452,      0.9865111483,        4.05106612,       2.366444422,       2.605436583
          0,           0,         892,      -1.357854522,       1.137841008,       1.127798016,       4.117904782,       2.365880383,       2.608954702
          0,           0,         893,      -1.370536651,       1.134366348,       1.092388839,       4.092166526,       2.365600845,       2.583437991
          0,           0,         894,      -1.399042605,        1.12902409,      0.9941213168,       4.034425338,        2.36521966,       2.572803779
          0,           0,         895,      -1.402919103,       1.128218656,       0.976147256,       4.029358029,       2.364740317,          2.570826
          0,           0,         896,      -1.411314877,       1.126636401,      0.9328262963,       4.018347905,       2.364136776,       2.564186404
          0,           0,         897,      -1.418931211,       1.125553489,      0.8766118613,       4.020000266,       2.363375722,       2.564121194
          0,           0,         898,      -1.403597776,       1.126975976,       0.973321833,       4.028109158,       2.362414414,        2.56465278
          0,           0,         899,      -1.349111347,       1.137487849,       1.152955668,       4.126414356,       2.361197858,       2.571353439
          0,           0,         900,      -1.340788968,       1.137957875,       1.169698699,       4.140307952,       2.360577314,        2.55060235
          0,           0,         901,      -1.411742994,       1.124138237,      0.9289885641,       4.028849008,       2.360269766,       2.517744107
          0,           0,         902,      -1.416880599,       1.123011139,      0.9008162549,       4.010622606,       2.359881043,       2.508545343
          0,           0,         903,      -1.396405661,       1.125547121,       1.011345419,       4.049245555,       2.359392861,       2.506647525
          0,           0,         904,      -1.422036456,       1.123197852,      0.8845489039,       4.005574108,       2.358779165,       2.495984833
          0,           0,         905,      -1.343318969,       1.270943759,       1.242861457,       4.134944613,       2.358006787,       2.500680214
          0,           0,         906,      -1.364799918,       1.245245287,       1.193821837,       4.101984508,       2.357033416,       2.495554497
          0,           0,         907,      -1.342486346,       1.239161317,       1.235620939,       4.129011078,       2.355804969,       2.501724773
          0,           0,         908,      -1.319408138,       1.170436124,       1.232517808,        4.17449503,       2.354252199,       2.503002765
          0,           0,         909,      -1.315941946,       1.166779721,       1.242724572,       4.184063577,        2.35228663,       2.519092142
          0,           0,         910,       -1.34111633,       1.145768003,       1.180039246,       4.152613854,       2.349795657,       2.477080333
          0,           0,         911,       -1.32431911,       1.145683941,       1.222400009,       4.172706605,       2.346637738,       2.535495653
          0,           0,         912,      -1.340382207,       1.152881194,       1.191435423,       4.158890825,        2.34263899,       2.617126808
          0,           0,         913,      -1.351069419,        1.14398354,       1.166506651,       4.148769983,       2.337596883,       2.679460187
          0,           0,         914,      -1.321306484,       1.206875768,       1.244047204,       4.177185543,       2.331284983,       2.710465129
          0,           0,         915,      -1.195018435,       1.312343224,        1.61234187,       4.331131729,       2.326682445,       2.766375302
          0,           0,         916,      -1.225882895,       1.283733614,       1.517479623,       4.296300431,       2.324421306,       2.787179685
          0,           0,         917,      -1.307590012,       1.218568545,       1.332848585,       4.178697152,       2.323316911,       2.733015602
          0,           0,         918,      -1.355567911,       1.186360646,       1.217406317,        4.10264484,       2.322771895,       2.665663664
          0,           0,         919,      -1.383488161,       1.173237323,       1.148359221,       4.053547458,       2.322258787,       2.650250867
          0,           0,         920,      -1.376559846,        1.16529546,        1.14639934,       4.073024216,       2.321617582,       2.643489623
          0,           0,         921,      -1.399867271,       1.155739727,       1.066436253,       4.020675568,       2.320816903,       2.641305965
          0,           0,         922,      -1.385902666,        1.15151679,       1.088062666,       4.052167341,       2.319817741,       2.642513814
          0,           0,         923,      -1.382528265,       1.148976513,       1.077793163,       4.074730402,        2.31857194,       2.643235392
          0,           0,         924,      -1.393808852,        1.14380629,       1.028577541,       4.050000653,       2.317020472,       2.646847741
          0,           0,         925,      -1.375318879,       1.144134944,       1.077560164,       4.091360846,       2.315091793,       2.662796055
          0,           0,         926,      -1.347094488,       1.149084417,       1.156567381,       4.132666604,       2.312700301,       2.676891865
          0,           0,         927,      -1.351993653,       1.145666784,       1.140999642,        4.13276137,       2.309745552,       2.685101151
          0,           0,         928,      -1.361194458,       1.144819666,       1.111742566,       4.124222662,       2.306112744,       2.691495531
          0,           0,         929,      -1.337217273,        1.15670492,       1.184707825,        4.14631191,       2.301676888,       2.691921156
          0,           0,         930,      -1.271777503,       1.255939723,       1.344580593,       4.241588287,       2.297952001,       2.637294085
          0,           0,         931,      -1.278249166,       1.298471273,       1.353992624,       4.224048868,       2.296146294,       2.634230221
          0,           0,         932,       -1.33317923,        1.17676175,       1.180275556,       4.143092243,       2.295261373,       2.536219391
          0,           0,         933,       -1.39590833,       1.157232509,       0.979571259,       4.027515827,       2.294824435,       2.529048994
          0,           0,         934,       -1.39800571,       1.153273668,      0.9667230421,       4.031321486,       2.294480002,       2.523219344
          0,           0,         935,       -1.39956451,       1.149451248,      0.9584194725,       4.030771651,       2.294050549,       2.517593305
          0,           0,         936,      -1.378838471,       1.149359002,       1.049189603,       4.069202739,       2.293515438,        2.50866879
          0,           0,         937,      -1.406316924,       1.142946965,      0.9343637834,        4.01853517,       2.292849232,       2.507771908
          0,           0,         938,      -1.385965069,       1.144067982,       1.024896385,        4.05819859,       2.292020704,       2.497249964
          0,           0,         939,      -1.395306571,       1.141835172,      0.9809051618,       4.050893901,       2.290991674,       2.498174398
          0,           0,         940,      -1.375180118,       1.143632689,       1.059598919,       4.085691024,       2.289716019,        2.51087482
          0,           0,         941,      -1.389648108,        1.14156277,      0.9805798068,       4.062183878,       2.288138353,       2.508524543
          0,           0,         942,      -1.351344488,       1.150176881,       1.125201656,       4.124885902,       2.286193153,       2.564797074
          0,           0,         943,      -1.343724541,       1.153358819,        1.14968878,       4.130824741,       2.283804517,       2.626008738
          0,           0,         944,      -1.305639719,       1.173753342,       1.243143164,       4.192147996,       2.280887288,       2.614450958
          0,           0,         945,      -1.283158976,       1.194979691,        1.28487496,       4.226298441,       2.277348136,       2.532970952
          0,           0,         946,      -1.226707255,       1.320151041,        1.40620341,       4.302574987,       2.273105239,       2.589218812
          0,           0,         947,      -1.220537903,       1.383845224,       1.445565229,       4.311873005,       2.268664177,       2.646694312
          0,           0,         948,      -1.297412379,       1.254513006,       1.283361232,       4.203018046,       2.266537705,       2.584914157
          0,           0,         949,      -1.298258473,       1.244831351,       1.253863404,       4.189766904,       2.265504533,       2.536360818
          0,           0,         950,      -1.339351091,       1.220639249,       1.157412067,       4.120325118,       2.264995658,       2.491258724
          0,           0,         951,         -1.355809,       1.212068299,       1.111584547,       4.089408337,       2.264735094,       2.472374686
          0,           0,         952,       -1.35788839,       1.208077616,       1.104118852,       4.091571967,       2.264558987,       2.462440742
          0,           0,         953,      -1.360790988,       1.204479575,       1.093079761,       4.086231743,       2.264383084,       2.454012048
          0,           0,         954,      -1.365246842,       1.200566866,       1.075098853,       4.078483414,       2.264207386,       2.446830655
          0,           0,         955,       -1.36905944,       1.197085855,       1.057877508,       4.071229265,       2.264031895,       2.440916127
          0,           0,         956,      -1.372313773,       1.193982257,       1.041366141,       4.065151176,       2.263856612,       2.436540012
          0,           0,         957,       -1.37506121,       1.191238536,       1.025593067,        4.05909076,       2.263681538,       2.432311239
          0,           0,         958,      -1.377395199,       1.188810368,       1.010426265,       4.056811144,       2.263506673,       2.428393326
          0,           0,         959,      -1.380488082,       1.186647551,      0.9900915026,       4.049981623,       2.263332017,       2.424783161
          0,           0,         960,      -1.382087248,       1.184819098,      0.9761228384,       4.046498911,       2.263157571,        2.42139995
          0,           0,         961,      -1.381186871,       1.183584428,      0.9773769871,       4.046598994,       2.262971453,       2.419165142
          0,           0,         962,      -1.380519115,       1.182228632,      0.9757974694,       4.048852534,       2.262739363,       2.416521698
          0,           0,         963,      -1.381252387,       1.180660025,      0.9656483542,       4.046993567,       2.262450171,       2.413458799
          0,           0,         964,      -1.383112964,       1.178729478,      0.9483823249,        4.03968396,       2.262090115,       2.412625687
          0,           0,         965,      -1.378726569,       1.177891702,      0.9672778599,       4.053875121,       2.261642243,       2.410577854
          0,           0,         966,      -1.380547743,       1.176206083,      0.9471508234,       4.049272468,       2.261085884,       2.406581252
          0,           0,         967,      -1.372641534,        1.17619415,      0.9759700436,        4.07561746,       2.260395922,       2.407780615
          0,           0,         968,      -1.364020056,       1.176301337,       1.010828968,       4.087997819,        2.25954207,       2.408572646
          0,           0,         969,      -1.334519106,       1.179407002,       1.106139331,       4.147036612,       2.258488146,       2.412257145
          0,           0,         970,      -1.351570527,        1.17652366,       1.054757157,       4.113728656,        2.25719167,       2.437452544
          0,           0,         971,      -1.377359465,       1.172143735,      0.9185937285,       4.066410761,       2.255603595,       2.467334585
          0,           0,         972,      -1.314696237,        1.18660646,       1.171390249,       4.173904329,       2.253667935,       2.513733009
          0,           0,         973,      -1.328765565,       1.181733067,       1.133803956,       4.162897167,       2.251324049,       2.512714563
          0,           0,         974,      -1.325776933,       1.183912687,       1.146061647,        4.16530985,        2.24850562,       2.529455309
          0,           0,         975,      -1.261850901,       1.304838646,       1.345716464,       4.243616553,       2.244884275,       2.491588202
          0,           0,         976,      -1.260538847,       1.283812038,         1.3531576,       4.245584164,       2.243155606,       2.456096053
          0,           0,         977,      -1.302314047,       1.211315738,       1.212746852,       4.185406394,       2.242314771,       2.398166045
          0,           0,         978,      -1.328877874,       1.197398859,       1.137833805,       4.141770867,       2.241910316,       2.377678694
          0,           0,         979,      -1.340286763,        1.18791788,       1.110802355,       4.133064628,       2.241408465,       2.378821112
          0,           0,         980,       -1.33252133,       1.181823196,       1.127273573,       4.148982479,       2.240786919,       2.377045962
          0,           0,         981,      -1.361790189,       1.173605063,       1.013741863,       4.101930567,       2.239972259,       2.384210145
          0,           0,         982,      -1.370848796,        1.17078095,      0.9677441155,       4.071368429,       2.239590542,       2.380756865
          0,           0,         983,      -1.365218535,       1.170035787,      0.9967956264,        4.08609212,       2.239116775,       2.384238008
          0,           0,         984,      -1.374000199,       1.167993722,       0.945781092,       4.073997695,        2.23848693,       2.387698122
          0,           0,         985,      -1.385329656,       1.166147905,      0.8712239617,       4.044313813,        2.23817572,       2.376027986
          0,           0,         986,      -1.388071981,       1.165611635,      0.8488401375,       4.040427099,       2.238026068,       2.373180057
          0,           0,         987,       -1.38492863,       1.165829373,       0.875799444,        4.04388643,       2.237889143,        2.37181782
          0,           0,         988,      -1.384796823,       1.165767191,      0.8761780319,       4.044337674,       2.237752425,       2.371125371
          0,           0,         989,      -1.387100895,       1.165248211,      0.8559624866,       4.038274187,       2.237615913,       2.370405794
          0,           0,         990,      -1.387864462,        1.16499751,      0.8468383588,       4.037606542,       2.237479607,       2.370146008
          0,           0,         991,      -1.389049968,        1.16476449,      0.8328921696,       4.036132308,       2.237343508,       2.370038221
          0,           0,         992,      -1.386412778,       1.164972269,       0.848847024,       4.044233471,       2.237207615,       2.369928835
          0,           0,         993,       -1.38621343,       1.164952331,      0.8503065415,        4.04536829,       2.237075265,       2.369818177
          0,           0,         994,       -1.38864065,        1.16455614,       0.830592815,       4.040508869,       2.236910249,       2.369845225
          0,           0,         995,      -1.391858302,       1.164094321,        0.79825906,       4.038245874,       2.236690767,       2.370217191
          0,           0,         996,      -1.393486459,       1.163865685,      0.7792501501,       4.036263422,       2.236555871,       2.370606268
          0,           0,         997,      -1.394602665,       1.163692398,      0.7651609733,       4.034062466,       2.236421179,       2.371058617
          0,           0,         998,      -1.395183418,       1.163571895,      0.7572873346,       4.035426929,       2.236286694,       2.369582069
          0,           0,         999,      -1.395393297,       1.163489054,      0.7544995772,       4.032570878,       2.236152415,       2.369430507
          0,           0,        1000,      -1.395488357,       1.163418628,      0.7531480611,       4.031890345,       2.236022253,       2.369631432
          0,           0,        1001,      -1.395779055,       1.163288158,      0.7498691802,        4.03163373,       2.235859966,       2.370100378
          0,           0,        1002,      -1.396169795,        1.16313585,       0.746147804,       4.029869657,       2.235641715,       2.368796164
          0,           0,        1003,      -1.396424836,       1.163056625,      0.7437971738,       4.028999597,       2.235508431,        2.36804542
          0,           0,        1004,      -1.396646677,       1.162990714,       0.741718239,       4.026635169,       2.235379616,       2.367827966
          0,           0,        1005,      -1.396927642,       1.162909535,      0.7389616011,       4.026540255,       2.235209122,       2.367846351
          0,           0,        1006,      -1.397246693,       1.162717599,      0.7348310428,       4.025948283,       2.235080935,       2.367831691
          0,           0,        1007,      -1.397586077,        1.16254924,      0.7310204614,       4.024626354,       2.234921113,       2.367584563
          0,           0,        1008,      -1.397848256,       1.162448106,      0.7292448202,       4.023952904,       2.234721981,       2.367437871
          0,           0,        1009,      -1.398099175,       1.162249893,      0.7286627243,       4.023252151,       2.234474077,       2.367240701
          0,           0,        1010,        -1.3981851,       1.162213307,      0.7316250492,        4.02463494,        2.23416578,       2.366615588
          0,           0,        1011,      -1.396581169,       1.163177159,      0.7615934414,       4.025049732,       2.233782891,       2.367095883
          0,           0,        1012,      -1.360030459,       1.187380265,        1.04366875,        4.08711298,       2.233308166,       2.375025384
          0,           0,        1013,      -1.336433217,       1.206551171,       1.141026328,       4.130687241,       2.232720843,       2.375842875
          0,           0,        1014,      -1.283052017,       1.293479257,       1.305762957,        4.21149933,       2.231868104,       2.374232304
          0,           0,        1015,      -1.336626082,       1.180568303,       1.120568295,       4.135139507,       2.231448556,       2.377921637
          0,           0,        1016,      -1.340126636,       1.177289897,       1.111279169,        4.12747481,       2.231270021,       2.373728948
          0,           0,        1017,      -1.347626105,        1.17430833,       1.082652393,       4.112295893,       2.231047737,       2.373009239
          0,           0,        1018,      -1.358817463,       1.170636394,       1.033731533,       4.097826359,        2.23077127,       2.372989594
          0,           0,        1019,        -1.3694781,       1.167261115,      0.9814395778,       4.087460235,       2.230427863,       2.374873957
          0,           0,        1020,      -1.378157421,       1.164786089,      0.9201745545,        4.07010889,       2.229917457,        2.38114983
          0,           0,        1021,      -1.375917807,       1.164267412,      0.9470295082,        4.06555917,       2.229705897,       2.378468387
          0,           0,        1022,      -1.379682163,       1.163659742,      0.9141172552,       4.064654847,       2.229389818,       2.378123926
          0,           0,        1023,      -1.374519289,       1.164159009,      0.9489143083,       4.068119532,       2.229245877,       2.377102488
          0,           0,        1024,      -1.376825918,       1.163620658,      0.9405778187,       4.063572365,       2.229123203,       2.376278238
          0,           0,        1025,      -1.381114877,         1.1628677,      0.9174227236,       4.060161255,       2.229000739,       2.375710618
          0,           0,        1026,      -1.385469656,       1.162152153,      0.8894283922,       4.051742265,       2.228886328,       2.375535742
          0,           0,        1027,      -1.389774096,       1.161470998,      0.8571435669,       4.043589754,       2.228743703,       2.375564583
          0,           0,        1028,       -1.39428786,       1.160804007,       0.816277115,       4.034761726,       2.228566031,       2.376032011
          0,           0,        1029,       -1.39847869,        1.16024083,      0.7674949905,       4.027682485,       2.228344896,       2.376471475
          0,           0,        1030,      -1.400559601,       1.159739645,      0.7319739319,       4.024331875,       2.228069971,       2.378798959
          0,           0,        1031,      -1.388802649,       1.162113087,      0.8578359238,       4.038289693,        2.22772866,       2.380425423
          0,           0,        1032,      -1.342317922,       1.170330801,       1.098097644,       4.122592236,       2.227305695,       2.382420969
          0,           0,        1033,      -1.347190896,       1.167918076,       1.080405528,       4.120663348,       2.226643853,       2.391862754
          0,           0,        1034,      -1.390423969,       1.160655066,      0.8397147519,        4.05054296,       2.226317331,       2.384393887
          0,           0,        1035,      -1.389429333,       1.160948461,      0.8495641937,       4.048054627,       2.226170152,        2.38267632
          0,           0,        1036,      -1.391474736,       1.160571559,      0.8273571419,        4.04367109,       2.226052982,       2.381493782
          0,           0,        1037,      -1.383807447,       1.161712557,      0.8911580594,       4.059368261,       2.225936024,       2.380364346
          0,           0,        1038,      -1.382223093,       1.161721891,      0.9059882398,       4.059584763,       2.225819277,        2.37944394
          0,           0,        1039,      -1.383932955,       1.161788072,      0.8976641739,       4.053082392,       2.225702742,        2.37884723
          0,           0,        1040,       -1.38625961,       1.161424685,      0.8815880434,       4.045496572,       2.225586419,        2.37849362
          0,           0,        1041,      -1.387159805,       1.161548409,      0.8754132698,       4.045783711,       2.225470308,       2.378212207
          0,           0,        1042,      -1.388020155,       1.161253453,      0.8682500968,       4.042616902,       2.225354409,       2.377992177
          0,           0,        1043,      -1.388774827,       1.161453735,      0.8626146047,       4.041887866,       2.225248548,        2.37821874
          0,           0,        1044,      -1.390895993,       1.162308559,      0.8446787029,       4.039618634,       2.225116599,        2.37861923
          0,           0,        1045,      -1.389934977,       1.161946399,      0.8472399458,       4.044477786,       2.224952243,       2.379744022
          0,           0,        1046,      -1.385952161,       1.162922368,      0.8695577318,        4.05491612,       2.224747718,       2.381214762
          0,           0,        1047,      -1.372018491,       1.181166632,      0.9869304653,        4.07582503,       2.224493506,       2.383356587
          0,           0,        1048,       -1.31093554,       1.298605419,       1.256910073,       4.159597285,       2.224177998,       2.385733501
          0,           0,        1049,      -1.322536082,       1.223133025,       1.192464602,       4.159223692,       2.223659773,       2.386861395
          0,           0,        1050,      -1.350253276,       1.172985171,       1.065816015,       4.115447122,       2.223405476,       2.380850371
          0,           0,        1051,       -1.32103332,       1.177776326,       1.159966282,       4.158582862,       2.223293446,       2.379704362
          0,           0,        1052,      -1.370351416,       1.168067469,      0.9815858798,       4.080454246,       2.223181627,       2.378936574
          0,           0,        1053,      -1.390133844,       1.164490436,       0.846392925,       4.049155399,       2.223070017,       2.378127201
          0,           0,        1054,       -1.38629461,       1.164541571,      0.8793151491,       4.049664785,       2.222958618,       2.377394199
          0,           0,        1055,       -1.38627038,       1.164213875,       0.881151152,       4.047348987,       2.222847428,       2.376907059
          0,           0,        1056,      -1.387656739,       1.163732798,       0.871629468,       4.049901721,       2.222736448,       2.376432297
          0,           0,        1057,      -1.389225436,       1.163249414,      0.8600164092,       4.042892461,       2.222625678,       2.376160858
          0,           0,        1058,      -1.391592743,       1.162671599,       0.836400028,       4.038589709,       2.222515118,       2.375709734
          0,           0,        1059,      -1.392878793,       1.162309249,      0.8231359632,       4.037427353,       2.222404767,       2.375430447
          0,           0,        1060,      -1.395112404,       1.161868067,      0.7985423982,       4.034254745,       2.222294627,       2.375247488
          0,           0,        1061,      -1.390870849,       1.162227184,      0.8324961715,       4.046850399,       2.222184696,       2.374957801
          0,           0,        1062,      -1.391796462,       1.161933814,       0.829063122,       4.045869052,       2.222074975,       2.374807845
          0,           0,        1063,      -1.394827849,       1.161400908,      0.8031757065,       4.040997538,       2.221965463,       2.374539231
          0,           0,        1064,       -1.39690895,       1.161021746,      0.7819232528,       4.039386271,        2.22185616,       2.374394115
          0,           0,        1065,      -1.398070179,       1.160745623,      0.7681959225,       4.034251925,       2.221747068,       2.374090355
          0,           0,        1066,      -1.398519059,       1.160577431,      0.7626221826,        4.03423187,       2.221638187,       2.373902327
          0,           0,        1067,      -1.398812787,       1.160444421,      0.7588887459,       4.030991337,       2.221529517,       2.373607664
          0,           0,        1068,      -1.399364585,       1.160257706,      0.7512631621,       4.030310966,       2.221421058,       2.373442176
          0,           0,        1069,      -1.399817856,       1.160100509,      0.7446388007,        4.02857277,       2.221312809,       2.373090831
          0,           0,        1070,      -1.400291641,       1.159965811,      0.7379510073,       4.026601346,       2.221216789,       2.373082626
          0,           0,        1071,      -1.400734371,       1.159851858,      0.7316604475,       4.026641578,       2.221097123,       2.373222601
          0,           0,        1072,      -1.401265329,       1.159742236,      0.7235680237,         4.0248403,        2.22090141,       2.373088577
          0,           0,        1073,      -1.401792817,       1.159651804,      0.7147899742,       4.024416395,       2.220806423,       2.372661489
          0,           0,        1074,      -1.402100281,       1.159577418,      0.7089656748,       4.021926539,       2.220688048,       2.372967743
          0,           0,        1075,      -1.401888982,       1.159546746,       0.711804789,       4.024117297,       2.220540641,       2.373515918
          0,           0,        1076,      -1.401912521,       1.159474753,      0.7120074174,       4.023475599,       2.220357263,        2.37507071
          0,           0,        1077,      -1.400884924,       1.159523221,       0.729840047,       4.028397997,       2.220129416,       2.375301845
          0,           0,        1078,      -1.399096482,       1.159835379,      0.7534854443,       4.030199777,       2.219846766,       2.381244935
          0,           0,        1079,      -1.340700315,       1.172238127,       1.105720453,       4.116706344,       2.219496831,       2.386997749
          0,           0,        1080,      -1.327374084,       1.174976291,       1.146992747,        4.15560821,        2.21886651,       2.391251549
          0,           0,        1081,      -1.348635912,       1.168353511,       1.072194773,       4.115714206,       2.218555621,       2.382048454
          0,           0,        1082,      -1.328856646,       1.171717059,       1.138975596,       4.144725625,       2.218423064,       2.378697752
          0,           0,        1083,      -1.379137413,       1.162810716,       0.927375105,       4.066625558,       2.218320884,       2.377950666
          0,           0,        1084,      -1.391777027,       1.161060789,      0.8233736002,       4.039549864,       2.218218912,       2.377926984
          0,           0,        1085,      -1.388315822,         1.1614998,      0.8560805041,        4.04679722,        2.21811715,       2.377911154
          0,           0,        1086,      -1.386306675,       1.161551654,      0.8750629599,       4.048377262,       2.218015596,        2.37751758
          0,           0,        1087,      -1.386990715,       1.161662876,      0.8702234736,       4.050096543,       2.217914251,       2.376698199
          0,           0,        1088,      -1.387181226,        1.16348828,      0.8743229558,       4.050056442,       2.217813114,       2.375802089
          0,           0,        1089,      -1.387106484,        1.16683172,      0.8817706759,        4.05183446,       2.217712185,        2.37541401
          0,           0,        1090,      -1.380181789,       1.188849608,      0.9617887696,       4.064620158,       2.217611465,       2.374667954
          0,           0,        1091,      -1.386893956,       1.175474462,      0.9032328651,       4.052533802,       2.217510952,       2.374265955
          0,           0,        1092,      -1.393453038,       1.160559285,      0.8185014335,       4.040975302,       2.217410648,       2.373476619
          0,           0,        1093,      -1.394831884,       1.159980759,      0.8033599543,       4.037863144,       2.217310551,       2.372906268
          0,           0,        1094,      -1.396005783,        1.16004784,      0.7893739126,        4.03716159,       2.217210661,         2.3720915
          0,           0,        1095,      -1.392019134,       1.160580825,      0.8259017909,       4.049951397,       2.217110979,        2.37157444
          0,           0,        1096,      -1.392951462,       1.160571158,       0.822482479,       4.047670995,       2.217011504,       2.370750003
          0,           0,        1097,      -1.395447129,       1.159940776,      0.8008815076,       4.040675172,       2.216912235,       2.370055465
          0,           0,        1098,      -1.397254529,       1.159741494,      0.7837317699,       4.037513351,       2.216813174,       2.369388002
          0,           0,        1099,       -1.39838394,       1.159524447,      0.7722746979,       4.036180279,       2.216714319,       2.368702181
          0,           0,        1100,      -1.398818276,       1.159714714,      0.7685203323,       4.033210348,       2.216615671,       2.368221306
          0,           0,        1101,      -1.398608698,       1.161108671,      0.7756001107,       4.029999499,        2.21651723,       2.367482451
          0,           0,        1102,      -1.399580689,       1.159314863,      0.7596225625,       4.029181289,       2.216418994,       2.366925545
          0,           0,        1103,      -1.400381711,       1.159162256,      0.7479216923,       4.028366303,       2.216320963,       2.366463584
          0,           0,        1104,      -1.400924387,       1.158952703,      0.7393611651,       4.026571153,       2.216223136,       2.365827837
          0,           0,        1105,      -1.401321273,       1.159119223,      0.7344181722,       4.025773832,       2.216125514,       2.365355514
          0,           0,        1106,       -1.40191221,       1.158831186,      0.7254210742,       4.026704942,       2.216028095,       2.364920324
          0,           0,        1107,      -1.402624266,       1.158410835,      0.7132534978,       4.023770092,       2.215930881,       2.364637065
          0,           0,        1108,      -1.402977956,       1.158671672,      0.7090679685,       4.023359688,       2.215833871,       2.364123183
          0,           0,        1109,      -1.403333083,       1.158508231,      0.7033285441,       4.022030367,       2.215737064,       2.363871538
          0,           0,        1110,      -1.403444028,       1.158685213,      0.7027488717,       4.021790843,       2.215640457,        2.36363901
          0,           0,        1111,      -1.403523767,       1.158584717,      0.7018245323,       4.021042494,       2.215544049,       2.363377284
          0,           0,        1112,      -1.403622513,        1.15835676,      0.7003627761,       4.020514019,        2.21544784,       2.363261267
          0,           0,        1113,      -1.403699145,        1.15833848,      0.7002600257,        4.02072589,       2.215367069,       2.363148973
          0,           0,        1114,      -1.403726558,       1.158587293,      0.7019431037,       4.020737988,        2.21526643,       2.363202523
          0,           0,        1115,      -1.400091354,       1.168512766,      0.7839022211,        4.02797757,       2.215141142,       2.363404532
          0,           0,        1116,      -1.360645615,       1.259721554,       1.118038353,       4.092626132,       2.214985332,       2.364162206
          0,           0,        1117,      -1.346048409,        1.28814691,       1.185700197,       4.115591364,       2.214676264,       2.362624497
          0,           0,        1118,      -1.402872755,       1.161270482,      0.7260692444,       4.024327191,       2.214547198,        2.36213927
          0,           0,        1119,      -1.402999838,       1.161605448,      0.7249167234,         4.0233268,       2.214453096,       2.362746431
          0,           0,        1120,       -1.40341616,       1.160747129,      0.7190103105,       4.022120634,       2.214359195,       2.362932621
          0,           0,        1121,       -1.40368179,       1.160184047,      0.7157086294,       4.022281541,       2.214265494,        2.36271509
          0,           0,        1122,      -1.403882507,        1.15975804,      0.7136799987,       4.021567282,       2.214171993,       2.362591763
          0,           0,        1123,      -1.404051381,        1.15941884,      0.7121687578,       4.020907394,       2.214078692,        2.36258311
          0,           0,        1124,      -1.404206694,       1.159119574,      0.7108850287,       4.020036731,       2.213985592,        2.36253553
          0,           0,        1125,      -1.404349907,       1.158853815,      0.7098138323,        4.01954942,       2.213892691,       2.362533113
          0,           0,        1126,      -1.404484988,        1.15860906,      0.7088450465,       4.019403116,       2.213799991,       2.362372484
          0,           0,        1127,      -1.404610442,       1.158385342,      0.7079872124,       4.019557759,        2.21370749,       2.362265865
          0,           0,        1128,      -1.404732959,       1.158172814,      0.7071523517,       4.019712704,        2.21361519,       2.362278758
          0,           0,        1129,      -1.404850492,       1.157977736,      0.7063487967,       4.019246729,       2.213523083,       2.362296114
          0,           0,        1130,      -1.404966864,       1.157787184,      0.7055631083,       4.018224894,        2.21343117,       2.362016946
          0,           0,        1131,      -1.405075803,       1.157610782,      0.7048487532,       4.018192923,       2.213339449,       2.362010679
          0,           0,        1132,      -1.405181841,       1.157442582,      0.7041828134,       4.018364509,       2.213247921,       2.361850749
          0,           0,        1133,      -1.405283972,       1.157285965,      0.7035745121,       4.018428757,       2.213173036,       2.362018121
          0,           0,        1134,      -1.405409294,       1.157098878,      0.7028980398,       4.018602734,       2.213079745,       2.362240749
          0,           0,        1135,       -1.40571707,       1.156437027,      0.6983748087,       4.018874773,       2.212900164,       2.361653041
          0,           0,        1136,      -1.405585313,        1.15692654,       0.703508009,       4.017616863,       2.212826221,        2.36170796
          0,           0,        1137,      -1.405762844,       1.156580624,      0.7016299379,       4.017260719,        2.21273411,       2.362055774
          0,           0,        1138,      -1.405725702,       1.156865928,       0.705463402,       4.017651808,       2.212555272,         2.3621383
          0,           0,        1139,      -1.405817625,        1.15675444,      0.7050177931,       4.017281515,       2.212465441,       2.361543143
          0,           0,        1140,      -1.405915226,       1.156627276,      0.7046204354,       4.018203673,       2.212375808,       2.361487989
          0,           0,        1141,      -1.405992238,       1.156556998,      0.7046335603,       4.018164773,       2.212286373,       2.361662889
          0,           0,        1142,      -1.406103027,       1.156391628,      0.7037936371,       4.018625051,       2.212197136,       2.361716127
          0,           0,        1143,      -1.405944608,       1.156973472,      0.7099023674,       4.018288402,       2.212108098,       2.361391293
          0,           0,        1144,      -1.406260169,       1.156249568,      0.7040383455,       4.017705932,        2.21201926,       2.361535958
          0,           0,        1145,      -1.406355478,       1.156130714,      0.7036122855,       4.017496984,       2.211930621,       2.361531133
          0,           0,        1146,      -1.406590607,       1.155618065,      0.6994904068,       4.016903088,       2.211842182,       2.361349374
          0,           0,        1147,      -1.406547461,        1.15588367,        0.70278184,       4.016833045,       2.211753942,       2.361219588
          0,           0,        1148,      -1.406480434,       1.156215271,       0.706527468,       4.016915249,       2.211665903,       2.361416722
          0,           0,        1149,      -1.406177916,       1.157172333,      0.7173820028,       4.018234413,       2.211595404,       2.361573398
          0,           0,        1150,      -1.403999708,       1.163325584,      0.7668470746,       4.022343628,       2.211507605,       2.361305706
          0,           0,        1151,      -1.352778902,       1.278214029,       1.161981887,       4.105453907,       2.211331505,       2.361777914
          0,           0,        1152,      -1.396725938,       1.180999365,      0.8843567336,       4.035885513,       2.211244435,       2.361878388
          0,           0,        1153,      -1.406962878,       1.155748074,      0.7088145539,       4.016315557,       2.211157567,       2.361710239
          0,           0,        1154,      -1.407260751,       1.155123658,      0.7030588708,       4.016762828,       2.211070899,       2.361236083
          0,           0,        1155,      -1.407399318,       1.154898085,      0.7017605362,       4.017635149,       2.210984434,        2.36143126
          0,           0,        1156,      -1.407515949,       1.154734848,      0.7011410814,       4.016971877,       2.210898171,       2.361422127
          0,           0,        1157,      -1.407627706,       1.154582812,      0.7007627491,       4.016463346,        2.21081211,        2.36120156
          0,           0,        1158,      -1.407735304,       1.154442787,      0.7005273918,       4.016250821,       2.210726251,           2.36112
          0,           0,        1159,      -1.407843111,       1.154300886,      0.7003040549,       4.016532028,       2.210640596,       2.361228149
          0,           0,        1160,      -1.407948702,       1.154166069,      0.7001329844,       4.016232984,       2.210555143,       2.361190272
          0,           0,        1161,      -1.408054411,       1.154028642,      0.6999385644,       4.016456696,       2.210469894,       2.361118351
          0,           0,        1162,       -1.40815579,       1.153899707,       0.699850834,       4.016419421,       2.210402889,       2.361146663
          0,           0,        1163,        -1.4082456,       1.153835067,      0.7006366775,       4.018204633,       2.210319465,       2.361408768
          0,           0,        1164,      -1.408298598,       1.153911301,      0.7033695983,       4.016983121,       2.210146171,       2.361472689
          0,           0,        1165,      -1.408395555,       1.153810086,      0.7035760018,       4.015856231,       2.210061906,       2.361093886
          0,           0,        1166,      -1.408490196,        1.15371577,      0.7037641803,       4.014884531,       2.209977845,       2.361143509
          0,           0,        1167,      -1.408599125,       1.153570839,      0.7034813475,       4.014641134,       2.209893991,        2.36116876
          0,           0,        1168,      -1.408688949,       1.153477139,      0.7036572056,       4.014840074,        2.20981034,        2.36111092
          0,           0,        1169,       -1.40881672,       1.153296654,      0.7029403063,       4.014639119,       2.209726893,       2.361197117
          0,           0,        1170,       -1.40887959,       1.153304039,      0.7038255824,       4.014608689,        2.20964365,       2.361226018
          0,           0,        1171,      -1.409009859,       1.153115434,      0.7030424263,       4.014969099,       2.209560613,       2.361097892
          0,           0,        1172,       -1.40898597,        1.15334511,      0.7060961477,       4.014503587,       2.209477781,       2.360968252
          0,           0,        1173,      -1.409179003,       1.152977905,      0.7037917836,       4.014234489,       2.209395155,       2.361261084
          0,           0,        1174,      -1.409195144,       1.153097757,      0.7058829036,        4.01439576,       2.209312735,       2.361363642
          0,           0,        1175,      -1.409451464,       1.152545925,      0.7018485736,       4.014616589,       2.209230519,       2.360994718
          0,           0,        1176,      -1.409485055,       1.152615239,      0.7035135119,       4.013705215,       2.209148508,       2.361326324
          0,           0,        1177,      -1.409517774,       1.152684611,      0.7051445139,       4.013681267,       2.209066702,       2.361434246
          0,           0,        1178,      -1.408135689,       1.156540216,      0.7417208082,       4.016806016,       2.208985102,       2.361061262
          0,           0,        1179,      -1.404312375,       1.167076693,      0.8130239981,        4.02387568,       2.208903709,       2.361381461
          0,           0,        1180,      -1.354986279,          1.276426,       1.161822963,       4.102868552,       2.208822523,       2.361486993
          0,           0,        1181,      -1.396750376,       1.184707332,      0.9155614353,       4.037782276,       2.208741544,       2.361103096
          0,           0,        1182,      -1.409738217,       1.152857579,      0.7126852945,       4.014835899,       2.208660773,       2.361440655
          0,           0,        1183,      -1.410104749,       1.152053996,      0.7063005766,       4.013741339,       2.208599355,       2.361642445
          0,           0,        1184,      -1.410285849,       1.151771563,      0.7048537559,       4.013728431,        2.20847965,        2.36111742
          0,           0,        1185,      -1.410415595,       1.151578501,      0.7043382636,       4.012994606,       2.208399558,       2.361570114
          0,           0,        1186,      -1.410536762,       1.151413474,      0.7040278737,        4.01295782,       2.208319675,       2.361695874
          0,           0,        1187,      -1.410656454,       1.151244905,      0.7037438603,       4.012948112,           2.20824,       2.361383302
          0,           0,        1188,      -1.410772825,       1.151086429,      0.7035618409,       4.012449045,       2.208160534,       2.361482631
          0,           0,        1189,      -1.410888381,        1.15092908,      0.7033903248,       4.012170063,       2.208081277,       2.361519481
          0,           0,        1190,      -1.411002966,       1.150776303,      0.7032600725,       4.012075322,       2.208002229,       2.361350216
          0,           0,        1191,       -1.41111638,       1.150624672,      0.7031299937,       4.011944862,       2.207923391,        2.36126346
          0,           0,        1192,      -1.411161845,       1.150649269,      0.7045242025,       4.011772855,       2.207844764,       2.361463311
          0,           0,        1193,      -1.411215887,        1.15065048,      0.7057748931,       4.011673437,       2.207766347,       2.361482404
          0,           0,        1194,      -1.411295115,       1.150588321,       0.706464091,        4.01146813,       2.207688141,       2.361309075
          0,           0,        1195,      -1.411391375,        1.15048061,      0.7067045708,       4.011972222,       2.207610147,       2.361212459
          0,           0,        1196,      -1.411495328,       1.150354904,      0.7067781557,       4.011086244,       2.207532364,       2.361449416
          0,           0,        1197,      -1.411606152,       1.150211047,      0.7066475517,       4.010779387,       2.207454794,       2.361501608
          0,           0,        1198,      -1.411715183,       1.150073016,      0.7065692388,       4.010560093,       2.207377437,       2.361255204
          0,           0,        1199,      -1.411830175,       1.149917283,      0.7063061866,       4.010506849,       2.207300292,       2.361322523
          0,           0,        1200,      -1.411933858,       1.149793662,      0.7063071259,       4.010250847,       2.207223362,       2.361207757
          0,           0,        1201,      -1.412057799,       1.149613377,      0.7057982266,       4.010316339,       2.207146646,       2.361399519
          0,           0,        1202,      -1.412125698,       1.149589384,       0.706632765,       4.009920055,       2.207070144,       2.361403391
          0,           0,        1203,       -1.41225336,       1.149398913,      0.7060982737,        4.00964125,       2.206993857,       2.361292122
          0,           0,        1204,      -1.412220771,       1.149655223,      0.7093202094,       4.009661306,       2.206917787,       2.361197426
          0,           0,        1205,       -1.41241114,       1.149288168,      0.7072562348,        4.00983748,       2.206841932,        2.36141872
          0,           0,        1206,      -1.412441908,        1.14937188,      0.7098995456,       4.009754808,       2.206766293,        2.36150408
          0,           0,        1207,      -1.412255013,       1.150082171,      0.7165426324,       4.010373612,       2.206690871,       2.361214023
          0,           0,        1208,      -1.410388177,       1.155156907,      0.7606615554,       4.013812334,       2.206615667,       2.361377143
          0,           0,        1209,      -1.410985762,        1.15357022,      0.7506040756,       4.013173433,        2.20654068,       2.361282312
          0,           0,        1210,      -1.412942053,        1.14866779,      0.7076827804,       4.008690532,       2.206465912,       2.361372591
          0,           0,        1211,      -1.413131126,       1.148297236,        0.70548114,       4.008437707,       2.206391363,       2.361414312
          0,           0,        1212,       -1.41316343,       1.148362374,      0.7074646041,       4.008364472,       2.206317033,       2.361268928
          0,           0,        1213,      -1.413169683,       1.148499395,      0.7094804577,       4.008171619,       2.206242924,       2.361132424
          0,           0,        1214,      -1.413407651,       1.147995677,      0.7062185378,        4.00788485,       2.206169034,       2.361416707
          0,           0,        1215,      -1.413531148,       1.147811484,      0.7057525024,       4.008750145,       2.206095366,       2.361527502
          0,           0,        1216,        -1.4135043,       1.148053921,      0.7089098088,       4.008272453,       2.206021919,        2.36114982
          0,           0,        1217,      -1.413293821,       1.148804446,      0.7167312051,       4.008143306,       2.205969593,       2.361512099
          0,           0,        1218,      -1.394588942,       1.195910362,      0.9668537099,       4.042014601,       2.205904558,       2.361748604
          0,           0,        1219,      -1.364574624,        1.26107035,       1.139132612,       4.089188477,       2.205743405,       2.361310635
          0,           0,        1220,      -1.413854466,       1.147898776,      0.7125735396,       4.007907444,       2.205671034,       2.361407578
          0,           0,        1221,      -1.413778686,       1.148253052,      0.7156018562,       4.009245464,       2.205598888,       2.361310737
          0,           0,        1222,      -1.413965785,       1.147902665,      0.7140201293,       4.008074252,       2.205526966,       2.361252105
          0,           0,        1223,      -1.414124372,       1.147632478,      0.7129927615,       4.007937786,       2.205455271,       2.361315235
          0,           0,        1224,      -1.414271462,       1.147389532,      0.7122966494,       4.008124484,       2.205383801,       2.361175944
          0,           0,        1225,      -1.414409045,       1.147172394,      0.7117384178,       4.007576017,        2.20531256,        2.36131892
          0,           0,        1226,      -1.414544359,       1.146960802,      0.7112709005,       4.006890884,       2.205241546,       2.361400547
          0,           0,        1227,      -1.414606575,       1.146939188,      0.7123019932,       4.006846439,        2.20517076,       2.361126174
          0,           0,        1228,      -1.414674676,        1.14690127,      0.7132994988,       4.005967967,       2.205100204,       2.361178976
          0,           0,        1229,      -1.414925184,       1.146361925,      0.7102323408,       4.005578035,       2.205029878,       2.361073654
          0,           0,        1230,      -1.415043243,       1.146194889,      0.7100685317,       4.006291407,       2.204959782,       2.361182427
          0,           0,        1231,      -1.415140132,       1.146089274,      0.7103656041,       4.005789852,       2.204889918,       2.361117696
          0,           0,        1232,      -1.415281375,       1.145860857,      0.7096603304,       4.005572014,       2.204820286,       2.361128919
          0,           0,        1233,      -1.415353766,       1.145822067,      0.7104252176,       4.005603718,       2.204750886,        2.36116627
          0,           0,        1234,      -1.415525608,       1.145506323,      0.7090592787,       4.005483125,       2.204681719,       2.361064978
          0,           0,        1235,      -1.415458913,        1.14586032,      0.7129400667,       4.005224275,       2.204612786,       2.361006421
          0,           0,        1236,      -1.415392908,       1.146214197,      0.7176899076,        4.00630464,       2.204544087,       2.361114356
          0,           0,        1237,      -1.415689959,       1.145552741,      0.7126394369,       4.004869791,       2.204475623,       2.361202837
          0,           0,        1238,      -1.415807612,       1.145392315,      0.7123484802,       4.004826143,       2.204407394,       2.360985286
          0,           0,        1239,      -1.416087831,       1.144776518,      0.7084702427,       4.004919654,         2.2043394,       2.360950589
          0,           0,        1240,      -1.416128292,       1.144843115,       0.710122399,        4.00416182,       2.204271643,        2.36106346
          0,           0,        1241,      -1.416011931,       1.145341902,      0.7157279269,       4.004322209,       2.204204124,       2.361037639
          0,           0,        1242,       -1.41180094,       1.156638765,      0.8018068426,       4.012812308,       2.204136843,       2.360993624
          0,           0,        1243,      -1.409912766,       1.161579561,      0.8321329959,       4.016335523,       2.204069801,       2.361017463
          0,           0,        1244,      -1.416523956,       1.144455463,      0.7126169048,       4.004180833,       2.204002999,       2.360965336
          0,           0,        1245,      -1.416568852,       1.144488522,      0.7133871422,       4.004524169,       2.203936438,       2.360971952
          0,           0,        1246,      -1.416778117,       1.144089884,      0.7107085192,       4.003386388,       2.203870118,       2.360951951
          0,           0,        1247,      -1.416875101,       1.143978795,      0.7109551384,       4.003313443,        2.20380404,       2.360990161
          0,           0,        1248,       -1.41679107,       1.144385149,      0.7163890805,       4.003332198,       2.203738205,       2.360912572
          0,           0,        1249,       -1.41701131,       1.143938635,      0.7130138414,       4.003151941,       2.203672613,       2.360910095
          0,           0,        1250,      -1.417125383,       1.143795346,      0.7129662602,       4.003099531,       2.203607266,       2.360915498
          0,           0,        1251,      -1.417336914,       1.143379401,      0.7111316266,       4.002438797,       2.203542163,       2.360980368
          0,           0,        1252,       -1.41746504,        1.14320986,       0.710677547,       4.002230429,       2.203500134,       2.360952205
          0,           0,        1253,      -1.417542682,       1.143222306,      0.7125120324,       4.002598189,       2.203396447,       2.360855928
          0,           0,        1254,      -1.416806428,       1.145365407,      0.7332149273,       4.004037567,       2.203332147,        2.36087871
          0,           0,        1255,      -1.416866945,        1.14539077,      0.7342259417,       4.004236845,       2.203268095,       2.361065246
          0,           0,        1256,      -1.417982279,       1.142547302,      0.7107458266,       4.001902626,       2.203204291,       2.360757894
          0,           0,        1257,       -1.41802348,       1.142601472,      0.7119529007,       4.002659069,       2.203140738,       2.360921447
          0,           0,        1258,      -1.418302429,        1.14200818,      0.7084116943,       4.001315457,       2.203077434,       2.360923292
          0,           0,        1259,      -1.418246514,        1.14233332,      0.7118388191,       4.001284007,       2.203014382,       2.360792088
          0,           0,        1260,      -1.418517403,       1.141752309,      0.7084775989,        4.00089186,       2.202951582,       2.360798734
          0,           0,        1261,      -1.418441965,        1.14214249,      0.7126596545,       4.001439003,       2.202889034,       2.360766639
          0,           0,        1262,      -1.418377907,       1.142508243,      0.7175993831,        4.00153021,        2.20282674,       2.360832505
          0,           0,        1263,      -1.413819513,       1.154753476,      0.8084637842,       4.010657689,       2.202764699,        2.36067877
          0,           0,        1264,      -1.409075551,       1.167222715,      0.8736109921,       4.018896223,       2.202702913,       2.360647008
          0,           0,        1265,      -1.403341799,        1.18135925,      0.9342645724,       4.029117643,       2.202641383,       2.360666397
          0,           0,        1266,      -1.414484779,       1.153039984,      0.8028055932,       4.010630622,       2.202580108,       2.360777142
          0,           0,        1267,      -1.419077734,       1.141474597,      0.7150904979,       4.000119538,        2.20251909,       2.360547666
          0,           0,        1268,      -1.419408409,       1.140777202,      0.7102148034,       3.999571371,       2.202458329,       2.360483374
          0,           0,        1269,       -1.41952459,       1.140647374,      0.7100570832,       3.999369934,       2.202397826,       2.360582953
          0,           0,        1270,      -1.419699206,        1.14036187,      0.7090665984,       3.999125529,       2.202337581,       2.360694791
          0,           0,        1271,      -1.419767931,       1.140357753,      0.7100849913,        3.99935908,       2.202277597,       2.360429449
          0,           0,        1272,      -1.419851766,       1.140309604,      0.7111400832,        3.99930446,       2.202217872,       2.360401665
          0,           0,        1273,      -1.419914505,        1.14032239,      0.7125108376,       3.998879236,       2.202158409,        2.36046582
          0,           0,        1274,      -1.420060824,       1.140109684,       0.712291299,       3.998387944,       2.202099206,       2.360516352
          0,           0,        1275,       -1.42013809,       1.140089187,      0.7133077977,       3.998753215,       2.202040266,       2.360340234
          0,           0,        1276,      -1.420328306,       1.139761885,      0.7122341377,       3.998246034,       2.201981589,       2.360348525
          0,           0,        1277,      -1.420303739,       1.140030659,      0.7153624569,       3.999079936,       2.201923174,       2.360323214
          0,           0,        1278,      -1.420371325,       1.140052985,      0.7176530512,       3.998399829,       2.201865024,       2.360442189
          0,           0,        1279,      -1.420545117,        1.13976773,      0.7158062789,       3.998183295,       2.201807138,       2.360235916
          0,           0,        1280,      -1.420691975,       1.139562482,      0.7154298089,        3.99786312,       2.201749517,       2.360184544
          0,           0,        1281,      -1.420466339,       1.140406666,      0.7243221484,       3.998207529,       2.201716667,       2.360347274
          0,           0,        1282,      -1.418987442,       1.144582652,       0.760409336,       4.001992157,       2.201620711,       2.360535337
          0,           0,        1283,      -1.420152144,       1.141539692,      0.7382469351,       4.001562416,       2.201563956,       2.360100525
          0,           0,        1284,      -1.421557382,       1.138068338,      0.7093199758,       3.997224394,       2.201507469,       2.360163591
          0,           0,        1285,      -1.421481355,       1.138481931,      0.7133462825,       3.996958663,        2.20145125,       2.360184898
          0,           0,        1286,      -1.421656358,       1.138198463,      0.7129550623,       3.996486843,         2.2013953,       2.360338327
          0,           0,        1287,       -1.42167664,       1.138348515,      0.7148614723,       3.996554397,        2.20133962,       2.360083722
          0,           0,        1288,      -1.421962414,       1.137763419,      0.7115410659,       3.996270137,       2.201284209,       2.360067845
          0,           0,        1289,      -1.422124129,       1.137524375,       0.710984171,       3.996128577,       2.201229069,        2.36010399
          0,           0,        1290,      -1.422073766,       1.137887173,      0.7149493582,       3.996242251,         2.2011742,       2.360203574
          0,           0,        1291,      -1.421750842,       1.139012227,      0.7258755141,       3.996423328,       2.201119603,       2.359975638
          0,           0,        1292,      -1.411004399,       1.167042341,      0.8913407232,        4.01704155,       2.201065277,       2.359974153
          0,           0,        1293,      -1.403202965,       1.185298355,      0.9641573765,       4.030934956,       2.201011225,       2.359954817
          0,           0,        1294,      -1.422551083,       1.137451683,       0.716296211,       3.996333097,       2.200957445,       2.360121938
          0,           0,        1295,      -1.422662336,       1.137356945,      0.7169058508,       3.995838655,       2.200903939,       2.359858715
          0,           0,        1296,      -1.422789348,       1.137220602,      0.7171741414,       3.995214071,       2.200850708,       2.359868156
          0,           0,        1297,      -1.422929598,       1.137049525,      0.7171638106,       3.995828369,       2.200797751,       2.359877087
          0,           0,        1298,      -1.423078768,       1.136862097,      0.7170731504,       3.995398471,       2.200745069,       2.359932602
          0,           0,        1299,      -1.423192671,       1.136778888,      0.7186523967,       3.994686217,       2.200692663,       2.359755666
          0,           0,        1300,      -1.423372524,       1.136508702,      0.7169409971,       3.993990042,       2.200640534,       2.359841825
          0,           0,        1301,      -1.423532493,       1.136293435,      0.7165027298,       3.993699054,       2.200588681,       2.359705551
          0,           0,        1302,      -1.423577391,       1.136403337,      0.7194644817,       3.994078028,       2.200537106,       2.359810686
          0,           0,        1303,      -1.423648041,        1.13642641,      0.7221234118,       3.994227204,       2.200485808,        2.35964713
          0,           0,        1304,      -1.424226545,       1.135071978,      0.7114425018,       3.993987569,       2.200434789,       2.359732017
          0,           0,        1305,      -1.424243492,       1.135273203,      0.7135880447,       3.994417548,       2.200384049,       2.359599356
          0,           0,        1306,      -1.423544122,       1.137464218,      0.7329195227,       3.994960324,       2.200333588,       2.359721067
          0,           0,        1307,      -1.417169768,       1.154373712,      0.8425538223,       4.007445987,       2.200283407,       2.359542036
          0,           0,        1308,      -1.416640892,       1.155219773,       0.850779038,       4.009396273,       2.200233506,       2.359618542
          0,           0,        1309,      -1.424761919,       1.134778791,      0.7149229818,       3.992838466,       2.200183887,       2.359495979
          0,           0,        1310,      -1.424865852,       1.134726143,      0.7157504888,       3.991872569,       2.200134549,       2.359637487
          0,           0,        1311,      -1.424935377,        1.13478054,      0.7184472694,       3.992096499,       2.200085494,       2.359434725
          0,           0,        1312,       -1.42508718,       1.134587873,      0.7173791985,        3.99254367,        2.20003672,       2.359490101
          0,           0,        1313,      -1.425271815,       1.134318303,       0.716678331,       3.993129013,        2.19998823,       2.359394214
          0,           0,        1314,      -1.425165949,       1.134873118,      0.7232720847,       3.991825788,       2.199940023,       2.359565878
          0,           0,        1315,      -1.425533383,       1.134086587,      0.7175240046,       3.991043917,         2.1998921,       2.359331857
          0,           0,        1316,      -1.425699755,       1.133871889,      0.7171522107,       3.990903061,       2.199844462,       2.359338161
          0,           0,        1317,      -1.426034534,       1.133187907,      0.7134817285,       3.990896069,       2.199797108,       2.359299654
          0,           0,        1318,      -1.426101685,       1.133267299,      0.7152138268,       3.990553528,        2.19975004,       2.359508299
          0,           0,        1319,      -1.426201011,       1.133250973,      0.7168263306,       3.990271688,       2.199703257,       2.359229012
          0,           0,        1320,      -1.424083687,       1.139191921,      0.7645965723,       3.994814827,       2.199683622,       2.359399555
          0,           0,        1321,      -1.414015715,       1.165959061,      0.9009286622,       4.013506885,       2.199598916,       2.359295828
          0,           0,        1322,      -1.368755289,       1.264001325,       1.161220813,       4.085842546,       2.199553066,       2.359256774
          0,           0,        1323,      -1.416827586,       1.157626571,      0.8757483506,       4.010083237,       2.199507503,       2.359160699
          0,           0,        1324,      -1.426648969,       1.133267995,       0.723077272,       3.992617831,       2.199462228,       2.359349003
          0,           0,        1325,      -1.427029704,       1.132526284,       0.717754979,         3.9901764,       2.199417243,       2.359080196
          0,           0,        1326,       -1.42725165,       1.132189792,      0.7161922065,       3.989375404,       2.199372546,       2.359122221
          0,           0,        1327,      -1.427446351,       1.131916801,      0.7154488948,        3.98915492,       2.199328139,       2.359076418
          0,           0,        1328,      -1.427633462,       1.131663245,      0.7149720592,       3.989085758,       2.199284023,        2.35915368
          0,           0,        1329,       -1.42781669,       1.131421733,       0.714600719,       3.989011265,       2.199240198,       2.358950891
          0,           0,        1330,      -1.427998956,       1.131182743,      0.7142796013,       3.988525459,       2.199196664,       2.359084708
          0,           0,        1331,      -1.428177401,       1.130953835,      0.7140224715,        3.98790184,       2.199153422,       2.358895719
          0,           0,        1332,      -1.428358336,       1.130722909,      0.7137559761,       3.987479819,       2.199110473,         2.3590132
          0,           0,        1333,      -1.428536384,       1.130501961,      0.7135260243,       3.987202915,       2.199067817,       2.358836809
          0,           0,        1334,      -1.428686702,       1.130351856,      0.7138053271,       3.987440592,       2.199025454,       2.358978207
          0,           0,        1335,      -1.428772199,       1.130376443,       0.715462749,       3.987839396,       2.198983385,       2.358779259
          0,           0,        1336,      -1.428897067,       1.130297132,      0.7163653839,       3.986686323,       2.198941611,         2.3588942
          0,           0,        1337,      -1.429044513,       1.130156166,      0.7167764582,       3.986163962,       2.198900131,       2.358722619
          0,           0,        1338,      -1.429209305,       1.129971919,      0.7168264123,       3.986642216,       2.198858947,       2.358874196
          0,           0,        1339,      -1.429381555,       1.129775647,      0.7167588267,       3.986215465,       2.198818059,       2.358664189
          0,           0,        1340,      -1.429559054,       1.129561262,      0.7165257984,       3.986379932,       2.198777466,       2.358766904
          0,           0,        1341,      -1.429732358,        1.12935606,      0.7163847844,       3.985890822,       2.198737171,       2.358601657
          0,           0,        1342,      -1.429911942,       1.129133541,      0.7160665801,       3.986403959,       2.198697172,       2.358763691
          0,           0,        1343,      -1.430081556,       1.128941465,      0.7159676163,       3.985250097,       2.198657472,       2.358536479
          0,           0,        1344,      -1.430265777,        1.12870465,      0.7155184588,        3.98517743,        2.19861807,       2.358612947
          0,           0,        1345,      -1.430414245,       1.128572163,       0.715838697,       3.985615515,       2.198578967,       2.358462937
          0,           0,        1346,      -1.430628671,       1.128267781,      0.7148838731,       3.984556639,       2.198540163,       2.358637052
          0,           0,        1347,       -1.43061023,        1.12862616,      0.7187132827,       3.984414275,       2.198501659,       2.358386279
          0,           0,        1348,      -1.430001573,       1.130622695,      0.7353350342,       3.985967458,       2.198463455,       2.358411936
          0,           0,        1349,      -1.420913517,       1.154518729,      0.8741578556,       4.003750688,       2.198425553,       2.358300964
          0,           0,        1350,      -1.418390381,        1.16005031,      0.9019990844,       4.009985627,       2.198387952,       2.358492841
          0,           0,        1351,       -1.43133064,       1.127796738,      0.7178853588,       3.984495651,       2.198350654,       2.358218316
          0,           0,        1352,      -1.431450977,       1.127747434,      0.7188685838,         3.9833387,       2.198313658,       2.358275327
          0,           0,        1353,      -1.431794239,       1.127072343,      0.7154203766,       3.982953763,       2.198276967,       2.358194244
          0,           0,        1354,      -1.431869506,        1.12715239,      0.7172704889,       3.983190008,       2.198240581,       2.358151335
          0,           0,        1355,      -1.432099727,       1.126806525,      0.7163089694,       3.982396837,       2.198204499,       2.358018516
          0,           0,        1356,        -1.4320762,       1.127172949,      0.7200591173,       3.982828192,       2.198168723,       2.358187851
          0,           0,        1357,      -1.432242578,       1.127011824,       0.720812386,       3.982363175,       2.198133254,       2.357909409
          0,           0,        1358,      -1.432426592,       1.126798675,       0.719947183,       3.982209247,       2.198098092,       2.357958273
          0,           0,        1359,      -1.432615524,       1.126572839,       0.719563387,        3.98184027,       2.198063239,       2.357866482
          0,           0,        1360,      -1.432055854,       1.128449724,      0.7353262869,       3.982987053,       2.198028694,       2.357825712
          0,           0,        1361,      -1.425864132,        1.14498521,      0.8390528056,       3.995575088,       2.197994458,       2.357679072
          0,           0,        1362,      -1.425897158,       1.144516385,      0.8402407658,       3.996716798,       2.197960533,       2.357836937
          0,           0,        1363,       -1.43340192,       1.125609134,      0.7179102663,       3.981484098,       2.197926919,       2.357562191
          0,           0,        1364,      -1.433575304,       1.125422856,      0.7178092713,       3.980504294,       2.197893617,       2.357606312
          0,           0,        1365,      -1.433758068,       1.125214473,      0.7182379601,       3.980251248,       2.197860627,       2.357509463
          0,           0,        1366,      -1.433804732,       1.125383096,      0.7202561367,       3.980476504,        2.19782795,       2.357497265
          0,           0,        1367,      -1.434178811,       1.124640372,       0.716335073,       3.979747955,       2.197795588,       2.357325823
          0,           0,        1368,      -1.434297568,       1.124617282,      0.7174120522,       3.979841631,        2.19776354,       2.357475472
          0,           0,        1369,       -1.43451518,       1.124318636,      0.7168399048,       3.979233168,       2.197731809,       2.357218854
          0,           0,        1370,      -1.434513569,        1.12463867,       0.720188591,       3.979210719,       2.197700393,       2.357257311
          0,           0,        1371,      -1.434766271,       1.124241059,      0.7190627767,       3.979412583,       2.197669295,       2.357149693
          0,           0,        1372,      -1.434906995,       1.124162714,      0.7205558826,       3.979354513,       2.197638516,       2.357261094
          0,           0,        1373,      -1.435162139,       1.123787839,      0.7186548618,       3.979186428,       2.197608055,       2.357006839
          0,           0,        1374,      -1.435312149,       1.123668639,      0.7194041804,       3.978926813,       2.197577914,       2.357095914
          0,           0,        1375,      -1.435654181,       1.123026412,      0.7157631202,       3.978418582,       2.197548094,       2.356912968
          0,           0,        1376,      -1.435701403,       1.123221843,      0.7178771486,       3.977810345,       2.197518596,       2.357055512
          0,           0,        1377,      -1.435908298,       1.122946818,      0.7177021853,       3.977438102,        2.19748942,       2.356825792
          0,           0,        1378,      -1.435592168,       1.124107981,      0.7292249445,       3.978637166,       2.197460568,       2.356893422
          0,           0,        1379,      -1.435115613,       1.125791309,      0.7419276598,       3.979971935,       2.197432039,       2.356735456
          0,           0,        1380,      -1.432894888,       1.131929156,      0.7847612357,       3.984159208,       2.197403837,       2.356891804
          0,           0,        1381,      -1.433433816,       1.130452036,      0.7785036479,       3.983466617,        2.19737596,       2.356656557
          0,           0,        1382,      -1.436901815,       1.121758231,      0.7157351656,       3.976388336,        2.19734841,       2.356698788
          0,           0,        1383,      -1.437095818,       1.121532667,      0.7155598302,        3.97590608,       2.197321188,       2.356583741
          0,           0,        1384,      -1.437019987,       1.122056529,      0.7203922888,       3.976842254,       2.197294295,       2.356724977
          0,           0,        1385,      -1.436891479,       1.122748223,      0.7277492934,       3.976833638,       2.197267732,         2.3564711
          0,           0,        1386,      -1.437332299,        1.12182675,      0.7215228719,       3.975832779,         2.1972415,       2.356508242
          0,           0,        1387,      -1.437521895,       1.121618404,      0.7213589573,       3.976334765,       2.197215599,       2.356379874
          0,           0,        1388,      -1.437896828,       1.120889505,      0.7177939737,       3.975055485,       2.197190031,       2.356527946
          0,           0,        1389,      -1.437968685,       1.121019815,      0.7198242097,       3.975073172,       2.197164798,       2.356284182
          0,           0,        1390,      -1.438098712,       1.120987223,      0.7214229167,       3.974874599,       2.197139898,       2.356335385
          0,           0,        1391,        -1.4355484,       1.128152659,      0.7742629953,       3.980645054,       2.197115335,       2.356244686
          0,           0,        1392,      -1.433555135,       1.133842234,      0.8072825517,       3.984300694,       2.197091108,       2.356271672
          0,           0,        1393,      -1.432970791,       1.135516055,      0.8182639225,       3.985227628,        2.19706722,       2.356097657
          0,           0,        1394,      -1.432334904,       1.136817871,      0.8281772479,       3.987426231,        2.19704367,       2.356231428
          0,           0,        1395,      -1.439220655,       1.119483763,      0.7168681704,       3.974370413,        2.19702046,        2.35602162
          0,           0,        1396,      -1.439367415,       1.119396662,      0.7175346769,       3.973447168,       2.196997591,       2.356064004
          0,           0,        1397,      -1.439476648,       1.119409921,      0.7190128796,       3.972815764,       2.196975064,       2.355957249
          0,           0,        1398,      -1.439664946,       1.119208475,      0.7190839801,       3.973550069,       2.196952881,       2.356112737
          0,           0,        1399,      -1.439790964,        1.11918923,      0.7202649688,       3.972753705,       2.196931041,       2.355903063
          0,           0,        1400,      -1.440039228,       1.118826806,      0.7193307595,       3.972091097,       2.196909547,       2.355972814
          0,           0,        1401,      -1.440018636,       1.119217596,      0.7231054098,       3.972217821,       2.196888398,       2.355912707
          0,           0,        1402,      -1.439946809,       1.119762026,      0.7292879506,       3.972535077,       2.196867598,       2.355913407
          0,           0,        1403,      -1.440397169,       1.118826617,      0.7230857329,       3.972349771,       2.196847146,       2.355818395
          0,           0,        1404,      -1.440602535,       1.118586903,      0.7227438635,        3.97192961,       2.196827043,       2.355963266
          0,           0,        1405,      -1.441001366,       1.117801705,      0.7188944241,       3.970701533,       2.196807293,       2.355762375
          0,           0,        1406,      -1.441082712,       1.117919168,      0.7208273147,       3.970861472,       2.196787894,       2.355831163
          0,           0,        1407,      -1.441083268,       1.118260206,      0.7251585203,       3.970996243,       2.196768849,       2.355773379
          0,           0,        1408,       -1.43611576,       1.131781929,      0.8128120963,       3.981547687,       2.196750159,       2.355770466
          0,           0,        1409,      -1.433297564,       1.139235015,      0.8507420914,        3.98657215,       2.196731825,       2.355685196
          0,           0,        1410,      -1.441484135,       1.118115066,        0.72947671,       3.971327933,       2.196713847,       2.355807782
          0,           0,        1411,      -1.441673826,       1.117893417,       0.728200032,       3.970937992,       2.196696227,       2.355594037
          0,           0,        1412,      -1.442188163,       1.116850907,      0.7211169946,       3.969721303,       2.196678967,       2.355640783
          0,           0,        1413,      -1.442404162,       1.116568623,      0.7205281693,       3.970222766,       2.196662067,       2.355556388
          0,           0,        1414,      -1.442577001,       1.116415608,      0.7215246064,       3.969883088,       2.196645528,       2.355651554
          0,           0,        1415,      -1.442629371,       1.116596543,      0.7234558109,       3.968973571,        2.19662935,       2.355445636
          0,           0,        1416,      -1.442998053,        1.11589647,       0.719999684,       3.968344987,       2.196613532,       2.355511018
          0,           0,        1417,      -1.443227156,       1.115590146,      0.7192788188,       3.968471843,       2.196598076,       2.355377406
          0,           0,        1418,      -1.443201935,       1.116000571,      0.7231963087,        3.96816304,       2.196582982,       2.355488468
          0,           0,        1419,      -1.442492736,       1.118328646,      0.7413567831,       3.969950805,       2.196568254,       2.355305336
          0,           0,        1420,      -1.429730635,       1.151379952,      0.9083057609,       3.994834002,       2.196553892,       2.355348271
          0,           0,        1421,        -1.4232391,        1.16569885,      0.9621356934,       4.008014213,       2.196539899,       2.355263061
          0,           0,        1422,       -1.44386293,       1.115472879,      0.7241879612,       3.969017752,       2.196526275,       2.355387859
          0,           0,        1423,      -1.444014937,       1.115375827,      0.7249522263,       3.967360613,       2.196546637,       2.355299512
          0,           0,        1424,      -1.444423463,       1.114644269,      0.7219198442,        3.96727631,       2.196496863,       2.355332591
          0,           0,        1425,      -1.444649105,       1.114356241,      0.7214264891,       3.966410122,        2.19648445,       2.355237842
          0,           0,        1426,      -1.444789198,       1.114311261,      0.7223430482,       3.966175928,        2.19647241,       2.355252667
          0,           0,        1427,       -1.44505994,        1.11390465,       0.721139139,       3.966068587,       2.196460742,       2.355162219
          0,           0,        1428,       -1.44504703,       1.114292805,      0.7247599251,       3.965951296,       2.196449448,        2.35526875
          0,           0,        1429,      -1.445075072,       1.114569349,      0.7288944872,       3.967115065,       2.196438528,       2.355096835
          0,           0,        1430,      -1.445445736,        1.11387428,      0.7245394552,       3.965661546,       2.196427985,       2.355146784
          0,           0,        1431,      -1.445656942,       1.113625098,      0.7241391016,       3.966058084,       2.196417818,       2.355098904
          0,           0,        1432,      -1.445934029,       1.113193366,      0.7230590229,       3.965544453,       2.196408031,       2.355127671
          0,           0,        1433,      -1.446119236,       1.113025808,      0.7237673131,       3.964894231,       2.196398623,        2.35502356
          0,           0,        1434,      -1.446461638,       1.112435896,      0.7205748619,        3.96435085,       2.196389595,       2.355117367
          0,           0,        1435,      -1.446661984,       1.112222411,      0.7201479953,       3.964673374,        2.19638095,       2.354958922
          0,           0,        1436,      -1.446946144,       1.111767494,      0.7183618813,       3.964414857,       2.196372688,       2.354987328
          0,           0,        1437,      -1.447030103,       1.111882051,      0.7200742074,       3.963343154,        2.19636481,       2.354939611
          0,           0,        1438,      -1.447126558,       1.111947891,      0.7223642928,       3.963309876,       2.196357318,       2.355039455
          0,           0,        1439,      -1.445879272,       1.115636174,      0.7506506967,        3.96651475,       2.196350213,       2.354861354
          0,           0,        1440,      -1.445030824,       1.118315245,      0.7680599363,       3.968482264,       2.196343496,       2.354904715
          0,           0,        1441,      -1.445361484,       1.117659289,      0.7658428566,       3.968593802,       2.196337169,       2.354848197
          0,           0,        1442,      -1.445740862,       1.116757372,      0.7618151792,       3.967476452,       2.196331232,       2.354817903
          0,           0,        1443,      -1.448242618,       1.110535592,      0.7193419421,        3.96196681,       2.196325686,       2.354761241
          0,           0,        1444,      -1.448200415,        1.11098873,      0.7230424867,       3.962438131,       2.196320533,        2.35481717
          0,           0,        1445,      -1.448485439,        1.11053173,      0.7219426748,       3.961438177,       2.196315774,       2.354617301
          0,           0,        1446,      -1.448505164,       1.110812379,      0.7245866482,       3.961620244,        2.19631141,       2.354616001
          0,           0,        1447,      -1.448915219,       1.110001547,      0.7207657534,       3.960766511,       2.196307442,       2.354554452
          0,           0,        1448,      -1.448884774,       1.110432219,      0.7246982159,       3.960754925,       2.196303874,       2.354616084
          0,           0,        1449,      -1.448298169,        1.11242462,      0.7402069596,       3.963146506,       2.196300702,       2.354423488
          0,           0,        1450,      -1.442629348,       1.127631034,      0.8302137113,       3.974295769,       2.196297929,       2.354443689
          0,           0,        1451,      -1.443088831,       1.126139326,      0.8259249454,        3.97411034,       2.196295556,       2.354379916
          0,           0,        1452,      -1.449734554,        1.10944017,      0.7231186496,       3.960670291,       2.196293586,       2.354351481
          0,           0,        1453,      -1.449965542,       1.109132385,      0.7223358333,       3.959491677,       2.196292018,       2.354279494
          0,           0,        1454,      -1.450141865,       1.108975856,      0.7233005728,       3.959132795,       2.196290854,        2.35432598
          0,           0,        1455,      -1.450184963,       1.109188604,      0.7253924991,       3.959872265,       2.196290096,       2.354145266
          0,           0,        1456,      -1.450599337,       1.108366925,      0.7215188636,       3.958730477,       2.196289744,       2.354160771
          0,           0,        1457,      -1.450686378,       1.108465678,        0.72333579,       3.959204746,         2.1962898,       2.354101786
          0,           0,        1458,      -1.450799419,       1.108494585,      0.7254951026,       3.958735679,       2.196290265,       2.354067873
          0,           0,        1459,      -1.451054829,       1.108134675,      0.7238787733,       3.957899718,       2.196291141,       2.354009421
          0,           0,        1460,      -1.451347592,       1.107657904,      0.7218182762,       3.957663459,       2.196292427,        2.35404903
          0,           0,        1461,      -1.451375247,       1.107920274,      0.7254709555,       3.958401305,       2.196294126,       2.353865278
          0,           0,        1462,      -1.449252974,       1.113947837,      0.7679918668,       3.962520964,       2.196296238,       2.353877206
          0,           0,        1463,      -1.447622677,       1.118720836,      0.7950532362,       3.966401275,       2.196298765,       2.353807408
          0,           0,        1464,      -1.446858229,       1.120900592,      0.8082660021,       3.967418642,       2.196301708,       2.353754567
          0,           0,        1465,      -1.446527426,       1.121509797,      0.8144171439,       3.969777203,       2.196305068,        2.35370293
          0,           0,        1466,       -1.45260666,       1.106195012,      0.7200340544,       3.956979876,       2.196308847,       2.353713622
          0,           0,        1467,      -1.452657048,       1.106389289,       0.722307115,       3.956122508,       2.196313045,       2.353530566
          0,           0,        1468,      -1.452876232,       1.106113053,      0.7221850674,       3.955518468,       2.196317664,       2.353523335
          0,           0,        1469,      -1.452825986,       1.106593814,      0.7262904328,       3.955739446,       2.196322706,       2.353427927
          0,           0,        1470,      -1.452951243,       1.106592998,      0.7285254114,       3.955694415,        2.19632817,       2.353453659
          0,           0,        1471,      -1.453188231,       1.106265785,      0.7268454016,       3.956200363,       2.196334058,       2.353281524
          0,           0,        1472,      -1.453403998,        1.10600801,      0.7265220491,       3.955830654,       2.196340372,       2.353260525
          0,           0,        1473,      -1.453077397,       1.107275599,      0.7370791081,       3.955850201,       2.196347111,       2.353227322
          0,           0,        1474,      -1.453772449,       1.105663159,      0.7285472367,       3.955095273,       2.196354278,       2.353267871
          0,           0,        1475,      -1.454134535,       1.105021913,      0.7241643981,       3.956128885,       2.196361874,       2.353080676
          0,           0,        1476,      -1.454255145,       1.105032897,      0.7260971936,       3.955230156,       2.196369899,       2.353109295
          0,           0,        1477,      -1.454578219,       1.104468003,      0.7230856184,       3.954967277,       2.196378354,       2.353036261
          0,           0,        1478,      -1.454702699,       1.104463091,      0.7241403011,       3.954696192,       2.196387242,       2.353015971
          0,           0,        1479,      -1.454071865,       1.106569963,      0.7400066555,       3.955267551,       2.196396562,       2.352985353
          0,           0,        1480,      -1.443244036,       1.134864517,      0.8834834383,       3.976579783,       2.196406316,       2.352906017
          0,           0,        1481,      -1.438637649,       1.145181182,      0.9252648251,       3.985531574,       2.196416506,       2.352936246
          0,           0,        1482,      -1.455343168,       1.104024641,      0.7260205829,       3.953913225,       2.196427131,       2.352781184
          0,           0,        1483,      -1.455491162,       1.103952017,      0.7269095522,       3.952464946,       2.196438193,       2.352772179
          0,           0,        1484,      -1.455767482,       1.103518517,      0.7255575132,       3.952533841,       2.196449694,         2.3527485
          0,           0,        1485,      -1.456039004,       1.103103786,      0.7247581614,        3.95246828,       2.196461634,        2.35279387
          0,           0,        1486,      -1.456045095,       1.103434077,      0.7277172671,       3.952064762,       2.196474015,        2.35260884
          0,           0,        1487,      -1.456462539,       1.102612569,      0.7242108334,       3.950815098,       2.196486836,         2.3526207
          0,           0,        1488,       -1.45646281,       1.102960758,      0.7273098878,       3.951674529,         2.1965001,       2.352555801
          0,           0,        1489,      -1.456805153,       1.102349169,      0.7252534073,       3.950697837,       2.196513807,       2.352509039
          0,           0,        1490,      -1.456877577,       1.102497762,      0.7269641026,       3.950862293,       2.196527959,       2.352433978
          0,           0,        1491,      -1.457307834,       1.101635309,      0.7228442072,       3.950084946,       2.196542555,       2.352443809
          0,           0,        1492,      -1.457480238,       1.101501729,      0.7231934919,       3.949667532,       2.196557599,       2.352245435
          0,           0,        1493,       -1.45771984,        1.10117484,      0.7225148716,       3.950362579,       2.196573089,       2.352228009
          0,           0,        1494,      -1.457533321,       1.102034071,      0.7305582903,       3.950310929,       2.196589027,       2.352151624
          0,           0,        1495,      -1.452184759,       1.117129033,       0.813847269,       3.960144479,       2.196605414,       2.352113891
          0,           0,        1496,      -1.391177592,       1.249592354,       1.166145344,       4.062840361,       2.196622251,       2.352001398
          0,           0,        1497,      -1.424128176,       1.180855264,       1.036543971,       4.011394284,       2.196639539,       2.352013525
          0,           0,        1498,      -1.458215132,       1.101472645,      0.7284481493,       3.950488636,       2.196657278,       2.351838129
          0,           0,        1499,      -1.458645244,       1.100649096,      0.7250114685,       3.949858956,       2.196675468,       2.351809376
          0,           0,        1500,      -1.458887604,       1.100325645,       0.724338632,       3.948642682,       2.196694111,         2.3517653
          0,           0,        1501,      -1.459125025,       1.100017913,      0.7237583178,       3.947721225,       2.196713207,       2.351801823
          0,           0,        1502,      -1.459354478,       1.099727566,      0.7233304075,       3.947248079,       2.196732758,       2.351607018
          0,           0,        1503,      -1.459578023,       1.099453223,      0.7229923409,       3.946954853,       2.196752762,       2.351633295
          0,           0,        1504,      -1.459798293,       1.099186935,      0.7227164773,       3.946739055,       2.196773223,       2.351556964
          0,           0,        1505,      -1.459999092,       1.098973475,      0.7227337768,       3.946592146,       2.196794139,       2.351532415
          0,           0,        1506,      -1.460102019,       1.099016954,      0.7243734514,       3.946871223,       2.196815513,       2.351462173
          0,           0,        1507,      -1.460246194,       1.098953068,      0.7254597045,       3.947223192,       2.196837344,       2.351438233
          0,           0,        1508,      -1.460426861,       1.098791588,      0.7258762439,       3.946184096,       2.196859635,       2.351475409
          0,           0,        1509,      -1.460625831,         1.0985826,      0.7259948136,       3.945414348,       2.196882384,       2.351277231
          0,           0,        1510,      -1.460836464,       1.098340856,      0.7258474628,       3.945662597,       2.196905594,       2.351276914
          0,           0,        1511,      -1.461050342,       1.098095074,      0.7256766763,       3.945045379,       2.196929265,       2.351239064
          0,           0,        1512,      -1.461268755,       1.097835283,      0.7253600224,       3.944831005,       2.196953398,       2.351288245
          0,           0,        1513,      -1.461482343,       1.097589372,       0.725134026,       3.945395556,       2.196977992,       2.351105731
          0,           0,        1514,      -1.461700406,       1.097329902,      0.7247808608,       3.944643023,        2.19700305,       2.351102083
          0,           0,        1515,      -1.461907409,       1.097103088,      0.7246386628,       3.943824899,       2.197028572,       2.351082744
          0,           0,        1516,      -1.462129619,       1.096831345,      0.7241906616,       3.943652019,       2.197054558,       2.351146856
          0,           0,        1517,      -1.462315198,       1.096665642,      0.7243673803,       3.943209064,        2.19708101,       2.350958023
          0,           0,        1518,        -1.4625622,       1.096324042,      0.7234968437,       3.943182275,       2.197107928,        2.35100944
          0,           0,        1519,      -1.462579351,       1.096635132,      0.7265787791,       3.943067324,       2.197135312,       2.350938578
          0,           0,        1520,      -1.462183196,       1.098096126,      0.7373732478,       3.944180377,       2.197163164,       2.350933292
          0,           0,        1521,      -1.453369187,       1.121389858,      0.8582578192,       3.963245593,       2.197191483,       2.350931421
          0,           0,        1522,      -1.450631183,       1.127708822,       0.886413193,       3.968447303,       2.197220272,       2.350816789
          0,           0,        1523,      -1.463381016,       1.095816328,      0.7263994677,       3.943014682,        2.19724953,       2.350868628
          0,           0,        1524,       -1.46352999,       1.095742549,      0.7271967205,       3.941715623,       2.197279258,       2.350719662
          0,           0,        1525,      -1.463695132,       1.095623828,      0.7277512595,       3.941637316,       2.197309457,       2.350739719
          0,           0,        1526,      -1.463929285,       1.095317112,      0.7276994372,       3.943893107,       2.197340127,       2.350669279
          0,           0,        1527,      -1.464059105,       1.095309241,      0.7283770431,       3.941901817,       2.197371269,       2.350742373
          0,           0,        1528,      -1.464439128,       1.094595959,      0.7252459573,       3.940353193,       2.197402884,       2.350567573
          0,           0,        1529,      -1.464698909,       1.094217931,      0.7243475498,       3.940050731,       2.197434971,       2.350583117
          0,           0,        1530,      -1.464683207,       1.094621333,      0.7277872955,       3.940275837,       2.197467532,       2.350547267
          0,           0,        1531,      -1.464943125,       1.094243821,      0.7270952847,       3.939955929,       2.197500567,       2.350617491
          0,           0,        1532,      -1.464914155,        1.09466062,      0.7320777796,       3.941271037,       2.197534077,        2.35042568
          0,           0,        1533,      -1.465225271,       1.094182273,      0.7296424187,       3.941429708,       2.197568061,       2.350441474
          0,           0,        1534,      -1.465651586,       1.093347458,       0.725479788,       3.939589134,       2.197602521,       2.350388951
          0,           0,        1535,      -1.465998582,       1.092727505,      0.7225010054,       3.938713946,       2.197637481,       2.350468234
          0,           0,        1536,      -1.466251635,       1.092377904,       0.721354771,       3.938025428,       2.197672936,       2.350269369
          0,           0,        1537,      -1.466345818,       1.092459921,      0.7230546253,       3.938655892,       2.197708869,       2.350305833
          0,           0,        1538,      -1.466522797,       1.092308216,      0.7235828176,        3.93796776,       2.197745279,       2.350241423
          0,           0,        1539,       -1.46624916,       1.093403546,      0.7330071687,       3.938601865,       2.197782167,       2.350195332
          0,           0,        1540,      -1.463532137,       1.101343538,      0.7782122963,       3.944146546,       2.197819532,       2.350157492
          0,           0,        1541,       -1.41062713,       1.220461547,       1.122532695,        4.03574083,       2.197857376,       2.350230945
          0,           0,        1542,      -1.435886739,       1.165990687,       1.014864667,       3.995319656,       2.197895698,       2.350014394
          0,           0,        1543,       -1.46697061,       1.092760034,      0.7308038449,       3.939193142,       2.197934499,       2.350043478
          0,           0,        1544,      -1.467375615,       1.092006902,      0.7276371383,       3.937901191,       2.197973779,       2.349989521
          0,           0,        1545,      -1.467786191,       1.091229343,      0.7246061704,       3.936954778,       2.198013539,       2.350035678
          0,           0,        1546,      -1.467999476,       1.090997646,      0.7243566744,       3.936110792,       2.198053778,       2.349870286
          0,           0,        1547,      -1.468238457,       1.090688285,      0.7238103802,       3.935558697,       2.198094497,       2.349932352
          0,           0,        1548,      -1.468456545,       1.090433376,      0.7235710492,       3.935341463,       2.198135696,       2.349800695
          0,           0,        1549,      -1.468643972,       1.090262644,      0.7237918797,       3.935862956,       2.198177377,       2.349872005
          0,           0,        1550,      -1.468750584,         1.0903015,      0.7253332384,       3.938030272,       2.198219538,        2.34972515
          0,           0,        1551,       -1.46890132,       1.090229929,      0.7263346015,       3.935995882,        2.19826218,       2.349794073
          0,           0,        1552,      -1.469088096,       1.090059769,      0.7266674345,       3.934031847,       2.198305303,       2.349660821
          0,           0,        1553,      -1.469291396,       1.089841849,      0.7266824111,       3.933811535,       2.198348908,       2.349741301
          0,           0,        1554,      -1.469502888,        1.08960267,        0.72652467,       3.933896199,       2.198392994,       2.349589117
          0,           0,        1555,      -1.469718708,        1.08935657,      0.7263325783,       3.933429506,       2.198437562,       2.349657417
          0,           0,        1556,      -1.469935393,       1.089103202,      0.7260420598,       3.933909343,       2.198482611,       2.349528793
          0,           0,        1557,      -1.470151512,       1.088858796,       0.725821959,        3.93319514,       2.198528143,        2.34961712
          0,           0,        1558,      -1.470370843,        1.08860367,      0.7254815049,       3.932548482,       2.198574157,       2.349453739
          0,           0,        1559,      -1.470581635,       1.088371082,       0.725255053,       3.932678505,       2.198620654,       2.349512213
          0,           0,        1560,      -1.470800395,       1.088115836,      0.7248851268,       3.932190679,       2.198667633,       2.349391611
          0,           0,        1561,      -1.470997019,        1.08792357,      0.7248722251,       3.931604077,       2.198715095,       2.349483234
          0,           0,        1562,      -1.471232499,       1.087620318,      0.7242115099,       3.931600773,       2.198763039,       2.349298348
          0,           0,        1563,      -1.471339103,       1.087683243,      0.7256654833,        3.93139417,       2.198811466,       2.349330985
          0,           0,        1564,      -1.471455337,       1.087711496,      0.7272816241,       3.931532133,       2.198860375,       2.349239542
          0,           0,        1565,      -1.470184652,       1.091477999,      0.7529757074,        3.93452839,       2.198909767,       2.349340834
          0,           0,        1566,      -1.469224016,       1.094526391,      0.7697705445,       3.937160963,       2.198959642,       2.349135729
          0,           0,        1567,      -1.467586771,       1.099037033,      0.7951500837,        3.94004315,       2.199009999,       2.349164603
          0,           0,        1568,      -1.467705181,       1.098605053,      0.7957467785,       3.940379715,       2.199060839,       2.349109831
          0,           0,        1569,      -1.472721728,       1.085970726,       0.722950537,       3.931407809,       2.199112161,       2.349188099
          0,           0,        1570,      -1.472646564,       1.086533762,      0.7269903402,       3.929840711,       2.199163966,       2.348984335
          0,           0,        1571,      -1.472907185,       1.086152093,      0.7264754426,       3.929069881,       2.199216253,       2.349044261
          0,           0,        1572,      -1.472954598,       1.086367507,      0.7283953971,       3.929144999,       2.199269023,       2.348934797
          0,           0,        1573,      -1.473396965,       1.085478201,      0.7244479283,       3.928592022,       2.199322276,         2.3490407
          0,           0,        1574,      -1.473504566,       1.085532837,      0.7257951544,       3.929775353,       2.199376011,       2.348855292
          0,           0,        1575,      -1.473739278,       1.085233728,      0.7254979198,        3.92971556,       2.199430229,       2.348891342
          0,           0,        1576,      -1.473753935,       1.085558254,       0.728204685,       3.927935714,       2.199484928,        2.34882966
          0,           0,        1577,      -1.474181586,       1.084708844,      0.7245053391,        3.92722839,        2.19954011,       2.348952644
          0,           0,        1578,      -1.474323705,       1.084684972,      0.7256381431,       3.927585399,       2.199595773,        2.34875109
          0,           0,        1579,      -1.473694273,       1.086826168,      0.7395503263,       3.929113099,       2.199651918,       2.348815562
          0,           0,        1580,      -1.457854914,       1.127411425,      0.9157060396,       3.959744795,       2.199708544,         2.3487627
          0,           0,        1581,      -1.446133365,       1.153020026,      0.9936659632,       3.981715581,       2.199765652,       2.348746434
          0,           0,        1582,      -1.474780252,       1.084798676,      0.7301283141,       3.928811735,       2.199823241,       2.348688492
          0,           0,        1583,      -1.474974152,       1.084617132,      0.7303128708,       3.926267967,       2.199881311,       2.348803904
          0,           0,        1584,       -1.47518563,         1.0843799,      0.7301138069,       3.926019725,       2.199939861,       2.348600984
          0,           0,        1585,       -1.47566447,       1.083395303,      0.7258695219,       3.925529089,       2.199998892,        2.34867231
          0,           0,        1586,      -1.475713417,       1.083615998,      0.7280385926,       3.926424218,       2.200058403,       2.348615124
          0,           0,        1587,      -1.476022675,       1.083113454,      0.7267449319,       3.926320407,       2.200118395,       2.348598514
          0,           0,        1588,      -1.476040047,       1.083426003,      0.7292078919,       3.925043491,       2.200178865,       2.348566643
          0,           0,        1589,      -1.476503077,       1.082485277,      0.7251522629,       3.924144753,       2.200239815,        2.34865393
          0,           0,        1590,       -1.47647088,       1.082938629,      0.7285660769,       3.925024485,       2.200301244,       2.348450516
          0,           0,        1591,      -1.476646587,       1.082807241,       0.729533522,        3.92470137,       2.200363151,       2.348526817
          0,           0,        1592,      -1.477052013,       1.082044803,      0.7259135291,       3.923896152,       2.200425536,         2.3484272
          0,           0,        1593,      -1.477358766,       1.081554278,      0.7236717588,       3.924510334,       2.200488398,        2.34854989
          0,           0,        1594,      -1.477423309,       1.081720561,      0.7262159351,       3.923680166,       2.200551738,       2.348372818
          0,           0,        1595,      -1.476890984,       1.083499826,      0.7393677638,       3.924808257,       2.200615554,       2.348424964
          0,           0,        1596,      -1.476749357,       1.084289822,      0.7444001439,       3.925811673,       2.200679847,       2.348367562
          0,           0,        1597,      -1.477180067,       1.083407464,       0.740715433,       3.925282622,       2.200791773,       2.348571021
          0,           0,        1598,        -1.4773764,       1.083170318,      0.7413117656,       3.925664718,       2.200932483,       2.348449942
          0,           0,        1599,      -1.478427519,       1.080960203,      0.7278803252,       3.925000406,       2.200928925,       2.348555417
          0,           0,        1600,      -1.478764565,       1.080378811,      0.7260962747,       3.920812736,       2.200995509,        2.34829221
          0,           0,        1601,      -1.478808296,        1.08062637,      0.7280457796,       3.921403363,       2.201062568,        2.34840296
          0,           0,        1602,      -1.479269886,        1.07968742,      0.7238215636,       3.921526485,         2.2011301,       2.348304393
          0,           0,        1603,      -1.479234455,       1.080147015,      0.7273337823,       3.921531612,       2.201198106,       2.348340587
          0,           0,        1604,      -1.478311632,       1.083087067,      0.7458182306,       3.923551314,       2.201266585,       2.348266611
          0,           0,        1605,      -1.451000166,       1.150150486,      0.9906055681,       3.975830391,       2.201335536,        2.34840673
          0,           0,        1606,      -1.440619086,       1.170666299,       1.044111658,       3.994128947,       2.201404957,       2.348207212
          0,           0,        1607,      -1.479757736,       1.080064245,      0.7301056662,       3.923196209,       2.201474849,       2.348273322
          0,           0,        1608,      -1.480057189,       1.079604092,      0.7286247619,       3.922012019,       2.201545211,       2.348226387
          0,           0,        1609,      -1.480204861,        1.07953562,      0.7294166759,       3.923176785,       2.201616042,       2.348286672
          0,           0,        1610,      -1.480507294,       1.079043526,      0.7279717119,       3.923546125,       2.201687342,       2.348131806
          0,           0,        1611,      -1.480847923,       1.078444221,      0.7261100651,       3.919862678,        2.20175911,       2.348246448
          0,           0,        1612,      -1.480858646,       1.078768273,      0.7287172093,        3.92072411,       2.201831345,       2.348082142
          0,           0,        1613,      -1.481219755,       1.078113991,      0.7265963397,        3.91940401,       2.201904047,       2.348156974
          0,           0,        1614,      -1.481202114,       1.078516697,      0.7294805243,       3.919415344,       2.201977215,         2.3480486
          0,           0,        1615,      -1.481641643,       1.077639916,      0.7260296983,       3.918454374,       2.202050848,       2.348178147
          0,           0,        1616,      -1.481629897,       1.078035048,      0.7288397759,       3.920965418,       2.202124946,        2.34799207
          0,           0,        1617,      -1.482059054,       1.077201781,      0.7255445191,       3.919068842,       2.202199508,       2.348031691
          0,           0,        1618,      -1.482061388,       1.077568658,       0.728205371,       3.917544867,       2.202274533,       2.347982876
          0,           0,        1619,      -1.482497515,       1.076700847,      0.7245231545,       3.916989109,       2.202350021,       2.348120572
          0,           0,        1620,      -1.482478667,       1.077116622,      0.7275260958,        3.91753265,       2.202425971,       2.347910825
          0,           0,        1621,      -1.482830683,       1.076482527,       0.725223098,       3.916635649,       2.202502382,       2.347997629
          0,           0,        1622,      -1.482677219,       1.077252097,      0.7316775443,       3.918240209,       2.202579254,       2.347931584
          0,           0,        1623,      -1.481914727,          1.079785,      0.7463714306,       3.919900773,       2.202656585,       2.347929162
          0,           0,        1624,      -1.474094787,       1.100350016,      0.8446642838,        3.93524701,       2.202734376,       2.347888646
          0,           0,        1625,      -1.471951842,       1.104978566,      0.8666769277,       3.940126857,       2.202812625,       2.347851106
          0,           0,        1626,      -1.483710947,       1.075820129,       0.725819795,        3.91595524,       2.202891332,        2.34781851
          0,           0,        1627,      -1.484105753,        1.07506246,      0.7227578715,       3.914681291,       2.202970495,       2.347851709
          0,           0,        1628,      -1.484184851,       1.075186297,      0.7243825197,       3.915168368,       2.203050116,       2.347681639
          0,           0,        1629,      -1.484420274,       1.074877274,      0.7238293529,       3.914290819,       2.203130191,       2.347776954
          0,           0,        1630,      -1.484388949,       1.075317727,      0.7270487529,       3.914529773,       2.203210722,       2.347620845
          0,           0,        1631,      -1.484436565,       1.075548217,      0.7300086602,       3.914555887,       2.203291708,       2.347694486
          0,           0,        1632,      -1.484726621,       1.075087295,      0.7276751869,       3.916204249,       2.203373147,       2.347582539
          0,           0,        1633,      -1.484939398,       1.074852843,      0.7273360374,       3.915158426,        2.20345504,       2.347706147
          0,           0,        1634,      -1.484608885,       1.076137073,      0.7362367021,       3.914593639,       2.203537385,        2.34752863
          0,           0,        1635,      -1.482353387,        1.08243957,      0.7735490927,       3.920712188,        2.20362018,       2.347580677
          0,           0,        1636,      -1.483820791,       1.078673947,      0.7547859633,       3.920147557,       2.203703426,       2.347519852
          0,           0,        1637,      -1.485865092,       1.073717487,       0.724642366,       3.913486473,       2.203787121,       2.347654646
          0,           0,        1638,      -1.486278195,       1.072905084,      0.7211029283,       3.911859363,       2.203871264,       2.347452489
          0,           0,        1639,      -1.486158347,       1.073590083,      0.7257130509,       3.912091143,       2.203955855,        2.34752564
          0,           0,        1640,       -1.48566409,       1.075329903,       0.737162706,       3.913493026,       2.204040892,       2.347477741
          0,           0,        1641,      -1.485805328,       1.075213989,      0.7391533218,       3.914314605,       2.204126375,       2.347495076
          0,           0,        1642,      -1.486628106,       1.073299834,      0.7276855395,         3.9142157,       2.204262433,       2.347459113
          0,           0,        1643,       -1.48686014,       1.073150243,      0.7278340537,       3.913421106,       2.204433219,       2.347765272
          0,           0,        1644,      -1.486022326,        1.07587909,      0.7468800174,       3.915597087,       2.204455952,       2.347317869
          0,           0,        1645,      -1.486885454,       1.073856168,      0.7347415284,       3.912454349,       2.204543575,        2.34724689
          0,           0,        1646,       -1.48759429,       1.072377457,      0.7267405273,       3.911227417,       2.204631641,       2.347374567
          0,           0,        1647,      -1.487840053,       1.072031624,      0.7248858762,       3.911150122,       2.204720149,       2.347352583
          0,           0,        1648,      -1.487989576,       1.071955143,      0.7253741098,       3.910376725,       2.204809097,       2.347362954
          0,           0,        1649,      -1.487711941,       1.073085213,      0.7333250628,        3.91169948,       2.204898485,        2.34736166
          0,           0,        1650,      -1.487543348,        1.07382584,      0.7402179507,        3.91218553,       2.204988312,       2.347400221
          0,           0,        1651,      -1.488531266,       1.071451953,      0.7263628056,       3.911870315,       2.205078576,       2.347254303
          0,           0,        1652,      -1.489077981,       1.070349564,      0.7199565445,       3.909606843,       2.205169278,       2.347366693
          0,           0,        1653,      -1.489238266,       1.070244437,       0.720303545,       3.908308344,       2.205260415,       2.347185201
          0,           0,        1654,      -1.489222759,       1.070636305,      0.7232707744,       3.908169799,       2.205351988,       2.347229048
          0,           0,        1655,      -1.488986983,       1.071649322,      0.7304076109,       3.910243343,       2.205443996,       2.347150999
          0,           0,        1656,      -1.486246679,       1.079267713,        0.77442551,       3.916280781,       2.205536437,       2.347275047
          0,           0,        1657,      -1.486857167,       1.077842921,      0.7679616858,       3.916515113,       2.205629312,       2.347062822
          0,           0,        1658,      -1.489921698,        1.07011557,      0.7238313702,       3.911172813,       2.205722618,        2.34711927
          0,           0,        1659,      -1.490076344,       1.070023793,      0.7241220659,       3.909344994,       2.205816356,       2.347072771
          0,           0,        1660,       -1.49047543,       1.069241541,      0.7207993616,       3.907741988,       2.205910524,       2.347126322
          0,           0,        1661,      -1.490518535,       1.069460895,      0.7227945606,       3.907850875,       2.206005122,        2.34695994
          0,           0,        1662,      -1.490568489,       1.069667189,      0.7252752314,       3.907469657,       2.206100148,        2.34706079
          0,           0,        1663,      -1.490459713,       1.070297139,      0.7308830151,       3.909080353,       2.206195601,       2.346900491
          0,           0,        1664,      -1.490733108,       1.069940082,      0.7289410477,       3.909210104,       2.206291482,       2.346973709
          0,           0,        1665,       -1.49122457,       1.068921214,      0.7237805009,       3.907775697,       2.206387788,       2.346858258
          0,           0,        1666,      -1.491565602,        1.06832595,      0.7207921383,       3.906849519,        2.20648452,       2.346976766
          0,           0,        1667,       -1.49185837,       1.067878399,      0.7189570849,       3.905679291,       2.206581675,       2.346793759
          0,           0,        1668,       -1.49172954,       1.068585885,      0.7235237465,       3.906144524,       2.206679254,       2.346841465
          0,           0,        1669,      -1.491298035,       1.070136762,      0.7336237457,       3.906810845,       2.206777254,       2.346777968
          0,           0,        1670,      -1.480492553,       1.098325226,      0.8627217834,       3.929136238,       2.206875676,       2.346905364
          0,           0,        1671,      -1.475596045,       1.109622018,      0.9035675345,       3.939115681,       2.206974518,       2.346691435
          0,           0,        1672,       -1.49235302,       1.068247636,      0.7244681607,       3.906705193,       2.207073779,       2.346750608
          0,           0,        1673,      -1.492489222,       1.068210475,      0.7251252917,       3.904791795,       2.207173458,       2.346704429
          0,           0,        1674,      -1.492645987,       1.068116925,      0.7254807608,       3.904586212,       2.207273555,        2.34674051
          0,           0,        1675,      -1.493008052,       1.067457557,      0.7227763731,       3.904162651,       2.207374068,        2.34659161
          0,           0,        1676,      -1.493264395,       1.067098076,      0.7218998718,       3.904832345,       2.207474996,       2.346692907
          0,           0,        1677,      -1.493198357,       1.067636773,      0.7253477447,       3.903950211,       2.207576339,       2.346516452
          0,           0,        1678,      -1.493436264,       1.067332112,      0.7250138036,       3.903802787,       2.207678094,       2.346561528
          0,           0,        1679,      -1.493583541,       1.067275729,      0.7249142429,       3.903796112,       2.207780262,       2.346478701
          0,           0,        1680,       -1.49383326,       1.066936736,      0.7237983454,       3.903514126,       2.207882841,       2.346597986
          0,           0,        1681,      -1.493100575,       1.069334252,      0.7383394289,       3.905725664,        2.20798583,        2.34638624
          0,           0,        1682,      -1.471894274,       1.122250434,      0.9419246547,       3.947786858,       2.208089228,       2.346417827
          0,           0,        1683,      -1.453625047,       1.160281453,       1.038931498,       3.980817025,       2.208193034,       2.346390535
          0,           0,        1684,      -1.494090973,       1.067564114,      0.7291977354,       3.907135791,       2.208297246,       2.346498406
          0,           0,        1685,      -1.494334914,       1.067257202,      0.7284219677,       3.902956034,       2.208401864,       2.346256876
          0,           0,        1686,      -1.494576008,       1.066948559,       0.727577231,       3.902983804,       2.208506887,       2.346286239
          0,           0,        1687,      -1.494811183,       1.066656454,       0.726831479,       3.904741053,       2.208612312,       2.346249478
          0,           0,        1688,      -1.495193319,       1.065968972,      0.7246271364,       3.903004974,        2.20871814,       2.346372429
          0,           0,        1689,      -1.495244769,       1.066183142,      0.7259417396,       3.901263489,       2.208824369,        2.34613721
          0,           0,        1690,      -1.495743961,       1.065151313,      0.7212744354,       3.900701222,       2.208930998,       2.346226612
          0,           0,        1691,      -1.495850269,       1.065212802,      0.7222246527,       3.901132504,       2.209038026,       2.346144615
          0,           0,        1692,      -1.496114366,       1.064838277,      0.7212185201,       3.900541602,       2.209145451,       2.346143023
          0,           0,        1693,      -1.496076807,       1.065300761,      0.7241075223,       3.901975797,       2.209253273,       2.346092271
          0,           0,        1694,      -1.496461268,       1.064590855,      0.7213117054,       3.900780135,        2.20936149,       2.346061948
          0,           0,        1695,      -1.496472976,       1.064921756,      0.7234610564,       3.899961822,       2.209470101,       2.346024403
          0,           0,        1696,      -1.496946734,       1.063956055,      0.7189120689,        3.90056872,       2.209579105,       2.345975863
          0,           0,        1697,      -1.496998203,       1.064185663,      0.7208187085,       3.899923022,         2.2096885,       2.345959749
          0,           0,        1698,      -1.494898522,       1.070356374,      0.7545091674,        3.90382515,       2.209798286,       2.345918288
          0,           0,        1699,      -1.422861569,       1.225263379,       1.155113794,       4.029193946,        2.20990846,       2.345854708
          0,           0,        1700,       -1.43915158,       1.192222847,        1.10585336,       4.003835564,       2.210019022,       2.345961287
          0,           0,        1701,      -1.497012864,       1.065492164,      0.7275968872,       3.900585604,       2.210129971,       2.345763944
          0,           0,        1702,      -1.497384459,       1.064833753,      0.7251548728,        3.90219228,       2.210241305,       2.345826905
          0,           0,        1703,      -1.497675189,       1.064405161,      0.7238289124,       3.899627029,       2.210353024,       2.345808431
          0,           0,        1704,      -1.498024496,       1.063800282,      0.7215563965,       3.901180566,       2.210465126,       2.345879672
          0,           0,        1705,      -1.498467523,       1.062946348,      0.7180090085,       3.898430434,       2.210577607,       2.345727949
          0,           0,        1706,      -1.498630373,       1.062853526,      0.7181649736,       3.897422254,       2.210690468,       2.345846091
          0,           0,        1707,      -1.498811819,       1.062703252,      0.7180926759,        3.89715671,       2.210857047,       2.345783634
          0,           0,        1708,      -1.498882682,       1.062922945,      0.7202573049,       3.900429323,       2.210945679,        2.34589801
          0,           0,        1709,      -1.499046867,       1.062822428,      0.7206185632,       3.897502467,       2.211059768,       2.345651934
          0,           0,        1710,      -1.499214034,       1.062718625,      0.7208080107,       3.896636622,       2.211174231,       2.345762929
          0,           0,        1711,        -1.4994193,       1.062504694,      0.7204161276,       3.897712446,       2.211289068,       2.345733468
          0,           0,        1712,      -1.499604732,       1.062346515,      0.7202376272,       3.896941575,       2.211404276,       2.345761107
          0,           0,        1713,      -1.499820656,       1.062110062,      0.7196593946,       3.896198461,       2.211519852,       2.345773206
          0,           0,        1714,      -1.500003796,       1.061961487,      0.7194530671,       3.897035229,       2.211635794,       2.345721318
          0,           0,        1715,      -1.500227637,       1.061702629,      0.7187203474,       3.895992388,       2.211752099,       2.345734287
          0,           0,        1716,      -1.500385132,       1.061628203,      0.7188575037,       3.896661619,       2.211868768,       2.345882962
          0,           0,        1717,      -1.500635875,       1.061293432,      0.7176631213,       3.895277397,       2.211985797,       2.345636126
          0,           0,        1718,      -1.500653928,       1.061603145,      0.7198174881,       3.895907774,       2.212103187,       2.345772099
          0,           0,        1719,      -1.500753222,       1.061686768,      0.7212057742,       3.895444417,       2.212220934,       2.345662889
          0,           0,        1720,      -1.500912357,       1.061607541,      0.7209774803,       3.895487608,       2.212339038,       2.345709935
          0,           0,        1721,      -1.501194335,       1.061182722,      0.7191718892,       3.894818316,       2.212457497,       2.345788501
          0,           0,        1722,      -1.500817564,       1.062574744,      0.7277015106,       3.896027119,       2.212576309,       2.345543103
          0,           0,        1723,      -1.489642831,       1.091418985,      0.8580061663,       3.919610647,       2.212695474,       2.345628423
          0,           0,        1724,      -1.484436272,       1.103387301,      0.9006842327,       3.931495852,       2.212814989,       2.345530544
          0,           0,        1725,      -1.501844426,       1.060819754,      0.7193168475,       3.895624374,       2.212934853,       2.345660947
          0,           0,        1726,      -1.501966455,       1.060826443,      0.7199411273,       3.893866441,       2.213055065,       2.345456395
          0,           0,        1727,      -1.502107961,       1.060780143,      0.7203005963,       3.893797092,       2.213175622,       2.345507442
          0,           0,        1728,      -1.502448423,       1.060184823,      0.7176644782,       3.895406089,       2.213296523,       2.345446721
          0,           0,        1729,      -1.502705181,        1.05983046,      0.7165842232,       3.893701046,       2.213417767,       2.345592596
          0,           0,        1730,      -1.502621581,       1.060419164,      0.7200941051,       3.894222336,       2.213539352,        2.34536118
          0,           0,        1731,      -1.502932037,       1.059910783,      0.7181887637,       3.892849278,       2.213661276,       2.345433937
          0,           0,        1732,      -1.502982966,       1.060125991,      0.7195214932,       3.893258471,       2.213783538,       2.345386648
          0,           0,        1733,      -1.503404108,        1.05931539,      0.7156113117,       3.892255245,       2.213906136,       2.345437373
          0,           0,        1734,      -1.503635881,       1.059025118,       0.714587597,       3.892376073,       2.214029067,       2.345275336
          0,           0,        1735,      -1.503635706,       1.059389024,      0.7177755949,       3.892172027,       2.214152332,       2.345402149
          0,           0,        1736,      -1.499342388,       1.071442225,      0.7781550984,       3.902244861,       2.214275927,       2.345219247
          0,           0,        1737,      -1.425494877,        1.22661882,       1.160435725,        4.02817495,       2.214399853,       2.345291081
          0,           0,        1738,         -1.455872,       1.166482661,       1.062414848,       3.981270481,       2.214524106,       2.345190389
          0,           0,        1739,      -1.503780707,       1.060311685,      0.7219647827,       3.894499203,       2.214648686,       2.345340391
          0,           0,        1740,      -1.504253958,       1.059387871,      0.7180042154,       3.893084568,        2.21477359,        2.34512618
          0,           0,        1741,      -1.504639548,       1.058709211,      0.7151842855,       3.891292978,       2.214898817,       2.345161452
          0,           0,        1742,      -1.504845743,       1.058499618,      0.7146353182,       3.893312386,       2.215024366,       2.345133825
          0,           0,        1743,       -1.50505983,       1.058276126,      0.7140103744,       3.891100208,       2.215150235,       2.345296491
          0,           0,        1744,      -1.505262964,       1.058074017,      0.7135306621,       3.890050558,       2.215276423,       2.345043764
          0,           0,        1745,      -1.505461111,       1.057885277,      0.7131137396,       3.889883513,       2.215402927,       2.345161249
          0,           0,        1746,      -1.505551327,       1.057974993,      0.7141301625,       3.891894237,       2.215529746,       2.345083763
          0,           0,        1747,      -1.505634796,       1.058087641,       0.715458649,       3.890566814,       2.215656878,       2.345083263
          0,           0,        1748,      -1.505771912,       1.058055964,      0.7159402843,       3.890587705,       2.215784319,       2.345047208
          0,           0,        1749,      -1.505936554,        1.05795063,      0.7159842552,       3.889333893,       2.215912069,       2.345110095
          0,           0,        1750,      -1.506117148,       1.057803799,      0.7157511754,       3.889848651,       2.216040125,       2.344911597
          0,           0,        1751,      -1.506304658,        1.05764239,      0.7154657747,       3.888927029,       2.216168485,       2.345044959
          0,           0,        1752,      -1.506497221,       1.057464982,      0.7150175776,       3.889224829,       2.216297146,       2.344874634
          0,           0,        1753,      -1.506687208,       1.057297256,      0.7146234082,       3.888524576,       2.216426108,       2.344984344
          0,           0,        1754,      -1.506879692,       1.057120358,      0.7141180445,         3.8900646,       2.216555367,       2.344839571
          0,           0,        1755,      -1.507064471,       1.056965912,      0.7137475603,        3.88829684,       2.216684922,       2.345001505
          0,           0,        1756,      -1.507255789,       1.056791728,      0.7132111999,        3.88826039,       2.216814771,       2.344806116
          0,           0,        1757,      -1.507429446,       1.056666707,      0.7129511656,       3.887706433,       2.216944912,       2.344906542
          0,           0,        1758,      -1.507627941,       1.056470924,      0.7122714469,       3.888074425,       2.217075342,       2.344793038
          0,           0,        1759,      -1.507761294,       1.056457215,      0.7125846407,       3.887422916,        2.21720606,       2.344970625
          0,           0,        1760,      -1.507992718,       1.056168762,      0.7114315162,       3.888350156,       2.217337063,       2.344755407
          0,           0,        1761,      -1.507883458,       1.056825252,      0.7153511157,       3.888271867,       2.217468351,       2.344827228
          0,           0,        1762,      -1.507337698,       1.058656422,      0.7260722827,       3.889652953,        2.21759992,       2.344763646
          0,           0,        1763,      -1.481652077,       1.120886882,      0.9552066855,       3.940001656,       2.217731768,        2.34494665
          0,           0,        1764,      -1.455664695,       1.172585904,       1.074268073,       3.985218213,       2.217863894,       2.344693283
          0,           0,        1765,      -1.507968023,       1.057870984,      0.7225233356,       3.891345808,       2.217996295,       2.344800398
          0,           0,        1766,      -1.508259996,       1.057448766,      0.7206923655,       3.888133236,       2.218128969,       2.344718116
          0,           0,        1767,      -1.508520634,       1.057098203,      0.7192343909,       3.887480998,       2.218261914,       2.344856104
          0,           0,        1768,      -1.508758321,       1.056800294,      0.7180543749,       3.889804205,       2.218395129,       2.344610063
          0,           0,        1769,      -1.509263671,       1.055776008,      0.7131761083,       3.887605572,        2.21852861,       2.344757876
          0,           0,        1770,      -1.509448818,       1.055621773,      0.7127342298,       3.886878272,       2.218662356,       2.344581344
          0,           0,        1771,      -1.509672696,       1.055357818,      0.7117185918,        3.88571003,       2.218796363,       2.344748265
          0,           0,        1772,      -1.509816152,       1.055314246,       0.711801507,       3.885792834,       2.218930631,       2.344528192
          0,           0,        1773,      -1.510062702,       1.054986245,      0.7104815335,       3.885032215,       2.219065156,       2.344671452
          0,           0,        1774,      -1.510058642,       1.055344047,      0.7126724787,       3.886181077,       2.219199936,        2.34448029
          0,           0,        1775,      -1.510175247,       1.055369229,      0.7136526925,       3.885411903,       2.219334969,       2.344657834
          0,           0,        1776,      -1.510289825,       1.055409685,       0.713770957,       3.885084294,       2.219470253,       2.344433393
          0,           0,        1777,      -1.510594829,       1.054920145,      0.7113875276,       3.885231971,       2.219605785,       2.344568364
          0,           0,        1778,      -1.510441963,       1.055673394,      0.7163364723,       3.885828435,       2.219741564,       2.344386377
          0,           0,        1779,      -1.503903507,       1.072742566,      0.8030075019,       3.899698167,       2.219877586,       2.344578377
          0,           0,        1780,      -1.501558083,       1.078648358,      0.8275804044,        3.90541843,       2.220013849,       2.344351171
          0,           0,        1781,      -1.511378257,       1.054194058,      0.7091166376,       3.884821711,       2.220150352,       2.344458558
          0,           0,        1782,      -1.511399744,       1.054469099,      0.7107615756,       3.884780141,       2.220287091,       2.344301741
          0,           0,        1783,      -1.511505785,       1.054505546,      0.7113153115,       3.883862982,       2.220424064,       2.344498567
          0,           0,        1784,      -1.511818064,       1.053981769,      0.7088429214,       3.884100501,       2.220616269,       2.344358586
          0,           0,        1785,      -1.511959461,       1.054011278,      0.7099518823,       3.883787664,       2.220732972,       2.344474636
          0,           0,        1786,      -1.511945571,       1.054392873,      0.7119279035,       3.883482382,       2.220870691,       2.344229637
          0,           0,        1787,      -1.512389026,       1.053522492,      0.7075052838,       3.885635312,       2.221008634,       2.344413169
          0,           0,        1788,      -1.512544621,       1.053437931,      0.7073057704,       3.884804584,       2.221146797,       2.344189012
          0,           0,        1789,      -1.512789052,       1.053114736,      0.7058594912,       3.883260063,       2.221285179,       2.344326067
          0,           0,        1790,      -1.512962443,       1.052982792,       0.705701485,       3.882534085,       2.221423778,       2.344120098
          0,           0,        1791,      -1.512017723,       1.055902064,      0.7225084413,       3.885042282,       2.221562591,       2.344324943
          0,           0,        1792,      -1.482060428,       1.126979002,      0.9739435198,       3.942734199,       2.221701615,        2.34409838
          0,           0,        1793,      -1.459047481,       1.171492854,       1.074678971,       3.981346256,       2.221840848,       2.344207723
          0,           0,        1794,      -1.512802842,       1.054678327,      0.7153639028,       3.885842167,       2.221980287,       2.344039502
          0,           0,        1795,      -1.513029229,       1.054418444,      0.7144035257,       3.883002556,       2.222119931,       2.344248929
          0,           0,        1796,      -1.513217105,       1.054246352,      0.7139046787,        3.88367748,       2.222259775,       2.344030085
          0,           0,        1797,      -1.513411042,        1.05406193,      0.7133095162,       3.885496192,        2.22239982,       2.344166178
          0,           0,        1798,      -1.513889167,        1.05311617,      0.7088482538,        3.88247614,       2.222540061,       2.344042532
          0,           0,        1799,      -1.514082463,       1.052931145,      0.7082382851,       3.881112968,       2.222680497,       2.344120681
          0,           0,        1800,      -1.514265138,       1.052775479,       0.707726259,       3.881439946,       2.222876102,       2.343973339
          0,           0,        1801,       -1.51450309,       1.052552146,      0.7069633779,       3.883090209,       2.223120703,       2.344426639
          0,           0,        1802,       -1.51474741,       1.052398898,       0.706718626,       3.881112525,       2.223217135,       2.343771884
          0,           0,        1803,      -1.514976985,       1.052121174,      0.7055002048,       3.878397428,       2.223358467,       2.343647391
          0,           0,        1804,      -1.514973309,       1.052481537,      0.7075985943,       3.880336816,       2.223499978,       2.343921554
          0,           0,        1805,      -1.514946582,       1.052887773,      0.7107179497,       3.881797939,       2.223641665,       2.343847795
          0,           0,        1806,      -1.515251425,       1.052401846,      0.7088839299,        3.88079994,       2.223783524,       2.343899057
          0,           0,        1807,      -1.515824584,       1.051217846,      0.7015481133,       3.881165615,       2.223925555,       2.343897857
          0,           0,        1808,      -1.515720606,       1.051827288,      0.7049161602,       3.882025168,       2.224067752,       2.343735693
          0,           0,        1809,      -1.515056561,       1.053935782,      0.7177375298,       3.882985062,       2.224210115,       2.343936655
          0,           0,        1810,      -1.504730408,       1.079999741,      0.8387233645,       3.905415298,        2.22435264,       2.343591899
          0,           0,        1811,       -1.50159244,       1.086857108,      0.8659904281,       3.912130961,       2.224495324,       2.343716235
          0,           0,        1812,      -1.516181997,        1.05189365,      0.7063728803,       3.882729753,       2.224638165,       2.343461746
          0,           0,        1813,      -1.516277368,       1.051957097,      0.7069967123,       3.880096918,        2.22478116,       2.343647839
          0,           0,        1814,      -1.516408979,       1.051920183,      0.7071359243,       3.879722608,       2.224924307,       2.343409548
          0,           0,        1815,      -1.516506357,       1.051982259,      0.7085821574,       3.880282157,       2.225067602,       2.343533984
          0,           0,        1816,      -1.516652508,       1.051914885,      0.7077445265,       3.879227142,       2.225211044,       2.343352608
          0,           0,        1817,      -1.516920062,       1.051521616,      0.7058275201,       3.878994643,       2.225354628,       2.343497523
          0,           0,        1818,      -1.516866144,       1.051993607,      0.7094239954,       3.881463118,       2.225498353,       2.343169368
          0,           0,        1819,      -1.517343739,       1.051055141,      0.7042128214,       3.878767183,       2.225642216,       2.343358371
          0,           0,        1820,      -1.517545801,       1.050854775,      0.7027216886,        3.87828287,       2.225786214,       2.343120866
          0,           0,        1821,       -1.51710355,       1.052353715,      0.7122115239,       3.880213713,       2.225930345,       2.343297898
          0,           0,        1822,      -1.512577702,        1.06413722,      0.7756647112,       3.890374789,       2.226074605,       2.343009453
          0,           0,        1823,      -1.513096548,       1.062823599,      0.7706791094,       3.891354909,       2.226218993,       2.343224134
          0,           0,        1824,      -1.518045648,       1.050810795,      0.7036261713,       3.881273897,       2.226363505,       2.342989999
          0,           0,        1825,      -1.518158186,       1.050822708,      0.7038537479,       3.878975485,       2.226508138,       2.343160983
          0,           0,        1826,      -1.518546399,       1.050088488,      0.7004024424,       3.878602395,       2.226652892,       2.342889193
          0,           0,        1827,      -1.518365161,       1.050890968,      0.7048634085,       3.881591189,       2.226797761,        2.34310725
          0,           0,        1828,      -1.518240873,       1.051538884,      0.7095941644,       3.880007083,       2.226942741,       2.342895887
          0,           0,        1829,      -1.518541155,       1.051039053,      0.7079628702,       3.881083556,       2.227087831,       2.343052735
          0,           0,        1830,      -1.519192815,       1.049648182,      0.6989109156,       3.879853323,       2.227233027,       2.342817247
          0,           0,        1831,      -1.519397742,        1.04942515,      0.6976738281,       3.877652231,       2.227378327,       2.343046407
          0,           0,        1832,      -1.519418465,       1.049685907,      0.6992870603,       3.878115264,       2.227523728,       2.342792085
          0,           0,        1833,      -1.519551211,       1.049645526,      0.6995336767,       3.877505485,       2.227669228,       2.342960801
          0,           0,        1834,      -1.519470346,       1.050186714,      0.7035897639,       3.877458173,       2.227814824,       2.342699138
          0,           0,        1835,       -1.51717419,       1.056641727,      0.7384198941,       3.882438993,       2.227960513,       2.342909072
          0,           0,        1836,      -1.471825685,       1.157415727,       1.044002749,       3.964937006,       2.228106291,       2.342718108
          0,           0,        1837,      -1.475568575,       1.147400095,       1.030439076,       3.959814421,       2.228252157,       2.342869297
          0,           0,        1838,      -1.519649483,       1.050910969,      0.7056820646,        3.87925005,       2.228398107,       2.342667688
          0,           0,        1839,      -1.519940634,       1.050477286,      0.7036983449,       3.877499761,        2.22859843,       2.342948406
          0,           0,        1840,      -1.520539073,       1.049290353,      0.6979543598,       3.878775074,       2.228726646,       2.342527578
          0,           0,        1841,      -1.520622027,       1.049385795,      0.6985636306,       3.875423084,       2.228872852,       2.342659201
          0,           0,        1842,       -1.52068992,        1.04950513,      0.6996290287,       3.875358624,       2.229019129,       2.342502329
          0,           0,        1843,      -1.520765584,       1.049603808,      0.7005242602,       3.876020607,       2.229165475,        2.34260426
          0,           0,        1844,      -1.520912845,       1.049519468,      0.7004568529,       3.877045642,       2.229311887,       2.342349916
          0,           0,        1845,      -1.521048401,       1.049466702,      0.7004600017,       3.876874418,       2.229458362,       2.342543292
          0,           0,        1846,      -1.521229623,       1.049299423,       0.699899601,       3.875476451,       2.229604897,       2.342220666
          0,           0,        1847,      -1.521376324,       1.049221558,      0.6996900212,       3.875196067,       2.229751524,       2.342385445
          0,           0,        1848,      -1.521574706,       1.049007539,      0.6987696568,       3.875759014,       2.229898206,       2.342072721
          0,           0,        1849,      -1.521689172,       1.049015787,      0.6989461973,       3.875701934,       2.230044939,       2.342253957
          0,           0,        1850,      -1.521918754,       1.048716259,      0.6976049167,       3.874528337,       2.230191721,       2.342015444
          0,           0,        1851,      -1.521867531,       1.049166438,      0.7001262355,       3.875498595,        2.23033855,       2.342153408
          0,           0,        1852,      -1.521883418,       1.049434159,      0.7024407696,       3.875495658,       2.230485421,       2.341858276
          0,           0,        1853,      -1.522069009,       1.049254916,      0.7009518237,       3.875235279,       2.230632332,       2.342026182
          0,           0,        1854,      -1.522236746,       1.049118698,      0.7003053262,       3.876076999,       2.230779282,       2.341827567
          0,           0,        1855,      -1.521183653,       1.052208325,      0.7184005258,         3.8772443,       2.230926265,       2.341955758
          0,           0,        1856,       -1.49651545,       1.110370545,      0.9376865089,       3.926089349,       2.231073281,       2.341736856
          0,           0,        1857,      -1.476005039,       1.150335308,       1.036492421,       3.962684907,       2.231220326,       2.341910282
          0,           0,        1858,      -1.522324385,        1.05002814,      0.7053164219,       3.878284303,       2.231367397,       2.341559967
          0,           0,        1859,      -1.522541583,        1.04977904,      0.7042111072,       3.874882711,       2.231514491,       2.341727665
          0,           0,        1860,      -1.522750386,       1.049537911,      0.7030893642,        3.87709627,       2.231661609,       2.341463652
          0,           0,        1861,      -1.523275219,       1.048464694,      0.6976858561,       3.873854927,       2.231808747,        2.34165424
          0,           0,        1862,      -1.523285946,       1.048743732,      0.6991683909,       3.875414402,         2.2319559,       2.341343791
          0,           0,        1863,      -1.523605451,       1.048212521,      0.6967541111,       3.874065866,       2.232103066,       2.341532808
          0,           0,        1864,      -1.523472026,       1.048876592,      0.7003014008,       3.873347235,       2.232250242,       2.341265289
          0,           0,        1865,      -1.523737808,       1.048477709,      0.6988222291,       3.873256832,        2.23245076,       2.341545396
          0,           0,        1866,      -1.523823422,       1.048626774,      0.6992373653,       3.877073434,       2.232581261,       2.341194596
          0,           0,        1867,      -1.523993803,       1.048482493,      0.6985822635,       3.873554425,       2.232728453,       2.341340827
          0,           0,        1868,       -1.52373445,       1.049467341,      0.7050902386,       3.873657886,       2.232875643,       2.341176082
          0,           0,        1869,      -1.524290788,       1.048294814,      0.6991075261,       3.873487505,       2.233022828,       2.341304228
          0,           0,        1870,      -1.524719878,        1.04750152,      0.6933340184,       3.873276396,       2.233170007,       2.341080615
          0,           0,        1871,      -1.524663383,       1.047947268,      0.6964141573,       3.874307209,       2.233317176,       2.341267376
          0,           0,        1872,      -1.524997407,       1.047365014,       0.693059322,       3.872901971,       2.233464334,        2.34097958
          0,           0,        1873,      -1.525284027,       1.046908053,      0.6900178866,        3.87232203,       2.233611476,       2.341154057
          0,           0,        1874,      -1.525409121,       1.046858845,      0.6900150853,       3.873484891,       2.233758601,       2.340886231
          0,           0,        1875,      -1.525352684,       1.047310691,      0.6926746318,       3.872219709,       2.233905706,       2.341061315
          0,           0,        1876,      -1.524636551,       1.049491733,      0.7057690325,       3.873981356,       2.234052789,        2.34084745
          0,           0,        1877,      -1.506494171,       1.093037084,      0.8889333431,       3.910060284,       2.234199847,       2.341015677
          0,           0,        1878,      -1.493308821,       1.120192666,      0.9678902333,       3.934378694,       2.234346877,       2.340758965
          0,           0,        1879,      -1.525475773,       1.048115176,      0.6971388195,       3.874652247,       2.234493876,       2.340919183
          0,           0,        1880,       -1.52558785,        1.04811315,      0.6973602043,       3.873073921,       2.234640842,       2.340752385
          0,           0,        1881,      -1.525724611,       1.048039539,      0.6970997297,       3.872267809,       2.234787773,       2.340901281
          0,           0,        1882,      -1.525984877,       1.047643601,      0.6950065653,       3.873667666,       2.234934689,       2.340688937
          0,           0,        1883,      -1.526255044,       1.047231293,      0.6933411811,         3.8717563,       2.235081575,        2.34085675
          0,           0,        1884,      -1.526165811,        1.04775915,       0.695945657,       3.871743579,       2.235228418,       2.340679587
          0,           0,        1885,      -1.526642395,       1.046794835,      0.6907468299,       3.870952039,       2.235375215,       2.340832283
          0,           0,        1886,      -1.526470508,       1.047539027,      0.6948235172,       3.873698565,       2.235521965,        2.34063945
          0,           0,        1887,      -1.526288922,       1.048307259,      0.7001444958,       3.872716092,       2.235668664,       2.340814487
          0,           0,        1888,      -1.526848946,       1.047131263,      0.6938508089,       3.871662697,       2.235815311,       2.340607727
          0,           0,        1889,      -1.527230976,       1.046450505,      0.6886854571,       3.871194351,       2.235961903,       2.340771421
          0,           0,        1890,      -1.527156406,       1.046925839,      0.6919699385,       3.873108059,       2.236108437,       2.340561661
          0,           0,        1891,      -1.527388424,       1.046599121,      0.6903585975,       3.872807356,       2.236254911,       2.340705133
          0,           0,        1892,      -1.527797049,         1.0458228,      0.6851921324,       3.870869423,       2.236401322,       2.340565847
          0,           0,        1893,      -1.527654098,       1.046478874,      0.6888612117,        3.87053074,       2.236547668,       2.340705058
          0,           0,        1894,      -1.526939267,        1.04862066,      0.7021080553,       3.872287304,       2.236745781,        2.34062656
          0,           0,        1895,      -1.491489758,       1.129068888,      0.9853275563,       3.939159144,       2.236876543,       2.340850436
          0,           0,        1896,      -1.476754705,       1.155658422,        1.04837378,       3.964377271,       2.237022664,       2.340446995
          0,           0,        1897,      -1.527575131,        1.04779381,      0.6955132535,       3.874266805,        2.23716871,       2.340506643
          0,           0,        1898,      -1.527859187,       1.047364169,      0.6932020417,       3.871933908,       2.237314679,       2.340517196
          0,           0,        1899,      -1.527935936,       1.047434456,      0.6938604158,       3.871003993,       2.237460568,       2.340682527
          0,           0,        1900,      -1.528286364,       1.046793861,      0.6904704005,       3.871266105,       2.237606373,       2.340458887
          0,           0,        1901,       -1.52850434,       1.046507681,      0.6891729591,       3.870257339,       2.237752093,       2.340615506
          0,           0,        1902,      -1.528534167,       1.046706404,      0.6902560206,       3.871774772,       2.237897724,       2.340453436
          0,           0,        1903,      -1.528790184,       1.046323855,      0.6883895836,       3.870811237,       2.238043264,       2.340617227
          0,           0,        1904,      -1.528750548,       1.046704511,      0.6904406179,       3.870068005,       2.238188711,       2.340410021
          0,           0,        1905,      -1.529025918,       1.046267415,      0.6883361762,       3.869903959,       2.238334064,       2.340545913
          0,           0,        1906,       -1.52889389,       1.046886579,      0.6915400422,       3.872252909,       2.238479319,       2.340368953
          0,           0,        1907,       -1.52929607,       1.046117461,      0.6874863832,       3.870622936,       2.238624474,       2.340507029
          0,           0,        1908,      -1.529181154,       1.046694904,      0.6904779475,       3.869963922,       2.238769528,        2.34030656
          0,           0,        1909,      -1.529602777,       1.045865654,      0.6858170363,       3.869522579,       2.238914478,       2.340417348
          0,           0,        1910,      -1.529454758,       1.046526137,      0.6893634781,       3.870974203,       2.239059322,       2.340246234
          0,           0,        1911,      -1.529726067,       1.046088398,      0.6871181908,       3.869970474,       2.239204057,       2.340363696
          0,           0,        1912,      -1.529493385,       1.046939472,      0.6933646685,       3.871894974,       2.239348683,       2.340183675
          0,           0,        1913,      -1.529147748,       1.048154368,      0.6998760799,       3.872278945,       2.239493196,        2.34027152
          0,           0,        1914,      -1.527218216,       1.053110717,      0.7293644966,       3.876744631,       2.239637594,       2.340121003
          0,           0,        1915,      -1.528106078,       1.050928112,      0.7183351649,       3.875957368,       2.239781875,       2.340210679
          0,           0,        1916,      -1.530346298,       1.045851295,      0.6850754278,       3.870279053,       2.239926037,       2.340070631
          0,           0,        1917,      -1.530158725,       1.046599484,      0.6902030514,       3.870178657,       2.240070077,       2.340139065
          0,           0,        1918,      -1.530439852,       1.046122834,      0.6865501565,       3.869607032,       2.240213995,       2.339992923
          0,           0,        1919,      -1.530535966,       1.046127871,       0.686511747,       3.869483746,       2.240357788,       2.340069655
          0,           0,        1920,      -1.530359537,       1.046841001,       0.691350285,       3.871018992,       2.240501453,       2.339962393
          0,           0,        1921,      -1.529403658,       1.049441762,      0.7090112067,       3.873910379,       2.240644988,        2.34004175
          0,           0,        1922,      -1.530485837,       1.046942731,      0.6931822222,       3.872892768,        2.24078839,       2.339869711
          0,           0,        1923,       -1.53113791,       1.045646214,      0.6832409952,       3.870128944,       2.240931657,       2.339905139
          0,           0,        1924,      -1.531509939,       1.044927414,      0.6789027763,       3.868758064,       2.241074785,       2.339761403
          0,           0,        1925,      -1.531429652,       1.045388365,      0.6815013829,       3.868708945,       2.241217773,       2.339833451
          0,           0,        1926,       -1.53134646,       1.045856243,      0.6846874828,       3.869238467,       2.241360619,       2.339701401
          0,           0,        1927,      -1.530122344,       1.049147911,      0.7066413398,       3.872669069,        2.24150332,       2.339737771
          0,           0,        1928,      -1.529615532,       1.050736326,      0.7145307011,       3.875562949,       2.241645875,       2.339604435
          0,           0,        1929,      -1.530310666,       1.049173083,      0.7059979538,       3.873188212,       2.241788281,        2.33966566
          0,           0,        1930,      -1.530672445,       1.048418291,      0.7011542368,       3.872288172,       2.241930536,       2.339564772
          0,           0,        1931,      -1.531892161,       1.045759518,      0.6838541112,       3.869373728,       2.242072638,       2.339640892
          0,           0,        1932,      -1.532021745,       1.045657665,      0.6822239582,       3.870189792,       2.242214586,       2.339460625
          0,           0,        1933,      -1.532112461,        1.04566814,      0.6822452719,       3.869263297,       2.242356377,       2.339513581
          0,           0,        1934,      -1.531515831,       1.047453574,      0.6937769612,       3.871379556,       2.242498009,       2.339373494
          0,           0,        1935,      -1.531260177,       1.048259617,      0.7008213394,       3.873423439,        2.24263948,       2.339434281
          0,           0,        1936,      -1.532336668,       1.045772314,      0.6839694801,       3.871924788,       2.242780789,       2.339275528
          0,           0,        1937,      -1.532964179,       1.044492377,      0.6747356129,       3.869333701,       2.242970812,       2.339420542
          0,           0,        1938,      -1.532762217,       1.045303131,      0.6794443056,       3.869521672,       2.243207659,       2.339452736
          0,           0,        1939,      -1.529060664,       1.055083757,       0.735157301,       3.876758454,       2.243317409,       2.339552038
          0,           0,        1940,      -1.459216626,       1.196649416,       1.117741605,       3.998375142,       2.243457917,       2.339134258
          0,           0,        1941,      -1.486276713,       1.144380782,       1.026409891,       3.956552644,       2.243598251,       2.339134407
          0,           0,        1942,      -1.532591397,       1.046756481,      0.6849804332,       3.872064257,        2.24373841,       2.339072085
          0,           0,        1943,      -1.532831781,       1.046412609,      0.6830150233,       3.872824325,       2.243878393,       2.339127252
          0,           0,        1944,      -1.533366247,       1.045312736,      0.6769738611,       3.869808523,       2.244018197,       2.339005955
          0,           0,        1945,      -1.533511442,       1.045198712,      0.6761765883,       3.868539648,       2.244157818,       2.339031512
          0,           0,        1946,      -1.533659364,       1.045066037,      0.6753561233,       3.869520129,       2.244297258,       2.338877587
          0,           0,        1947,      -1.533793007,       1.044971569,      0.6747418778,       3.868688054,       2.244436514,         2.3389012
          0,           0,        1948,      -1.533779334,       1.045229028,      0.6762083138,       3.868179039,       2.244575583,       2.338805706
          0,           0,        1949,      -1.533789058,       1.045427139,      0.6774964233,       3.868373134,       2.244714465,       2.338788723
          0,           0,        1950,      -1.533854669,       1.045488743,      0.6779475584,       3.870028725,       2.244853157,       2.338624311
          0,           0,        1951,      -1.533952986,       1.045473604,      0.6779367336,       3.868442996,       2.244991658,       2.338640329
          0,           0,        1952,      -1.534070497,       1.045409128,      0.6775193767,       3.869236754,       2.245129967,       2.338539056
          0,           0,        1953,      -1.534193804,       1.045333894,      0.6770611131,       3.868350434,       2.245268081,       2.338519884
          0,           0,        1954,      -1.534323993,       1.045238426,      0.6763934393,       3.868329997,       2.245406003,       2.338427732
          0,           0,        1955,      -1.534447997,       1.045158151,      0.6757769704,       3.868182258,       2.245543727,       2.338412474
          0,           0,        1956,      -1.534574411,       1.045070237,      0.6750891166,       3.869903574,       2.245681251,       2.338230341
          0,           0,        1957,      -1.534691124,       1.045007474,      0.6745463466,       3.868089403,       2.245818574,       2.338230351
          0,           0,        1958,      -1.534816567,       1.044920542,      0.6737885442,       3.868735913,       2.246002817,        2.33822111
          0,           0,        1959,      -1.534939819,       1.044897368,      0.6734370214,       3.868211002,        2.24612665,        2.33819917
          0,           0,        1960,      -1.535090283,         1.0447441,      0.6722757735,       3.867195673,       2.246263311,       2.337933126
          0,           0,        1961,      -1.535074632,       1.045017358,      0.6736434503,        3.86837621,       2.246399763,       2.337944022
          0,           0,        1962,      -1.535123452,       1.045118151,      0.6743016085,       3.869805098,       2.246536005,       2.337867208
          0,           0,        1963,        -1.5349373,        1.04580344,      0.6796101509,       3.869939912,       2.246672035,        2.33791641
          0,           0,        1964,      -1.534626676,       1.046865974,      0.6853168111,       3.870636149,       2.246807852,       2.337746401
          0,           0,        1965,      -1.532812959,        1.05141377,      0.7141175299,       3.874893917,       2.246943453,       2.337773868
          0,           0,        1966,      -1.533673502,       1.049345697,      0.7026378263,       3.874457004,       2.247078839,       2.337719199
          0,           0,        1967,      -1.535627438,       1.045009586,      0.6722411828,       3.868608822,       2.247214006,       2.337695233
          0,           0,        1968,       -1.53572902,       1.044964854,      0.6721923329,       3.868137054,       2.247348954,       2.337556405
          0,           0,        1969,      -1.535683997,       1.045291138,      0.6734907808,       3.869888802,        2.24748368,       2.337581629
          0,           0,        1970,      -1.535991313,       1.044725629,        0.66974913,       3.868678245,       2.247618185,       2.337510476
          0,           0,        1971,      -1.536107147,       1.044645855,       0.669220966,        3.86787833,       2.247752465,       2.337485514
          0,           0,        1972,      -1.536108065,        1.04488249,      0.6705347535,        3.86937221,       2.247886519,       2.337441337
          0,           0,        1973,      -1.535514706,         1.0466185,      0.6814579537,       3.869774118,       2.248020345,        2.33739623
          0,           0,        1974,       -1.52258263,       1.077097226,      0.8318545199,       3.895338267,       2.248153942,       2.337324338
          0,           0,        1975,      -1.516222889,       1.090300448,      0.8806174247,       3.907309142,       2.248287309,       2.337167622
          0,           0,        1976,      -1.536268001,        1.04535596,      0.6719618678,       3.870262469,       2.248420444,       2.337175708
          0,           0,        1977,      -1.536299531,       1.045487619,      0.6725938236,       3.868406726,       2.248553345,       2.337084866
          0,           0,        1978,      -1.536352675,       1.045558169,      0.6728391773,       3.869900304,        2.24868601,       2.337057493
          0,           0,        1979,      -1.536759007,       1.044736767,       0.667603639,         3.8679331,       2.248818436,       2.336980348
          0,           0,        1980,      -1.536770365,       1.044920884,      0.6684006319,       3.870189574,       2.248950625,       2.336934723
          0,           0,        1981,      -1.536944071,       1.044700514,      0.6669901702,       3.868429413,       2.249082572,       2.336861205
          0,           0,        1982,      -1.536711808,       1.045511624,      0.6716142996,       3.868306462,       2.249214278,       2.336806216
          0,           0,        1983,      -1.536219712,       1.046965543,      0.6813983718,       3.869566356,       2.249345739,        2.33673499
          0,           0,        1984,      -1.534726845,       1.050721506,       0.707337557,       3.875343285,       2.249476956,       2.336678105
          0,           0,        1985,      -1.536266202,       1.047083942,      0.6838086956,       3.872903585,       2.249607926,       2.336611223
          0,           0,        1986,      -1.537281905,       1.044967563,      0.6669572447,       3.869096377,       2.249738647,       2.336570923
          0,           0,        1987,      -1.537225953,       1.045310049,      0.6696360126,       3.868709407,       2.249869119,        2.33652262
          0,           0,        1988,      -1.537312096,       1.045301328,      0.6685215319,       3.868194852,       2.249999339,       2.336443356
          0,           0,        1989,      -1.537382155,       1.045330443,      0.6684154651,       3.868228952,       2.250129307,        2.33631642
          0,           0,        1990,      -1.536277597,       1.048316004,      0.6879107406,       3.872663341,        2.25025902,       2.336325359
          0,           0,        1991,       -1.51835767,       1.089422495,      0.8736126676,       3.906697652,       2.250388478,       2.336266294
          0,           0,        1992,      -1.509384152,       1.106812853,      0.9302905759,       3.923231249,       2.250517679,       2.336296154
          0,           0,        1993,      -1.537572365,       1.045671112,      0.6688486144,       3.870366705,       2.250646622,       2.336170245
          0,           0,        1994,      -1.537609026,       1.045791593,      0.6694850612,       3.869126805,       2.250775305,       2.336184273
          0,           0,        1995,      -1.537856804,       1.045380225,      0.6667885278,       3.868902262,       2.250903727,       2.336080696
          0,           0,        1996,       -1.53809363,       1.044999087,      0.6645597085,       3.872511201,       2.251075602,       2.336187682
          0,           0,        1997,      -1.537886759,       1.045790047,      0.6690743466,       3.870797444,       2.251289563,       2.336188412
          0,           0,        1998,      -1.536865908,       1.048666967,      0.6883623849,       3.871426471,       2.251390307,       2.336311908
          0,           0,        1999,      -1.538151881,        1.04567031,      0.6678142809,        3.86702634,       2.251517462,       2.335979214
          0,           0,        2000,       -1.53827921,       1.045575985,      0.6668442901,       3.867366005,       2.251644346,       2.335977852
          0,           0,        2001,      -1.538414905,       1.045453503,      0.6657435751,       3.871225486,        2.25177096,       2.335904089
          0,           0,        2002,      -1.537564476,       1.047790783,      0.6816003939,       3.872273884,       2.251897301,       2.335918168
          0,           0,        2003,      -1.528408613,       1.069324735,      0.7973625378,        3.89066957,       2.252023368,       2.335873219
          0,           0,        2004,      -1.528101451,       1.069388299,      0.8000972275,        3.89383123,        2.25214916,       2.335936729
          0,           0,        2005,      -1.538883874,       1.045139786,      0.6624983332,       3.870269111,       2.252274674,        2.33575785
          0,           0,        2006,       -1.53890756,       1.045287057,      0.6631412725,       3.869233957,        2.25239991,       2.335796927
          0,           0,        2007,      -1.539113462,       1.044973265,      0.6616321478,       3.868897356,       2.252524866,       2.335693423
          0,           0,        2008,      -1.538975353,        1.04551915,       0.664320043,       3.868927807,        2.25264954,       2.335738847
          0,           0,        2009,      -1.539406038,        1.04464885,      0.6585740386,       3.868441099,       2.252773931,       2.335576559
          0,           0,        2010,      -1.539298646,       1.045137623,      0.6613215268,       3.870722164,       2.252898037,       2.335614168
          0,           0,        2011,      -1.539247719,       1.045487373,      0.6641427295,       3.870668646,       2.253021858,       2.335529884
          0,           0,        2012,      -1.539524223,       1.045030736,       0.660337341,       3.868613412,        2.25314539,       2.335556496
          0,           0,        2013,      -1.539756921,       1.044667092,      0.6572417952,       3.868136366,       2.253268634,       2.335395812
          0,           0,        2014,      -1.539631615,       1.045182027,      0.6610312985,       3.869990034,       2.253391588,       2.335427296
          0,           0,        2015,      -1.537470823,       1.050549494,      0.6986155047,       3.874074909,       2.253514249,       2.335338333
          0,           0,        2016,      -1.536307543,         1.0536175,      0.7154059586,       3.877268481,       2.253636617,       2.335374017
          0,           0,        2017,      -1.537511792,       1.050861115,      0.6993691727,       3.875849965,       2.253758689,       2.335206058
          0,           0,        2018,      -1.537876828,       1.050016302,      0.6940853035,       3.874094824,       2.253880465,       2.335230795
          0,           0,        2019,      -1.540458497,       1.044208251,      0.6529914338,       3.868219272,       2.254001944,       2.335081597
          0,           0,        2020,      -1.540170579,       1.045129435,      0.6583012109,       3.870517981,       2.254123122,       2.335125241
          0,           0,        2021,      -1.540289567,       1.045040771,      0.6583556452,       3.869394423,          2.254244,       2.334973655
          0,           0,        2022,      -1.540236308,       1.045381895,      0.6596686153,       3.868552357,       2.254364575,       2.335017349
          0,           0,        2023,      -1.540596066,       1.044690916,      0.6548521605,       3.869554304,       2.254484846,       2.334852433
          0,           0,        2024,      -1.540747288,       1.044522697,      0.6536156852,       3.869028519,       2.254604811,       2.334900276
          0,           0,        2025,      -1.540511394,       1.045329692,      0.6585596153,       3.868633612,       2.254724468,        2.33476733
          0,           0,        2026,      -1.539831872,       1.047223959,      0.6718562506,       3.870434555,       2.254843817,       2.334818528
          0,           0,        2027,      -1.520930077,       1.090057127,      0.8717646633,       3.906984064,       2.254962855,       2.334649016
          0,           0,        2028,       -1.50834935,        1.11468637,      0.9481021057,       3.929312454,       2.255081582,       2.334687794
          0,           0,        2029,      -1.540690314,        1.04571276,      0.6592486113,       3.872870223,       2.255199994,       2.334593289
          0,           0,        2030,      -1.540748245,       1.045779588,      0.6596384754,       3.869074706,       2.255318091,       2.334641884
          0,           0,        2031,      -1.540838449,       1.045763505,       0.659400203,       3.869319204,       2.255435872,        2.33447321
          0,           0,        2032,      -1.540972401,       1.045643566,      0.6584757422,       3.871140896,       2.255553334,       2.334519972
          0,           0,        2033,      -1.541157932,       1.045404737,      0.6577505325,       3.869627565,       2.255670476,        2.33443285
          0,           0,        2034,      -1.541159434,       1.045617681,       0.658046166,       3.868483181,       2.255787296,       2.334479146
          0,           0,        2035,      -1.541531987,       1.044906373,      0.6531069669,       3.870043945,       2.255903793,       2.334329626
          0,           0,        2036,       -1.54172683,       1.044633511,      0.6513104428,        3.86951045,       2.256019966,       2.334383825
          0,           0,        2037,       -1.54150838,       1.045395984,      0.6559357431,       3.869547881,       2.256135812,       2.334237132
          0,           0,        2038,      -1.541530935,       1.045547989,      0.6575579233,       3.869257702,        2.25625133,       2.334295911
          0,           0,        2039,      -1.541309681,       1.046268256,      0.6639924464,       3.870904228,       2.256366518,       2.334187506
          0,           0,        2040,      -1.542053271,       1.044687188,      0.6515077975,       3.870359798,       2.256481375,        2.33425959
          0,           0,        2041,      -1.542099955,       1.044822874,      0.6508476637,       3.870609119,       2.256635059,       2.334150191
          0,           0,        2042,       -1.54218105,       1.044857286,      0.6515997357,       3.870387364,       2.256826133,       2.334312231
          0,           0,        2043,      -1.532279757,       1.068044107,      0.7859180094,       3.889841714,       2.256915565,       2.334373975
          0,           0,        2044,      -1.530012496,        1.07266659,      0.8075910271,       3.894668685,       2.257028813,        2.33393526
          0,           0,        2045,      -1.542414823,       1.045038973,       0.651007429,       3.869448963,        2.25714172,       2.334100339
          0,           0,        2046,      -1.542454262,       1.045152138,       0.651529765,       3.870210631,       2.257254285,       2.334002831
          0,           0,        2047,      -1.542494719,       1.045247237,      0.6520906151,       3.872922213,       2.257366505,       2.334102802
          0,           0,        2048,      -1.542686037,       1.044973471,      0.6508965606,       3.871174111,        2.25747838,        2.33397807
          0,           0,        2049,      -1.542622512,       1.045328674,      0.6523895657,       3.875455878,       2.257589908,       2.334120365
          0,           0,        2050,      -1.542996593,       1.044608821,      0.6473917207,       3.872187053,       2.257701086,       2.333915943
          0,           0,        2051,      -1.543162327,       1.044400107,      0.6459438637,       3.869814778,       2.257811913,       2.333974531
          0,           0,        2052,      -1.542922823,       1.045193043,      0.6509432778,        3.86990773,       2.257922387,       2.333868811
          0,           0,        2053,      -1.542391122,       1.046685243,      0.6619827141,        3.87114572,       2.258032506,       2.333968692
          0,           0,        2054,      -1.523819397,       1.088476007,      0.8638455813,       3.906093826,       2.258142269,       2.333733568
          0,           0,        2055,      -1.510315884,       1.115005586,      0.9465282125,       3.929951232,       2.258251674,       2.333785684
          0,           0,        2056,      -1.543115443,       1.045574227,      0.6514003474,       3.872685151,       2.258360719,       2.333679063
          0,           0,        2057,      -1.543176892,       1.045632254,      0.6517406822,       3.869816025,       2.258469402,       2.333765929
          0,           0,        2058,       -1.54326847,       1.045612332,      0.6515034404,       3.869937781,       2.258577722,       2.333542539
          0,           0,        2059,      -1.543379275,       1.045549527,      0.6509561784,        3.87033879,       2.258685678,       2.333597184
          0,           0,        2060,      -1.543850596,       1.044605466,      0.6444693643,       3.870149127,       2.258793266,       2.333482895
          0,           0,        2061,      -1.543803044,       1.044938335,      0.6464766273,        3.86890672,       2.258900487,       2.333567365
          0,           0,        2062,      -1.543983426,       1.044708651,      0.6451666228,       3.869279311,       2.259007337,       2.333331407
          0,           0,        2063,      -1.543830236,        1.04530149,      0.6485365519,        3.86951876,       2.259113815,       2.333397974
          0,           0,        2064,      -1.544290146,       1.044380275,      0.6420419655,       3.868955465,        2.25921992,       2.333251982
          0,           0,        2065,      -1.544056773,       1.045167975,      0.6470737832,       3.870115095,       2.259325649,        2.33333837
          0,           0,        2066,      -1.543639857,       1.046393943,      0.6564772799,       3.870525712,       2.259431001,       2.333138893
          0,           0,        2067,      -1.531992112,       1.073052758,       0.804192732,        3.89463207,       2.259535975,        2.33317969
          0,           0,        2068,      -1.527139788,       1.083018913,      0.8454333595,       3.902981306,       2.259640568,       2.333082949
          0,           0,        2069,      -1.544472708,        1.04501259,       0.644427477,       3.870527586,       2.259744778,       2.333163462
          0,           0,        2070,      -1.544502495,        1.04514152,      0.6451347384,       3.869061689,       2.259848604,       2.332978875
          0,           0,        2071,      -1.544551002,       1.045220412,      0.6455545719,       3.869508667,       2.259952045,       2.333053676
          0,           0,        2072,      -1.544827896,       1.044744133,      0.6420398181,       3.870121309,       2.260055098,       2.332960943
          0,           0,        2073,      -1.544983938,       1.044570355,      0.6412081599,       3.870194948,       2.260157764,       2.332968033
          0,           0,        2074,      -1.544809295,        1.04520824,      0.6449548128,        3.86985755,       2.260260038,       2.332904127
          0,           0,        2075,      -1.545252351,       1.044333136,      0.6387772201,       3.868642626,       2.260361919,       2.332871415
          0,           0,        2076,      -1.545026299,       1.045102509,      0.6437055661,       3.869321178,       2.260463405,       2.332845271
          0,           0,        2077,      -1.544913471,        1.04558252,      0.6477703463,       3.869920049,       2.260564494,       2.332743077
          0,           0,        2078,       -1.53950329,       1.058273809,      0.7318562055,       3.881279557,       2.260665186,       2.332801093
          0,           0,        2079,      -1.538088392,       1.061550239,      0.7489595368,        3.88559414,       2.260765477,       2.332638781
          0,           0,        2080,      -1.545736994,       1.044251033,      0.6366556708,       3.869734199,       2.260865367,       2.332717891
          0,           0,        2081,      -1.545632356,       1.044708261,      0.6393215686,       3.869095062,       2.260964853,       2.332630497
          0,           0,        2082,      -1.545685322,       1.044778617,      0.6394983262,       3.868960474,       2.261063934,       2.332674712
          0,           0,        2083,      -1.546009227,       1.044182217,      0.6354951337,       3.868787732,       2.261162607,       2.332555543
          0,           0,        2084,      -1.545760166,       1.044991097,      0.6406953507,        3.87013305,       2.261260871,       2.332645152
          0,           0,        2085,      -1.546080103,       1.044415308,      0.6368449588,       3.870232865,       2.261358725,       2.332498716
          0,           0,        2086,      -1.546105822,       1.044577683,      0.6374954634,       3.868852502,       2.261456166,       2.332581632
          0,           0,        2087,      -1.546372273,       1.044139373,      0.6340616811,       3.868440303,       2.261553193,       2.332493352
          0,           0,        2088,      -1.545940005,       1.045369388,      0.6444783697,       3.871265052,       2.261649804,       2.332611646
          0,           0,        2089,      -1.543959319,       1.050385398,      0.6785714607,       3.874755069,       2.261745996,       2.332401568
          0,           0,        2090,      -1.521250008,       1.099644271,      0.8957707458,       3.915302645,       2.261841769,       2.332526839
          0,           0,        2091,       -1.50599905,       1.127272936,      0.9778207727,       3.943070067,       2.261937121,       2.332376437
          0,           0,        2092,      -1.546137065,       1.045670663,      0.6422394798,       3.871835238,       2.262032049,       2.332519079
          0,           0,        2093,      -1.546418401,       1.045209539,      0.6390085863,       3.868720248,       2.262126553,       2.332332717
          0,           0,        2094,      -1.546670293,       1.044813733,      0.6364169447,       3.868798752,        2.26222063,       2.332478543
          0,           0,        2095,      -1.546604569,       1.045177859,      0.6385470848,       3.871747164,       2.262314279,       2.332305768
          0,           0,        2096,      -1.546887579,       1.044712303,      0.6355696868,       3.869029326,       2.262407497,       2.332454779
          0,           0,        2097,      -1.546694535,       1.045387454,      0.6398826114,       3.869200022,       2.262500283,       2.332271431
          0,           0,        2098,      -1.546911188,       1.045080987,      0.6384172441,       3.868970656,       2.262592634,       2.332424003
          0,           0,        2099,      -1.546907817,       1.045295995,      0.6389129671,       3.871388989,        2.26268455,       2.332241647
          0,           0,        2100,      -1.547362712,       1.044410442,      0.6323851455,       3.869447111,       2.262776028,       2.332392856
          0,           0,        2101,      -1.547501753,       1.044286117,      0.6312662907,       3.868478245,       2.262867068,       2.332207169
          0,           0,        2102,      -1.547573704,       1.044322182,      0.6312137216,       3.868424573,       2.262957666,       2.332362556
          0,           0,        2103,      -1.547744723,       1.044115797,      0.6295069611,       3.870058379,       2.263047822,       2.332174553
          0,           0,        2104,      -1.547503477,       1.044912602,      0.6350474707,       3.869004786,       2.263137533,       2.332324697
          0,           0,        2105,      -1.546155902,       1.048359066,      0.6607290587,       3.872275888,         2.2632268,       2.332135874
          0,           0,        2106,       -1.51330376,       1.117936258,      0.9471899465,       3.931282271,       2.263315621,       2.332291791
          0,           0,        2107,      -1.487999891,       1.161956064,       1.054048015,       3.971509539,       2.263403993,       2.332101058
          0,           0,        2108,      -1.547246871,       1.046262012,      0.6424781702,       3.873441661,       2.263491912,       2.332246986
          0,           0,        2109,      -1.547423194,       1.046068027,      0.6410007518,       3.872494855,       2.263579377,       2.332059018
          0,           0,        2110,      -1.547597831,       1.045870986,      0.6395777035,       3.870146393,       2.263666384,        2.33221465
          0,           0,        2111,      -1.548084051,       1.044918943,      0.6326691839,       3.871805878,       2.263752934,       2.332026613
          0,           0,        2112,      -1.548256708,       1.044725986,      0.6313022146,       3.870037001,       2.263839024,       2.332162586
          0,           0,        2113,      -1.548364359,       1.044683307,      0.6307894688,        3.86878188,       2.263924652,       2.331984478
          0,           0,        2114,      -1.548543646,       1.044462537,      0.6290555469,       3.869195266,       2.264009817,        2.33213527
          0,           0,        2115,      -1.548599796,       1.044536988,      0.6293315316,       3.869091309,       2.264094517,       2.331956954
          0,           0,        2116,      -1.548805291,       1.044249128,      0.6271125924,       3.872140531,       2.264178751,       2.332063659
          0,           0,        2117,      -1.548667402,       1.044790083,       0.630863303,       3.868947665,       2.264262516,        2.33192068
          0,           0,        2118,       -1.54867622,       1.044975344,      0.6328147622,       3.869138795,       2.264345812,       2.332058371
          0,           0,        2119,      -1.548771725,       1.044953552,      0.6316114706,       3.869941546,       2.264428637,       2.331896721
          0,           0,        2120,      -1.548988629,       1.044640414,      0.6289871345,       3.869231243,       2.264510988,       2.332002023
          0,           0,        2121,      -1.548445558,       1.046146363,      0.6410289539,       3.870805981,       2.264592866,       2.331895474
          0,           0,        2122,      -1.542754599,       1.059201996,      0.7296319335,       3.882215323,       2.264674267,       2.331994699
          0,           0,        2123,       -1.54335791,       1.057697953,       0.722426491,       3.882439317,        2.26475519,        2.33179762
          0,           0,        2124,      -1.549435408,       1.044433483,      0.6262494881,       3.869720217,       2.264835635,       2.331919221
          0,           0,        2125,      -1.549481504,        1.04451916,      0.6265232882,        3.86922434,       2.264915599,       2.331766163
          0,           0,        2126,      -1.549846452,       1.043835212,      0.6213514892,       3.868238925,       2.264995082,       2.331863403
          0,           0,        2127,      -1.549558517,       1.044724444,      0.6276961447,        3.87007873,       2.265074079,       2.331722277
          0,           0,        2128,      -1.549466872,       1.045148778,      0.6316422658,        3.86937505,       2.265152591,       2.331851009
          0,           0,        2129,      -1.549932898,       1.044252464,      0.6246300995,       3.869386084,       2.265230616,       2.331694939
          0,           0,        2130,      -1.550294235,       1.043615928,      0.6181317362,       3.868290954,       2.265308152,       2.331797543
          0,           0,        2131,        -1.5503628,       1.043642847,      0.6183209482,       3.870370871,       2.265385197,       2.331690728
          0,           0,        2132,      -1.550262225,       1.044100579,      0.6216764981,       3.869511347,        2.26546175,       2.331782498
          0,           0,        2133,      -1.549796468,        1.04541412,      0.6322866055,        3.87156709,       2.265537809,       2.331591301
          0,           0,        2134,      -1.539221494,       1.069152066,      0.7781993955,       3.891636811,       2.265613372,       2.331702032
          0,           0,        2135,      -1.534425689,       1.078956892,      0.8226122847,       3.900433565,       2.265688437,       2.331552641
          0,           0,        2136,      -1.550421924,       1.044535569,      0.6236469013,       3.871239933,       2.265763004,        2.33163834
          0,           0,        2137,      -1.550458375,       1.044645587,       0.624247079,       3.869749296,       2.265837069,       2.331510194
          0,           0,        2138,      -1.550504277,        1.04473175,      0.6248000784,       3.870641602,       2.265910633,         2.3316322
          0,           0,        2139,      -1.550847408,       1.044114755,      0.6198508158,       3.868552643,       2.265983693,       2.331478064
          0,           0,        2140,      -1.551022233,        1.04390018,      0.6181823441,       3.870297885,       2.266056247,       2.331584694
          0,           0,        2141,      -1.550768453,       1.044720238,      0.6241684715,       3.869264357,       2.266128295,       2.331490052
          0,           0,        2142,      -1.550628943,       1.045255227,      0.6290912306,       3.869856707,       2.266199835,       2.331546272
          0,           0,        2143,      -1.550047415,       1.046759985,       0.643359348,       3.871631029,       2.266270867,       2.331414072
          0,           0,        2144,       -1.55111727,        1.04447172,       0.623510392,       3.870546409,       2.266341384,       2.331534639
          0,           0,        2145,      -1.551373988,       1.044145156,      0.6184651909,       3.869770065,       2.266411387,       2.331333535
          0,           0,        2146,      -1.551678242,       1.043611754,      0.6143519524,       3.869360535,       2.266480876,       2.331439661
          0,           0,        2147,       -1.55142668,       1.044413284,      0.6201424086,       3.868716349,       2.266549847,       2.331305554
          0,           0,        2148,      -1.551733881,       1.043878961,      0.6160168436,       3.868350286,         2.2666183,       2.331429927
          0,           0,        2149,      -1.551024334,       1.045721967,      0.6330464718,       3.870447498,       2.266686234,       2.331260403
          0,           0,        2150,      -1.547939099,       1.053215156,      0.6846768525,       3.876564866,       2.266753646,       2.331372948
          0,           0,        2151,      -1.505795617,       1.138253652,      0.9943077216,       3.946185382,       2.266820535,       2.331246506
          0,           0,        2152,      -1.508899204,       1.129906412,      0.9821446341,       3.943384514,         2.2668869,       2.331391601
          0,           0,        2153,      -1.551617369,       1.045129784,      0.6222025124,       3.871260514,       2.266952739,       2.331159435
          0,           0,        2154,      -1.552111601,       1.044199951,      0.6150153355,       3.868665332,       2.267018052,       2.331297731
          0,           0,        2155,      -1.552391003,       1.043761207,      0.6116969785,       3.868432721,       2.267082835,       2.331125582
          0,           0,        2156,      -1.552316715,       1.044129241,      0.6141632912,       3.871663666,       2.267172086,       2.331334554
          0,           0,        2157,      -1.552363157,       1.044268898,      0.6156368563,          3.870319,       2.267226472,       2.331095141
          0,           0,        2158,      -1.552387507,       1.044416741,      0.6167104146,       3.867976738,       2.267289531,        2.33123253
          0,           0,        2159,      -1.552547638,       1.044248594,      0.6154858427,       3.867878075,       2.267352055,       2.331067375
          0,           0,        2160,      -1.552610265,       1.044309487,      0.6158323354,       3.869697193,       2.267414044,       2.331215668
          0,           0,        2161,       -1.55279411,       1.044084094,       0.614050156,       3.871133367,       2.267475495,       2.331019928
          0,           0,        2162,      -1.552825592,        1.04421592,      0.6150206786,       3.870758954,       2.267536407,       2.331157024
          0,           0,        2163,      -1.553048378,       1.043893846,      0.6125399709,       3.868247845,        2.26759678,       2.330994368
          0,           0,        2164,      -1.552927106,       1.044392155,      0.6161425302,        3.87039583,       2.267656613,       2.331130186
          0,           0,        2165,      -1.553074569,       1.044255897,      0.6155585892,       3.868885747,       2.267715904,       2.330954783
          0,           0,        2166,      -1.553025742,       1.044581993,      0.6172871134,       3.871406817,       2.267774652,       2.331076375
          0,           0,        2167,      -1.553483393,       1.043707288,      0.6101006033,       3.869508551,       2.267832855,       2.330931763
          0,           0,        2168,      -1.553599959,       1.043650016,      0.6093627272,       3.869110868,       2.267890513,       2.331041251
          0,           0,        2169,       -1.55372442,        1.04357578,      0.6083870905,       3.868192774,       2.267947623,       2.330901795
          0,           0,        2170,      -1.553814875,       1.043584211,      0.6081350176,        3.86800322,       2.268004186,       2.331032575
          0,           0,        2171,       -1.55404651,       1.043256816,      0.6051177348,       3.868325025,       2.268060201,       2.330853832
          0,           0,        2172,      -1.553836278,       1.043964013,      0.6120416563,       3.869215136,       2.268115666,       2.330975627
          0,           0,        2173,      -1.545707069,       1.062903391,      0.7360852388,       3.883102641,        2.26817058,       2.330830056
          0,           0,        2174,      -1.456863544,       1.223210103,       1.154903641,        4.01886765,       2.268224941,       2.330966125
          0,           0,        2175,      -1.489354134,       1.166559811,       1.063433682,       3.975055012,       2.268278749,       2.330762675
          0,           0,        2176,      -1.553592937,        1.04527376,      0.6173832855,       3.875690334,       2.268332002,       2.330889411
          0,           0,        2177,      -1.554156665,       1.044214442,      0.6097177171,       3.869936397,       2.268384699,       2.330722104
          0,           0,        2178,      -1.554347292,       1.043999281,      0.6079405801,       3.868289151,       2.268436838,       2.330819204
          0,           0,        2179,      -1.554516078,       1.043820021,      0.6064948997,       3.868103061,       2.268488419,       2.330681049
          0,           0,        2180,      -1.554664387,       1.043685516,      0.6054367783,         3.8687147,        2.26853944,       2.330785045
          0,           0,        2181,      -1.554802263,       1.043571704,      0.6045300726,       3.868311908,         2.2685899,       2.330647619
          0,           0,        2182,      -1.554931772,       1.043481364,      0.6037795278,       3.867876726,       2.268639798,       2.330787295
          0,           0,        2183,      -1.554882476,       1.043781518,      0.6061914579,       3.870297698,       2.268689131,       2.330548493
          0,           0,        2184,      -1.554887397,       1.043968473,      0.6079942744,       3.869015092,         2.2687379,       2.330675871
          0,           0,        2185,      -1.554955175,       1.044009462,      0.6084770787,        3.86773234,       2.268786103,       2.330492975
          0,           0,        2186,      -1.555052881,       1.043983766,       0.608332312,       3.867677309,       2.268833739,       2.330634204
          0,           0,        2187,      -1.555167605,       1.043919142,      0.6078018029,       3.867791568,       2.268880806,       2.330432506
          0,           0,        2188,       -1.55528808,       1.043843729,      0.6071290488,       3.869693723,       2.268927304,       2.330579225
          0,           0,        2189,      -1.555412483,       1.043759875,      0.6063905726,       3.867803977,        2.26897323,       2.330383455
          0,           0,        2190,      -1.555535958,       1.043678036,      0.6055311525,       3.869279193,       2.269018585,       2.330513088
          0,           0,        2191,      -1.555658054,       1.043602102,      0.6048114614,       3.867941326,       2.269063367,       2.330341409
          0,           0,        2192,      -1.555781374,       1.043521514,      0.6039338861,       3.867600162,       2.269127441,         2.3305422
          0,           0,        2193,      -1.555924997,       1.043437207,      0.6029457284,       3.868084482,       2.269161834,       2.330352178
          0,           0,        2194,       -1.55603808,        1.04337737,      0.6021408543,       3.868640305,       2.269204749,       2.330325299
          0,           0,        2195,      -1.556148075,       1.043326367,      0.6014186912,       3.867545764,       2.269247086,       2.330338773
          0,           0,        2196,      -1.556257024,       1.043275376,      0.6006322032,       3.868179024,       2.269288844,       2.330332421
          0,           0,        2197,      -1.556358673,       1.043244563,      0.6000864156,       3.867607004,       2.269330023,       2.330395553
          0,           0,        2198,       -1.55647429,       1.043176732,       0.599157365,       3.867393094,        2.26937062,       2.330258958
          0,           0,        2199,       -1.55660803,       1.043072264,      0.5978374328,       3.867408772,       2.269410635,       2.330355311
          0,           0,        2200,      -1.556805515,       1.042819778,      0.5951361763,       3.867291105,       2.269450067,       2.330200565
          0,           0,        2201,      -1.555931263,       1.045002839,      0.6160233752,       3.869366369,       2.269488915,       2.330323027
          0,           0,        2202,      -1.544216149,       1.071529176,      0.7751546995,       3.890487839,       2.269527178,       2.330192957
          0,           0,        2203,      -1.457544712,       1.224612543,       1.156689079,       4.020047399,       2.269564854,       2.330323548
          0,           0,        2204,      -1.501459021,       1.149183497,       1.026453449,       3.959840405,       2.269601941,       2.330115605
          0,           0,        2205,      -1.556585735,       1.044235199,      0.6042115848,       3.870027285,       2.269638437,       2.330201755
          0,           0,        2206,       -1.55685384,       1.043846353,      0.6009922786,       3.868312601,       2.269674341,       2.330074311
          0,           0,        2207,      -1.557025717,       1.043656622,      0.5992430968,       3.868967217,       2.269727292,       2.330277094
          0,           0,        2208,       -1.55721536,       1.043479492,      0.5975658494,       3.869682812,       2.269791912,       2.330231087
          0,           0,        2209,       -1.55741901,        1.04329759,      0.5961130218,       3.868852901,       2.269805061,       2.330341454
          0,           0,        2210,      -1.557547066,        1.04320765,      0.5951416459,        3.86932955,       2.269838113,       2.329888785
          0,           0,        2211,      -1.557657126,       1.043161672,      0.5945873635,       3.868426422,       2.269870566,       2.330049869
          0,           0,        2212,      -1.557606273,       1.043453658,      0.5970851393,       3.867742034,       2.269902421,        2.33008529
          0,           0,        2213,      -1.557610291,       1.043620764,      0.5986366901,       3.867952335,       2.269933677,       2.330275912
          0,           0,        2214,      -1.557665767,       1.043674473,      0.5991478154,       3.869471727,       2.269964332,       2.330064476
          0,           0,        2215,      -1.557754436,       1.043661368,      0.5991502333,       3.870048701,       2.269994386,       2.330235417
          0,           0,        2216,      -1.557864797,       1.043599294,      0.5985756264,       3.867555217,       2.270023837,        2.33008663
          0,           0,        2217,      -1.557979333,       1.043529352,      0.5978119312,        3.86756429,       2.270052685,       2.330266753
          0,           0,        2218,      -1.558098127,       1.043452659,      0.5969899854,       3.868545064,       2.270080928,       2.330060564
          0,           0,        2219,      -1.558212812,       1.043379422,       0.596193026,       3.867732687,       2.270108566,       2.330196024
          0,           0,        2220,        -1.5583288,       1.043306553,      0.5953809246,       3.866989874,       2.270135598,       2.330030595
          0,           0,        2221,      -1.558442098,       1.043241976,      0.5945097807,       3.869180838,       2.270162022,       2.330184677
          0,           0,        2222,       -1.55855733,       1.043181627,      0.5937810598,       3.867940163,       2.270187839,       2.329979464
          0,           0,        2223,      -1.558670305,       1.043118988,       0.592929828,       3.866876988,       2.270213049,       2.330088275
          0,           0,        2224,      -1.558779413,       1.043061752,      0.5920938154,       3.866827408,       2.270237648,       2.329930237
          0,           0,        2225,       -1.55888183,       1.043019447,      0.5913622831,       3.867138686,       2.270261637,       2.330065261
          0,           0,        2226,      -1.558988717,       1.042968512,      0.5906060424,       3.868094226,       2.270285015,       2.329871711
          0,           0,        2227,      -1.559079084,       1.042954623,      0.5900973622,       3.868205713,       2.270307781,       2.329951821
          0,           0,        2228,      -1.559201863,       1.042868838,      0.5890685572,       3.866836266,       2.270329935,       2.329810782
          0,           0,        2229,      -1.559357781,       1.042711924,       0.587673991,       3.866656903,       2.270351475,       2.329913906
          0,           0,        2230,      -1.558361464,       1.045218416,      0.6100189751,       3.868872742,         2.2703724,       2.329749383
          0,           0,        2231,      -1.527030774,       1.109452305,      0.9166209778,       3.921273085,       2.270392711,       2.329818627
          0,           0,        2232,      -1.493620546,       1.166529954,       1.058611629,       3.973369483,       2.270412405,        2.32967502
          0,           0,        2233,      -1.558562888,       1.045197222,      0.6089128888,        3.87187689,       2.270431483,       2.329773032
          0,           0,        2234,      -1.558832396,       1.044806675,      0.6054164183,        3.86759108,       2.270449944,       2.329630187
          0,           0,        2235,      -1.559053576,       1.044506153,       0.602607297,       3.867531609,       2.270467786,       2.329752251
          0,           0,        2236,      -1.559240718,       1.044279324,      0.6005022784,       3.867646154,       2.270485009,       2.329529905
          0,           0,        2237,      -1.559785108,       1.043230276,      0.5914503802,       3.866884642,       2.270501613,       2.329618656
          0,           0,        2238,      -1.559822963,       1.043343932,      0.5921837228,       3.868366457,       2.270517596,       2.329456081
          0,           0,        2239,      -1.560065042,        1.04298725,       0.589115763,       3.868265047,       2.270532958,       2.329595486
          0,           0,        2240,      -1.559953163,       1.043445417,      0.5927524042,       3.867807424,       2.270547698,       2.329394445
          0,           0,        2241,      -1.560171291,       1.043140418,      0.5905852801,       3.866117894,       2.270561816,       2.329510501
          0,           0,        2242,      -1.560036949,        1.04365072,      0.5942921099,       3.866887629,        2.27057531,       2.329346413
          0,           0,        2243,      -1.560537141,       1.042694557,      0.5856717068,       3.866289149,        2.27058818,       2.329492398
          0,           0,        2244,      -1.560303697,       1.043433668,      0.5919414828,       3.867028968,       2.270600426,       2.329303796
          0,           0,        2245,      -1.559482876,       1.045498505,      0.6112935042,       3.868339065,       2.270612046,       2.329427647
          0,           0,        2246,      -1.547282194,       1.071581292,      0.7799026381,       3.891019859,        2.27062304,       2.329267965
          0,           0,        2247,       -1.54495834,       1.075587173,      0.8013370586,       3.896233029,       2.270633407,       2.329417639
          0,           0,        2248,      -1.560788003,       1.043130099,      0.5887888368,       3.867492733,       2.270643147,       2.329235069
          0,           0,        2249,      -1.560814953,       1.043257384,      0.5898068699,       3.866050317,       2.270652258,       2.329353527
          0,           0,        2250,      -1.561189102,       1.042586819,      0.5838235097,       3.865828019,       2.270660741,        2.32919491
          0,           0,        2251,      -1.561284709,       1.042559762,      0.5835686601,       3.866823139,       2.270668595,       2.329338956
          0,           0,        2252,      -1.561307642,       1.042707732,      0.5848225628,       3.866074207,       2.270686583,       2.329213609
          0,           0,        2253,      -1.561504583,        1.04250039,      0.5831545173,       3.866358111,       2.270707436,       2.329513113
          0,           0,        2254,      -1.561296752,       1.043271687,      0.5899026041,       3.868085233,       2.270692048,       2.329365399
          0,           0,        2255,      -1.561745324,       1.042450606,      0.5825267755,       3.865835811,       2.270696881,       2.328853689
          0,           0,        2256,      -1.561718936,       1.042743933,      0.5849023639,       3.868258039,        2.27070108,       2.329037858
          0,           0,        2257,      -1.561376049,       1.043735039,      0.5947508501,       3.869961529,       2.270704646,       2.329019826
          0,           0,        2258,       -1.55116573,       1.065689909,       0.750309542,       3.887177241,       2.270707577,       2.329304579
          0,           0,        2259,      -1.547012346,       1.073928932,      0.7920405955,       3.896501899,       2.270709874,       2.329110153
          0,           0,        2260,      -1.562025766,       1.042837833,      0.5856577244,       3.868132446,       2.270711535,        2.32928941
          0,           0,        2261,      -1.562075445,        1.04290873,      0.5862403432,       3.866218633,       2.270712561,       2.329278967
          0,           0,        2262,      -1.562121041,       1.042983012,      0.5870122164,       3.865966079,       2.270712949,       2.329238067
          0,           0,        2263,       -1.56244345,       1.042440814,      0.5821022433,       3.866064883,         2.2707127,       2.329392714
          0,           0,        2264,      -1.562630018,       1.042227973,      0.5806221463,       3.867168686,       2.270711813,       2.329152233
          0,           0,        2265,      -1.562412908,       1.042941787,      0.5866150336,       3.866369978,       2.270710287,       2.329256795
          0,           0,        2266,      -1.562791863,       1.042287513,      0.5811689623,       3.865383591,       2.270708123,        2.32913049
          0,           0,        2267,      -1.562888806,       1.042297948,      0.5815453073,       3.866771407,       2.270705319,       2.329181729
          0,           0,        2268,      -1.562875563,       1.042556125,      0.5839925096,       3.866772154,       2.270701874,       2.329063824
          0,           0,        2269,      -1.560974213,       1.046874876,      0.6262369072,       3.870044805,       2.270697788,       2.329148967
          0,           0,        2270,      -1.561103395,       1.046765882,      0.6251812691,       3.870864291,        2.27069306,       2.329041086
          0,           0,        2271,      -1.563436047,       1.041930459,      0.5773334518,       3.866380238,       2.270687691,       2.329115683
          0,           0,        2272,      -1.563401846,        1.04221022,      0.5797809247,       3.866171217,       2.270681678,       2.328959382
          0,           0,        2273,      -1.563732749,       1.041645683,       0.575282266,       3.866442476,       2.270675023,       2.328930493
          0,           0,        2274,       -1.56349245,       1.042395938,      0.5818524733,       3.865382084,       2.270667723,       2.328817665
          0,           0,        2275,      -1.563881796,       1.041712635,      0.5760245278,        3.86490439,       2.270666916,       2.328931108
          0,           0,        2276,      -1.562159702,       1.045741424,      0.6174871548,       3.869153378,       2.270664251,       2.328906997
          0,           0,        2277,      -1.528049063,       1.116152106,      0.9285842001,       3.924026378,        2.27063327,       2.329073236
          0,           0,        2278,      -1.459600227,       1.227798077,       1.162086049,       4.021418867,       2.270622875,       2.328610909
          0,           0,        2279,      -1.532507429,       1.103818895,       0.908040603,       3.919853221,       2.270611834,       2.328644676
          0,           0,        2280,      -1.563230542,        1.04424719,       0.596422086,       3.869021601,       2.270600145,        2.32851049
          0,           0,        2281,      -1.563941744,       1.042927967,      0.5844563263,       3.866284811,       2.270587809,       2.328599686
          0,           0,        2282,      -1.564320028,       1.042324434,      0.5791635165,       3.867504673,       2.270574824,       2.328439337
          0,           0,        2283,      -1.564520359,       1.042095526,      0.5774122995,        3.86607593,       2.270561192,       2.328456588
          0,           0,        2284,      -1.564705726,        1.04191129,       0.576041491,       3.864883336,        2.27054691,       2.328323823
          0,           0,        2285,      -1.564884476,       1.041729987,      0.5748578133,       3.863925822,        2.27053198,       2.328397295
          0,           0,        2286,      -1.565053609,        1.04156638,      0.5738788708,       3.863648649,       2.270516398,       2.328258743
          0,           0,        2287,      -1.565219891,        1.04141332,      0.5729591692,       3.864354895,       2.270500166,       2.328315287
          0,           0,        2288,      -1.565386255,       1.041268535,       0.572083411,       3.864048119,       2.270483283,       2.328138297
          0,           0,        2289,       -1.56548073,       1.041267061,      0.5725187099,       3.865833851,       2.270465748,       2.328226202
          0,           0,        2290,      -1.565462844,       1.041504415,      0.5755140155,       3.866022224,        2.27044756,       2.328087764
          0,           0,        2291,      -1.565524328,       1.041572925,      0.5768917122,       3.863227341,        2.27042872,        2.32809216
          0,           0,        2292,      -1.565632129,       1.041545407,      0.5772228432,       3.863217768,       2.270409228,        2.32797429
          0,           0,        2293,      -1.565767882,       1.041459459,      0.5769152449,       3.865113905,       2.270389081,        2.32804249
          0,           0,        2294,      -1.565917737,       1.041349192,      0.5764994111,       3.863424099,       2.270368281,       2.327918934
          0,           0,        2295,      -1.566080727,       1.041210705,      0.5756393111,       3.862860847,       2.270346826,       2.328002991
          0,           0,        2296,       -1.56623684,       1.041081314,      0.5748073156,       3.862853788,       2.270324716,       2.327814711
          0,           0,        2297,      -1.566397557,       1.040947876,      0.5739168115,       3.863154694,        2.27030195,       2.327869613
          0,           0,        2298,      -1.566555214,        1.04082696,      0.5731046783,       3.862552652,       2.270278529,       2.327716231
          0,           0,        2299,      -1.566715917,       1.040699152,      0.5721858253,       3.862268923,       2.270254451,       2.327796496
          0,           0,        2300,      -1.566867324,       1.040594767,      0.5714830004,       3.861999102,       2.270229716,       2.327619314
          0,           0,        2301,       -1.56702864,       1.040464034,      0.5704775167,       3.863671625,       2.270204324,       2.327699255
          0,           0,        2302,      -1.567160755,       1.040401635,      0.5702149963,       3.862030301,       2.270178274,       2.327535805
          0,           0,        2303,      -1.567345871,       1.040215771,      0.5687209312,        3.86115697,       2.270151566,       2.327600471
          0,           0,        2304,      -1.567380777,       1.040373785,      0.5704221487,       3.861627136,       2.270126767,       2.327488298
          0,           0,        2305,      -1.567370433,       1.040676471,      0.5744516714,       3.862418246,       2.270094093,       2.327734277
          0,           0,        2306,       -1.54609955,       1.084716068,      0.8376149079,       3.899456153,       2.270042993,       2.327778053
          0,           0,        2307,      -1.531863749,       1.110453223,      0.9255678545,       3.922441628,       2.270013124,       2.327141956
          0,           0,        2308,      -1.567690877,       1.040805815,      0.5765346898,       3.864447353,       2.269982593,       2.327242695
          0,           0,        2309,      -1.567788277,       1.040818228,      0.5773508878,       3.864627608,       2.269951401,       2.327174565
          0,           0,        2310,      -1.567914918,       1.040757684,      0.5773770236,       3.862494477,       2.269919548,       2.327370317
          0,           0,        2311,      -1.568059425,       1.040653126,      0.5769740557,       3.864313982,       2.269887034,       2.327174659
          0,           0,        2312,      -1.568585446,       1.039689545,      0.5687929419,       3.864884783,       2.269853859,       2.327323596
          0,           0,        2313,      -1.568351847,       1.040446663,       0.576238197,       3.862194602,       2.269820024,       2.327177296
          0,           0,        2314,      -1.568625341,       1.040046696,      0.5739326062,        3.86128055,       2.269785528,       2.327298733
          0,           0,        2315,      -1.568652304,        1.04022074,      0.5751339231,       3.860604263,        2.26975037,       2.327132725
          0,           0,        2316,      -1.569073314,       1.039517274,      0.5687074985,        3.86085876,        2.26971455,       2.327245317
          0,           0,        2317,      -1.569264737,       1.039348881,       0.567860718,       3.863262947,       2.269678067,       2.327093172
          0,           0,        2318,      -1.569352567,       1.039401608,      0.5696219813,       3.861282202,        2.26964092,       2.327150793
          0,           0,        2319,      -1.569124243,       1.040194431,      0.5776470491,       3.861475936,       2.269603109,       2.327009046
          0,           0,        2320,      -1.564968396,       1.049244379,      0.6588076232,       3.869794294,       2.269564634,       2.327107919
          0,           0,        2321,      -1.565296188,       1.048570012,      0.6555651802,       3.871258986,       2.269525495,       2.326970327
          0,           0,        2322,      -1.569926543,       1.039162673,      0.5683013897,       3.860195966,        2.26948569,       2.326974324
          0,           0,        2323,      -1.570040256,       1.039146179,      0.5685781612,       3.859197109,        2.26944522,       2.326848923
          0,           0,        2324,      -1.570444489,       1.038472082,      0.5632087963,       3.859586421,       2.269404084,       2.326916311
          0,           0,        2325,      -1.570227318,       1.039203404,      0.5704989754,       3.859989459,       2.269362282,       2.326794269
          0,           0,        2326,      -1.570569243,       1.038676616,      0.5666564544,       3.859700143,       2.269319814,       2.326796861
          0,           0,        2327,      -1.570707152,        1.03863087,      0.5675355529,       3.861767603,       2.269276679,       2.326651441
          0,           0,        2328,      -1.570799194,       1.038694581,      0.5683266048,       3.860246509,       2.269232877,       2.326710987
          0,           0,        2329,      -1.569951709,       1.040734411,      0.5913547573,       3.863057927,       2.269188407,       2.326582386
          0,           0,        2330,      -1.570349809,       1.040100134,      0.5853907202,         3.8633389,       2.269143269,       2.326618777
          0,           0,        2331,      -1.571405752,        1.03811449,      0.5636076602,       3.859157908,       2.269097463,        2.32644971
          0,           0,        2332,      -1.571452466,       1.038246236,      0.5655314512,       3.859333969,       2.269049139,        2.32656314
          0,           0,        2333,      -1.567496075,       1.047264335,      0.6457967726,       3.868246732,       2.268987047,       2.326555317
          0,           0,        2334,      -1.468434752,       1.220115531,       1.151611355,       4.018234418,       2.268915991,        2.32654685
          0,           0,        2335,      -1.512813788,       1.146284268,       1.023021696,       3.956132857,       2.268866973,       2.326200443
          0,           0,        2336,      -1.571730043,       1.038709806,      0.5700947978,       3.861495767,       2.268817284,       2.326214093
          0,           0,        2337,      -1.572160036,       1.038051791,       0.565245543,       3.858884813,       2.268766924,       2.326191582
          0,           0,        2338,      -1.572401882,       1.037778491,      0.5636038638,       3.861426765,       2.268715893,       2.326308125
          0,           0,        2339,      -1.572634913,       1.037534257,      0.5621246977,       3.858070028,        2.26866419,       2.326151085
          0,           0,        2340,      -1.572853575,       1.037310121,      0.5609555512,       3.857316834,       2.268611817,       2.326212466
          0,           0,        2341,      -1.573062091,       1.037109554,      0.5599948051,       3.856923182,       2.268558773,       2.326082054
          0,           0,        2342,      -1.573264718,       1.036918561,      0.5591774032,       3.858430563,       2.268505057,       2.326180907
          0,           0,        2343,      -1.573323582,       1.037040588,      0.5613762466,       3.857778212,        2.26845067,       2.326033612
          0,           0,        2344,      -1.573378311,       1.037163945,      0.5638706207,        3.85610477,        2.26839561,       2.326060372
          0,           0,        2345,      -1.573494605,       1.037154099,      0.5650325795,       3.855657632,       2.268339879,       2.325924633
          0,           0,        2346,      -1.573652419,       1.037055491,      0.5652566264,       3.857572875,       2.268283474,       2.326006671
          0,           0,        2347,      -1.573836283,       1.036912238,      0.5651198952,       3.855951085,       2.268226398,       2.325873533
          0,           0,        2348,      -1.574037691,       1.036731595,      0.5644351011,       3.855154876,       2.268168648,       2.325869095
          0,           0,        2349,      -1.574238567,       1.036553801,       0.563675724,       3.855653275,       2.268110226,       2.325741695
          0,           0,        2350,      -1.574443572,       1.036369293,      0.5628945982,        3.85492474,       2.268051131,       2.325808868
          0,           0,        2351,      -1.574644233,       1.036193024,      0.5620655988,       3.857593665,       2.267991363,        2.32570512
          0,           0,        2352,      -1.574846138,       1.036017146,      0.5613526041,       3.854871245,       2.267930921,       2.325666342
          0,           0,        2353,      -1.575045785,       1.035846492,      0.5605504576,       3.853777966,       2.267869805,       2.325561039
          0,           0,        2354,      -1.575247214,       1.035671507,      0.5596406972,       3.853998636,       2.267808016,       2.325601004
          0,           0,        2355,      -1.575432958,       1.035532128,      0.5591007683,       3.854080094,       2.267745552,        2.32550049
          0,           0,        2356,      -1.575640486,       1.035341268,      0.5580839565,        3.85356276,       2.267682414,       2.325562782
          0,           0,        2357,      -1.575783573,       1.035295883,      0.5584581727,       3.855024715,       2.267618602,       2.325437161
          0,           0,        2358,      -1.576034136,        1.03500804,       0.556559766,       3.853131753,       2.267554114,       2.325421302
          0,           0,        2359,      -1.576024889,       1.035320642,      0.5606915861,       3.854505094,       2.267488953,       2.325309601
          0,           0,        2360,      -1.572988873,       1.042251732,        0.62449859,       3.859035116,       2.267423116,       2.325388934
          0,           0,        2361,      -1.475875002,       1.211910865,       1.138912445,       4.008333904,       2.267356605,       2.325279211
          0,           0,        2362,      -1.494482278,       1.180162453,       1.092130568,       3.982224581,       2.267289418,       2.325284137
          0,           0,        2363,      -1.575791648,        1.03681209,      0.5748643879,          3.856383,       2.267221557,       2.325179225
          0,           0,        2364,      -1.576250871,       1.036102425,      0.5696313234,        3.85692355,        2.26715302,       2.325266389
          0,           0,        2365,      -1.576588725,        1.03564801,      0.5669528081,       3.854367535,       2.267083809,       2.325180647
          0,           0,        2366,      -1.577211709,       1.034572194,      0.5580420954,       3.853224573,       2.267013922,       2.325177582
          0,           0,        2367,      -1.577524725,       1.034172592,      0.5554656252,       3.852295573,        2.26694336,       2.325086908
          0,           0,        2368,      -1.577726995,       1.034004175,      0.5549733425,       3.851026295,       2.266872122,       2.325168508
          0,           0,        2369,      -1.577839353,       1.034019182,      0.5563145308,        3.85251349,       2.266800207,       2.325119392
          0,           0,        2370,       -1.57788811,       1.034167312,       0.559230592,       3.850841958,       2.266727616,       2.325094414
          0,           0,        2371,      -1.578014393,        1.03415457,       0.560490875,       3.853688194,       2.266654349,        2.32502822
          0,           0,        2372,        -1.5781824,       1.034064603,      0.5611195389,       3.851372344,       2.266580406,       2.325082542
          0,           0,        2373,      -1.578388792,       1.033891987,      0.5607535005,       3.850015563,       2.266505787,       2.325028823
          0,           0,        2374,      -1.578598472,       1.033709632,      0.5601971399,       3.849697073,       2.266430492,       2.325095638
          0,           0,        2375,      -1.578820892,       1.033506313,      0.5594029538,       3.851104059,       2.266354522,        2.32506918
          0,           0,        2376,      -1.579045555,       1.033312129,      0.5586927337,       3.849843431,       2.266277875,        2.32500141
          0,           0,        2377,      -1.579277939,       1.033105331,       0.557875197,       3.848951398,       2.266200553,        2.32495565
          0,           0,        2378,      -1.579499238,       1.032921224,      0.5571532763,       3.851038429,       2.266113569,       2.325046735
          0,           0,        2379,      -1.579786403,       1.032671566,       0.556344482,       3.850313811,       2.266003155,       2.325075395
          0,           0,        2380,      -1.580107335,       1.032420986,       0.555888907,       3.848746102,       2.265862526,        2.32541251
          0,           0,        2381,      -1.580513235,       1.031967866,      0.5548055612,       3.849960654,        2.26573984,       2.325984722
          0,           0,        2382,      -1.580370355,       1.032682273,      0.5621047143,       3.851860923,       2.265657974,       2.325065724
          0,           0,        2383,      -1.579304923,       1.035375989,      0.5893916829,       3.852112389,        2.26557543,       2.324954447
          0,           0,        2384,      -1.549793681,       1.093540137,      0.8865924994,       3.904200617,       2.265492211,       2.325020939
          0,           0,        2385,      -1.527222131,       1.131163563,      0.9929810828,       3.938526546,       2.265408315,       2.324908014
          0,           0,        2386,      -1.580811366,       1.032947526,      0.5689459773,       3.852295435,       2.265323745,       2.325090628
          0,           0,        2387,      -1.581060903,       1.032715829,      0.5681875756,       3.850478262,       2.265238499,       2.324975307
          0,           0,        2388,      -1.581320301,       1.032454262,      0.5669687838,       3.848595264,       2.265152579,       2.325085178
          0,           0,        2389,       -1.58199596,       1.031289787,      0.5571889826,       3.849920371,       2.265065984,       2.325017576
          0,           0,        2390,      -1.582137369,       1.031297795,      0.5585891443,       3.846275795,       2.264978714,       2.325114599
          0,           0,        2391,      -1.582491021,       1.030828985,      0.5555065861,       3.845218468,       2.264890771,       2.325043136
          0,           0,        2392,      -1.582528116,       1.031066075,      0.5588623448,       3.846097126,       2.264802154,       2.325023048
          0,           0,        2393,      -1.582909431,       1.030552729,      0.5554654401,       3.845356291,       2.264712863,       2.324940938
          0,           0,        2394,      -1.582791563,        1.03113694,      0.5619282746,       3.846366108,       2.264622898,       2.325008859
          0,           0,        2395,      -1.583300875,        1.03033478,      0.5558857042,        3.84488547,       2.264532261,       2.324954995
          0,           0,        2396,      -1.583256342,       1.030752449,      0.5607221612,       3.845786494,        2.26444095,       2.324952577
          0,           0,        2397,      -1.583900421,       1.029649281,      0.5511353425,       3.843726258,       2.264348967,       2.324845393
          0,           0,        2398,      -1.583722508,        1.03036126,      0.5593222094,        3.84413205,       2.264256312,       2.324896712
          0,           0,        2399,      -1.582780182,       1.032716999,      0.5841683562,       3.845720015,       2.264162985,       2.324836316
          0,           0,        2400,      -1.547725541,        1.10082464,      0.9130664307,       3.904962621,       2.264068986,       2.324815932
          0,           0,        2401,      -1.515558704,       1.153001016,       1.043064239,       3.952757621,       2.263974317,       2.324698995
          0,           0,        2402,        -1.5838079,       1.031317337,      0.5733799836,       3.848213668,       2.263878976,       2.324738085
          0,           0,        2403,      -1.584188649,       1.030830948,      0.5702854686,        3.84353195,       2.263782965,       2.324702018
          0,           0,        2404,      -1.584532209,       1.030406818,      0.5676772784,       3.844568404,       2.263686283,       2.324610202
          0,           0,        2405,      -1.584845606,       1.030044148,      0.5656891734,       3.842664599,        2.26358893,       2.324519305
          0,           0,        2406,      -1.585521122,       1.028897362,      0.5568160724,       3.844576327,       2.263490908,       2.324519442
          0,           0,        2407,      -1.585393463,       1.029500378,      0.5635375581,       3.842289631,       2.263392216,        2.32445068
          0,           0,        2408,      -1.585987673,       1.028527036,      0.5563664145,       3.841215812,       2.263279138,       2.324505792
          0,           0,        2409,      -1.585971657,        1.02895645,      0.5616019764,       3.841457001,       2.263167535,       2.324466227
          0,           0,        2410,      -1.586613752,       1.027872293,      0.5524353694,       3.841104632,       2.263066672,       2.324353119
          0,           0,        2411,      -1.586874541,       1.027622882,      0.5513338296,       3.842135586,       2.262965141,       2.324255628
          0,           0,        2412,      -1.587077166,       1.027504384,       0.551620926,        3.83975916,       2.262862943,       2.324250206
          0,           0,        2413,       -1.58738396,       1.027155571,      0.5496198592,       3.838929159,       2.262760076,       2.324206447
          0,           0,        2414,      -1.587309086,        1.02764118,      0.5556656893,       3.839492693,       2.262656543,       2.324171037
          0,           0,        2415,      -1.586568802,       1.029557738,       0.576637562,       3.841259557,       2.262552343,       2.324183032
          0,           0,        2416,      -1.566315579,       1.070130718,      0.8182721523,       3.877492027,       2.262447477,       2.324191433
          0,           0,        2417,      -1.555291229,       1.089478785,      0.8894195225,       3.896044898,       2.262341944,       2.324064144
          0,           0,        2418,      -1.588045972,       1.027301672,      0.5578380376,       3.841480919,       2.262235747,        2.32398335
          0,           0,        2419,      -1.588198628,       1.027279191,      0.5592623511,       3.838842034,       2.262128884,       2.324006062
          0,           0,        2420,      -1.588390744,       1.027172324,      0.5598707727,       3.838157675,       2.262021357,       2.323971116
          0,           0,        2421,      -1.588893446,       1.026393926,      0.5539321072,       3.837720572,       2.261913165,       2.323965344
          0,           0,        2422,      -1.589264311,       1.025906063,      0.5511923073,       3.837258972,        2.26180431,       2.323875205
          0,           0,        2423,      -1.589080106,       1.026625628,      0.5592368946,       3.838190639,       2.261694791,       2.323903983
          0,           0,        2424,      -1.589221646,          1.026638,      0.5622275043,       3.837145382,       2.261584609,       2.323878699
          0,           0,        2425,      -1.589552696,       1.026243844,      0.5586001935,       3.836006672,       2.261473765,        2.32382718
          0,           0,        2426,      -1.589811659,       1.025999521,      0.5576088513,       3.836961602,       2.261362258,       2.323742593
          0,           0,        2427,      -1.589047342,       1.027966335,      0.5791217669,        3.83898684,       2.261250089,       2.323792308
          0,           0,        2428,      -1.578438623,       1.049687867,      0.7348403597,       3.857924109,       2.261137259,       2.323783815
          0,           0,        2429,      -1.578332675,       1.049446987,      0.7371267021,       3.859693829,       2.261023767,       2.323723277
          0,           0,        2430,      -1.590885478,       1.024971251,      0.5535206139,         3.8362523,       2.260909615,       2.323642559
          0,           0,        2431,      -1.591045859,       1.024933968,      0.5545940358,       3.834115356,       2.260794802,       2.323682486
          0,           0,        2432,      -1.591599707,       1.024035834,      0.5479617802,       3.833199291,        2.26067933,       2.323632011
          0,           0,        2433,      -1.591369854,       1.024843714,      0.5569840738,       3.836721997,       2.260563197,       2.323667512
          0,           0,        2434,      -1.591501199,       1.024878496,      0.5602831842,       3.835011253,       2.260446406,       2.323617159
          0,           0,        2435,       -1.59179493,       1.024558355,      0.5574764138,       3.836813015,       2.260311295,       2.323626448
          0,           0,        2436,      -1.592431294,       1.023569314,      0.5497950109,       3.833652732,       2.260140787,       2.323638298
          0,           0,        2437,      -1.592670581,       1.023517871,      0.5525508998,       3.836371729,       2.259994446,       2.323750235
          0,           0,        2438,      -1.591904878,       1.025423935,       0.575951416,       3.834190455,         2.2598745,       2.323540818
          0,           0,        2439,      -1.590319324,        1.02920813,      0.6086167313,       3.837875431,       2.259753898,       2.323484753
          0,           0,        2440,      -1.578674504,       1.052617584,      0.7570338041,       3.858284759,        2.25963264,       2.323405216
          0,           0,        2441,      -1.575519924,       1.057695089,      0.7858846192,       3.867025054,       2.259510726,       2.323435729
          0,           0,        2442,      -1.593735216,       1.022866768,      0.5525858492,       3.834092344,       2.259388157,       2.323387447
          0,           0,        2443,      -1.594120445,       1.022354041,      0.5503586333,       3.830834395,       2.259264933,       2.323409986
          0,           0,        2444,      -1.593973769,        1.02297079,      0.5569841072,       3.829936531,       2.259141055,       2.323365433
          0,           0,        2445,      -1.594570811,       1.021999312,      0.5499322258,       3.830333699,       2.259016523,       2.323362012
          0,           0,        2446,      -1.594396193,        1.02269013,       0.557586487,       3.833060159,       2.258891337,       2.323308658
          0,           0,        2447,      -1.594722134,        1.02230864,       0.556884012,       3.833324161,       2.258765499,       2.323252124
          0,           0,        2448,      -1.594869522,       1.022307842,       0.557337096,       3.830172422,       2.258639009,       2.323171917
          0,           0,        2449,      -1.595436907,       1.021398237,       0.550087918,       3.829001147,       2.258511866,       2.323187243
          0,           0,        2450,      -1.595741214,       1.021057216,      0.5487479742,        3.82988402,       2.258384072,       2.323113428
          0,           0,        2451,      -1.595618531,       1.021644778,       0.555592948,       3.829013793,       2.258255627,       2.323089529
          0,           0,        2452,       -1.59604943,       1.021036575,      0.5518853671,       3.829027323,       2.258126531,       2.323005399
          0,           0,        2453,       -1.59414294,       1.025302065,      0.5971844601,       3.833685218,       2.257996786,       2.323024124
          0,           0,        2454,      -1.590812979,       1.032706492,      0.6525301923,       3.839176463,        2.25786639,       2.322944259
          0,           0,        2455,       -1.56619201,       1.079830745,      0.8687002013,       3.879762873,       2.257735346,       2.322935222
          0,           0,        2456,      -1.557504894,       1.093141142,      0.9157274519,       3.896251308,       2.257603652,       2.322848298
          0,           0,        2457,      -1.597124208,       1.020300335,      0.5504001224,       3.828864174,       2.257471311,       2.322866767
          0,           0,        2458,      -1.597470166,       1.019884659,      0.5486652551,       3.825784129,       2.257338322,       2.322781465
          0,           0,        2459,      -1.597475682,       1.020177956,      0.5528397316,       3.825820421,       2.257204685,       2.322776297
          0,           0,        2460,      -1.597827357,       1.019740567,      0.5508934631,       3.826108028,       2.257070402,       2.322684463
          0,           0,        2461,       -1.59790138,       1.019893849,      0.5537499375,       3.826107965,       2.256935471,       2.322702095
          0,           0,        2462,      -1.598313706,       1.019334053,      0.5506377591,       3.824829249,       2.256778337,       2.322651337
          0,           0,        2463,      -1.598218924,       1.019929257,      0.5579344356,       3.828745177,       2.256580333,       2.322763717
          0,           0,        2464,      -1.596162071,       1.024804916,      0.6056086967,       3.832775623,       2.256414469,       2.322996105
          0,           0,        2465,      -1.598798431,       1.019510508,      0.5584578194,       3.823663288,       2.256276436,         2.3223886
          0,           0,        2466,      -1.599092188,       1.019208665,      0.5570515876,       3.824358843,       2.256137758,       2.322393165
          0,           0,        2467,      -1.599374191,       1.018926588,      0.5558440251,       3.824714589,       2.255998434,       2.322293369
          0,           0,        2468,      -1.599828782,       1.018262518,      0.5518673393,       3.824207017,       2.255858465,       2.322438868
          0,           0,        2469,      -1.600130623,       1.017951464,      0.5499644758,       3.823612847,       2.255717851,       2.322300557
          0,           0,        2470,      -1.600743352,       1.016958347,      0.5412049932,       3.822868511,       2.255576594,       2.322384158
          0,           0,        2471,      -1.600478801,       1.017832945,      0.5512357307,       3.826501036,       2.255434693,       2.322303618
          0,           0,        2472,      -1.598611193,        1.02211596,      0.5929883279,       3.827256358,       2.255292149,       2.322371279
          0,           0,        2473,      -1.529341516,       1.146104327,       1.036173495,       3.940664868,       2.255148962,       2.322282162
          0,           0,        2474,      -1.514673519,       1.166044242,       1.080881018,       3.960875604,       2.255005133,       2.322270095
          0,           0,        2475,      -1.600434554,        1.01905716,      0.5655029041,       3.826884388,       2.254860662,       2.322174135
          0,           0,        2476,      -1.601084848,       1.018039059,      0.5580131843,       3.822681089,       2.254715551,        2.32222349
          0,           0,        2477,      -1.601505299,       1.017470388,      0.5547140989,       3.825423437,       2.254569799,       2.322138874
          0,           0,        2478,      -1.601658018,       1.017453599,      0.5563758081,       3.821996405,       2.254423406,       2.322123676
          0,           0,        2479,      -1.602230197,       1.016534997,      0.5501072377,       3.820265503,       2.254276374,        2.32202974
          0,           0,        2480,      -1.602420246,       1.016437646,      0.5511890481,       3.819475442,       2.254128704,       2.322079041
          0,           0,        2481,      -1.602646924,       1.016265401,      0.5514073057,       3.820052276,       2.253980395,       2.322004144
          0,           0,        2482,      -1.602902031,        1.01603647,      0.5510928641,       3.818938976,       2.253831448,       2.321983374
          0,           0,        2483,      -1.603160071,       1.015801422,      0.5505496352,       3.822785754,       2.253681862,        2.32189361
          0,           0,        2484,      -1.603429112,       1.015547683,      0.5499659395,        3.81907204,       2.253531639,       2.321951738
          0,           0,        2485,      -1.603694596,       1.015301222,      0.5492461589,       3.817471792,       2.253355985,       2.321923353
          0,           0,        2486,      -1.604029368,       1.014976803,      0.5481715015,       3.817737517,       2.253134865,       2.322008709
          0,           0,        2487,      -1.604387733,       1.014680296,       0.547944102,       3.819833899,       2.252952445,       2.322170917
          0,           0,        2488,      -1.604699814,       1.014340395,      0.5461816317,       3.817288527,       2.252799173,       2.321663161
          0,           0,        2489,      -1.604776469,       1.014509373,      0.5490390249,       3.818384261,       2.252645266,       2.321723182
          0,           0,        2490,      -1.604962717,       1.014433211,      0.5504517814,       3.817891477,       2.252490725,       2.321638038
          0,           0,        2491,      -1.605275566,       1.014095032,      0.5488643004,         3.8196803,       2.252335548,       2.321785347
          0,           0,        2492,      -1.605767724,       1.013364847,      0.5427483568,       3.818048928,       2.252179738,       2.321660051
          0,           0,        2493,       -1.60576185,       1.013678491,      0.5480451283,        3.81834255,       2.252023295,       2.321739187
          0,           0,        2494,      -1.604842524,       1.015949833,      0.5710646801,       3.819261281,        2.25186622,       2.321668183
          0,           0,        2495,      -1.594685563,       1.036385054,      0.7165528451,       3.838782882,       2.251708513,       2.321741137
          0,           0,        2496,      -1.593144438,       1.038885646,      0.7341557281,       3.842695402,       2.251550173,       2.321705611
          0,           0,        2497,      -1.606492892,       1.013362033,      0.5502997834,       3.817156446,       2.251391203,       2.321607319
          0,           0,        2498,       -1.60666228,        1.01331956,      0.5512604566,        3.81479468,       2.251231602,       2.321551565
          0,           0,        2499,      -1.607164132,       1.012557301,      0.5462510391,       3.813529893,       2.251071371,       2.321577731
          0,           0,        2500,      -1.606980767,       1.013251401,      0.5537565593,       3.814086872,       2.250910511,       2.321517113
          0,           0,        2501,      -1.607521924,       1.012413528,      0.5479221128,       3.813847743,       2.250722001,       2.321599841
          0,           0,        2502,      -1.607469591,       1.012914088,      0.5539355396,       3.816845699,       2.250484835,       2.321717175
          0,           0,        2503,      -1.607239132,       1.013865944,       0.566473993,       3.816504281,       2.250290836,       2.321523185
          0,           0,        2504,       -1.60055497,       1.027527325,      0.6754472303,       3.827295943,       2.250126963,       2.321282123
          0,           0,        2505,      -1.601337654,       1.025982596,      0.6671673079,       3.826852737,       2.249962463,       2.321341391
          0,           0,        2506,      -1.608711195,       1.011745199,      0.5495020749,       3.813449245,       2.249797335,       2.321241695
          0,           0,        2507,      -1.608894305,        1.01166266,      0.5500656801,       3.812846688,       2.249631581,       2.321334985
          0,           0,        2508,        -1.6094841,        1.01070771,      0.5426999309,       3.811801887,       2.249465202,        2.32122731
          0,           0,        2509,      -1.609606256,       1.010751993,      0.5446094607,        3.81143025,       2.249298198,       2.321253844
          0,           0,        2510,      -1.609888806,       1.010459974,        0.54344043,       3.811367558,       2.249130568,       2.321154528
          0,           0,        2511,      -1.609650712,       1.011275413,      0.5523596946,        3.81241304,       2.248962314,       2.321206705
          0,           0,        2512,      -1.607849619,       1.015382646,      0.5912113962,       3.813860428,       2.248793436,       2.321110767
          0,           0,        2513,      -1.560788911,       1.102061863,      0.9497704431,       3.895340104,       2.248623935,       2.321128046
          0,           0,        2514,      -1.538375902,       1.135728609,       1.029915862,        3.93030202,       2.248453811,       2.321033791
          0,           0,        2515,      -1.609954063,       1.011784913,      0.5602504771,       3.814785693,       2.248283065,       2.321077245
          0,           0,        2516,      -1.610333588,       1.011325979,      0.5577388386,       3.810908791,       2.248111697,       2.320991668
          0,           0,        2517,      -1.610524852,       1.011222037,      0.5585271439,       3.813420994,       2.247939708,       2.321006934
          0,           0,        2518,      -1.611122476,       1.010277757,      0.5520093959,       3.809684295,       2.247737809,        2.32094974
          0,           0,        2519,      -1.611558662,       1.009745846,      0.5495740227,       3.811925148,       2.247550362,        2.32102343
          0,           0,        2520,      -1.611580961,       1.010011987,      0.5533136206,       3.809179114,       2.247376392,       2.320963467
          0,           0,        2521,      -1.612068891,       1.009303801,       0.548871085,       3.807597501,       2.247201801,        2.32082791
          0,           0,        2522,      -1.611863743,       1.010047457,      0.5566926411,       3.809781609,       2.247026592,       2.320800192
          0,           0,        2523,      -1.612167716,        1.00971352,      0.5564002703,       3.808081876,       2.246850764,       2.320831383
          0,           0,        2524,      -1.612356137,       1.009611498,      0.5558202519,       3.809496715,       2.246674319,       2.320785352
          0,           0,        2525,       -1.61290837,       1.008748303,      0.5493453977,        3.80694343,       2.246497255,       2.320815627
          0,           0,        2526,      -1.613213655,       1.008402043,      0.5480439864,        3.80983337,       2.246319575,       2.320715933
          0,           0,        2527,      -1.613100416,       1.008948898,        0.55406015,       3.808168392,       2.246141279,       2.320760099
          0,           0,        2528,      -1.613795442,       1.007792711,      0.5448856286,       3.805337443,       2.245962367,       2.320745879
          0,           0,        2529,      -1.613715295,       1.008298907,      0.5506377353,       3.805967874,        2.24578284,       2.320676061
          0,           0,        2530,       -1.61335586,       1.009343962,      0.5623817544,         3.8065147,       2.245602698,       2.320608221
          0,           0,        2531,      -1.595908179,       1.043611783,      0.7745740592,       3.838548826,       2.245421942,       2.320631628
          0,           0,        2532,      -1.585525234,       1.062135275,      0.8459172607,       3.856004651,       2.245240573,       2.320577636
          0,           0,        2533,      -1.614516161,       1.007875492,      0.5514809372,       3.806797193,        2.24505859,       2.320615875
          0,           0,        2534,      -1.614669994,       1.007844761,      0.5527654894,       3.803249729,       2.244875995,       2.320622582
          0,           0,        2535,      -1.614844688,       1.007767966,      0.5536209595,       3.803154322,       2.244692787,       2.320520385
          0,           0,        2536,      -1.615059733,        1.00761753,      0.5537368667,       3.802290599,       2.244508968,       2.320453003
          0,           0,        2537,      -1.615776188,        1.00641023,      0.5443966336,       3.801863034,       2.244324537,       2.320473327
          0,           0,        2538,      -1.615515352,       1.007265973,      0.5533937582,        3.80272312,       2.244139495,       2.320419638
          0,           0,        2539,      -1.615075457,       1.008492713,      0.5671935493,       3.803440037,       2.243953843,        2.32045872
          0,           0,        2540,       -1.61476634,       1.009354095,      0.5795791974,       3.807234542,       2.243767582,       2.320449713
          0,           0,        2541,      -1.616416275,       1.006259225,      0.5500354346,       3.806267184,       2.243580712,       2.320371658
          0,           0,        2542,      -1.617099342,       1.005217105,      0.5396201776,       3.800341644,       2.243393233,       2.320302182
          0,           0,        2543,      -1.617311218,       1.005061362,       0.539841135,       3.799593769,       2.243205146,        2.32035446
          0,           0,        2544,      -1.616990532,       1.006034418,      0.5500723003,       3.800313009,       2.243016451,       2.320355082
          0,           0,        2545,      -1.616264014,       1.007852101,      0.5689892517,       3.802264541,        2.24282715,       2.320285991
          0,           0,        2546,      -1.605271022,       1.029666368,      0.7200195398,       3.823484705,       2.242637243,       2.320219148
          0,           0,        2547,      -1.604518576,       1.030727712,      0.7281153751,       3.828185606,        2.24244673,        2.32025666
          0,           0,        2548,      -1.617904721,        1.00534845,      0.5489478837,       3.800976171,       2.242255612,       2.320214862
          0,           0,        2549,      -1.618060803,       1.005319656,      0.5499232182,       3.798754021,       2.242063888,       2.320244856
          0,           0,        2550,      -1.618527326,       1.004634032,       0.545124902,       3.798021976,        2.24187156,        2.32019237
          0,           0,        2551,      -1.618806073,       1.004350072,      0.5444069376,       3.799055358,       2.241678628,       2.320188844
          0,           0,        2552,      -1.618571752,       1.005143998,      0.5526375271,         3.7979919,       2.241485095,       2.320138913
          0,           0,        2553,      -1.618867586,       1.004831161,      0.5520420808,       3.799572302,       2.241290959,       2.320160547
          0,           0,        2554,      -1.619278257,       1.004294661,      0.5479019873,        3.79843974,       2.241096222,        2.32009672
          0,           0,        2555,      -1.619843207,       1.003430448,      0.5404954623,        3.79679256,       2.240900885,       2.320122601
          0,           0,        2556,      -1.620065992,       1.003258768,      0.5404058167,       3.796218071,       2.240670901,       2.320108309
          0,           0,        2557,      -1.620066424,       1.003649325,      0.5468269085,       3.796828357,       2.240381983,        2.32021318
          0,           0,        2558,      -1.605371811,       1.033781539,      0.7391238276,       3.823497135,       2.240150056,       2.320518998
          0,           0,        2559,      -1.496142021,       1.207557024,       1.152269438,        3.98675435,       2.239951847,       2.320010349
          0,           0,        2560,      -1.544033425,       1.133367966,       1.035545399,       3.923114674,        2.23975304,       2.320028563
          0,           0,        2561,      -1.620227649,       1.004557931,       0.554676159,       3.800619048,       2.239553637,       2.319953208
          0,           0,        2562,      -1.620869567,        1.00357178,      0.5483794407,       3.797307752,       2.239353639,       2.320065896
          0,           0,        2563,      -1.621195207,       1.003226091,      0.5466360706,       3.796589647,       2.239153046,       2.319932303
          0,           0,        2564,       -1.62151001,       1.002897036,      0.5451315656,       3.794852927,       2.238951859,       2.319968603
          0,           0,        2565,      -1.621802298,       1.002603573,      0.5440012187,       3.793602118,       2.238750078,       2.319962292
          0,           0,        2566,      -1.622077855,       1.002338524,      0.5431630847,       3.793284434,       2.238547705,       2.319930249
          0,           0,        2567,      -1.622345316,       1.002092168,      0.5424611919,       3.795375921,       2.238344739,       2.319964096
          0,           0,        2568,      -1.622446403,       1.002173988,      0.5446299006,       3.792809495,       2.238141181,       2.319873678
          0,           0,        2569,       -1.62250785,       1.002329642,      0.5476791266,       3.795952878,       2.237937032,       2.319888624
          0,           0,        2570,      -1.622654177,        1.00232555,      0.5494691964,       3.793504527,       2.237732294,       2.319864384
          0,           0,        2571,      -1.622868261,       1.002186237,      0.5498395223,       3.791507964,       2.237526966,       2.319851915
          0,           0,        2572,      -1.623104763,       1.001998745,      0.5496676353,       3.791059899,        2.23732105,       2.319786336
          0,           0,        2573,      -1.623356922,       1.001782307,      0.5491342938,       3.793701974,       2.237114548,       2.319822264
          0,           0,        2574,      -1.623609901,       1.001565563,      0.5486047942,       3.790790186,       2.236871212,       2.319865129
          0,           0,        2575,       -1.62392854,       1.001286227,      0.5477134584,         3.7944606,       2.236565644,       2.319911255
          0,           0,        2576,      -1.624294979,       1.000986151,      0.5473936505,       3.793150184,       2.236321297,       2.320006148
          0,           0,        2577,      -1.624578105,       1.000726135,      0.5461502387,       3.790173598,       2.236111993,       2.319706637
          0,           0,        2578,      -1.624802712,       1.000581227,      0.5458444212,       3.790404251,       2.235902107,       2.319732812
          0,           0,        2579,      -1.625095272,       1.000286259,      0.5442181443,       3.790016826,       2.235691639,       2.319692716
          0,           0,        2580,      -1.625195448,        1.00038511,      0.5461247769,       3.789454145,       2.235480592,       2.319678207
          0,           0,        2581,      -1.625490251,       1.000066134,      0.5445492255,       3.789491364,       2.235268965,       2.319719514
          0,           0,        2582,      -1.625288904,       1.000790178,      0.5520074833,       3.792883292,        2.23505676,       2.319733888
          0,           0,        2583,      -1.625644342,       1.000349206,      0.5494531705,       3.789893014,       2.234843978,       2.319672365
          0,           0,        2584,      -1.621358746,       1.009110137,      0.6259443257,       3.799367181,       2.234630619,       2.319612153
          0,           0,        2585,      -1.616683023,       1.018758094,      0.6841268944,       3.806858847,       2.234416685,       2.319634496
          0,           0,        2586,      -1.599740961,       1.049981459,      0.8222212678,       3.835687413,       2.234202177,       2.319597768
          0,           0,        2587,      -1.590086073,       1.064941107,      0.8764783879,        3.85531207,       2.233987096,       2.319629763
          0,           0,        2588,      -1.626992463,      0.9990880809,      0.5427318064,       3.789420888,       2.233771444,       2.319677943
          0,           0,        2589,      -1.627017124,      0.9993518545,      0.5462075765,       3.786084492,        2.23355522,       2.319578757
          0,           0,        2590,      -1.627196731,       0.999281638,      0.5469617628,       3.785825381,       2.233338427,       2.319522812
          0,           0,        2591,      -1.627332586,      0.9992993276,      0.5483139305,       3.786835215,       2.233121065,       2.319548714
          0,           0,        2592,      -1.627594808,      0.9990621266,      0.5474999936,       3.785246145,       2.232903136,       2.319553135
          0,           0,        2593,      -1.627764185,      0.9990184209,      0.5481565065,       3.786145672,       2.232684641,       2.319520096
          0,           0,        2594,      -1.628074971,      0.9986914883,      0.5465440693,       3.784586776,        2.23246558,       2.319461174
          0,           0,        2595,      -1.628193172,      0.9987562692,        0.54807615,       3.785163893,       2.232245956,        2.31947773
          0,           0,        2596,      -1.628562602,       0.998304666,      0.5453426706,       3.783955327,       2.232025769,       2.319519637
          0,           0,        2597,      -1.628348653,      0.9990527146,      0.5527535244,       3.788818951,        2.23180502,       2.319419193
          0,           0,        2598,      -1.628170163,      0.9997284035,      0.5608138322,       3.785802601,       2.231583712,       2.319350966
          0,           0,        2599,      -1.628816213,      0.9987206646,       0.551996741,       3.783178972,       2.231361844,       2.319352907
          0,           0,        2600,      -1.629030276,      0.9985885557,       0.551548903,       3.783179609,       2.231139419,       2.319314094
          0,           0,        2601,      -1.628676629,      0.9996097318,      0.5623374636,        3.78598985,       2.230916438,       2.319328808
          0,           0,        2602,       -1.62103493,       1.014675052,      0.6756235863,       3.800449502,       2.230692902,       2.319379243
          0,           0,        2603,       -1.62133498,       1.014081965,      0.6735657277,       3.803757246,       2.230468813,       2.319267015
          0,           0,        2604,      -1.630028875,      0.9977886623,      0.5485921661,       3.783663195,        2.23024417,       2.319205186
          0,           0,        2605,      -1.630188552,      0.9977573499,      0.5491188721,       3.781622123,       2.230018977,       2.319227845
          0,           0,        2606,      -1.630664194,      0.9970677109,       0.544028768,       3.780818048,       2.229793234,       2.319293078
          0,           0,        2607,      -1.630915499,      0.9968460778,      0.5434299891,        3.78110818,       2.229566942,       2.319171899
          0,           0,        2608,      -1.630636905,      0.9977203143,       0.551871332,       3.780860987,       2.229340103,        2.31911209
          0,           0,        2609,      -1.630898705,      0.9974822239,      0.5513903025,       3.783269159,       2.229112719,       2.319104277
          0,           0,        2610,      -1.630260926,       0.999024835,      0.5690789419,       3.783176073,       2.228884792,        2.31907603
          0,           0,        2611,      -1.630608181,      0.9986837955,      0.5652154302,       3.783472442,       2.228656321,       2.319066529
          0,           0,        2612,      -1.631712663,      0.9967625281,      0.5484632634,       3.781574058,       2.228427309,       2.319043625
          0,           0,        2613,      -1.632099214,       0.996270325,      0.5440709124,        3.78010783,       2.228197757,       2.319041228
          0,           0,        2614,      -1.632431927,      0.9959060823,      0.5417231237,       3.778570177,       2.227927023,       2.319081905
          0,           0,        2615,      -1.632502126,      0.9961351239,       0.545061659,         3.7827221,       2.227587338,       2.319142237
          0,           0,        2616,      -1.629593171,       1.002489735,      0.5998078173,       3.787364057,       2.227317107,       2.319648534
          0,           0,        2617,      -1.587782867,        1.07749116,      0.9123059419,       3.859280204,       2.227084988,       2.319111144
          0,           0,        2618,      -1.571238566,       1.101559769,      0.9761810593,       3.887629957,       2.226852337,       2.319013539
          0,           0,        2619,      -1.632657565,      0.9970942089,      0.5554576734,        3.78352568,       2.226619157,       2.318905836
          0,           0,        2620,      -1.632837145,      0.9970410197,      0.5561195421,       3.778982836,       2.226385448,       2.318954056
          0,           0,        2621,      -1.633513226,       0.995958549,      0.5484665888,       3.778073936,       2.226151212,       2.318870749
          0,           0,        2622,       -1.63355929,        0.99615095,      0.5509781923,       3.785015086,       2.225916452,       2.318907973
          0,           0,        2623,      -1.633897566,      0.9957716818,       0.549209771,        3.77926788,       2.225681168,       2.318932189
          0,           0,        2624,      -1.633978146,      0.9959150047,      0.5512156322,       3.776401918,       2.225445362,       2.318862689
          0,           0,        2625,      -1.634381063,      0.9954026552,      0.5480544755,       3.775413929,       2.225209037,        2.31881328
          0,           0,        2626,      -1.634288281,      0.9958810894,      0.5528026496,       3.777196388,       2.224972193,       2.318825002
          0,           0,        2627,      -1.634680818,      0.9953943185,      0.5503381546,       3.776327752,       2.224734832,       2.318800361
          0,           0,        2628,      -1.634546085,      0.9959824891,      0.5554128442,       3.777991436,       2.224496956,       2.318813021
          0,           0,        2629,      -1.635298566,      0.9947733266,      0.5461359084,       3.775335404,       2.224258567,        2.31881466
          0,           0,        2630,      -1.635023185,      0.9956427956,      0.5541334396,       3.774949841,       2.224019667,       2.318796672
          0,           0,        2631,      -1.634870987,      0.9962479785,      0.5612402261,       3.777309895,       2.223780257,       2.318821047
          0,           0,        2632,      -1.635255194,      0.9957505402,      0.5596902147,       3.776652762,        2.22354034,       2.318748679
          0,           0,        2633,      -1.636378172,      0.9938317086,       0.540970452,       3.775120839,       2.223257378,        2.31876228
          0,           0,        2634,      -1.636440402,      0.9940831839,      0.5435422488,       3.776215032,       2.222998537,       2.318759045
          0,           0,        2635,      -1.636383904,      0.9944777207,      0.5487449851,       3.774295023,       2.222756985,       2.318824681
          0,           0,        2636,      -1.636078294,       0.995358804,      0.5594089635,       3.774866308,       2.222514934,       2.318635874
          0,           0,        2637,      -1.636014419,      0.9958295143,       0.563033791,       3.775027335,       2.222272385,        2.31858137
          0,           0,        2638,      -1.635963221,      0.9961596112,      0.5678702364,       3.776713354,       2.222029339,       2.318610523
          0,           0,        2639,      -1.636916854,      0.9945110501,       0.553556538,       3.775381546,         2.2217858,       2.318657946
          0,           0,        2640,      -1.637575429,      0.9935957504,      0.5438875196,       3.771681596,       2.221541767,       2.318549658
          0,           0,        2641,      -1.637292764,      0.9944433954,      0.5532248385,       3.772568091,       2.221297245,       2.318496129
          0,           0,        2642,       -1.63778371,      0.9937482353,       0.548408407,       3.771958294,       2.221052234,       2.318494257
          0,           0,        2643,      -1.638430948,       0.992751817,      0.5387243814,       3.773515519,       2.220806737,       2.318466447
          0,           0,        2644,      -1.638381363,      0.9931362567,       0.542683302,       3.773154091,       2.220560755,       2.318471612
          0,           0,        2645,      -1.638392871,      0.9933962729,      0.5464873062,       3.771067866,        2.22031429,        2.31847918
          0,           0,        2646,      -1.637070662,       0.996243373,      0.5752288851,        3.77419034,       2.220067345,       2.318441745
          0,           0,        2647,      -1.633354227,       1.003961324,      0.6305599967,       3.781462416,       2.219819921,       2.318457357
          0,           0,        2648,      -1.598862416,       1.065272147,      0.8846454532,       3.841395572,       2.219572021,       2.318393517
          0,           0,        2649,      -1.588215305,       1.080168236,      0.9307169027,       3.862957846,       2.219323647,       2.318385507
          0,           0,        2650,      -1.638696021,      0.9941797521,      0.5544695893,       3.772965851,         2.2190748,       2.318354484
          0,           0,        2651,      -1.639364583,      0.9931548205,      0.5469837784,        3.76846526,       2.218825483,        2.31833938
          0,           0,        2652,      -1.639303173,      0.9935518366,      0.5509269793,       3.769077012,       2.218575697,       2.318321287
          0,           0,        2653,      -1.639579779,      0.9932895506,       0.549939925,       3.768287735,       2.218325446,       2.318326327
          0,           0,        2654,      -1.639613233,      0.9935076173,       0.552368571,       3.770927299,        2.21807473,       2.318282368
          0,           0,        2655,      -1.639979433,      0.9930771121,      0.5500053835,       3.769091367,       2.217823552,       2.318251892
          0,           0,        2656,      -1.639942018,      0.9934437073,       0.553547277,       3.767462746,       2.217571914,       2.318263749
          0,           0,        2657,      -1.640363179,      0.9928988374,      0.5502713225,       3.767034834,       2.217319819,       2.318284413
          0,           0,        2658,      -1.640096459,      0.9937207176,      0.5572849121,       3.768458431,       2.217067268,       2.318219402
          0,           0,        2659,       -1.64054851,       0.993115208,      0.5538783495,       3.767500383,       2.216814264,       2.318177834
          0,           0,        2660,      -1.640522688,      0.9934562646,      0.5563993811,       3.770128314,       2.216515977,        2.31824369
          0,           0,        2661,      -1.641261765,      0.9923429553,      0.5483026408,       3.769266875,       2.216142077,       2.318425354
          0,           0,        2662,        -1.6414021,      0.9925152136,      0.5508403087,       3.767185816,       2.215845078,       2.318293371
          0,           0,        2663,      -1.642048144,      0.9915348702,       0.542121229,       3.767157316,       2.215589941,       2.318185796
          0,           0,        2664,      -1.641841324,      0.9922384922,      0.5486310249,       3.766813527,       2.215334366,       2.318117192
          0,           0,        2665,      -1.641005554,      0.9941790843,      0.5667281344,       3.769019505,       2.215078353,       2.318062053
          0,           0,        2666,      -1.608634975,       1.052634999,       0.851376206,       3.827893438,       2.214821906,       2.318145649
          0,           0,        2667,      -1.579665969,        1.09821811,      0.9715245862,        3.87475165,       2.214565028,       2.318133191
          0,           0,        2668,       -1.64173372,      0.9935297111,      0.5607682361,       3.774278862,       2.214307719,       2.318098297
          0,           0,        2669,      -1.641919783,      0.9934404287,      0.5609204545,       3.767353724,       2.214049984,       2.318052145
          0,           0,        2670,      -1.642132002,      0.9932983194,      0.5604412377,       3.765797449,       2.213791823,       2.318110251
          0,           0,        2671,      -1.642354731,      0.9931347496,      0.5597609673,       3.765150059,        2.21353324,       2.318126355
          0,           0,        2672,      -1.642577004,      0.9929665058,      0.5590686774,       3.765920512,       2.213274237,       2.318053176
          0,           0,        2673,      -1.643351468,      0.9917202254,      0.5498262918,       3.764395397,       2.213014816,       2.318004773
          0,           0,        2674,      -1.643016929,      0.9926891248,       0.557867979,       3.765549491,        2.21275498,       2.318064832
          0,           0,        2675,      -1.643339939,      0.9923465814,      0.5566541858,       3.764165825,       2.212494732,       2.318108699
          0,           0,        2676,      -1.643421557,      0.9924710318,       0.557034728,       3.764235572,       2.212234073,       2.317992648
          0,           0,        2677,      -1.643748072,      0.9921121418,      0.5544502925,       3.764965777,       2.211973006,       2.317948607
          0,           0,        2678,      -1.642537414,       0.994775387,      0.5781686133,       3.765617641,       2.211711533,       2.317974305
          0,           0,        2679,      -1.617156155,       1.040781403,      0.8154836002,       3.814296016,       2.211449658,       2.317942847
          0,           0,        2680,      -1.605223786,       1.059487506,       0.878166809,       3.836265868,       2.211187382,       2.317970126
          0,           0,        2681,      -1.644267127,      0.9922066999,      0.5559292527,       3.765597214,       2.210924709,       2.317997158
          0,           0,        2682,      -1.644334414,      0.9923417595,      0.5577315742,       3.761753908,        2.21066164,       2.317895123
          0,           0,        2683,      -1.644458484,      0.9923617757,       0.558521135,       3.764474607,       2.210398178,       2.317838517
          0,           0,        2684,       -1.64518315,      0.9912068192,      0.5497911226,       3.763309092,       2.210134326,       2.317874889
          0,           0,        2685,      -1.645085498,      0.9916784916,      0.5541056761,       3.761123516,       2.209870087,       2.317889093
          0,           0,        2686,      -1.645408873,      0.9913204472,      0.5522607825,       3.760215688,       2.209605462,       2.317799247
          0,           0,        2687,      -1.645162834,      0.9920818926,      0.5583015499,       3.761198179,       2.209340454,        2.31773853
          0,           0,        2688,      -1.645850925,      0.9910023627,      0.5501685581,       3.759621312,       2.209028272,       2.317814506
          0,           0,        2689,      -1.645588127,      0.9918616001,      0.5573943988,       3.766156653,       2.208742678,       2.317912024
          0,           0,        2690,      -1.646309336,      0.9907153875,      0.5484195871,       3.762917193,       2.208476447,       2.317671649
          0,           0,        2691,      -1.646209228,       0.991214579,      0.5528749165,       3.760342254,       2.208209844,       2.317672974
          0,           0,        2692,      -1.644309826,      0.9951974031,      0.5864036402,       3.764503772,       2.207942871,       2.317618834
          0,           0,        2693,      -1.588364932,        1.09068083,      0.9527357484,       3.866327706,       2.207675531,       2.317678157
          0,           0,        2694,       -1.55354851,       1.139806828,       1.057401245,       3.917822767,       2.207407828,       2.317682214
          0,           0,        2695,      -1.645680037,      0.9931530157,      0.5677477041,       3.766330332,       2.207139762,       2.317604978
          0,           0,        2696,      -1.646048829,      0.9927233264,      0.5649020295,       3.760649026,       2.206871338,       2.317546581
          0,           0,        2697,      -1.646220118,      0.9926347591,      0.5648349468,       3.765612001,       2.206602559,        2.31760118
          0,           0,        2698,      -1.646429046,      0.9925029877,      0.5645940725,       3.761355949,       2.206333426,       2.317617391
          0,           0,        2699,      -1.647252994,      0.9911880935,      0.5549469955,       3.759148227,       2.206063943,       2.317527803
          0,           0,        2700,      -1.647082506,      0.9917645072,      0.5597706325,       3.758600858,       2.205794111,       2.317469753
          0,           0,        2701,      -1.647605175,       0.991042038,      0.5548838841,       3.758289208,       2.205523935,       2.317527802
          0,           0,        2702,      -1.647291362,      0.9919459037,       0.561940962,       3.758071039,       2.205253415,       2.317562809
          0,           0,        2703,      -1.647849519,      0.9911313853,      0.5565239934,       3.757954727,       2.204982556,       2.317442145
          0,           0,        2704,      -1.647680747,      0.9917226372,      0.5608217852,       3.759265506,        2.20471136,        2.31739315
          0,           0,        2705,      -1.648454135,      0.9904842486,      0.5511206798,       3.758208925,       2.204439829,       2.317404384
          0,           0,        2706,      -1.648234574,      0.9911896931,      0.5569928496,       3.757355148,       2.204167968,       2.317364856
          0,           0,        2707,      -1.647821941,      0.9922475386,      0.5671355204,       3.759905884,       2.203895778,       2.317406346
          0,           0,        2708,      -1.648500392,      0.9911902402,      0.5596480151,       3.760049237,       2.203623262,       2.317469745
          0,           0,        2709,      -1.649322088,      0.9898993714,      0.5467143617,       3.758502635,       2.203350424,       2.317306761
          0,           0,        2710,      -1.649538023,      0.9897333401,      0.5455276007,       3.757442835,       2.203077265,       2.317256468
          0,           0,        2711,      -1.649046999,      0.9909410091,      0.5557629721,       3.757209559,       2.202803788,       2.317268982
          0,           0,        2712,      -1.648556038,      0.9921262666,      0.5668980793,       3.758257784,       2.202529996,       2.317231177
          0,           0,        2713,      -1.634472566,       1.017870558,      0.7290314312,       3.786721842,       2.202255893,       2.317265983
          0,           0,        2714,      -1.628889329,       1.027385615,      0.7712078068,       3.797626492,        2.20198148,       2.317304665
          0,           0,        2715,      -1.649557542,      0.9909698312,      0.5566104003,        3.75695767,       2.201706761,       2.317189819
          0,           0,        2716,      -1.649633357,      0.9910667924,      0.5575105703,       3.754732627,       2.201431738,       2.317131298
          0,           0,        2717,      -1.649692202,      0.9911847509,      0.5587683141,       3.754428933,       2.201156415,       2.317180553
          0,           0,        2718,      -1.649974572,      0.9908784023,      0.5564472002,        3.75727218,       2.200832502,       2.317236595
          0,           0,        2719,      -1.648562047,      0.9939000048,      0.5826908749,       3.758335404,       2.200426937,       2.317243146
          0,           0,        2720,      -1.589601022,       1.093112782,      0.9600310043,       3.861477627,       2.200103623,       2.317415916
          0,           0,        2721,      -1.592571231,       1.085665382,      0.9498790996,       3.856660142,       2.199826903,       2.317040706
          0,           0,        2722,      -1.650153492,      0.9916686826,      0.5611212684,       3.755658668,         2.1995499,       2.317055939
          0,           0,        2723,      -1.650841728,      0.9906292174,      0.5531050506,       3.755174464,       2.199272615,       2.316980103
          0,           0,        2724,      -1.651147835,      0.9902826197,      0.5508292436,       3.756231646,       2.198995052,       2.317067759
          0,           0,        2725,      -1.650971713,      0.9908338364,      0.5555361001,       3.753604675,       2.198717213,       2.317048271
          0,           0,        2726,      -1.651113749,      0.9907918535,      0.5557944885,        3.75599838,       2.198439101,       2.316996806
          0,           0,        2727,      -1.651128054,      0.9910022801,      0.5577802823,       3.753375049,       2.198160719,       2.316942904
          0,           0,        2728,       -1.65136044,      0.9907962603,      0.5565333363,       3.753134093,        2.19788207,       2.316984505
          0,           0,        2729,      -1.651412048,      0.9909348345,      0.5578586744,        3.75234441,       2.197603157,        2.31694207
          0,           0,        2730,      -1.651701466,      0.9906266831,      0.5556419858,        3.75426883,       2.197323983,       2.316975492
          0,           0,        2731,      -1.651674593,      0.9909331216,      0.5581226258,       3.752139155,       2.197044551,       2.316968273
          0,           0,        2732,      -1.652026196,      0.9905007435,      0.5549898942,       3.751049801,       2.196764864,        2.31691049
          0,           0,        2733,      -1.651626512,      0.9915058746,       0.562925941,       3.751195994,       2.196484924,       2.316856886
          0,           0,        2734,      -1.651563062,      0.9918667083,      0.5669742674,       3.753055333,       2.196204734,       2.316894599
          0,           0,        2735,       -1.65191599,      0.9914392657,      0.5623522828,       3.754784156,       2.195924297,       2.316883034
          0,           0,        2736,      -1.652088208,      0.9913495656,      0.5616224412,       3.754986781,       2.195643616,       2.316835517
          0,           0,        2737,      -1.651129169,      0.9934050301,      0.5792217551,       3.753935018,       2.195362695,       2.316781389
          0,           0,        2738,      -1.643128378,       1.007973055,      0.6803234082,       3.773926847,       2.195081535,       2.316820762
          0,           0,        2739,      -1.645207069,       1.004048667,      0.6593313112,        3.77191063,       2.194800139,       2.316814713
          0,           0,        2740,      -1.652865291,      0.9908354923,      0.5572096215,       3.753073772,       2.194518511,       2.316761177
          0,           0,        2741,       -1.65307991,      0.9906468086,      0.5553663144,       3.750261475,       2.194236654,       2.316705514
          0,           0,        2742,      -1.652966678,      0.9910734032,      0.5599316756,       3.750601789,       2.193954571,       2.316751777
          0,           0,        2743,      -1.652936813,      0.9913498902,      0.5612109293,       3.751849749,       2.193672264,       2.316757918
          0,           0,        2744,       -1.65337783,      0.9907320101,       0.556012141,       3.749621883,       2.193389736,        2.31668782
          0,           0,        2745,      -1.653383357,      0.9909405565,      0.5582189205,       3.752204148,        2.19310699,       2.316630794
          0,           0,        2746,      -1.653580768,      0.9908112533,      0.5577867178,        3.75020489,       2.192824028,       2.316685836
          0,           0,        2747,      -1.653959686,      0.9903432117,      0.5527752534,       3.749624077,       2.192540855,       2.316710592
          0,           0,        2748,      -1.653817127,      0.9908208957,      0.5574759488,       3.749810457,       2.192257472,       2.316613707
          0,           0,        2749,      -1.653550336,       0.991556996,      0.5633871593,       3.752930375,       2.191924691,       2.316589413
          0,           0,        2750,      -1.647673054,       1.002389626,      0.6458823707,       3.765067444,       2.191508259,       2.316706722
          0,           0,        2751,      -1.624233566,       1.042728476,      0.8250636013,       3.805594467,       2.191174834,       2.317241863
          0,           0,        2752,      -1.653763681,      0.9919102308,      0.5673722989,       3.749204804,       2.190890494,       2.316646361
          0,           0,        2753,      -1.653709825,      0.9922168313,      0.5676132205,        3.74927963,        2.19060596,        2.31658576
          0,           0,        2754,      -1.654239771,       0.991494594,      0.5601588854,       3.751947573,       2.190321234,        2.31647309
          0,           0,        2755,      -1.654216067,      0.9917327934,      0.5620522226,         3.7487331,       2.190036319,        2.31656798
          0,           0,        2756,      -1.654811308,      0.9908086064,      0.5547317779,       3.751011132,       2.189751218,       2.316479395
          0,           0,        2757,      -1.654734808,      0.9911623122,      0.5575543603,       3.749309374,       2.189465933,       2.316501496
          0,           0,        2758,      -1.654987256,      0.9908929376,      0.5554828879,       3.746777407,       2.189180468,       2.316427264
          0,           0,        2759,      -1.654506767,      0.9920081145,      0.5640660257,       3.747836653,       2.188894825,       2.316490274
          0,           0,        2760,      -1.653679036,      0.9937688538,      0.5793701325,       3.749834302,       2.188609007,       2.316465854
          0,           0,        2761,       -1.65450616,      0.9924016835,      0.5701319481,       3.752720931,       2.188323017,       2.316416247
          0,           0,        2762,      -1.655261304,      0.9912451026,      0.5574021936,        3.75107945,       2.188036858,       2.316356164
          0,           0,        2763,      -1.655058147,      0.9918352239,      0.5628397747,       3.750018198,       2.187750532,       2.316415244
          0,           0,        2764,       -1.65553869,      0.9911386367,      0.5560714105,        3.74682985,       2.187464043,       2.316438916
          0,           0,        2765,      -1.655626089,       0.991171745,      0.5554700309,        3.74618554,       2.187177393,       2.316332218
          0,           0,        2766,      -1.654813528,      0.9928772857,      0.5704330311,       3.751580859,       2.186890585,       2.316282145
          0,           0,        2767,      -1.649320903,       1.002824047,      0.6465681068,       3.760412658,       2.186603622,        2.31630779
          0,           0,        2768,      -1.650453119,        1.00080342,      0.6333182052,       3.760977699,       2.186267102,       2.316307787
          0,           0,        2769,       -1.65565075,      0.9919572515,       0.560927004,       3.752156974,       2.185957311,       2.316344914
          0,           0,        2770,      -1.655632014,      0.9921727534,      0.5625304464,       3.744444486,       2.185669869,       2.316405291
          0,           0,        2771,      -1.655926886,      0.9918080895,      0.5592887611,       3.744541228,       2.185382286,       2.316225527
          0,           0,        2772,      -1.655637568,       0.992530511,      0.5659498119,       3.746032194,       2.185094562,       2.316178276
          0,           0,        2773,      -1.655663665,      0.9926626266,      0.5685341497,       3.749727713,       2.184806701,       2.316210677
          0,           0,        2774,      -1.656607248,      0.9911333508,      0.5534013933,       3.746607301,       2.184518706,       2.316203532
          0,           0,        2775,      -1.656235805,      0.9920274849,      0.5594638638,       3.747448063,        2.18423058,       2.316179855
          0,           0,        2776,      -1.656384124,      0.9919174042,      0.5590965656,       3.745852839,       2.183942325,       2.316158908
          0,           0,        2777,       -1.65529434,      0.9940599365,      0.5791876907,       3.748949504,       2.183653945,       2.316167864
          0,           0,        2778,      -1.654067507,      0.9965646611,      0.5968605172,       3.751617117,       2.183365442,        2.31622475
          0,           0,        2779,      -1.650712865,       1.002561542,      0.6407646274,       3.760877013,       2.183076819,       2.316110263
          0,           0,        2780,      -1.652084572,       0.999943683,      0.6244441482,       3.757419753,       2.182788079,       2.316063474
          0,           0,        2781,      -1.657107275,      0.9915106309,      0.5531274542,       3.745387623,       2.182499225,       2.316080881
          0,           0,        2782,      -1.657180759,       0.991552096,      0.5531535934,       3.744349036,        2.18221026,        2.31606509
          0,           0,        2783,      -1.656728348,      0.9925636573,      0.5609320969,       3.744167609,       2.181921187,       2.316069596
          0,           0,        2784,      -1.656222777,      0.9936721179,      0.5709297985,       3.745341807,       2.181632009,       2.316109784
          0,           0,        2785,      -1.656820214,      0.9927513914,      0.5620484262,       3.745362839,       2.181342728,       2.316033481
          0,           0,        2786,      -1.656806703,      0.9929556346,      0.5628333199,       3.744737555,       2.181053349,       2.316005144
          0,           0,        2787,        -1.6550427,      0.9963819275,      0.5909475036,       3.751985253,       2.180763872,       2.316012451
          0,           0,        2788,      -1.629458139,       1.039980175,      0.8128867528,         3.7984244,       2.180474301,       2.316034752
          0,           0,        2789,      -1.619211259,       1.054897214,      0.8646132715,       3.819171479,       2.180184639,       2.315975675
          0,           0,        2790,      -1.656832816,      0.9935803796,      0.5651190743,       3.747890562,       2.179894889,       2.315949349
          0,           0,        2791,      -1.656785563,      0.9938340892,      0.5669500494,        3.74444466,       2.179605053,         2.3159538
          0,           0,        2792,      -1.656922153,      0.9937404243,       0.565994958,       3.747384472,       2.179315136,       2.315974733
          0,           0,        2793,      -1.657141175,      0.9935094317,      0.5649158192,       3.746718693,       2.179025141,       2.315917575
          0,           0,        2794,      -1.656882744,      0.9941532491,      0.5687214511,       3.744517907,       2.178685796,       2.315923937
          0,           0,        2795,      -1.657430882,      0.9933521894,      0.5626169529,       3.743785141,       2.178261466,        2.31601995
          0,           0,        2796,      -1.657091946,      0.9942062844,      0.5682066144,         3.7494803,        2.17791854,       2.316534497
          0,           0,        2797,      -1.657213389,      0.9941727285,      0.5674124828,       3.747635009,       2.177628211,       2.316006183
          0,           0,        2798,      -1.655422609,      0.9976305327,      0.5953333927,       3.748410106,       2.177337819,       2.315929786
          0,           0,        2799,      -1.638140891,       1.027271638,      0.7627890016,       3.788274281,       2.177047367,       2.315793955
          0,           0,        2800,      -1.636727761,       1.028607712,      0.7717609185,       3.790116172,       2.176756858,       2.315856954
          0,           0,        2801,      -1.657633608,      0.9940809505,      0.5637185003,       3.746397512,       2.176466295,        2.31579739
          0,           0,        2802,      -1.657556172,      0.9943661698,      0.5654902463,        3.74923953,        2.17617568,       2.315815288
          0,           0,        2803,      -1.657741142,      0.9941714817,       0.564743612,       3.744940834,       2.175885017,       2.315803216
          0,           0,        2804,      -1.657454293,      0.9948286932,      0.5685129326,       3.753191336,       2.175594308,        2.31577097
          0,           0,        2805,      -1.658075245,      0.9938387857,      0.5604270325,        3.74708607,       2.175303557,       2.315740117
          0,           0,        2806,      -1.657960257,      0.9942001264,      0.5627165198,       3.743545577,       2.175012766,       2.315780286
          0,           0,        2807,      -1.658107213,      0.9940757866,      0.5616088664,       3.743289473,       2.174721939,       2.315848256
          0,           0,        2808,      -1.657686607,      0.9950139903,      0.5680153539,       3.744938624,       2.174431077,       2.315725992
          0,           0,        2809,      -1.658048373,      0.9945289739,      0.5639940145,       3.744544123,       2.174140184,       2.315690471
          0,           0,        2810,      -1.657942268,      0.9948596733,       0.567347192,       3.747441764,       2.173849263,       2.315712259
          0,           0,        2811,       -1.65759183,      0.9957199926,      0.5729892459,       3.748509668,       2.173558316,       2.315716654
          0,           0,        2812,       -1.65485318,       1.000618648,      0.6127756163,       3.752691053,       2.173267347,       2.315701131
          0,           0,        2813,      -1.655955238,      0.9987034607,      0.5985567585,       3.749343732,       2.172976359,       2.315754035
          0,           0,        2814,      -1.658298857,      0.9949188231,      0.5628426697,       3.742971149,       2.172685355,       2.315676743
          0,           0,        2815,      -1.658763522,       0.994208607,      0.5562507839,       3.742531725,       2.172394337,       2.315678424
          0,           0,        2816,      -1.658749161,      0.9943662308,      0.5570772276,       3.742560246,        2.17210331,       2.315636506
          0,           0,        2817,      -1.658439465,      0.9950693336,      0.5620774549,       3.744861583,       2.171812275,       2.315654328
          0,           0,        2818,      -1.657800003,      0.9963706838,      0.5730257567,       3.745078177,       2.171521235,       2.315601155
          0,           0,        2819,      -1.648762414,       1.012094252,      0.6834727828,       3.763521625,       2.171230194,       2.315622717
          0,           0,        2820,      -1.645353985,       1.017934185,      0.7128890327,       3.771664681,       2.170939155,       2.315552876
          0,           0,        2821,      -1.658176986,      0.9961235347,      0.5697743328,       3.746223685,       2.170648119,        2.31555064
          0,           0,        2822,      -1.658036515,      0.9964936325,      0.5708362604,       3.744593351,       2.170308519,       2.315552064
          0,           0,        2823,      -1.658377714,      0.9960774377,      0.5653296966,       3.747240465,       2.169993246,       2.315658488
          0,           0,        2824,      -1.657859338,      0.9971477827,      0.5750481475,       3.742406956,       2.169702248,       2.315462687
          0,           0,        2825,      -1.658200455,      0.9966562679,      0.5687901848,       3.746337353,       2.169411266,       2.315413002
          0,           0,        2826,      -1.658230962,      0.9967449135,        0.56886433,       3.745224294,       2.169120306,       2.315405092
          0,           0,        2827,      -1.658105157,      0.9971059648,      0.5722967438,       3.743175863,       2.168829369,       2.315383712
          0,           0,        2828,      -1.657856092,      0.9976573666,      0.5782548091,       3.743469799,       2.168538458,       2.315415204
          0,           0,        2829,      -1.658961507,      0.9958435466,      0.5603148761,        3.74553576,       2.168247577,       2.315581394
          0,           0,        2830,      -1.658657358,      0.9965525696,      0.5638762741,       3.744663987,       2.167956729,       2.315372764
          0,           0,        2831,      -1.658832323,      0.9963481249,      0.5622229367,       3.742521864,       2.167665916,       2.315322409
          0,           0,        2832,      -1.658603175,      0.9968898297,      0.5670807398,       3.744264551,       2.167375142,       2.315331128
          0,           0,        2833,      -1.658089017,       0.997973745,      0.5747134905,       3.748341558,       2.167084408,       2.315342008
          0,           0,        2834,      -1.655712225,       1.002164192,      0.6092570287,        3.75323999,       2.166793719,       2.315313956
          0,           0,        2835,      -1.656839006,       1.000196286,       0.593717673,       3.751976717,       2.166503077,       2.315416363
          0,           0,        2836,      -1.658721663,      0.9972187962,      0.5643257658,        3.74767868,       2.166212486,       2.315303084
          0,           0,        2837,      -1.659217213,      0.9964360774,      0.5571397578,       3.743738825,       2.165921948,       2.315316062
          0,           0,        2838,      -1.658790014,      0.9973215968,      0.5635057114,       3.742684019,       2.165631466,       2.315266742
          0,           0,        2839,      -1.657973001,      0.9989006356,      0.5768438709,        3.74455167,       2.165341043,       2.315315222
          0,           0,        2840,       -1.65336873,       1.006894759,      0.6396822808,       3.756282027,       2.165050683,       2.315252704
          0,           0,        2841,      -1.654401095,       1.005136757,      0.6263610986,       3.756052329,       2.164760389,       2.315302312
          0,           0,        2842,      -1.658697882,      0.9979965479,      0.5653732025,        3.74488191,       2.164470164,       2.315217891
          0,           0,        2843,      -1.658627786,      0.9982315263,      0.5662514091,       3.743272932,        2.16418001,       2.315229808
          0,           0,        2844,       -1.65905824,       0.997559791,      0.5603710919,        3.74455783,       2.163889931,       2.315208503
          0,           0,        2845,      -1.658474094,      0.9987209894,      0.5686044781,       3.743326539,        2.16359993,       2.315298579
          0,           0,        2846,      -1.658312356,      0.9991211476,      0.5720146671,       3.743589149,        2.16331001,       2.315171457
          0,           0,        2847,      -1.653353432,       1.007727763,      0.6399811796,         3.7557777,       2.163020173,       2.315153842
          0,           0,        2848,      -1.651600964,       1.010882274,      0.6576655338,          3.759959,       2.162730423,       2.315168525
          0,           0,        2849,      -1.657119865,       1.001514244,      0.5907248106,       3.748175528,       2.162440763,       2.315294766
          0,           0,        2850,      -1.657288819,       1.001260281,      0.5866922762,        3.74986641,       2.162151196,       2.315125351
          0,           0,        2851,      -1.659195549,      0.9981457819,      0.5576746864,       3.742865711,       2.161861726,       2.315087569
          0,           0,        2852,      -1.659093747,        0.99842415,      0.5590611364,        3.74241857,       2.161572354,       2.315131118
          0,           0,        2853,       -1.65887299,      0.9989137328,      0.5621580725,       3.743530588,       2.161283085,       2.315259403
          0,           0,        2854,       -1.65891965,      0.9989343716,      0.5617673233,       3.742313897,       2.160993921,       2.315074655
          0,           0,        2855,      -1.658325985,        1.00009827,      0.5699997746,       3.746838958,       2.160704866,       2.315044522
          0,           0,        2856,        -1.6571166,       1.002359253,      0.5887163767,       3.747720195,       2.160415924,       2.315044325
          0,           0,        2857,      -1.644965469,       1.022783252,      0.7199302364,       3.773517159,       2.160127096,       2.315043018
          0,           0,        2858,       -1.64503459,       1.022165915,      0.7182133452,       3.776094636,       2.159838386,       2.315067257
          0,           0,        2859,      -1.658460654,       1.000310399,      0.5671895988,       3.745899014,       2.159549798,       2.315257159
          0,           0,        2860,      -1.658360506,       1.000584327,      0.5682830809,       3.743478122,       2.159261333,       2.315035512
          0,           0,        2861,      -1.658829258,      0.9998381357,      0.5614638944,       3.742651863,       2.158972996,       2.314982375
          0,           0,        2862,      -1.658513992,        1.00049108,      0.5657055047,       3.744144748,        2.15868479,       2.315022917
          0,           0,        2863,      -1.658456145,       1.000693584,      0.5672210495,       3.743378457,       2.158396716,       2.315100453
          0,           0,        2864,      -1.658113395,        1.00140141,      0.5711593023,       3.746853315,       2.158108779,       2.314975403
          0,           0,        2865,       -1.65869707,        1.00046429,      0.5625160806,       3.743805324,       2.157820982,       2.314982451
          0,           0,        2866,      -1.658416358,       1.001065439,      0.5662475489,       3.743019432,       2.157533328,       2.314981084
          0,           0,        2867,        -1.6577213,       1.002388108,      0.5770390345,       3.744917471,        2.15724582,       2.315072336
          0,           0,        2868,      -1.636028399,       1.038291158,      0.7820179178,       3.788331938,        2.15695846,       2.314948847
          0,           0,        2869,      -1.616834344,       1.067905816,      0.8810614525,       3.821600147,       2.156671253,       2.314953228
          0,           0,        2870,      -1.650691863,       1.014512961,      0.6655441394,       3.761618441,       2.156384201,       2.314958305
          0,           0,        2871,      -1.651799648,       1.012321431,      0.6500090112,       3.760160448,       2.156097307,       2.315098382
          0,           0,        2872,      -1.657885513,       1.002555175,      0.5698862538,        3.74736072,       2.155810575,       2.314917298
          0,           0,        2873,      -1.657753817,       1.002876367,      0.5712719545,       3.749230829,       2.155524007,       2.314877667
          0,           0,        2874,       -1.65822745,       1.002122112,      0.5649508245,       3.745073694,       2.155237608,       2.314917094
          0,           0,        2875,      -1.657654522,       1.003209598,      0.5723863321,       3.744524555,       2.154951379,       2.315003425
          0,           0,        2876,      -1.657934337,       1.002806999,      0.5691152277,       3.744601773,       2.154665325,        2.31487222
          0,           0,        2877,      -1.657463374,       1.003716829,      0.5745957973,       3.746400881,       2.154379449,       2.314869937
          0,           0,        2878,      -1.658067699,       1.002746116,      0.5661367293,       3.744551726,       2.154093753,       2.314883417
          0,           0,        2879,      -1.657487641,        1.00385349,      0.5736325838,        3.74802053,       2.153808241,       2.314984438
          0,           0,        2880,      -1.657289193,       1.004293505,      0.5774955501,       3.747472625,       2.153522916,       2.314846905
          0,           0,        2881,      -1.657473698,       1.004057743,      0.5731136863,       3.745074926,       2.153237782,       2.314837798
          0,           0,        2882,      -1.657498744,       1.004094666,      0.5721597497,       3.747972827,       2.152952841,       2.314865632
          0,           0,        2883,      -1.656442771,       1.006023423,      0.5878766192,       3.752016214,       2.152668097,       2.315018902
          0,           0,        2884,      -1.646517238,       1.022543169,      0.7003534806,       3.770445709,       2.152383554,        2.31481667
          0,           0,        2885,      -1.647601076,       1.020377261,       0.689463931,       3.769825814,       2.152099214,       2.314775258
          0,           0,        2886,      -1.657618477,        1.00423861,      0.5679566752,       3.747187754,       2.151815081,       2.314782671
          0,           0,        2887,      -1.657491956,       1.004525114,      0.5688889156,       3.745603559,       2.151531157,       2.314771871
          0,           0,        2888,      -1.657813228,       1.004027592,       0.564122219,       3.745509242,       2.151247446,       2.314791674
          0,           0,        2889,      -1.657223075,       1.005131735,      0.5714756325,         3.7490604,       2.150963951,       2.314967559
          0,           0,        2890,      -1.657562062,       1.004613193,      0.5665153222,       3.747491332,       2.150680675,       2.314776074
          0,           0,        2891,      -1.657114266,       1.005472977,       0.571780437,       3.748466589,       2.150397621,       2.314727288
          0,           0,        2892,      -1.657656056,       1.004592156,      0.5631952025,       3.746903048,       2.150114794,       2.314765336
          0,           0,        2893,      -1.657365581,       1.005195405,      0.5669431759,       3.748960102,       2.149832195,       2.314906088
          0,           0,        2894,      -1.653881308,       1.011328942,      0.6148692781,       3.754304099,       2.149549829,        2.31472593
          0,           0,        2895,      -1.560931192,        1.14964055,       1.056580285,       3.910220605,       2.149267698,       2.314682976
          0,           0,        2896,      -1.555737315,       1.153434465,       1.070623098,       3.916539762,       2.148985805,       2.314724955
          0,           0,        2897,      -1.655775716,       1.008113546,      0.5810027957,       3.753998188,       2.148704155,       2.314845452
          0,           0,        2898,       -1.65619017,       1.007509144,      0.5752709327,       3.752405049,       2.148422749,       2.314666702
          0,           0,        2899,      -1.656367778,       1.007281911,      0.5726339547,       3.750630545,       2.148141591,       2.314635492
          0,           0,        2900,      -1.656531124,       1.007080864,      0.5698824074,       3.749390804,       2.147860685,       2.314631657
          0,           0,        2901,      -1.656827692,       1.006622848,      0.5654982135,       3.748421946,       2.147580033,       2.314633914
          0,           0,        2902,      -1.656393819,       1.007422477,       0.570667614,         3.7499947,       2.147299639,       2.314636538
          0,           0,        2903,      -1.656526879,       1.007255804,      0.5685492696,       3.750106893,       2.147019507,       2.314808084
          0,           0,        2904,      -1.656278613,       1.007742253,      0.5712379609,       3.750838553,       2.146739639,       2.314615385
          0,           0,        2905,      -1.656443134,       1.007519676,      0.5685175215,       3.751655613,       2.146460038,       2.314563431
          0,           0,        2906,      -1.656185069,       1.008026419,      0.5711964861,       3.753938295,       2.146180709,        2.31459461
          0,           0,        2907,      -1.656403644,       1.007717409,      0.5677498368,       3.750815461,       2.145901654,       2.314737441
          0,           0,        2908,      -1.655905902,       1.008646017,      0.5737901944,       3.749205316,       2.145622876,       2.314549202
          0,           0,        2909,      -1.656011588,       1.008518849,      0.5721609845,       3.751182274,       2.145344379,        2.31450199
          0,           0,        2910,      -1.655729243,       1.009067067,      0.5744153179,       3.750695042,       2.145066166,       2.314530015
          0,           0,        2911,      -1.656251372,        1.00821898,      0.5657941409,       3.748760064,        2.14478824,       2.314615978
          0,           0,        2912,      -1.656233308,       1.008306023,      0.5649303217,         3.7500913,       2.144510604,       2.314475479
          0,           0,        2913,      -1.656141308,       1.008522594,      0.5651742405,       3.749391597,       2.144233262,       2.314468823
          0,           0,        2914,      -1.656177704,       1.008511897,      0.5634657816,       3.748959821,       2.143956218,       2.314470251
          0,           0,        2915,      -1.655644283,       1.009490655,      0.5701123877,       3.750468647,       2.143679475,       2.314571923
          0,           0,        2916,      -1.653415168,       1.013370952,      0.6011965051,       3.754425022,       2.143403035,       2.314426406
          0,           0,        2917,       -1.58213517,       1.121218499,      0.9967813258,       3.875906702,       2.143126902,       2.314415641
          0,           0,        2918,      -1.548360677,       1.163955177,       1.085029222,       3.924579008,       2.142851079,       2.314430727
          0,           0,        2919,      -1.654122435,       1.012200906,      0.5839180983,       3.759880359,       2.142575569,       2.314591455
          0,           0,        2920,      -1.654672071,       1.011366273,      0.5756277147,       3.753377142,       2.142300376,       2.314381962
          0,           0,        2921,      -1.654509065,       1.011677154,      0.5770251543,       3.751401432,       2.142025502,       2.314333445
          0,           0,        2922,      -1.654399393,       1.011898618,        0.57760226,       3.757374999,       2.141750952,       2.314331978
          0,           0,        2923,      -1.654808326,       1.011247021,      0.5712043194,       3.752502707,       2.141476728,       2.314322654
          0,           0,        2924,      -1.654907478,       1.011120907,      0.5689267339,       3.750626348,       2.141202834,        2.31433263
          0,           0,        2925,      -1.654707812,        1.01150586,      0.5705105225,       3.753752975,       2.140929273,       2.314523275
          0,           0,        2926,      -1.654837225,       1.011325812,      0.5676632831,       3.751517764,       2.140656049,       2.314321123
          0,           0,        2927,      -1.654536021,       1.011884856,      0.5706196671,        3.75254215,       2.140383163,       2.314269348
          0,           0,        2928,      -1.654722032,       1.011608411,      0.5670591948,       3.751607883,       2.140110619,       2.314298132
          0,           0,        2929,      -1.654100356,       1.012716748,      0.5744458747,       3.754494472,       2.139838421,       2.314455375
          0,           0,        2930,      -1.654120891,       1.012719421,       0.573768508,       3.753083692,       2.139566571,       2.314262802
          0,           0,        2931,      -1.653977046,       1.013009198,      0.5736185303,       3.754614659,       2.139295073,       2.314220042
          0,           0,        2932,      -1.654211365,       1.012639359,      0.5685981935,        3.75249824,        2.13902393,       2.314250992
          0,           0,        2933,      -1.653936458,       1.013139154,      0.5717753444,       3.755462515,       2.138753145,       2.314364983
          0,           0,        2934,      -1.653951333,       1.013151998,      0.5712591873,       3.753856004,       2.138482722,       2.314199828
          0,           0,        2935,      -1.654504131,       1.012275527,      0.5601865376,       3.753036644,       2.138212663,       2.314187211
          0,           0,        2936,       -1.65386743,       1.013393486,      0.5676579593,       3.755657617,       2.137942971,       2.314181042
          0,           0,        2937,      -1.653955321,        1.01325212,      0.5651162407,       3.755193507,       2.137673652,       2.314239345
          0,           0,        2938,      -1.651514798,        1.01729214,      0.6015492067,       3.759468276,       2.137404708,       2.314160024
          0,           0,        2939,      -1.647145003,       1.024736772,      0.6523837258,       3.767772094,       2.137136141,       2.314236687
          0,           0,        2940,      -1.617677359,       1.070347959,       0.858147939,       3.819223327,       2.136867956,       2.314153238
          0,           0,        2941,      -1.603261564,       1.089117865,      0.9197559391,       3.846373218,       2.136600155,       2.314220035
          0,           0,        2942,      -1.652995694,       1.014957124,      0.5695380826,       3.758056219,        2.13633274,       2.314118722
          0,           0,        2943,      -1.653143892,        1.01473819,      0.5664938188,        3.75606815,       2.136065716,       2.314146805
          0,           0,        2944,      -1.652708799,       1.015486677,      0.5707706602,       3.756533261,       2.135799085,       2.314105218
          0,           0,        2945,      -1.652843817,       1.015280558,      0.5676876754,       3.755638821,        2.13553285,       2.314208204
          0,           0,        2946,      -1.652437028,       1.015986652,      0.5716327252,       3.758267029,       2.135267014,       2.314070748
          0,           0,        2947,      -1.652630129,       1.015687348,      0.5678981615,       3.755841758,        2.13500158,       2.314063393
          0,           0,        2948,      -1.652006065,       1.016766378,      0.5749295477,       3.756334689,       2.134736552,       2.314057615
          0,           0,        2949,      -1.652082147,        1.01666148,      0.5732140222,       3.756454066,       2.134471932,       2.314195772
          0,           0,        2950,       -1.65184363,        1.01708186,      0.5739423867,       3.759152744,       2.134207723,       2.314021301
          0,           0,        2951,        -1.6522587,       1.016396601,      0.5661328732,       3.757226822,       2.133943927,       2.313986909
          0,           0,        2952,      -1.652287903,       1.016359931,      0.5639813856,        3.75585353,       2.133680549,       2.314013476
          0,           0,        2953,      -1.651713655,       1.017352087,      0.5705516285,        3.75926446,       2.133417591,       2.314170206
          0,           0,        2954,      -1.650482606,       1.019447039,      0.5879110568,       3.759958446,       2.133155056,       2.313964938
          0,           0,        2955,      -1.644618546,       1.028880478,      0.6624051838,       3.773456893,       2.132892947,       2.313921156
          0,           0,        2956,      -1.646975566,       1.024841808,      0.6330803351,       3.770727863,       2.132631268,       2.313924409
          0,           0,        2957,      -1.651467753,       1.017858461,      0.5670639486,       3.759193889,       2.132370021,       2.313933429
          0,           0,        2958,      -1.651768189,       1.017346542,       0.560245257,       3.757419866,       2.132109209,       2.313904192
          0,           0,        2959,      -1.651604404,       1.017617034,      0.5607976933,       3.758852817,       2.131848835,       2.314051163
          0,           0,        2960,      -1.651153959,       1.018377926,      0.5654759749,       3.758058256,       2.131588902,        2.31389975
          0,           0,        2961,       -1.65083961,       1.018906783,      0.5689227312,       3.758748696,       2.131329412,       2.313898053
          0,           0,        2962,      -1.650903945,       1.018817703,      0.5663372173,       3.760164867,       2.131070369,       2.313862537
          0,           0,        2963,      -1.651244697,       1.018264155,      0.5581064225,       3.759339022,       2.130811774,       2.313965365
          0,           0,        2964,      -1.650695167,       1.019195334,      0.5643042936,       3.760718089,       2.130553631,       2.313845476
          0,           0,        2965,      -1.649561263,       1.021097853,      0.5803784581,        3.76395262,       2.130295943,       2.313860736
          0,           0,        2966,      -1.629586145,       1.052634835,      0.7760587837,       3.802293426,       2.130038713,       2.313809785
          0,           0,        2967,       -1.61971388,       1.066796023,      0.8340022311,       3.819393511,       2.129781942,       2.313888642
          0,           0,        2968,      -1.649783281,       1.020707598,      0.5692480747,       3.763227914,       2.129525635,       2.313788355
          0,           0,        2969,      -1.649557816,       1.021076036,      0.5704571849,       3.760852631,       2.129269794,       2.313818819
          0,           0,        2970,      -1.649355685,       1.021399121,      0.5713367032,        3.76146174,       2.129014421,       2.313753671
          0,           0,        2971,      -1.649427751,       1.021266921,      0.5680938627,       3.763372604,       2.128759519,       2.313814713
          0,           0,        2972,      -1.649328427,       1.021430417,      0.5685489068,       3.761705933,       2.128505091,       2.313730775
          0,           0,        2973,      -1.648917011,       1.022117791,      0.5715762022,       3.764183041,        2.12825114,       2.313776463
          0,           0,        2974,      -1.649297429,       1.021470148,      0.5636252079,       3.761957896,       2.127997669,       2.313696505
          0,           0,        2975,      -1.649259863,       1.021525673,      0.5619632954,       3.761541754,       2.127744679,        2.31374058
          0,           0,        2976,      -1.648743058,       1.022391652,      0.5674206095,       3.762485285,       2.127492175,       2.313670979
          0,           0,        2977,      -1.647294653,       1.024808094,      0.5881438291,       3.766225092,       2.127240158,       2.313732701
          0,           0,        2978,      -1.608793055,       1.083970385,      0.8812587168,       3.836069445,       2.126988632,        2.31363667
          0,           0,        2979,       -1.57717108,       1.126814903,      0.9966135636,       3.885182846,       2.126737598,       2.313664594
          0,           0,        2980,      -1.647337576,       1.024638392,      0.5776125856,       3.769962089,        2.12648706,       2.313610659
          0,           0,        2981,      -1.647256172,       1.024773613,      0.5769359848,       3.764824122,       2.126237021,       2.313691766
          0,           0,        2982,      -1.647184697,       1.024880979,      0.5758474665,        3.76600451,       2.125987481,       2.313577443
          0,           0,        2983,      -1.647114397,       1.024989647,      0.5748172074,        3.76857098,       2.125738446,        2.31358801
          0,           0,        2984,       -1.64746848,       1.024390958,      0.5675990256,       3.765775722,       2.125489916,       2.313551441
          0,           0,        2985,      -1.647539562,       1.024260433,      0.5645128187,       3.765970125,       2.125241894,       2.313655022
          0,           0,        2986,      -1.647000323,       1.025152977,      0.5701166674,       3.765776001,       2.124994384,       2.313518473
          0,           0,        2987,      -1.646848232,       1.025392183,      0.5713365516,       3.768572621,       2.124747387,       2.313510186
          0,           0,        2988,      -1.646612566,        1.02577093,      0.5712342336,       3.768013554,       2.124500906,       2.313492554
          0,           0,        2989,      -1.646728731,       1.025561743,       0.567035667,       3.766777781,       2.124254944,       2.313621465
          0,           0,        2990,      -1.646158646,         1.0264891,      0.5745627672,       3.767512693,       2.124009503,       2.313458138
          0,           0,        2991,      -1.645305686,       1.027829326,      0.5874818656,       3.770268172,       2.123764586,       2.313431625
          0,           0,        2992,      -1.646427407,       1.025992712,      0.5661486324,        3.76980229,       2.123520194,       2.313436335
          0,           0,        2993,      -1.646265335,       1.026294331,      0.5642011613,       3.771563735,       2.123276332,       2.313590584
          0,           0,        2994,      -1.646476056,       1.025899179,      0.5585317706,       3.767675185,       2.123033001,       2.313397521
          0,           0,        2995,      -1.645840663,       1.026936742,      0.5654834112,       3.767921082,       2.122790204,       2.313352019
          0,           0,        2996,      -1.645602607,       1.027296128,      0.5673258792,       3.768627717,       2.122516303,       2.313399489
          0,           0,        2997,      -1.628770547,       1.053754203,       0.750408629,       3.801294147,       2.122175139,        2.31362927
          0,           0,        2998,      -1.544159473,       1.172671972,       1.079308884,       3.929222884,       2.121869307,        2.31346401
          0,           0,        2999,      -1.535186647,       1.184962274,       1.101813441,       3.944244419,       2.121629112,       2.313517773
