"Time_Iter","Outer_Iter","Inner_Iter",    "rms[Rho]"    ,    "rms[RhoU]"   ,    "rms[RhoV]"   ,    "rms[RhoE]"   ,     "rms[k]"     ,     "rms[w]"     
          0,           0,           0,     -0.1752264846,       2.641910894,       2.083801035,       5.295763002,       3.393573354,       3.817602767
          0,           0,           1,     -0.3359872442,       2.470607348,       1.904369531,       5.140406772,         3.2589461,       3.422464917
          0,           0,           2,      -0.484980307,       2.305962394,       1.765440279,       4.996771649,       3.117185834,       3.118332921
          0,           0,           3,     -0.6015468887,       2.161676418,       1.671850842,       4.877544943,       2.977667453,       2.956359791
          0,           0,           4,     -0.6797367513,       2.057004943,       1.616775747,        4.78987612,       2.848959329,       2.857816389
          0,           0,           5,     -0.7296716029,       1.988261455,       1.584192384,       4.731709847,       2.736171142,       2.811458837
          0,           0,           6,     -0.7697263072,       1.934737534,       1.564019411,        4.67737009,       2.639884862,       2.863176838
          0,           0,           7,     -0.8170845836,       1.891693981,       1.527268638,       4.624940309,       2.557381037,       2.897130593
          0,           0,           8,     -0.8722142223,       1.842104948,       1.517926383,       4.574297847,       2.478232186,       2.899368151
          0,           0,           9,     -0.9404110978,        1.77665996,        1.44783195,       4.508574512,       2.414140458,       2.841649559
          0,           0,          10,      -1.012994347,       1.717635216,       1.467186842,       4.477972828,       2.362185091,       2.911616996
          0,           0,          11,      -1.070843229,       1.674640396,       1.490000481,       4.426737606,       2.319391831,       3.148265595
          0,           0,          12,      -1.130962887,       1.645576033,       1.394081645,       4.396693621,       2.284151453,       3.281652028
          0,           0,          13,       -1.19009278,       1.628460359,        1.34880767,       4.344531109,       2.254885343,       3.341325016
          0,           0,          14,      -1.226839434,       1.611613121,       1.299516371,       4.315836005,        2.22989028,       3.300504791
          0,           0,          15,       -1.24043553,       1.606155566,       1.309938933,       4.356738615,       2.208512374,       3.189330694
          0,           0,          16,      -1.225822325,       1.612596523,       1.416530917,       4.366755656,       2.190543433,       3.053106986
          0,           0,          17,       -1.18183456,       1.628313342,       1.574291522,       4.399381657,        2.17697173,       2.998263596
          0,           0,          18,      -1.170422199,       1.612504844,       1.602363562,       4.406022286,       2.164963565,       3.163072793
          0,           0,          19,      -1.208122988,       1.612203625,       1.465117527,       4.359168868,       2.156922254,       3.181947263
          0,           0,          20,      -1.254455678,       1.600596048,        1.41846031,       4.339675912,       2.152197641,       3.027021424
          0,           0,          21,      -1.279701638,       1.590003026,         1.3646523,       4.302457158,        2.15059659,       2.927386478
          0,           0,          22,       -1.27829488,       1.593243738,       1.349246789,        4.31277801,       2.152771091,       3.104476599
          0,           0,          23,      -1.258144032,       1.599788914,       1.407922752,       4.331672598,       2.158094134,       3.272518269
          0,           0,          24,      -1.227562196,       1.593964509,       1.559000757,       4.345735185,       2.161285202,       3.287722038
          0,           0,          25,      -1.202798757,       1.590473858,       1.545768714,       4.367009259,       2.163212372,       3.255626198
          0,           0,          26,      -1.281027895,       1.584788151,       1.402615616,        4.30120555,       2.162955568,       3.241993731
          0,           0,          27,      -1.309965138,       1.579313358,       1.344682062,        4.30394145,        2.15930551,       3.123431527
          0,           0,          28,      -1.265589934,       1.596392751,       1.380117253,       4.328456435,       2.153363316,       3.022281895
          0,           0,          29,      -1.233184022,        1.61962733,       1.447358239,       4.356870007,       2.146429652,        3.05744545
          0,           0,          30,      -1.263062726,       1.608184407,       1.395244723,       4.327282693,       2.134675813,       3.136900168
          0,           0,          31,      -1.253089487,       1.592558752,       1.549201084,       4.340343354,       2.120345019,       3.171463115
          0,           0,          32,      -1.190157897,       1.587660867,        1.61215229,       4.389044929,       2.105772741,       3.160145895
          0,           0,          33,      -1.241009451,         1.5917422,       1.448027224,       4.347689965,       2.090735388,       3.234886114
          0,           0,          34,      -1.287920523,       1.591506479,       1.411196673,       4.325756685,       2.078015346,        3.11035038
          0,           0,          35,      -1.270131654,       1.595623304,       1.412824233,       4.334167759,       2.068310616,       2.989695752
          0,           0,          36,      -1.291334205,        1.58858711,       1.350334047,       4.304401048,       2.057951584,        3.02213845
          0,           0,          37,      -1.322741853,       1.581119964,       1.281630985,       4.280454347,        2.04828602,       3.186345985
          0,           0,          38,      -1.300676085,       1.581440749,       1.350392118,       4.306295712,       2.041410838,       3.244302502
          0,           0,          39,       -1.22881293,       1.597202915,       1.554002508,       4.367728506,       2.037203208,       3.205315242
          0,           0,          40,      -1.194342231,       1.601279455,       1.609438212,        4.38251311,       2.031768005,       3.240563763
          0,           0,          41,      -1.256916706,       1.593255749,       1.435248657,       4.328649416,       2.025293877,       3.212417121
          0,           0,          42,      -1.281857007,       1.587397948,       1.397403182,       4.327612132,       2.020979643,       3.096077121
          0,           0,          43,      -1.270269393,       1.592294062,       1.403695872,       4.326333425,       2.018524121,       2.988224002
          0,           0,          44,      -1.305361112,       1.584160725,       1.332102663,       4.279668636,       2.014230697,        3.00514089
          0,           0,          45,      -1.294276789,       1.585184603,       1.410533138,       4.286599466,       2.009825022,       3.131583692
          0,           0,          46,      -1.229237604,       1.584241927,       1.578540522,       4.358056738,       2.005664897,       3.154922547
          0,           0,          47,      -1.212181568,        1.58695381,       1.534784644,       4.370940373,        2.00277917,       3.167909134
          0,           0,          48,      -1.265444602,       1.585029344,        1.44167971,        4.32312956,       2.000222063,       3.226704565
          0,           0,          49,       -1.29868783,       1.582205423,       1.384593437,       4.303948045,        1.99645418,       3.112977586
          0,           0,          50,      -1.280823621,       1.593255913,       1.394593717,       4.323960466,       1.994162975,       3.005801886
          0,           0,          51,      -1.271567326,       1.602813722,       1.413678645,       4.326425636,       1.994147557,        3.12596429
          0,           0,          52,      -1.293975316,       1.594417741,       1.366941778,       4.301452421,       1.990510518,       3.209997365
          0,           0,          53,      -1.287554408,       1.584958367,       1.483886018,       4.305738596,       1.984488918,       3.236471353
          0,           0,          54,      -1.221327377,       1.583687112,       1.596897517,       4.364829932,       1.980414771,       3.157959717
          0,           0,          55,      -1.218500556,       1.590851222,       1.494610211,       4.373127521,       1.978670493,       3.248015778
          0,           0,          56,      -1.258021836,       1.599875639,       1.455328495,       4.327498383,       1.972913203,       3.265596801
          0,           0,          57,      -1.290564552,       1.590943874,       1.391410819,       4.299712933,       1.964267012,       3.180130774
          0,           0,          58,      -1.304226976,        1.59159211,       1.336777181,       4.302022154,       1.957194394,       3.108540907
          0,           0,          59,      -1.271420049,       1.604084845,       1.393359781,       4.318250355,       1.954656136,       3.172483134
          0,           0,          60,      -1.272812168,       1.596921567,       1.372963567,       4.315892098,       1.948303208,       3.226416637
          0,           0,          61,      -1.265166262,       1.592955028,        1.51903928,       4.324586529,        1.93834286,       3.212052955
          0,           0,          62,       -1.21103788,       1.597567368,       1.606045832,        4.36687778,       1.932169483,       3.190619675
          0,           0,          63,      -1.224359242,       1.602698245,       1.473812671,       4.351706369,       1.932062559,       3.274699413
          0,           0,          64,      -1.240997273,       1.601768708,       1.465540598,        4.34082164,       1.927360143,       3.251797859
          0,           0,          65,      -1.290496644,       1.591989163,       1.367044077,       4.296707428,       1.919740075,        3.17046806
          0,           0,          66,      -1.316283192,       1.588743827,       1.295797236,        4.27617899,       1.917521834,       3.089488057
          0,           0,          67,      -1.276407194,       1.600149116,       1.373686321,        4.30180828,       1.921316301,        3.15313394
          0,           0,          68,      -1.264712185,       1.603621985,       1.403422339,       4.327261478,       1.920450283,       3.174106096
          0,           0,          69,      -1.266234041,       1.592939269,       1.544005137,       4.319394585,       1.917064468,       3.167308706
          0,           0,          70,      -1.214276633,       1.588070193,       1.595495717,        4.36344186,       1.917151626,       3.239983164
          0,           0,          71,      -1.239375841,       1.592684649,       1.439371916,       4.344288072,       1.921534705,       3.322169391
          0,           0,          72,      -1.299461762,       1.588085765,       1.377977968,       4.282958609,       1.922468534,       3.278006158
          0,           0,          73,      -1.300867391,       1.585299784,       1.345354798,       4.276031657,       1.920517512,        3.16961518
          0,           0,          74,       -1.26132286,       1.596907126,       1.388600557,       4.321642091,       1.921635677,       3.025571299
          0,           0,          75,      -1.253216531,       1.607996627,       1.418690246,       4.327965519,       1.925906406,        3.09616515
          0,           0,          76,      -1.277103913,       1.602303397,       1.396360639,       4.307180552,       1.925961169,       3.162091566
          0,           0,          77,      -1.263091108,       1.589845171,       1.534623935,       4.315947983,        1.92387073,       3.135903643
          0,           0,          78,      -1.213992858,       1.587625861,        1.59003217,       4.361397779,       1.923595562,       3.227936118
          0,           0,          79,      -1.230672624,       1.593677608,       1.452117535,       4.354127933,       1.925025314,       3.297255506
          0,           0,          80,      -1.264489743,       1.591568627,       1.414244752,       4.321877958,       1.923865512,       3.214783054
          0,           0,          81,      -1.294605592,       1.593105999,       1.355081141,       4.290851808,       1.920302305,       3.115791425
          0,           0,          82,      -1.310504047,       1.590074138,       1.303092755,       4.286995327,       1.920062705,       3.038146953
          0,           0,          83,      -1.271117578,       1.598930097,       1.378306192,       4.319159635,       1.923079188,       3.112915226
          0,           0,          84,      -1.259670777,         1.6039701,       1.427632262,       4.332896534,       1.922496907,       3.159923998
          0,           0,          85,      -1.260382653,       1.596726593,       1.521055973,       4.328124308,       1.921424101,       3.070087709
          0,           0,          86,      -1.217959949,       1.595297162,       1.583442604,        4.36819931,        1.92224025,       3.211798029
          0,           0,          87,       -1.25401163,       1.598387756,       1.428530091,       4.342043537,       1.925719093,       3.245806927
          0,           0,          88,      -1.292497868,       1.602861886,       1.385718247,       4.292949783,       1.926922009,       3.141678792
          0,           0,          89,      -1.285590494,       1.605148735,       1.387143659,       4.296922708,       1.927138086,       3.002040459
          0,           0,          90,      -1.259144838,       1.607753013,       1.414020106,       4.339420431,       1.929296995,       2.978756091
          0,           0,          91,      -1.253204391,       1.610443401,       1.458749317,       4.349717449,       1.935482846,       3.101196175
          0,           0,          92,      -1.245124112,        1.60190508,       1.572902434,        4.35273211,       1.935209376,       3.129704668
          0,           0,          93,      -1.244284486,       1.593362031,        1.50663529,       4.341301073,       1.933474402,       3.160403056
          0,           0,          94,      -1.292504873,       1.593564862,       1.401563846,       4.303099166,       1.932852572,       3.241349171
          0,           0,          95,      -1.256728741,       1.616743728,       1.451809591,       4.352899397,        1.93541507,       3.132091333
          0,           0,          96,      -1.280176999,        1.61318467,       1.405337575,       4.336048576,        1.93112067,       3.008957392
          0,           0,          97,      -1.304547926,       1.606880914,       1.353451095,       4.306334785,       1.924854928,       3.106276121
          0,           0,          98,      -1.311756535,       1.596627766,        1.30706339,       4.305368138,       1.918289304,       3.194792739
          0,           0,          99,      -1.236504837,       1.608431638,       1.536902487,       4.357825744,       1.916824875,       3.223983849
          0,           0,         100,       -1.20767801,       1.608176893,       1.613707715,       4.385096144,       1.906608048,       3.157234683
          0,           0,         101,      -1.234657916,       1.602094964,       1.483065047,       4.355966128,       1.894833953,       3.251562021
          0,           0,         102,      -1.294994775,       1.593855888,       1.406358656,       4.323418855,       1.882933299,       3.259514674
          0,           0,         103,      -1.281035867,       1.612278981,       1.421790598,       4.320343013,       1.876889819,       3.174416446
          0,           0,         104,      -1.325953152,       1.599114213,       1.320463779,       4.289466525,       1.863788721,       3.113710697
          0,           0,         105,      -1.357345986,       1.587047442,       1.249887927,       4.268693286,       1.849880627,       3.175394093
          0,           0,         106,      -1.314007432,       1.591209048,       1.328739825,       4.292512438,       1.837599439,       3.226005484
          0,           0,         107,      -1.248667651,       1.604734847,       1.563637602,       4.350887665,       1.836265297,       3.208350291
          0,           0,         108,      -1.216351762,       1.594978276,        1.60852332,       4.377055275,       1.827929214,       3.203852141
          0,           0,         109,      -1.307648072,       1.582449129,       1.368347111,       4.288441222,       1.821948829,       3.276377708
          0,           0,         110,      -1.352875764,       1.578775123,       1.327140466,       4.260558818,       1.821680011,       3.219864398
          0,           0,         111,      -1.278423501,       1.595603573,        1.41494076,       4.337349448,        1.83350942,       3.132645834
          0,           0,         112,      -1.306870043,       1.589178818,       1.349684731,       4.320056897,        1.83985922,       3.073451821
          0,           0,         113,       -1.29398414,       1.608062634,        1.37717723,       4.320492459,       1.847682425,       3.149560011
          0,           0,         114,      -1.312173059,        1.59670392,       1.369556965,       4.309235898,       1.857316424,       3.173913149
          0,           0,         115,      -1.241434484,       1.605089922,       1.573196312,       4.355545508,       1.875834403,       3.152027706
          0,           0,         116,      -1.218769074,       1.595385311,       1.601791925,       4.382696345,       1.866050923,       3.214940321
          0,           0,         117,      -1.370535775,        1.45780434,       1.384659827,       4.260613694,       1.853208759,       3.109513205
          0,           0,         118,      -1.522706855,       1.380914015,       1.247920532,       4.112637762,       1.857926584,       2.964430595
          0,           0,         119,      -1.497554933,       1.300983901,       1.204908879,       4.128701286,       1.864783975,       2.929767122
          0,           0,         120,      -1.484558286,       1.348318965,       1.178750638,       4.159296786,       1.873375856,       2.859231623
          0,           0,         121,      -1.463680253,       1.451499914,       1.146000766,       4.175588316,       1.884539783,       2.801143238
          0,           0,         122,      -1.423709109,       1.478318528,       1.175186497,       4.222320635,       1.898176323,       2.854969278
          0,           0,         123,      -1.381679211,       1.537979454,        1.25056738,       4.270327649,       1.914048507,       3.019366524
          0,           0,         124,      -1.338234711,       1.575550384,       1.306817801,       4.289618391,       1.926574344,       2.996041946
          0,           0,         125,      -1.285757363,       1.594375819,       1.405522755,       4.329382912,       1.937539432,       2.906551291
          0,           0,         126,      -1.268617706,        1.59033017,       1.565295017,       4.349419574,       1.938251094,       2.867452499
          0,           0,         127,      -1.221824034,       1.583003936,       1.615330699,       4.378803731,       1.919180908,       3.096293079
          0,           0,         128,      -1.397519391,       1.477785691,       1.371250656,       4.230101192,       1.905450193,       3.145459516
          0,           0,         129,      -1.506585396,       1.187269673,       1.271698814,        4.13300036,       1.901067458,       2.997809236
          0,           0,         130,      -1.557987925,        1.33638441,       1.196988354,       4.059857067,       1.902244272,       2.920444022
          0,           0,         131,      -1.608435955,       1.127118262,       1.119240611,       4.018730358,       1.903471625,       2.882060681
          0,           0,         132,      -1.610883733,       1.248077521,       1.060760912,       4.035884165,       1.904925423,        2.86200049
          0,           0,         133,      -1.492718579,       1.237464689,       1.172787727,       4.125412687,       1.906584571,       2.865779601
          0,           0,         134,      -1.524659986,       1.248996386,        1.12633407,       4.145583979,        1.90856656,       2.894613812
          0,           0,         135,      -1.515590526,       1.369755716,         1.1018799,       4.168608259,       1.911070899,       2.950571782
          0,           0,         136,      -1.457346895,       1.396404442,       1.173291217,       4.214914536,       1.913780069,       3.030034445
          0,           0,         137,      -1.413803242,       1.477965016,       1.230530636,       4.229225158,       1.917151006,       3.036535553
          0,           0,         138,      -1.350824674,       1.525362179,       1.307101691,       4.273535848,       1.921015155,       2.988641949
          0,           0,         139,      -1.311960294,       1.571025149,        1.38409305,       4.305898164,       1.924909469,       2.916150481
          0,           0,         140,      -1.313297602,       1.574160219,       1.393195188,       4.327564625,       1.918906406,        2.86144731
          0,           0,         141,      -1.262558914,       1.574507065,       1.579471866,       4.360329177,        1.91206956,       3.012381699
          0,           0,         142,      -1.228116445,       1.580018263,       1.556009511,       4.373529876,       1.886942408,       3.232833599
          0,           0,         143,      -1.376252882,       1.456451635,       1.374980773,       4.236838303,       1.868914357,       3.187082004
          0,           0,         144,      -1.521507113,       1.370836524,       1.246334744,       4.110796694,       1.862982326,       3.044874578
          0,           0,         145,      -1.579535169,       1.212026637,       1.184901634,       4.046603334,       1.863374869,        2.97158951
          0,           0,         146,      -1.618818858,       1.138661479,       1.112965516,       4.018050179,       1.863919894,       2.928270323
          0,           0,         147,       -1.60934273,       1.140638008,       1.078235294,       4.035588744,       1.864556476,       2.897785985
          0,           0,         148,      -1.553891387,        1.09138862,       1.123445551,       4.109923754,       1.865602622,       2.895026014
          0,           0,         149,      -1.499362952,        1.18876651,       1.190508701,       4.173711624,       1.867469976,       2.938952376
          0,           0,         150,      -1.486461788,       1.299901374,       1.173549617,       4.189566305,       1.870702633,       3.022945773
          0,           0,         151,      -1.489298272,       1.315455243,       1.136885068,       4.192482488,       1.875332064,       3.098053195
          0,           0,         152,      -1.450323916,       1.459880529,       1.168549626,       4.223110123,       1.882636379,       3.124961843
          0,           0,         153,      -1.356699056,       1.511459545,       1.314768531,       4.278977105,       1.898334304,       3.085868827
          0,           0,         154,      -1.329102825,       1.543075851,       1.396438558,       4.313204528,       1.904472817,        3.02446243
          0,           0,         155,      -1.285336455,       1.549837628,        1.53815653,         4.3535043,       1.906741258,       3.061521219
          0,           0,         156,      -1.277626661,       1.558549653,        1.49561516,       4.337097465,       1.892975303,       3.263556393
          0,           0,         157,      -1.428233396,       1.457790518,        1.35109361,       4.196325026,       1.882095103,       3.201886592
          0,           0,         158,      -1.518341108,       1.163980382,       1.247183079,         4.1261704,       1.878748305,       3.030148414
          0,           0,         159,      -1.597928195,        1.29596169,       1.159162351,       4.048418356,       1.881114214,        2.93153113
          0,           0,         160,      -1.609184907,       1.064458441,       1.115373045,       4.032963903,       1.884069367,       2.872865586
          0,           0,         161,      -1.585246217,       1.217730358,       1.106227926,       4.053945737,       1.887915811,       2.836008384
          0,           0,         162,      -1.520054853,       1.206087864,       1.160306426,       4.143744178,        1.89281426,       2.852648927
          0,           0,         163,       -1.54822103,       1.216390219,       1.112750536,       4.128447105,       1.899089261,       2.906468728
          0,           0,         164,      -1.502949638,       1.352991416,       1.133642372,       4.190351001,       1.907068666,       2.987870232
          0,           0,         165,      -1.456970893,       1.373996369,       1.172548547,       4.223276577,       1.916482913,       3.065403514
          0,           0,         166,      -1.430400599,       1.460361918,       1.197113735,       4.228207125,       1.927295448,       3.092166911
          0,           0,         167,      -1.422527407,       1.489542985,        1.19222721,       4.244212107,       1.918637035,       3.048763229
          0,           0,         168,      -1.533624356,       1.318730718,       1.149061456,       4.160401404,       1.922222879,       2.900501733
          0,           0,         169,      -1.476842997,       1.372852974,       1.351406757,       4.190811646,       1.929827542,        2.87042785
          0,           0,         170,      -1.399676432,       1.455608176,       1.406741965,       4.243719795,       1.938251228,       2.985589785
          0,           0,         171,      -1.351916467,       1.489659691,       1.369955192,       4.294007904,       1.947867517,       3.140006222
          0,           0,         172,      -1.360588903,       1.543404799,       1.319919202,        4.29760513,        1.93323022,       3.214422883
          0,           0,         173,      -1.477924033,        1.45073919,       1.267803114,        4.18119248,       1.921692438,         3.0565497
          0,           0,         174,      -1.529103555,       1.172906581,        1.23313386,       4.119808647,       1.923068903,       2.888408853
          0,           0,         175,       -1.61838922,       1.267933772,       1.096905463,       4.068066494,       1.925558205,        2.82298841
          0,           0,         176,      -1.598076671,       1.294950218,       1.060953264,       4.120981836,       1.928376379,       2.798871072
          0,           0,         177,      -1.505514693,       1.327110878,       1.146757632,       4.202622073,       1.931407877,       2.886696333
          0,           0,         178,      -1.412746467,       1.466099195,       1.259487887,       4.256928132,       1.934300256,       2.998590748
          0,           0,         179,      -1.419392848,       1.490444936,       1.251636115,       4.259328764,        1.93563694,       3.027142924
          0,           0,         180,      -1.412749543,       1.532932577,        1.24023232,        4.27452719,        1.93301605,       2.985376865
          0,           0,         181,      -1.335646798,       1.557080719,       1.499299076,       4.319040581,       1.922381457,       3.000256938
          0,           0,         182,       -1.25435456,       1.563553825,       1.591317489,       4.365520012,       1.896496249,       3.205194053
          0,           0,         183,      -1.415992334,       1.459954222,       1.363065375,       4.241783397,       1.878001487,       3.134464014
          0,           0,         184,      -1.504513019,       1.158696477,       1.285703019,       4.146286367,       1.870577713,       2.972088312
          0,           0,         185,      -1.625117352,       1.300691064,       1.170916794,       4.025988825,       1.869967927,       2.866149938
          0,           0,         186,      -1.641987854,        1.05236769,       1.120084052,       4.011319536,       1.869180676,       2.812735035
          0,           0,         187,      -1.648380057,       1.211740879,       1.079582733,       3.996485947,        1.86828109,       2.776300598
          0,           0,         188,       -1.60102342,       1.202164036,       1.081552658,       4.053985823,       1.867149305,       2.745596857
          0,           0,         189,      -1.555165017,       1.241340146,       1.122441523,       4.131255628,       1.865854528,       2.762123804
          0,           0,         190,      -1.530510698,       1.370158773,       1.118381293,       4.177309967,       1.864545275,       2.847866287
          0,           0,         191,      -1.504515249,         1.3883459,       1.115249889,       4.188259931,       1.862881936,       2.974276106
          0,           0,         192,      -1.423986368,       1.472605677,       1.225476453,       4.227196229,       1.860977598,       3.029324398
          0,           0,         193,      -1.370228254,       1.502869348,       1.282825475,       4.263077896,       1.859417788,       3.031786226
          0,           0,         194,      -1.313428927,       1.564130462,       1.381869713,       4.308931651,       1.861312433,         3.0206212
          0,           0,         195,      -1.303933994,       1.587495987,       1.418899282,       4.332176645,       1.833676835,       2.969763747
          0,           0,         196,      -1.359957344,        1.45660748,       1.454010465,       4.287420599,       1.808112395,       2.806104942
          0,           0,         197,      -1.540153131,       1.364220686,       1.159262269,       4.090702796,       1.807593869,       2.730775922
          0,           0,         198,      -1.583914796,       1.243116523,       1.101572636,       4.088125231,       1.808841985,       2.727435225
          0,           0,         199,      -1.585502441,       1.304075091,       1.050856186,       4.086342765,       1.811695035,       2.800633526
          0,           0,         200,       -1.49009109,       1.421476541,        1.15404585,       4.161729112,       1.817333132,       2.745085129
          0,           0,         201,      -1.372003716,       1.453147636,       1.434316424,       4.243311798,        1.82496831,       2.846073667
          0,           0,         202,      -1.290881225,       1.522268098,       1.569746701,       4.313036364,       1.837153878,       3.091183273
          0,           0,         203,      -1.254351818,       1.567443058,       1.511598255,       4.350522353,       1.824368186,       3.237009629
          0,           0,         204,      -1.325363889,       1.469992891,       1.459192206,       4.303200159,       1.810919841,       3.148429024
          0,           0,         205,      -1.482106872,       1.363656989,       1.307302713,        4.15793487,       1.802832328,       2.920668546
          0,           0,         206,      -1.581676437,       1.175923142,       1.229107258,        4.05828409,       1.804910393,       2.831509924
          0,           0,         207,       -1.57178815,        1.11174874,       1.200316859,       4.049404147,       1.807997954,       2.783391011
          0,           0,         208,      -1.574019738,       1.078703324,       1.173579572,       4.090716758,       1.811571667,       2.772329244
          0,           0,         209,      -1.593138252,       1.024278907,       1.139333193,       4.068607656,       1.815818234,       2.822880122
          0,           0,         210,      -1.547814056,       1.035256508,       1.170354301,       4.099239216,       1.821048337,        2.93431231
          0,           0,         211,      -1.522607789,       1.018750541,       1.189957774,       4.149966048,       1.827358528,       3.055744208
          0,           0,         212,      -1.506197285,       1.150791099,       1.183088231,       4.190939458,       1.835224969,       3.142544904
          0,           0,         213,      -1.469169563,       1.383238078,       1.203077095,       4.200835734,       1.846172997,       3.171895073
          0,           0,         214,      -1.418316559,        1.43153975,       1.234635417,       4.236892564,       1.859496434,       3.164022679
          0,           0,         215,      -1.300020977,       1.542531757,       1.432632195,       4.344041148,       1.876300603,       3.187961237
          0,           0,         216,      -1.259120187,        1.56099805,       1.568592387,       4.402512136,       1.880591123,       3.189210956
          0,           0,         217,      -1.250308436,       1.559129502,       1.535593053,        4.39730792,       1.879977385,       3.291620013
          0,           0,         218,       -1.30533189,       1.552284617,       1.411533585,       4.347153404,       1.872646863,       3.299244933
          0,           0,         219,      -1.331729666,       1.564899305,       1.373893402,       4.323314755,       1.860767669,       3.182455187
          0,           0,         220,      -1.340573819,       1.563034332,       1.351733642,       4.318926142,       1.849478662,       3.094727002
          0,           0,         221,      -1.323070912,       1.576439358,       1.366075458,        4.30751485,       1.845811004,       3.100231335
          0,           0,         222,      -1.270356234,       1.581640106,       1.562168727,       4.355847668,       1.832773901,       3.173052438
          0,           0,         223,      -1.212066939,       1.586112334,       1.614744086,       4.388764231,        1.81234308,       3.254907278
          0,           0,         224,       -1.28161148,       1.573767434,       1.431439033,       4.331301269,       1.791857821,       3.256865549
          0,           0,         225,      -1.328990105,       1.576943071,       1.392986274,        4.29732081,        1.75979987,       3.089410668
          0,           0,         226,      -1.443367425,       1.466068313,       1.278171845,        4.20507533,       1.733476022,       2.853788545
          0,           0,         227,       -1.58578325,       1.155477034,       1.167703435,       4.064016848,       1.727024183,       2.607893224
          0,           0,         228,      -1.576594609,       1.301488342,        1.12720253,       4.084527596,       1.721507238,       2.693661219
          0,           0,         229,      -1.553088095,       1.352379207,       1.095691712,       4.108743753,       1.714461655,       2.904188471
          0,           0,         230,      -1.525323246,        1.38270366,       1.085258771,       4.169232659,       1.701704036,       3.039715917
          0,           0,         231,      -1.542013212,       1.159622729,        1.13817464,       4.124074264,       1.692417165,       2.997656666
          0,           0,         232,      -1.693374155,       1.253136454,      0.9546844876,          3.986849,       1.689442769,       2.929228815
          0,           0,         233,       -1.67737292,       1.061579312,      0.9971595338,        3.96236867,       1.687984035,       2.869257239
          0,           0,         234,      -1.768313166,       1.048586313,      0.8742191489,       3.873878077,       1.687443933,       2.840312565
          0,           0,         235,       -1.75478751,       1.041527156,      0.8918375348,       3.887963949,        1.68676793,        2.81405292
          0,           0,         236,      -1.807993302,       1.032997171,      0.8099770908,       3.836541355,       1.685937482,       2.804549613
          0,           0,         237,      -1.814720247,       1.024592668,      0.7950333034,       3.881629489,       1.684868208,       2.787137959
          0,           0,         238,      -1.868220442,       1.019404324,       0.695852555,       3.864519825,       1.683546051,       2.796965448
          0,           0,         239,      -1.671544845,       1.144321534,        1.06689656,       3.988414105,       1.681811874,       2.799320892
          0,           0,         240,       -1.75767309,       1.042875153,      0.9254311005,       3.959067474,       1.679635227,       2.834876877
          0,           0,         241,        -1.6142637,       1.028922231,       1.072263125,       4.048284306,       1.676701031,       2.878045322
          0,           0,         242,       -1.58944142,       1.012147058,       1.085499048,       4.081041312,       1.672915106,       2.916199408
          0,           0,         243,      -1.628626875,       0.988755991,       1.034619302,       4.058234339,       1.667635778,       2.892745878
          0,           0,         244,       -1.58325224,       1.012021231,       1.095801324,       4.107663009,       1.660759937,       2.921443894
          0,           0,         245,       -1.55065514,       1.006285268,       1.131591787,       4.146425404,        1.65134791,       2.947075091
          0,           0,         246,      -1.533756462,       1.108762874,       1.147902877,       4.157433649,       1.638560262,        2.94765457
          0,           0,         247,      -1.545034743,       1.198817811,       1.161622587,       4.104748963,       1.632037183,       2.819347283
          0,           0,         248,      -1.527312683,       1.158580844,       1.187799494,       4.097326263,       1.628590473,       2.696520693
          0,           0,         249,      -1.707446654,      0.9407819761,      0.9275334771,        3.93648376,       1.627059072,       2.628390398
          0,           0,         250,      -1.734238065,      0.9213444395,      0.8796972043,       3.911533095,       1.626302861,       2.593824479
          0,           0,         251,      -1.738552323,      0.9099243256,      0.8712308916,       3.916062574,       1.625375829,        2.56250578
          0,           0,         252,      -1.791419543,      0.8982180783,       0.785900184,        3.89109877,       1.624176282,       2.538627304
          0,           0,         253,      -1.804229468,      0.8899529799,      0.7587076316,       3.869137501,       1.622706926,       2.526478211
          0,           0,         254,      -1.850824873,       0.879185645,       0.648830317,       3.862773785,        1.62080566,       2.528124295
          0,           0,         255,      -1.832153642,      0.8725877299,      0.6968406182,       3.841031819,       1.618494291,       2.543152499
          0,           0,         256,      -1.809123846,      0.8649895169,      0.7486477996,       3.900158358,       1.615529446,       2.567414885
          0,           0,         257,      -1.694211615,      0.8770743231,      0.9424641872,        4.00076941,       1.611977618,       2.601756172
          0,           0,         258,      -1.637924373,      0.8774221069,       1.022833701,       4.053591961,       1.607432764,       2.639452023
          0,           0,         259,      -1.614495028,      0.8767396044,       1.062345684,       4.077181584,       1.601916023,       2.690042796
          0,           0,         260,      -1.602576702,      0.8674493503,       1.061514156,       4.100707294,       1.594837597,       2.729516747
          0,           0,         261,       -1.53519536,       1.053691288,        1.18019196,       4.137765059,       1.586752982,       2.747169806
          0,           0,         262,      -1.534357395,       1.040936267,       1.184278384,       4.153899489,       1.574437348,       2.655026616
          0,           0,         263,      -1.592328993,      0.9579309747,       1.118176709,       4.075991945,       1.570057664,       2.534511845
          0,           0,         264,      -1.618395605,      0.9703039615,       1.085726196,       4.075234756,       1.564305251,       2.495661778
          0,           0,         265,      -1.579606246,       1.083344813,       1.193504897,       4.095090164,       1.562773631,       2.542038448
          0,           0,         266,      -1.562006402,         1.1493497,       1.185422222,       4.119297112,       1.554198586,       2.497636643
          0,           0,         267,      -1.454814675,       1.357352465,       1.324637103,       4.199814966,       1.555256467,       2.652139489
          0,           0,         268,      -1.304115301,       1.396082486,       1.568487326,       4.324604224,       1.557508694,       2.909241383
          0,           0,         269,      -1.265651161,       1.512460099,       1.539059945,       4.352009233,       1.575214699,       3.212354324
          0,           0,         270,      -1.302549189,       1.542003869,       1.463166227,       4.322009021,       1.579414769,       3.344371963
          0,           0,         271,      -1.304964089,        1.56180865,       1.440791903,       4.308630062,       1.578892355,       3.299391029
          0,           0,         272,      -1.337089298,       1.552756678,       1.361235195,       4.299131704,       1.532523506,       3.149650656
          0,           0,         273,        -1.4632179,       1.437626407,       1.224560045,       4.186430595,       1.511249465,       3.052929103
          0,           0,         274,      -1.482697508,       1.451253577,       1.140194513,        4.16189261,       1.517018303,       3.085871008
          0,           0,         275,      -1.432807381,       1.516499125,       1.174823431,       4.214846879,       1.534887361,        3.14873161
          0,           0,         276,      -1.349662277,       1.559062856,       1.341210681,       4.290551566,       1.558442675,       3.176656023
          0,           0,         277,      -1.248593737,       1.587298896,       1.569651906,       4.364967044,       1.587835201,       3.177811741
          0,           0,         278,      -1.228045737,        1.57463243,       1.589058666,       4.375940881,       1.582087032,        3.25302222
          0,           0,         279,      -1.289901627,       1.567908404,        1.43205297,       4.336259316,       1.563408025,        3.31212596
          0,           0,         280,      -1.341765047,       1.562054131,        1.35240435,       4.287827809,       1.525464904,       3.182861803
          0,           0,         281,       -1.44912306,       1.437182829,       1.248493883,       4.206213483,       1.471622199,       2.980876299
          0,           0,         282,      -1.573452919,       1.359287739,       1.144288529,       4.089849251,       1.467003316,       2.850892749
          0,           0,         283,      -1.606167111,       1.250490791,       1.068184463,       4.076682696,        1.46914011,       2.922815926
          0,           0,         284,      -1.512322326,       1.323270371,        1.14098823,         4.1507798,        1.47264252,       3.048136015
          0,           0,         285,      -1.399084297,       1.465369887,       1.285052253,       4.239188223,       1.462440531,       3.131932337
          0,           0,         286,      -1.465637556,       1.349252521,       1.255290566,       4.159230047,       1.447641846,       3.036157183
          0,           0,         287,       -1.58018426,       1.126771175,        1.11178269,       4.049466969,       1.443918065,       2.961995175
          0,           0,         288,      -1.736057845,       1.071384139,      0.9373134253,       3.893249376,        1.44259663,        2.89902469
          0,           0,         289,      -1.734234989,       1.061301376,      0.9423301194,       3.904614708,       1.442744939,       2.869671173
          0,           0,         290,      -1.789445884,        1.04966374,      0.8746277858,        3.84675578,       1.443016172,       2.852352043
          0,           0,         291,      -1.798993874,       1.039393477,        0.85809845,       3.863002412,       1.443295215,       2.828070529
          0,           0,         292,      -1.839177723,       1.028427315,      0.7917490377,        3.84746299,       1.443772769,       2.821033346
          0,           0,         293,      -1.832256496,       1.020015358,      0.7922095475,       3.859667318,       1.444265495,       2.802909252
          0,           0,         294,      -1.833998064,       1.009426959,      0.7699956765,       3.850336891,       1.445098813,       2.814064742
          0,           0,         295,      -1.779207722,       1.002616875,      0.8375179352,       3.913381305,       1.445999868,       2.842118667
          0,           0,         296,      -1.660541319,       1.008310745,       1.012616201,       4.025699456,       1.447343431,        2.86893366
          0,           0,         297,      -1.678013785,       1.000039753,      0.9973055751,       4.046293427,       1.448545879,       2.829711887
          0,           0,         298,      -1.693402155,      0.9825528932,      0.9512195833,       4.049855553,        1.44983611,       2.840446521
          0,           0,         299,      -1.563848781,       1.006798105,       1.117510534,       4.121858926,       1.450579502,       2.868755257
          0,           0,         300,      -1.549914419,      0.9919468659,       1.129959536,       4.147265177,        1.44217727,        2.87692117
          0,           0,         301,      -1.634655058,       1.004230432,       1.026638416,       4.060526012,       1.442117766,       2.794172085
          0,           0,         302,       -1.54498548,       1.113658955,       1.152712183,       4.100867893,       1.442539403,       2.777218833
          0,           0,         303,      -1.489823104,       1.219311854,       1.237122157,       4.146770272,       1.442092126,       2.836142193
          0,           0,         304,      -1.465975641,       1.315180924,       1.236704042,       4.166476974,       1.448603959,       2.890989352
          0,           0,         305,      -1.465726692,       1.309371456,       1.211163369,       4.179402055,       1.451083158,       2.937557556
          0,           0,         306,      -1.426416847,       1.435552211,       1.272456574,       4.222715993,        1.45349199,       2.891053574
          0,           0,         307,      -1.501802253,       1.291225355,       1.276802693,       4.139266337,       1.416887797,       2.762958614
          0,           0,         308,      -1.643739026,      0.9499811337,       1.073627134,       4.035815561,       1.411362949,       2.651273332
          0,           0,         309,      -1.709784195,      0.9361490848,      0.9972763713,       3.934392967,       1.411291976,       2.583101476
          0,           0,         310,        -1.7217447,      0.8872072493,      0.9677973579,       3.941268938,       1.411606254,       2.544819037
          0,           0,         311,      -1.810078012,      0.8320577313,       0.853184556,       3.878520497,       1.411958538,       2.520596125
          0,           0,         312,      -1.673098273,      0.8309192572,       1.002121712,       4.010083638,       1.412165294,       2.513576235
          0,           0,         313,      -1.624235719,      0.8354483604,       1.066262585,       4.063991893,       1.412684071,       2.513159952
          0,           0,         314,      -1.568719994,      0.8384693047,       1.130092926,        4.11764877,       1.412726176,       2.493109123
          0,           0,         315,      -1.581617928,      0.9293140102,       1.122699263,       4.129121187,       1.412645937,       2.457279306
          0,           0,         316,      -1.561643871,       1.081661051,       1.189556327,       4.133340101,       1.411310824,       2.452589594
          0,           0,         317,      -1.576002962,      0.9421719021,       1.133464413,       4.130590692,       1.410926319,       2.527880607
          0,           0,         318,      -1.475933453,       1.106391198,       1.263580823,       4.178346622,       1.435030409,       2.616601789
          0,           0,         319,      -1.397059418,       1.234502852,       1.443261127,       4.251130961,       1.434843783,       2.738596689
          0,           0,         320,      -1.305317937,       1.456664457,       1.549519982,       4.327473219,        1.46629514,       2.965477259
          0,           0,         321,      -1.281615693,       1.501397073,       1.489938175,       4.336732171,       1.454747144,       3.198835466
          0,           0,         322,      -1.430325717,       1.420690536,       1.351419177,       4.210156003,       1.374703531,       3.126211635
          0,           0,         323,      -1.526964522,        1.30399804,       1.256341262,       4.127789192,       1.369492313,       2.991519491
          0,           0,         324,      -1.636410959,       1.176218713,       1.105135738,       4.043163138,       1.366820519,       2.947784767
          0,           0,         325,      -1.552566343,       1.245483087,       1.125516704,       4.111970471,         1.3663801,       2.905054547
          0,           0,         326,      -1.511430253,        1.36653714,        1.13193919,       4.151582564,       1.374451597,       2.953861368
          0,           0,         327,      -1.462330475,       1.395706274,       1.176317285,       4.196281001,       1.389636067,       2.984914293
          0,           0,         328,      -1.299617556,       1.539120874,       1.423482771,       4.315541167,       1.406263505,       3.021147196
          0,           0,         329,      -1.416206337,        1.41730754,       1.318062083,       4.211536863,       1.340297017,       2.894790838
          0,           0,         330,      -1.562893903,       1.072473066,       1.133579089,        4.08561951,       1.324159263,       2.735958175
          0,           0,         331,      -1.627862768,       1.077259634,       1.072383747,       3.996042062,       1.326299892,        2.65951328
          0,           0,         332,      -1.683826498,      0.9640147079,        1.00942366,        3.97445987,       1.328127781,       2.613328773
          0,           0,         333,      -1.653252377,       0.931957232,       1.033612625,       3.986569186,       1.329636265,       2.609528409
          0,           0,         334,      -1.674783645,      0.8671452213,       1.009882267,       4.012649553,        1.33115965,       2.638465621
          0,           0,         335,      -1.733275338,      0.8386982951,      0.9408107957,       4.019946349,       1.328261942,       2.631830516
          0,           0,         336,      -1.705718169,      0.8111919579,      0.9611785217,       3.977435244,       1.329396418,        2.60090371
          0,           0,         337,      -1.704881166,       0.809818078,      0.9728810869,       3.992067505,       1.327613672,       2.609476539
          0,           0,         338,      -1.835294374,      0.7599976019,       0.805200109,       3.837122817,       1.326957035,       2.576489363
          0,           0,         339,      -1.865183349,      0.7554754448,      0.7567712946,       3.816171317,       1.327546117,       2.541754582
          0,           0,         340,      -1.822831583,       0.750656325,      0.8126771124,        3.85141701,       1.328258482,       2.514437537
          0,           0,         341,       -1.92228223,      0.7344223074,      0.6575409246,       3.772009601,       1.329322719,       2.498028445
          0,           0,         342,      -1.865974004,      0.7296465712,      0.7430947063,       3.838245612,       1.330589975,       2.496046845
          0,           0,         343,      -1.841936162,      0.7313806384,      0.7860607076,       3.850552715,       1.332442163,        2.51262429
          0,           0,         344,      -1.771872402,      0.7408866671,       0.889904278,       3.911815305,       1.334609357,       2.543468445
          0,           0,         345,      -1.611961932,      0.8031339479,       1.082150563,       4.043634393,       1.337677964,       2.586149067
          0,           0,         346,      -1.673342515,      0.7627929412,       1.009135484,       4.028273303,       1.341091608,       2.633099341
          0,           0,         347,      -1.621940847,       0.972022861,       1.100528717,       4.073651157,       1.345763771,       2.681644069
          0,           0,         348,      -1.515435051,        1.07351895,       1.225683611,       4.166127183,        1.35091937,       2.724607919
          0,           0,         349,      -1.610798953,      0.8818648772,       1.085190176,       4.115600198,       1.349518942,       2.716096366
          0,           0,         350,      -1.651795621,      0.8214164432,        1.04591815,       4.018162398,       1.348418811,       2.602211074
          0,           0,         351,      -1.664174696,      0.7808992636,       1.028492814,        3.96942093,       1.348371189,       2.522810765
          0,           0,         352,      -1.782426965,      0.7294161096,      0.9050702526,       3.857247598,       1.348239214,       2.476021205
          0,           0,         353,      -1.785794326,       0.722533742,      0.9002864017,       3.820235982,       1.348522477,       2.452050455
          0,           0,         354,      -1.799596181,      0.7126917821,      0.8858201534,       3.842564837,       1.348865306,       2.431198275
          0,           0,         355,      -1.821572526,      0.7026216548,       0.861659712,       3.866962637,       1.349168793,       2.412218264
          0,           0,         356,      -1.842852215,      0.6931618328,      0.8372188901,        3.82185086,       1.349535922,       2.394894126
          0,           0,         357,      -1.864908367,      0.6843776159,      0.8104510185,       3.839192083,       1.350011421,        2.38093863
          0,           0,         358,      -1.892778243,      0.6740966628,      0.7742360897,       3.772817022,       1.350680335,       2.367702682
          0,           0,         359,      -1.958952132,      0.6555050412,      0.6753600682,       3.771718692,       1.351412006,       2.356660776
          0,           0,         360,      -1.976336942,      0.6467767606,      0.6102138151,       3.748571489,       1.352439767,       2.349664396
          0,           0,         361,      -2.005806768,       0.639432896,      0.5830939921,       3.759611029,       1.353555578,       2.347550332
          0,           0,         362,      -1.954209408,      0.6410570083,      0.6496785758,       3.784770875,       1.355115813,       2.356425816
          0,           0,         363,      -1.930756762,      0.6408691386,      0.7008727897,       3.832340071,       1.356798392,        2.36251649
          0,           0,         364,      -1.821065852,      0.6548378443,       0.841088178,       3.904646463,       1.359156873,       2.385357179
          0,           0,         365,      -1.673958641,      0.7102943344,       1.014686099,       4.004389203,       1.361778428,       2.399427383
          0,           0,         366,      -1.706038407,      0.6794085282,      0.9786518632,       4.014118642,       1.365468844,       2.397435299
          0,           0,         367,      -1.672711511,      0.6892171026,       1.012623998,       4.040868129,        1.36959203,       2.434229374
          0,           0,         368,      -1.634151402,      0.7184745036,       1.060162557,       4.045743992,       1.375441508,       2.469528674
          0,           0,         369,       -1.56339497,      0.8177799141,       1.141195584,       4.091656426,       1.382631778,       2.455680546
          0,           0,         370,      -1.497652667,       1.055873772,       1.240130658,        4.15756313,       1.392829306,       2.390980541
          0,           0,         371,      -1.433480491,       1.186478012,       1.338394899,       4.218355429,       1.434952618,       2.436318391
          0,           0,         372,       -1.43202997,       1.200269816,       1.436811957,       4.231731678,        1.44336627,          2.663468
          0,           0,         373,      -1.318599293,       1.378363691,       1.531424134,       4.305464877,       1.482420988,       2.921519719
          0,           0,         374,      -1.302860897,        1.43259225,       1.474272136,        4.31791492,       1.480735366,       3.162910398
          0,           0,         375,      -1.455311396,       1.395951405,       1.338269635,       4.179452859,       1.438004179,       3.112981769
          0,           0,         376,      -1.592316174,       1.261506311,       1.211644302,       4.054250371,       1.428872581,       2.948569966
          0,           0,         377,      -1.629632222,      0.9237335189,       1.165985492,       4.004419114,       1.431690643,        2.84216872
          0,           0,         378,      -1.662826462,      0.9172011939,       1.102029888,       4.002879533,       1.434392594,       2.808865623
          0,           0,         379,      -1.660848835,      0.8413810219,       1.074801343,       3.986745728,       1.436873179,       2.789185427
          0,           0,         380,      -1.672718718,      0.8461383814,       1.028394585,       4.013364844,       1.440096268,       2.838926021
          0,           0,         381,      -1.640304757,      0.8211125483,       1.046877191,       4.075855806,       1.442470503,        2.89944629
          0,           0,         382,      -1.504830594,      0.9196337738,       1.200173546,       4.182064874,       1.445175134,       2.963721856
          0,           0,         383,      -1.552943401,      0.9579412368,       1.147646767,       4.165746643,       1.440909882,       2.994281808
          0,           0,         384,       -1.63297739,      0.9842996428,       1.061076393,       4.034623901,       1.438075996,       2.915193401
          0,           0,         385,      -1.713408869,      0.7784447513,      0.9526715051,       3.982030447,       1.439186476,       2.839887378
          0,           0,         386,      -1.746223817,      0.7986397939,      0.9438747876,       3.941156957,       1.440535371,       2.797500207
          0,           0,         387,      -1.602997833,      0.8126178228,       1.095813485,       4.047066616,       1.442011519,       2.778145822
          0,           0,         388,      -1.591059856,      0.8881860399,       1.123920409,       4.065565795,       1.443909748,       2.790292711
          0,           0,         389,      -1.582031216,      0.8786252788,       1.133630452,       4.110523846,       1.441132717,       2.770062924
          0,           0,         390,      -1.661350432,      0.7725169402,       1.030053714,       4.018001403,       1.439869207,       2.683167689
          0,           0,         391,       -1.75727344,      0.6852694828,      0.9318814773,       3.844136686,       1.439268385,       2.621621088
          0,           0,         392,      -1.815161244,      0.6584062847,      0.8674929353,       3.865734979,       1.439090466,       2.586041412
          0,           0,         393,      -1.806671924,      0.6512480239,      0.8798329773,       3.826857801,        1.43918812,       2.565972251
          0,           0,         394,      -1.830565772,      0.6368008558,       0.855405785,       3.794861447,       1.439396761,       2.550087671
          0,           0,         395,      -1.861341933,      0.6203984371,      0.8222432587,       3.798826628,       1.439668721,       2.534910783
          0,           0,         396,      -1.895923126,      0.6031100205,      0.7825502774,       3.810207454,       1.439983019,       2.522008772
          0,           0,         397,      -1.961382333,      0.5760843536,      0.6980744696,       3.762591958,       1.440393087,       2.513295693
          0,           0,         398,      -2.005515321,       0.557200876,      0.6255760901,       3.765102076,       1.440848436,       2.510598058
          0,           0,         399,      -2.007234474,      0.5524093599,      0.6141188913,        3.74438054,       1.441435215,       2.515051473
          0,           0,         400,      -1.927151128,        0.55755432,       0.721182338,       3.833523695,       1.442045244,        2.52676692
          0,           0,         401,      -1.784356979,       0.614009946,      0.9015121173,       3.887392662,       1.442808085,       2.544920468
          0,           0,         402,      -1.765963269,       0.632020869,      0.9224998476,       3.921243627,       1.443486984,       2.568682821
          0,           0,         403,      -1.709969828,      0.6357182728,      0.9772946046,       3.956400937,       1.444218036,          2.598106
          0,           0,         404,      -1.647237133,      0.6684019736,       1.045131802,       4.024985288,       1.444617124,        2.63307639
          0,           0,         405,      -1.626880147,      0.6931802793,       1.067657353,       4.055514667,       1.444850359,       2.675208865
          0,           0,         406,      -1.536602624,       1.030189455,        1.20133464,        4.11167016,       1.444227236,       2.723846403
          0,           0,         407,      -1.540073121,       1.043369932,       1.207871035,       4.135232137,        1.44564432,       2.770053909
          0,           0,         408,      -1.508360313,       1.047912504,       1.232676694,       4.193486383,       1.444261811,       2.786947279
          0,           0,         409,      -1.429931005,       1.177862714,        1.32154675,       4.240735547,       1.474280038,       2.739623176
          0,           0,         410,      -1.454848169,       1.243550714,       1.288955899,       4.230476952,       1.474419537,       2.714383898
          0,           0,         411,      -1.386378313,       1.465521972,       1.344821145,       4.274110694,       1.486328936,       2.721933726
          0,           0,         412,      -1.332271574,       1.504070996,       1.408680662,        4.30469633,       1.386560534,       2.730277681
          0,           0,         413,      -1.385374659,       1.450966852,       1.339564768,       4.250286622,       1.387394923,       2.647959629
          0,           0,         414,      -1.438939384,       1.389629422,       1.275170599,       4.196779841,       1.388100885,       2.557392906
          0,           0,         415,      -1.485295482,       1.324246371,       1.240189937,       4.154640848,       1.388504082,       2.468225893
          0,           0,         416,      -1.542461341,       1.263635156,        1.19272898,       4.079142166,       1.388562683,       2.395143714
          0,           0,         417,      -1.579509507,       1.160028167,       1.166429283,       4.052854562,       1.388336804,       2.345898444
          0,           0,         418,      -1.622416289,      0.9807361595,       1.132740491,       4.002465702,       1.387754816,       2.325886895
          0,           0,         419,      -1.656767175,      0.9070586197,       1.075290384,       3.981823985,       1.387852163,        2.33089787
          0,           0,         420,      -1.720428062,      0.8563582262,      0.9983948073,       3.917425401,       1.387455756,       2.328453299
          0,           0,         421,      -1.741785373,      0.7918400627,      0.9288555151,       3.921400619,       1.383081844,        2.31870203
          0,           0,         422,      -1.719700989,      0.7664087789,       0.933220868,       3.949598376,       1.376323558,        2.26044277
          0,           0,         423,      -1.590094632,      0.8061803817,       1.093410383,        4.08838207,       1.370206576,       2.248397543
          0,           0,         424,      -1.609892626,      0.7797002927,       1.074639206,       4.091929745,       1.361109534,       2.222480971
          0,           0,         425,      -1.639042113,      0.7516101178,        1.04201233,       4.097671878,       1.353462663,       2.368096089
          0,           0,         426,      -1.579551266,      0.8250960471,       1.123196554,       4.125292081,       1.341051057,       2.471914612
          0,           0,         427,      -1.506060141,       1.048345322,       1.256861183,       4.154313321,       1.336946095,       2.552475503
          0,           0,         428,      -1.364171379,       1.227652639,       1.462601271,       4.255875759,       1.378719118,       2.641108996
          0,           0,         429,      -1.299411813,       1.250901569,       1.572765284,         4.3342864,       1.376488138,       2.975750969
          0,           0,         430,      -1.287721569,       1.467847414,       1.486027737,       4.341454399,       1.400273398,       3.210853503
          0,           0,         431,      -1.311293491,       1.515777277,       1.448936995,       4.320817328,       1.426184979,       3.261821714
          0,           0,         432,      -1.331739799,       1.544391073,       1.413698314,       4.303843541,       1.431708791,       3.179147992
          0,           0,         433,      -1.338160401,       1.538116833,       1.366935859,       4.290137431,       1.413275377,       3.063188973
          0,           0,         434,      -1.320654713,       1.549761435,       1.370289743,       4.298320655,       1.419674591,       3.106481051
          0,           0,         435,      -1.296395025,       1.545237917,       1.532991567,       4.328007735,        1.41384969,       3.102556005
          0,           0,         436,      -1.267257491,       1.553153703,       1.520004532,       4.337953191,       1.409763341,       3.169992913
          0,           0,         437,      -1.320796799,       1.555143793,        1.40570181,         4.2967105,       1.401651937,       3.225353098
          0,           0,         438,      -1.289501231,       1.578007621,       1.445489311,       4.322838466,       1.467599936,       3.081609924
          0,           0,         439,       -1.29407071,       1.581391903,       1.414489585,       4.324031143,       1.457922797,       2.910089271
          0,           0,         440,      -1.332171118,       1.584567112,       1.359334018,       4.301126225,       1.422928052,       3.023059714
          0,           0,         441,       -1.35850157,       1.573897963,       1.319807758,       4.271239808,       1.421079914,       3.171647543
          0,           0,         442,      -1.271738892,       1.581563784,       1.565486338,       4.333472818,       1.444562408,       3.204306341
          0,           0,         443,      -1.209382713,       1.578453408,       1.613876596,       4.377168849,       1.443371294,       3.203558561
          0,           0,         444,      -1.265534131,        1.58283221,       1.452427472,       4.333669506,         1.4741299,       3.225356146
          0,           0,         445,      -1.328577829,       1.576505033,        1.38197608,       4.300141221,       1.467698159,       3.069221377
          0,           0,         446,      -1.360758999,       1.571820528,       1.311224289,       4.261076185,       1.444725237,       2.980400663
          0,           0,         447,      -1.388902095,       1.570795814,       1.240678271,       4.236531699,       1.429133495,       3.040954726
          0,           0,         448,      -1.302314654,        1.59655938,       1.397828254,       4.303885771,       1.485950104,       3.182602041
          0,           0,         449,      -1.309511046,       1.593238849,       1.411562879,       4.312095021,        1.47551346,       3.231482728
          0,           0,         450,      -1.294564007,       1.585046735,        1.52622579,       4.322292655,       1.439058605,       3.180910461
          0,           0,         451,      -1.241260965,       1.580629097,        1.58228954,       4.365059071,       1.431456126,       3.230137812
          0,           0,         452,        -1.2640001,       1.589109638,       1.463351639,       4.344666603,        1.46870174,       3.185863814
          0,           0,         453,      -1.319259196,       1.581067457,        1.38878677,       4.312593218,       1.458027253,       3.041390788
          0,           0,         454,      -1.377359222,       1.573513823,       1.282982719,       4.262794422,       1.422024595,       2.946382807
          0,           0,         455,      -1.335393571,       1.574058584,       1.317947736,       4.276095962,       1.409748146,       3.056850834
          0,           0,         456,      -1.266073588,       1.597711449,       1.491016312,       4.342139518,       1.461240779,       3.187391161
          0,           0,         457,      -1.228313507,       1.603125132,       1.605734142,       4.387873454,       1.448439347,       3.201269197
          0,           0,         458,      -1.249834828,       1.591257937,       1.511593575,       4.356078175,       1.405376669,       3.175468379
          0,           0,         459,      -1.316395588,       1.583564326,       1.410270201,       4.306982175,       1.392464337,       3.184651436
          0,           0,         460,      -1.307901688,       1.590572792,       1.412372275,       4.322137397,       1.440185454,        3.06669258
          0,           0,         461,      -1.319587742,       1.586452211,       1.365601277,       4.313024535,       1.434437465,       2.988276438
          0,           0,         462,      -1.337935296,       1.586804812,       1.333509813,       4.288449006,       1.399110141,       3.167340102
          0,           0,         463,      -1.364863177,       1.578870338,       1.286380671,       4.272138291,       1.388892943,       3.246317151
          0,           0,         464,      -1.294498614,       1.591028637,       1.534232546,        4.31401158,       1.441390487,       3.249435494
          0,           0,         465,      -1.219217547,       1.588142016,       1.617082975,       4.385718421,       1.438059492,       3.171817069
          0,           0,         466,      -1.271405777,       1.579892252,        1.43100685,       4.347816464,       1.406165246,       3.262979952
          0,           0,         467,      -1.335997047,       1.574572762,       1.370623716,       4.285015095,       1.394274425,       3.202529693
          0,           0,         468,      -1.300848456,       1.595518535,        1.41180466,       4.317575105,       1.438007253,       3.117178228
          0,           0,         469,      -1.315364976,       1.588580786,       1.374409921,       4.322084843,       1.436875132,        3.05962185
          0,           0,         470,       -1.35968902,       1.577784721,        1.28576431,        4.26939843,       1.404246296,       3.144830814
          0,           0,         471,      -1.389424623,       1.571881009,       1.246701885,        4.24390299,       1.398330997,       3.192557391
          0,           0,         472,      -1.278193242,       1.585860613,       1.555130819,       4.337572017,       1.448311522,       3.181457385
          0,           0,         473,         -1.207538,       1.587562377,       1.617765867,       4.396600924,       1.444092419,       3.243348903
          0,           0,         474,      -1.269559849,       1.583298874,       1.435232153,       4.345257387,       1.411552478,        3.29835907
          0,           0,         475,      -1.324672902,       1.588248421,       1.395578755,       4.310393783,       1.400221257,       3.238031492
          0,           0,         476,      -1.309051412,       1.593743796,       1.400159287,       4.312928632,        1.44413152,       3.132157341
          0,           0,         477,      -1.321857653,       1.586602165,       1.358102233,       4.315521316,       1.438770784,       3.038086406
          0,           0,         478,      -1.337673925,       1.586236534,       1.331268833,       4.296208172,       1.406985325,       3.108872823
          0,           0,         479,      -1.338822894,       1.582595376,       1.363494319,       4.276010995,       1.396055863,       3.156418486
          0,           0,         480,       -1.25364664,       1.594237777,       1.562595438,       4.353151953,       1.442224057,       3.111823867
          0,           0,         481,      -1.225376664,       1.587822239,       1.599685049,       4.391948162,       1.436865815,       3.210538084
          0,           0,         482,      -1.299799086,       1.577858643,       1.397834159,       4.318919438,       1.398730195,       3.254573389
          0,           0,         483,      -1.341762974,       1.575141908,       1.350465771,       4.290816244,        1.38815924,       3.165530608
          0,           0,         484,      -1.279163528,       1.601078949,       1.434722654,        4.34599031,        1.43792287,       3.043816821
          0,           0,         485,      -1.313260616,       1.590821514,       1.375149684,       4.316697939,        1.38423911,       2.971229238
          0,           0,         486,       -1.41192486,       1.461510848,       1.262547967,       4.218936471,        1.22319502,        2.96520838
          0,           0,         487,      -1.566791805,       1.377576842,       1.136046714,       4.091461511,        1.17997612,       2.933863127
          0,           0,         488,      -1.610560057,       1.212735563,       1.113904376,       4.030391968,       1.180624834,       2.884841744
          0,           0,         489,      -1.693073463,       1.149168925,       1.007022179,       3.982751859,       1.184062176,       2.857543715
          0,           0,         490,      -1.635759913,       1.143183332,       1.041029939,       4.028724644,       1.184616006,        2.85352829
          0,           0,         491,      -1.631920818,       1.093497003,       1.025197194,        4.04035867,        1.18476937,       2.891926752
          0,           0,         492,      -1.646762812,       1.141273719,      0.9883221571,       4.053620102,       1.187941966,       2.913461635
          0,           0,         493,      -1.548076822,       1.196883303,       1.109505586,       4.152468795,         1.1957546,       2.882562208
          0,           0,         494,      -1.451993998,       1.269971877,        1.22393949,       4.215975696,       1.213704216,        2.91193905
          0,           0,         495,      -1.427352071,        1.45235106,         1.2124955,       4.219820827,       1.257562986,       2.939044947
          0,           0,         496,      -1.373689833,       1.506563712,       1.268849464,       4.261939448,       1.267608502,       2.936319244
          0,           0,         497,      -1.355154481,       1.426712959,       1.383785679,       4.271916361,       1.233091777,       2.806158199
          0,           0,         498,      -1.562798344,       1.316203214,       1.134686622,       4.092549455,       1.183814314,         2.6950187
          0,           0,         499,      -1.640866656,       1.093522172,       1.047595339,       3.983826452,       1.181357008,       2.638128744
          0,           0,         500,      -1.717463211,       1.031974229,      0.9600829826,       3.949690075,       1.183831767,       2.633366838
          0,           0,         501,      -1.746367129,       0.984417732,      0.8870146217,       3.926600853,        1.18690651,       2.631850221
          0,           0,         502,      -1.705618982,      0.9467214712,      0.9414813984,       3.987883498,       1.192585617,       2.664365404
          0,           0,         503,      -1.588152435,      0.9517376782,       1.094307259,       4.095632499,       1.199755517,        2.66042936
          0,           0,         504,      -1.551959486,      0.9341124231,       1.141590241,       4.131921077,       1.207996451,       2.656261664
          0,           0,         505,      -1.515400286,      0.9587239108,       1.188995012,       4.176691792,       1.218039324,       2.619665642
          0,           0,         506,      -1.516740583,      0.9850018685,       1.188019524,       4.187564676,       1.232744731,       2.616715989
          0,           0,         507,       -1.45557522,       1.148989701,       1.445155384,        4.21125247,       1.263661769,       2.661380583
          0,           0,         508,      -1.306946594,       1.456661151,       1.523571041,       4.309043868,       1.373530516,       2.915838942
          0,           0,         509,      -1.324418325,       1.494348142,       1.449666707,       4.304128077,       1.367567393,       3.139315862
          0,           0,         510,      -1.422773614,       1.417824752,       1.352110912,       4.208057854,       1.261749263,       3.101727066
          0,           0,         511,       -1.54248561,       1.299544403,       1.219860548,        4.10217709,       1.242619735,       2.942734561
          0,           0,         512,      -1.647681822,       0.989447293,       1.124797116,       3.990570685,       1.243934072,       2.853807309
          0,           0,         513,       -1.68468246,      0.9740535437,       1.077335045,       3.984897853,       1.244940152,       2.820526709
          0,           0,         514,      -1.663437744,       0.882876451,       1.061236735,        3.98782878,       1.245698358,       2.811832014
          0,           0,         515,      -1.665871002,      0.8815730632,        1.04128856,       4.036715485,       1.246973068,       2.859501787
          0,           0,         516,      -1.540369584,       0.879409621,       1.164702072,       4.124485378,       1.246447779,       2.917864215
          0,           0,         517,      -1.559968544,        0.94740597,       1.142569209,       4.144187981,       1.244321069,        2.94484996
          0,           0,         518,       -1.70591713,      0.8546066228,      0.9880319091,       4.041278098,       1.242028115,       2.896921499
          0,           0,         519,      -1.733912493,      0.7634564925,      0.9308965223,       3.936740182,       1.241733179,        2.82980389
          0,           0,         520,      -1.799738731,      0.7394432393,      0.8628064155,       3.912015141,       1.241642921,       2.792815271
          0,           0,         521,       -1.81256033,      0.7323116261,      0.8479981938,       3.822399602,       1.241612898,       2.775375431
          0,           0,         522,       -1.81950742,      0.7267698302,      0.8409618443,        3.86118252,       1.241657692,        2.76042574
          0,           0,         523,      -1.836859991,      0.7205333282,       0.821090346,       3.841282802,       1.241663448,        2.74698088
          0,           0,         524,      -1.855951147,      0.7141592086,      0.7978495804,       3.807762631,       1.241739495,       2.734788516
          0,           0,         525,      -1.875064257,      0.7083316069,      0.7732029144,       3.787072759,        1.24175422,         2.7236389
          0,           0,         526,      -1.893804379,      0.7029826314,      0.7475362017,       3.771531147,        1.24189728,       2.715290233
          0,           0,         527,      -1.915412168,       0.696650509,      0.7158984278,       3.753166255,       1.241997543,       2.707387415
          0,           0,         528,      -1.952942068,      0.6867391573,      0.6551294013,       3.790233116,       1.242238319,       2.700213087
          0,           0,         529,      -1.987663718,      0.6769344217,      0.5906383653,       3.731154018,         1.2424039,       2.702438652
          0,           0,         530,      -1.983771944,      0.6768074443,      0.5958444115,       3.771918358,       1.242809138,       2.697708572
          0,           0,         531,      -1.829060905,      0.7046324595,      0.8311418174,       3.819259554,       1.243146972,       2.696517256
          0,           0,         532,      -1.954798177,      0.6718495918,      0.6453770936,       3.828348822,       1.243790723,       2.708085405
          0,           0,         533,      -1.929184716,      0.6709445783,      0.6763387013,       3.867239295,       1.244219784,       2.711609383
          0,           0,         534,      -1.800639121,      0.6927879321,      0.8554385139,       3.959467416,       1.244876702,       2.742274473
          0,           0,         535,       -1.52585408,       1.050286029,       1.210005862,       4.116515529,       1.245007684,       2.714526925
          0,           0,         536,      -1.583915694,      0.9514701312,        1.14603205,       4.100746367,       1.245008118,       2.749318278
          0,           0,         537,      -1.615215906,      0.8479174428,       1.086247287,       4.087107131,       1.244055749,       2.781855911
          0,           0,         538,      -1.608373992,      0.8052314779,       1.092043779,       4.098174036,       1.243290904,       2.759664626
          0,           0,         539,      -1.534076876,       1.028326984,       1.201945811,       4.153904837,       1.246215428,         2.6893132
          0,           0,         540,      -1.487811216,       1.063037917,       1.261050406,       4.195638053,       1.254950421,       2.715338124
          0,           0,         541,      -1.407630121,       1.198680039,        1.33977406,       4.243782954,       1.336264504,       2.797950342
          0,           0,         542,      -1.370333344,       1.256170975,       1.505581015,       4.255587787,       1.348396403,       2.977327642
          0,           0,         543,      -1.307637504,       1.462144287,       1.517379522,       4.311016681,       1.391801733,       3.114582262
          0,           0,         544,      -1.317578108,       1.504043316,       1.444817722,       4.327379783,       1.424320493,       3.238461339
          0,           0,         545,      -1.318980339,        1.55089966,       1.423747724,       4.317724506,       1.389405167,       3.249904934
          0,           0,         546,       -1.40125387,       1.453673737,       1.344919694,       4.235749855,       1.262005909,       3.068868349
          0,           0,         547,      -1.488040254,        1.21657521,       1.275852841,       4.145331305,       1.241518951,        2.94017102
          0,           0,         548,      -1.590927229,       1.140953574,       1.147744435,       4.045988888,       1.249044645,       2.862661074
          0,           0,         549,      -1.618801426,      0.9813092399,       1.085952458,        4.03335125,       1.252219576,       2.848139401
          0,           0,         550,      -1.645145685,      0.9877501411,       1.012747735,       4.010523941,       1.247974194,       2.884360428
          0,           0,         551,      -1.604946983,      0.9118614609,       1.053457171,       4.065853902,       1.243665494,       2.945992766
          0,           0,         552,      -1.561680851,       1.001364461,       1.117158523,       4.102663519,       1.239352785,       3.015417114
          0,           0,         553,      -1.546724439,       1.083990507,       1.141120318,       4.141252006,       1.242856725,       3.032820728
          0,           0,         554,      -1.557499806,       1.172355594,       1.125218374,       4.169605009,       1.254099972,       3.021881622
          0,           0,         555,      -1.491094614,       1.403278605,        1.18525411,       4.219912675,       1.287802925,       3.008271463
          0,           0,         556,      -1.353741961,       1.464291886,       1.355451826,        4.28477579,       1.389280162,       2.989335435
          0,           0,         557,       -1.33268811,       1.536082361,       1.369439759,       4.321924534,       1.409031679,       3.044222937
          0,           0,         558,      -1.307306597,       1.545854127,       1.538032843,       4.346488578,       1.413558037,       3.103348258
          0,           0,         559,      -1.260905973,       1.547032999,       1.563956892,       4.363524198,       1.369074113,       3.165763035
          0,           0,         560,      -1.377862626,       1.445025799,       1.412746695,       4.249143325,       1.254298424,       3.152491208
          0,           0,         561,       -1.55467556,       1.140699439,       1.257457028,       4.112344584,       1.227609428,       3.063829627
          0,           0,         562,      -1.608619159,       1.184165652,        1.18035369,       4.008782343,       1.227537341,       2.972387381
          0,           0,         563,      -1.676859739,       0.983103402,       1.084496431,       3.999184079,       1.225541823,       2.919811494
          0,           0,         564,      -1.584155658,       1.087363419,       1.122925803,       4.071402897,       1.223085239,       2.906480862
          0,           0,         565,      -1.574608703,       1.001175039,       1.127517874,       4.118039238,       1.219825877,       2.888200336
          0,           0,         566,      -1.597701215,       1.148521851,       1.098339872,       4.115697381,       1.221051882,       2.914118581
          0,           0,         567,      -1.576767949,       1.292066905,        1.07096092,         4.1516562,       1.232248815,       2.945080549
          0,           0,         568,      -1.547690116,       1.300775115,       1.090682447,       4.178628948,       1.250447184,       3.062531701
          0,           0,         569,      -1.427097284,        1.45094715,       1.248455197,       4.234405251,        1.28393336,       3.041608606
          0,           0,         570,       -1.35276194,        1.49254844,       1.383486102,       4.286003468,       1.390024843,        3.02569908
          0,           0,         571,      -1.310236649,       1.528926351,       1.535326109,       4.327641109,       1.358076417,       2.957725252
          0,           0,         572,      -1.398395202,       1.418573015,       1.379319426,       4.257738029,       1.247516355,       3.029936703
          0,           0,         573,      -1.595411841,       1.059862954,       1.233460227,       4.081461395,       1.232273555,       2.892003299
          0,           0,         574,      -1.625123892,       1.246069721,       1.122647367,       4.072149133,       1.233986839,       2.852834528
          0,           0,         575,      -1.550991958,       1.300653186,       1.167348141,       4.137201978,       1.240637117,       2.862801288
          0,           0,         576,      -1.533531237,       1.350442707,       1.190119491,       4.171722178,       1.255988118,       2.794317481
          0,           0,         577,      -1.440126429,       1.451774567,       1.249250842,       4.216412735,       1.287484206,       2.714082756
          0,           0,         578,      -1.426772984,       1.481758652,       1.250321811,       4.240522072,       1.332592118,       2.688677492
          0,           0,         579,      -1.305003205,       1.546653701,       1.543145582,       4.310980782,       1.433429139,       2.840176334
          0,           0,         580,      -1.221141251,       1.565215704,       1.628011602,       4.384100536,       1.420443284,       3.102616358
          0,           0,         581,      -1.393841828,       1.441554267,       1.382222581,       4.254709487,        1.27873912,       3.066020833
          0,           0,         582,      -1.542028126,       1.349880284,        1.25976371,       4.132824084,        1.26526043,       2.820518941
          0,           0,         583,      -1.589003504,       1.221600844,       1.159752603,       4.105720979,       1.261891701,       2.762995492
          0,           0,         584,      -1.501655299,       1.300497241,       1.195256641,       4.184896366,       1.268730727,        2.66851635
          0,           0,         585,         -1.516605,       1.407635781,       1.114569483,       4.180113786,       1.290028011,       2.618564249
          0,           0,         586,      -1.467381843,       1.439168813,       1.157638819,       4.202162922,       1.316816852,       2.773751565
          0,           0,         587,      -1.414505926,       1.513782353,       1.219185625,       4.241502932,       1.318181442,        2.88201679
          0,           0,         588,      -1.467785386,       1.430175971,       1.236582132,         4.1859388,       1.261273909,       2.803435944
          0,           0,         589,      -1.652567337,       1.023616169,       1.038738658,       4.029146762,       1.250036066,       2.670293445
          0,           0,         590,      -1.760645587,       1.095692265,      0.9167475708,       3.942049765,       1.248904455,         2.5979268
          0,           0,         591,      -1.792003988,       1.036211337,      0.8784807946,       3.849812643,       1.249098217,        2.54614855
          0,           0,         592,      -1.822991669,      0.9970480566,      0.8300089048,       3.855978727,       1.249514158,       2.507112163
          0,           0,         593,      -1.850266141,       0.967955488,      0.7785362882,       3.818664015,       1.249985582,       2.482322178
          0,           0,         594,      -1.828318049,      0.9456679688,      0.7898065712,       3.850477899,       1.250953905,       2.473031788
          0,           0,         595,      -1.743436938,      0.9360567296,      0.9032950839,       3.936680988,       1.252166869,       2.480733377
          0,           0,         596,      -1.584078161,      0.9500186058,       1.110541708,       4.073033387,       1.254144231,       2.506834866
          0,           0,         597,      -1.564191278,      0.9353116815,       1.135563908,       4.097736577,       1.256165549,       2.550312652
          0,           0,         598,      -1.648015048,      0.8843286396,       1.038280917,       4.066589191,       1.258659379,       2.607654452
          0,           0,         599,      -1.597772053,      0.8993014039,       1.104978657,       4.112017712,       1.260284035,       2.666879275
          0,           0,         600,      -1.586119675,       0.905430691,       1.118267907,        4.12973971,       1.259566015,       2.684141805
          0,           0,         601,       -1.58156975,       1.038551371,       1.136595781,       4.080334318,       1.259572061,       2.569264882
          0,           0,         602,      -1.605786476,       1.064859512,       1.138873282,       4.009474171,       1.259846676,       2.495752509
          0,           0,         603,      -1.804987778,      0.8326166301,      0.8587264141,       3.902600803,        1.26014459,       2.452501367
          0,           0,         604,      -1.811357437,      0.8199221714,      0.8483666642,       3.846190155,       1.260306142,       2.429285765
          0,           0,         605,      -1.833419654,      0.8098616479,      0.8202796255,       3.874355134,       1.260575341,       2.405175137
          0,           0,         606,      -1.844871102,      0.8045883721,      0.8033148779,       3.801858908,       1.260789333,       2.383988774
          0,           0,         607,      -1.914627701,      0.7902904246,      0.7074351714,       3.780767918,       1.261138535,       2.365493275
          0,           0,         608,      -1.904621288,      0.7889339754,      0.7225337164,       3.800128728,       1.261392025,       2.350589575
          0,           0,         609,      -1.898603384,       0.782919291,      0.7328175037,       3.816729954,       1.261771985,       2.350666809
          0,           0,         610,      -1.952528951,      0.7709228219,      0.6297467305,       3.808755658,       1.261871665,       2.362055047
          0,           0,         611,      -1.869999913,      0.7782114947,      0.7568330034,        3.88120497,        1.26203294,       2.365981701
          0,           0,         612,      -1.636602351,      0.8291527597,       1.053322564,       4.024149695,       1.261778027,       2.400991432
          0,           0,         613,      -1.643939867,      0.8079396708,       1.037855111,       4.054012461,       1.261402297,       2.464462733
          0,           0,         614,      -1.665681009,      0.7932458293,       1.013578588,       4.064407997,       1.260965804,       2.478948659
          0,           0,         615,      -1.707463402,        0.84201924,      0.9815248921,        3.95669459,       1.260848266,       2.415669569
          0,           0,         616,      -1.579096483,       1.053989064,       1.159825573,       4.004096319,       1.260628002,        2.37361542
          0,           0,         617,      -1.873048709,      0.7670546361,      0.7861015602,       3.804402142,       1.260376138,       2.345783922
          0,           0,         618,      -1.871227017,      0.7354357919,      0.7633576344,       3.798285924,       1.260037164,       2.321742168
          0,           0,         619,      -1.847594895,      0.7194740855,      0.7983241781,       3.859353682,       1.259828622,       2.302044776
          0,           0,         620,      -1.772167093,      0.7315043751,      0.8913482714,       3.933156201,       1.259355694,        2.27674136
          0,           0,         621,      -1.659045135,      0.7595210243,       1.029153724,       4.019410843,        1.25935722,       2.301564391
          0,           0,         622,      -1.634809306,      0.7806396688,       1.058487499,        4.01845904,       1.259303854,       2.260431683
          0,           0,         623,      -1.743232732,       0.746897088,      0.9500593346,       3.904544608,       1.259374507,       2.236011187
          0,           0,         624,      -1.686948522,      0.7792641025,       1.016441504,       3.938307469,       1.259362946,       2.221150396
          0,           0,         625,      -1.813804686,      0.7226988073,      0.8700427413,       3.888232897,       1.259359967,       2.207095224
          0,           0,         626,      -1.982972056,      0.6611331552,      0.6018699177,       3.717929809,        1.25930243,       2.194131619
          0,           0,         627,      -1.974212162,      0.6642231322,       0.621433961,       3.658641576,       1.259274743,       2.182895873
          0,           0,         628,      -1.978021648,      0.6588335525,      0.6182435487,       3.690761268,       1.259201504,       2.173729816
          0,           0,         629,      -1.989886853,      0.6544768786,      0.6027793583,       3.764487669,       1.259182924,       2.162919773
          0,           0,         630,      -2.021516719,      0.6444773494,       0.554488756,        3.69547572,       1.259061936,       2.157105318
          0,           0,         631,      -1.931446182,      0.7784284698,       0.752262826,       3.775679681,        1.25905835,       2.139483881
          0,           0,         632,      -1.731675993,       1.016121643,       1.036164056,       3.877156133,       1.258935334,       2.133864092
          0,           0,         633,      -1.759344369,      0.7468896751,      0.9317701136,       3.879454996,        1.25912908,       2.106469331
          0,           0,         634,      -1.808067277,      0.6869114298,      0.8638295258,       3.833431985,       1.259151665,       2.080462629
          0,           0,         635,       -1.80152675,      0.6833153666,      0.8662139409,        3.81356346,       1.259166581,       2.072903285
          0,           0,         636,      -1.990604055,      0.6475788182,      0.6171294115,       3.737983532,       1.259193015,       2.062166444
          0,           0,         637,      -2.019391588,      0.6397514605,      0.5696441761,       3.702440829,       1.259142672,       2.051749494
          0,           0,         638,      -2.030070714,      0.6296044828,      0.5576878587,       3.724707048,       1.259184653,       2.044651921
          0,           0,         639,      -1.977684609,      0.6272942791,      0.6494086023,       3.711685122,       1.259122861,       2.028920089
          0,           0,         640,      -1.766261338,        0.66873299,      0.9103196989,          3.909145,       1.259214971,       2.025025319
          0,           0,         641,      -1.744148645,      0.6553355059,      0.9359868299,       3.900196537,       1.259145528,       2.010102792
          0,           0,         642,      -1.820470259,      0.6541226566,      0.8642612966,       3.879808099,       1.259288123,       1.985958725
          0,           0,         643,      -1.875577503,      0.6165440452,      0.7704902293,       3.880306124,        1.25924832,       2.007563449
          0,           0,         644,      -1.784733921,      0.6325820551,      0.8931880649,       3.927297674,       1.259402801,        2.06176889
          0,           0,         645,      -1.569878034,      0.8824413185,       1.145420753,       4.079505025,       1.259182176,       2.117386485
          0,           0,         646,      -1.518595512,       1.052027242,       1.220026472,       4.161570735,       1.258959435,       2.166411195
          0,           0,         647,      -1.640694817,      0.8786648662,       1.080899753,       4.070682071,       1.259314929,       2.241094928
          0,           0,         648,      -1.609042613,      0.8546002964,       1.118985552,       4.106857384,       1.260359523,       2.327648552
          0,           0,         649,      -1.435792828,       1.057851764,        1.31492241,       4.213216074,       1.314729373,       2.461464569
          0,           0,         650,      -1.396721993,       1.182887158,       1.384447635,       4.253196416,       1.284107174,       2.548280377
          0,           0,         651,      -1.562018779,        1.15647372,        1.18641745,       4.086896451,       1.258026126,       2.476372566
          0,           0,         652,       -1.73567525,      0.9400030063,       1.028198301,       3.910646502,       1.255250199,       2.368662889
          0,           0,         653,      -1.815956784,      0.7340832533,      0.9517772896,       3.892452679,       1.255170647,       2.295988275
          0,           0,         654,      -1.798012432,      0.6819720085,      0.9322132872,       3.861129819,       1.254186156,       2.317015979
          0,           0,         655,      -1.882651453,      0.6253883731,      0.8470413364,        3.86161626,       1.252823694,       2.305307012
          0,           0,         656,      -1.824301431,      0.6089537967,      0.8796192306,       3.947602763,       1.250569903,       2.322819748
          0,           0,         657,      -1.765276798,      0.6192276711,      0.9130629045,       3.980832098,       1.247640595,       2.365770849
          0,           0,         658,      -1.604741504,      0.7325466059,       1.092270025,       4.087186202,       1.244065923,       2.385697509
          0,           0,         659,      -1.526713473,      0.7903642297,       1.178846379,       4.157973328,       1.239179579,       2.469390197
          0,           0,         660,      -1.532847757,      0.8095719893,       1.175646845,       4.179923311,       1.236426049,       2.541777218
          0,           0,         661,       -1.53436322,      0.9332674687,       1.193642324,       4.168131505,       1.262105282,       2.597852967
          0,           0,         662,      -1.553547836,        1.06193787,       1.207445117,       4.178518194,       1.262291683,       2.622649739
          0,           0,         663,      -1.464852951,       1.248456584,       1.334075495,       4.221109107,       1.279231516,       2.446707678
          0,           0,         664,      -1.450532343,       1.247167362,       1.309274549,        4.18092057,       1.223556268,       2.411945476
          0,           0,         665,      -1.594712016,       1.052510647,       1.146465238,       4.043087075,        1.21414278,        2.12070736
          0,           0,         666,      -1.715334147,      0.8362215705,        1.03422901,       3.984785294,       1.215449638,       2.012288735
          0,           0,         667,      -1.819360782,      0.7254844252,      0.8933192232,        3.85502804,       1.214428404,       1.969536957
          0,           0,         668,      -1.781033311,      0.6440862057,      0.8898178645,       3.927498082,       1.211329495,       1.895401885
          0,           0,         669,       -1.59959719,      0.7348752558,       1.097585208,       4.041530295,        1.20729315,       1.868505875
          0,           0,         670,      -1.589526201,      0.7350011456,       1.120085738,       4.088337267,       1.202912278,       1.959661484
          0,           0,         671,      -1.673042493,      0.6636465999,       1.011860977,       4.044024125,       1.196806054,       2.065838444
          0,           0,         672,       -1.67402766,      0.6690154027,        1.02632746,        4.07979901,        1.19328555,       2.127966066
          0,           0,         673,      -1.522402418,      0.9108579494,       1.201087219,       4.185240117,       1.192910626,       2.248485882
          0,           0,         674,      -1.489094167,      0.9694951963,       1.246390901,       4.218471978,       1.201851727,       2.169998597
          0,           0,         675,      -1.414041148,       1.207600153,        1.37868778,       4.248075446,       1.295214499,       2.330763122
          0,           0,         676,      -1.348784721,       1.259539038,       1.547391651,       4.289581489,        1.26505868,       2.649551872
          0,           0,         677,       -1.45104495,       1.319875592,       1.283328877,       4.174241354,       1.182354572,        2.80544331
          0,           0,         678,      -1.602352411,       1.154298868,       1.183932979,       4.001355465,       1.168633573,       2.618952769
          0,           0,         679,      -1.651908284,      0.7695390432,       1.127818732,       3.980359029,       1.168102394,       2.609175921
          0,           0,         680,      -1.619244718,      0.7716162078,       1.125706921,       4.041535884,        1.16714143,       2.597465232
          0,           0,         681,      -1.668485508,      0.7056983797,       1.065752253,       3.999136093,       1.165176701,       2.596193392
          0,           0,         682,      -1.675138955,      0.6834509834,       1.045589826,        4.02420521,       1.163807752,       2.583543356
          0,           0,         683,      -1.672355771,       0.688897665,       1.037216561,       4.077375501,       1.160773964,       2.557697521
          0,           0,         684,       -1.68240745,       0.699632263,       1.025156721,       4.094386913,       1.159523113,       2.524358002
          0,           0,         685,      -1.686811538,      0.7299956955,       1.014392051,       4.076381559,       1.158103115,       2.595518789
          0,           0,         686,      -1.514515852,      0.9519683099,       1.206240432,       4.149550793,       1.172983613,       2.692698799
          0,           0,         687,      -1.350546393,       1.331044826,       1.403970721,       4.268567284,       1.284787672,       2.734029933
          0,           0,         688,      -1.367811046,       1.357780439,       1.377130111,       4.291620383,        1.25504428,       2.808906571
          0,           0,         689,      -1.502989232,       1.339595054,       1.196857633,       4.149768746,       1.178258909,       2.696194495
          0,           0,         690,      -1.575545413,       1.188399686,       1.169923948,       4.067814642,       1.162130572,       2.544460177
          0,           0,         691,      -1.676529212,      0.8372546072,       1.057405016,       3.999252205,       1.160131912,        2.43648262
          0,           0,         692,      -1.752631785,      0.7970875533,      0.9909297544,       3.902327907,       1.159659973,       2.380166416
          0,           0,         693,       -1.79636185,      0.7775721775,       0.951816496,       3.918561157,       1.159841498,       2.350625828
          0,           0,         694,      -1.807318473,      0.7633705534,      0.9390419823,       3.865266953,       1.159883937,       2.326109389
          0,           0,         695,      -1.822454683,      0.7497085063,      0.9224392002,       3.891881685,       1.160009969,       2.303296714
          0,           0,         696,      -1.840258221,      0.7364698675,      0.9031987843,       3.857889225,       1.160051359,       2.283908411
          0,           0,         697,      -1.860398389,      0.7213035522,      0.8801713576,       3.858787903,       1.160146232,       2.263695048
          0,           0,         698,      -1.890300197,      0.7024178662,      0.8448875102,       3.819976092,       1.159970066,       2.243953718
          0,           0,         699,      -1.960708521,      0.6746408946,      0.7544179326,       3.835867437,        1.15976469,       2.226644612
          0,           0,         700,       -1.94534769,      0.6628658147,      0.7280376702,       3.779852537,       1.158995534,       2.214346209
          0,           0,         701,      -1.936706027,      0.6507330126,      0.7380624969,       3.752757623,       1.158154548,       2.209684758
          0,           0,         702,      -1.861556353,      0.6551596589,      0.8161790518,       3.848265359,       1.156732203,       2.209913263
          0,           0,         703,      -1.759898088,      0.6749765966,       0.935262713,       3.937706171,       1.155270958,       2.233944165
          0,           0,         704,      -1.719106213,       0.686914786,      0.9844664245,       3.944268508,       1.153378176,       2.204185113
          0,           0,         705,      -1.832838966,      0.6139764341,      0.8618855219,       3.851759861,        1.15292306,       2.199579323
          0,           0,         706,       -1.93210908,      0.5840512822,      0.7528013955,       3.699538377,        1.15273692,       2.171322334
          0,           0,         707,      -1.948244657,       0.577705001,      0.7335361734,        3.74541393,       1.152479606,       2.157735414
          0,           0,         708,      -1.985517183,      0.5639871149,      0.6854119932,       3.783927019,       1.152275608,       2.145105855
          0,           0,         709,       -2.02687168,      0.5501175197,      0.6272385917,       3.692842865,        1.15182807,       2.134772339
          0,           0,         710,      -1.996052776,      0.5528120362,      0.6630844252,       3.779511301,       1.151601644,       2.128483406
          0,           0,         711,      -1.979592357,      0.5562187993,      0.6755201714,       3.750194566,       1.151125812,       2.159547226
          0,           0,         712,      -2.023122007,      0.5374601154,       0.583989116,       3.625398432,       1.151110509,       2.164208695
          0,           0,         713,      -1.815657024,      0.5977119679,      0.8525043994,       3.878186276,       1.151032236,       2.204606368
          0,           0,         714,      -1.687584533,      0.6677127754,       1.001333107,       4.008651213,        1.15145398,        2.22296812
          0,           0,         715,      -1.708763705,      0.6582845008,      0.9780983405,       4.004647575,        1.15133673,       2.227545309
          0,           0,         716,      -1.716311552,       0.637606692,      0.9677081178,       4.005283757,       1.151595172,       2.279314568
          0,           0,         717,      -1.729679609,      0.6282607992,      0.9535708871,       3.939427847,       1.151689218,       2.253848127
          0,           0,         718,      -1.791860118,      0.5893173153,      0.8661240043,       3.933625565,       1.152098683,       2.243612741
          0,           0,         719,      -1.871418677,      0.5615337523,      0.7736858342,       3.789528591,       1.152069732,       2.214309806
          0,           0,         720,      -1.906435638,      0.5518167053,      0.7204938558,       3.747549512,       1.152283623,       2.187090081
          0,           0,         721,       -1.91329534,       0.547388683,      0.7069109306,       3.730334668,       1.152541081,        2.16742381
          0,           0,         722,      -1.938177363,      0.5330825353,      0.6617438253,       3.799427594,       1.152882332,       2.146715915
          0,           0,         723,      -1.945874214,      0.5317847444,      0.6447130085,       3.689382139,       1.153093885,       2.124642171
          0,           0,         724,       -1.94727813,      0.5362178929,      0.6338423863,       3.759789814,       1.153653549,       2.100985835
          0,           0,         725,      -1.963818913,      0.5433486924,      0.5923482788,       3.679435098,       1.154058834,       2.102338737
          0,           0,         726,       -1.92054135,         0.7082243,       0.724330432,       3.696020522,        1.15494223,       2.110389693
          0,           0,         727,      -1.900391624,      0.5526059531,       0.708813159,       3.768219298,       1.155203701,       2.074959244
          0,           0,         728,      -1.952408416,      0.5264711685,      0.6099977503,       3.707017763,       1.155553591,       2.067270001
          0,           0,         729,      -2.020656964,      0.5090748085,      0.4436054048,         3.7589849,       1.155839057,       2.056177386
          0,           0,         730,       -2.02885046,       0.502990301,      0.4124626419,       3.630224929,       1.156026941,       2.050548653
          0,           0,         731,      -2.007048086,      0.5071734971,      0.4624875487,       3.650551423,       1.156434168,       2.044756964
          0,           0,         732,      -1.996469918,      0.5083710771,      0.4854000387,       3.645930104,       1.156774425,       2.033908126
          0,           0,         733,       -2.01007943,      0.5023091677,      0.4478251979,       3.755234307,       1.157392429,       2.038843201
          0,           0,         734,      -2.025769405,       0.497269742,      0.4031821535,        3.68204289,       1.157820699,       2.055109052
          0,           0,         735,      -1.892171054,      0.5257600475,      0.6923612215,        3.72122635,       1.158659848,       2.050961822
          0,           0,         736,      -1.801093209,      0.7787092553,      0.8837472751,       3.822673601,       1.159348021,       2.115256407
          0,           0,         737,      -1.580910903,       1.020198788,       1.161870629,       4.044946372,       1.160133868,       2.125549885
          0,           0,         738,      -1.654981084,      0.7180858151,       1.042651748,       3.976428863,        1.16020668,        2.07806351
          0,           0,         739,      -1.740470718,        0.64326741,      0.9518506063,       3.825713383,       1.160456917,       2.059142957
          0,           0,         740,      -1.831885384,      0.5810671766,      0.8309234878,       3.749960023,       1.160618588,       2.048234221
          0,           0,         741,       -2.01810089,      0.5180720825,      0.5050721784,       3.744074194,       1.160808175,       2.038751878
          0,           0,         742,      -2.019731348,      0.5147330823,      0.5008481911,       3.655211778,       1.160895324,       2.028330109
          0,           0,         743,      -2.023560969,      0.5061502201,       0.490853683,       3.632795018,       1.161154898,       2.017524482
          0,           0,         744,      -2.029715762,      0.4951577365,      0.4757983134,        3.63897945,       1.161293284,       2.014039035
          0,           0,         745,      -2.055601591,      0.4873476275,      0.4501213429,       3.732999421,       1.161627775,       1.998578493
          0,           0,         746,      -2.030207154,      0.4879071747,      0.5532283416,       3.701479226,        1.16166932,       2.006425223
          0,           0,         747,      -1.818994343,      0.5591698978,      0.8549730243,       3.757234487,       1.161989652,       1.999101734
          0,           0,         748,       -1.64712542,        0.65783577,        1.05233569,       3.955492852,       1.161972551,       2.005061847
          0,           0,         749,      -1.690203281,      0.6757457908,       1.018178953,       3.971829465,       1.162130097,       2.085063421
          0,           0,         750,       -1.71711936,      0.6138320205,      0.9764031869,       3.986138824,       1.161205371,       2.121024291
          0,           0,         751,      -1.602902456,      0.7298705956,       1.111096227,       4.071245599,       1.160154096,       2.154671458
          0,           0,         752,      -1.515891388,       1.037523147,       1.221740443,       4.137217581,       1.157263847,       2.135503662
          0,           0,         753,      -1.520319194,      0.9715004972,       1.205643193,       4.140288868,       1.156503415,       2.188008655
          0,           0,         754,      -1.682845204,      0.7614640495,      0.9926850828,       3.990426728,       1.155843192,       2.130301441
          0,           0,         755,      -1.802024514,      0.6803671526,      0.8518040665,       3.860313252,       1.155731784,       2.089496186
          0,           0,         756,      -1.831194966,      0.6545323674,      0.8260574785,       3.825632742,       1.155616679,       2.062905855
          0,           0,         757,      -1.893941982,      0.6282262372,      0.7539131049,       3.765897741,       1.155435157,       2.043776374
          0,           0,         758,      -1.917327448,      0.6098377812,      0.7306291005,       3.779834609,       1.155084313,        2.02508936
          0,           0,         759,      -1.935276654,      0.5898100108,      0.7159593944,       3.818141424,       1.154729416,       2.005323018
          0,           0,         760,       -1.99425608,      0.5624238545,      0.6429346571,       3.733128258,       1.154130784,       1.990825859
          0,           0,         761,      -1.999051678,      0.5485340873,      0.6477978646,       3.678188399,       1.153542348,       1.977474259
          0,           0,         762,      -1.946807504,      0.5494155997,      0.7131816012,       3.768059954,       1.152666876,       1.956434055
          0,           0,         763,      -1.919635279,      0.5487032935,      0.7453398673,       3.832544526,       1.151795885,       1.953350611
          0,           0,         764,      -1.855327894,      0.5653619498,      0.8210131219,       3.830230164,       1.150399942,       1.955983187
          0,           0,         765,      -1.763033201,      0.5917672426,      0.9202470787,       3.941977822,       1.149199692,       1.991323829
          0,           0,         766,      -1.776834755,      0.5939554948,      0.9059043229,       3.938423032,       1.147447371,       1.951348703
          0,           0,         767,      -1.877434233,      0.5224092714,      0.7846598166,       3.935877842,       1.146032537,       2.016297871
          0,           0,         768,      -1.732813242,      0.5697912112,      0.9476206697,       4.012183004,       1.145612904,       2.074531681
          0,           0,         769,      -1.722708803,      0.5539512814,      0.9662311029,       3.957356095,       1.145414869,       1.991291615
          0,           0,         770,      -1.801758254,      0.5171727596,      0.8926196816,       3.830349029,       1.145410651,        1.92837391
          0,           0,         771,      -1.901846185,       0.464718036,      0.7914169606,       3.777957238,       1.145241884,       1.906147831
          0,           0,         772,      -1.923213569,      0.4489689099,      0.7754844074,       3.721727349,       1.144956884,       1.889953994
          0,           0,         773,      -1.971361775,      0.4250074139,      0.7275214224,       3.720444499,       1.144709206,       1.880811893
          0,           0,         774,      -2.023304402,      0.4009834097,       0.667714938,       3.675573207,       1.144294329,       1.877573495
          0,           0,         775,      -2.024226736,      0.3923441208,      0.6652525086,       3.756150558,       1.143959101,       1.869597639
          0,           0,         776,      -2.054825575,      0.4021098673,      0.6213778052,       3.707646763,       1.143400717,        1.85208169
          0,           0,         777,      -1.864639198,      0.5818749665,      0.8289960237,       3.804199071,       1.143022711,       1.904547456
          0,           0,         778,       -1.69595447,      0.6284407668,       1.006177269,       3.972832718,        1.14247463,        1.90641769
          0,           0,         779,      -1.646003703,      0.6226117463,       1.055448008,       4.060435001,       1.142309622,       2.008912137
          0,           0,         780,      -1.591785104,       0.680434393,       1.109947893,       4.078386831,       1.141856928,       2.059138971
          0,           0,         781,      -1.563007414,       1.003932669,       1.179943007,       4.119571966,        1.14215257,       2.155560285
          0,           0,         782,      -1.545542157,        1.04116452,       1.210615162,       4.130776731,       1.142557377,       2.223163431
          0,           0,         783,       -1.71439442,      0.7936638717,       1.002554398,        3.95143248,       1.142367025,       2.115674379
          0,           0,         784,      -1.817669015,      0.6906803015,       0.890307977,       3.874954176,       1.142531975,       2.070258946
          0,           0,         785,      -1.852340267,      0.6177619697,      0.8553184991,        3.84127289,        1.14260719,       2.062705249
          0,           0,         786,       -1.90736547,      0.5468445054,      0.7923627137,       3.772665467,        1.14266875,       2.108095144
          0,           0,         787,      -1.803414895,      0.5463693892,      0.8811481458,       3.858478882,       1.142717255,       2.145517215
          0,           0,         788,      -1.666876105,      0.6450192007,       1.038784367,       4.020042748,       1.143232804,       2.207465522
          0,           0,         789,      -1.564926453,      0.7383604192,       1.145146055,       4.108068261,       1.143704924,       2.254728176
          0,           0,         790,      -1.658355823,      0.6382487064,       1.059999089,       4.072708177,       1.145236597,       2.325498574
          0,           0,         791,      -1.677559205,      0.6250762208,       1.106050941,        4.08148675,       1.150070925,       2.399270866
          0,           0,         792,      -1.582542719,      0.7967168896,       1.218816522,       4.130332235,        1.15334868,       2.524112291
          0,           0,         793,      -1.592109549,      0.8292756659,       1.153069394,       4.077322258,       1.152342745,       2.471531285
          0,           0,         794,       -1.62083581,      0.8035274076,       1.115686617,       4.024378706,       1.150114599,       2.322684394
          0,           0,         795,      -1.655875372,      0.9845402741,       1.114972716,       3.998149768,       1.150425438,        2.25113649
          0,           0,         796,      -1.802935547,      0.5485527854,      0.9243062956,       3.874076539,       1.150556912,       2.219958685
          0,           0,         797,      -1.876108383,      0.4695422669,      0.8511140837,       3.821760392,       1.150770941,       2.195055199
          0,           0,         798,      -1.879427771,      0.4730868845,      0.8480860931,       3.886911223,       1.150986367,       2.168021609
          0,           0,         799,      -1.929186716,      0.4238258627,      0.7913506089,       3.800194804,       1.151100841,       2.144167582
          0,           0,         800,      -1.927719155,      0.4251815348,      0.7907297054,       3.730127658,       1.151301527,       2.121547523
          0,           0,         801,       -1.93835441,      0.4177005713,      0.7789447904,       3.768622993,       1.151471099,       2.101848367
          0,           0,         802,      -1.950845733,      0.4082095653,      0.7650087947,       3.758729371,       1.151588698,       2.082969889
          0,           0,         803,      -1.963042554,      0.3993208579,      0.7504965588,       3.739539415,       1.151801621,       2.071396628
          0,           0,         804,      -1.980776674,      0.3855911818,      0.7291086163,       3.731682592,       1.151965799,       2.053022659
          0,           0,         805,      -2.002041581,       0.369402384,      0.7016230169,        3.77798989,       1.152273717,       2.059498008
          0,           0,         806,      -2.011256088,       0.364626602,      0.6834732902,        3.71592895,       1.152467204,       2.055902893
          0,           0,         807,       -2.06257269,        0.33245968,      0.6133935415,       3.550016966,       1.152749365,       2.053475672
          0,           0,         808,      -2.105759033,      0.3028735809,      0.5521063189,       3.621900321,       1.152945516,       2.039734107
          0,           0,         809,      -2.128478241,      0.2881162836,      0.5130172775,       3.746196542,       1.153260271,       2.054140878
          0,           0,         810,      -2.146578651,      0.2805098014,      0.4749400701,       3.650818074,       1.153435764,       2.047572254
          0,           0,         811,      -2.160098354,        0.27064675,      0.4346051337,       3.732495188,       1.153906699,       2.063767833
          0,           0,         812,       -2.08985577,      0.4618312071,      0.5680652565,        3.71795344,       1.154230679,       2.066835154
          0,           0,         813,      -1.693847497,      0.9904131764,       1.072970921,       3.879710613,       1.154666226,       2.056021321
          0,           0,         814,      -1.823790398,      0.5735743161,       0.887310044,       3.817454857,       1.154830545,       2.017887057
          0,           0,         815,      -2.042848965,      0.3676674845,      0.6080971253,       3.744277021,       1.155079687,       2.025690935
          0,           0,         816,      -2.035505206,      0.3626755513,      0.6125298129,       3.657908126,       1.155248636,        2.03833024
          0,           0,         817,      -2.043345041,      0.3573579384,      0.5925749253,       3.601498735,       1.155661205,       2.048348831
          0,           0,         818,      -2.038793625,       0.351855105,      0.5890343921,       3.658740024,       1.156056681,        2.04595609
          0,           0,         819,      -2.008460398,      0.3503748836,      0.6511597346,       3.768627254,       1.156750831,       2.056661452
          0,           0,         820,      -1.719831432,      0.5833644365,      0.9905786334,       3.893885156,       1.157302588,       2.061980487
          0,           0,         821,      -1.784758015,      0.4922153311,      0.9077123859,       3.877361321,       1.157896314,       2.030412307
          0,           0,         822,      -1.842001322,      0.4469989819,       0.834313996,       3.790953099,       1.158018255,       1.992171371
          0,           0,         823,      -1.780092394,      0.4848115285,      0.9022844615,       3.810204177,       1.158291846,       1.995127476
          0,           0,         824,      -2.007643473,      0.3555325483,      0.6359919288,       3.568940658,       1.158577252,       2.001124449
          0,           0,         825,      -2.044489914,         0.3312046,      0.5883580773,       3.721393389,        1.15888923,       2.006505027
          0,           0,         826,      -2.011256689,      0.3566627354,      0.6487833055,       3.651217027,       1.159040145,       2.003049315
          0,           0,         827,      -2.070489433,      0.3156539692,      0.5489213161,       3.582669998,       1.159382124,        2.00931824
          0,           0,         828,      -2.053498856,      0.3086770285,      0.5672992545,       3.729802266,       1.159810518,       2.017777855
          0,           0,         829,      -2.029512672,      0.3700496442,      0.6053831785,       3.625931268,        1.15993914,       2.012791292
          0,           0,         830,      -2.042222223,      0.3168554693,      0.5795703116,       3.585232269,       1.160231109,       2.007923711
          0,           0,         831,      -2.050769379,      0.3115460518,      0.5652099095,       3.683787915,       1.160527606,       2.006378967
          0,           0,         832,      -2.058139329,      0.3216556212,      0.5540727429,        3.58025827,         1.1606993,        2.00290577
          0,           0,         833,      -2.068407861,      0.3101847192,      0.5353814961,       3.438542966,       1.160998985,       2.001726986
          0,           0,         834,      -2.079066141,      0.2900033935,      0.5120254699,       3.645134474,       1.161319515,        1.99934474
          0,           0,         835,      -2.068316181,      0.3103829368,      0.5334721925,       3.587832281,       1.161489652,       1.992304742
          0,           0,         836,      -2.062861766,      0.3377918637,      0.5468283557,       3.574493162,       1.161844899,       1.990473204
          0,           0,         837,      -2.075410312,      0.2892568855,       0.516320294,       3.718204731,       1.162287287,       1.991766884
          0,           0,         838,      -2.065615577,      0.3919410611,      0.5473206178,       3.613311965,       1.162623745,       1.984132743
          0,           0,         839,      -1.796610156,      0.8956540385,      0.9599457521,       3.844169009,        1.16327976,       1.986357552
          0,           0,         840,      -2.035626046,      0.4261217907,      0.6081578124,        3.68139534,       1.163424096,       1.982184408
          0,           0,         841,      -2.083606446,      0.3365454645,      0.5060593196,        3.63663661,       1.163833753,       1.967060003
          0,           0,         842,       -2.12427945,       0.310402447,      0.4110227458,       3.500311344,       1.164161002,       1.953332025
          0,           0,         843,      -2.143545239,      0.3013770982,      0.3560919084,       3.583718787,       1.164437015,       1.928252411
          0,           0,         844,      -2.155893161,      0.2944055654,      0.3145035959,       3.729362817,       1.164865569,       1.928472248
          0,           0,         845,      -2.166248638,      0.2872243647,      0.2829597874,       3.589690722,       1.164981269,       1.921172483
          0,           0,         846,        -2.1715562,      0.2822075228,      0.2659727871,       3.549034501,       1.165316888,       1.924869769
          0,           0,         847,       -2.17573833,      0.2770683552,       0.251389781,       3.694867631,       1.165733463,       1.920340416
          0,           0,         848,      -2.179101107,      0.2716970486,      0.2402221738,       3.556122898,       1.166043799,       1.892332277
          0,           0,         849,      -2.180955547,         0.2667695,      0.2339413134,       3.493262526,       1.166664146,       1.897149999
          0,           0,         850,      -2.184398502,      0.2590048623,      0.2249054239,       3.564041381,       1.167239279,       1.932786961
          0,           0,         851,      -2.188140347,      0.2574382646,      0.2150818096,       3.743797184,       1.168150286,       1.887998425
          0,           0,         852,      -2.184660601,      0.2901770432,      0.2496960079,       3.679610199,       1.168747806,       1.880507726
          0,           0,         853,      -2.197285887,      0.2481322394,      0.2036725271,       3.784284687,       1.169904148,       1.893820007
          0,           0,         854,      -1.888763677,      0.8437779283,      0.8646722807,       3.832995371,       1.170802674,       1.924621663
          0,           0,         855,      -1.724950614,      0.9907138732,        1.05582754,       3.951095343,       1.172439656,        1.99074639
          0,           0,         856,      -1.699691834,      0.8135138911,       1.031119138,       4.012080638,        1.17272018,       1.963127783
          0,           0,         857,      -1.913020396,      0.6239379106,      0.7638476916,        3.79989961,       1.173098183,       1.914382547
          0,           0,         858,      -2.016566181,      0.5590001203,      0.6454119873,       3.795693705,       1.173360726,       1.886532371
          0,           0,         859,        -2.0289561,      0.5360953623,      0.6288145855,       3.702404401,       1.173455437,       1.864527621
          0,           0,         860,      -2.029408063,      0.5196807405,      0.6346576499,       3.642392233,       1.173646612,       1.854300391
          0,           0,         861,       -2.03284699,      0.5058259396,      0.6374414076,        3.67591407,       1.173788981,       1.848919922
          0,           0,         862,      -1.970481782,      0.5165563904,      0.7245945327,       3.806267495,       1.173976406,       1.847168166
          0,           0,         863,      -1.924220397,      0.5251410733,      0.7797006522,       3.733045811,       1.174062181,       1.848207259
          0,           0,         864,      -1.983108707,      0.4831690105,      0.7062832418,       3.624357496,       1.174238801,       1.850354369
          0,           0,         865,       -1.94196858,      0.4825515294,      0.7432512886,       3.701234682,       1.174393966,       1.853727607
          0,           0,         866,      -1.920821262,      0.4766510236,      0.7689075597,       3.822723629,       1.174655591,       1.848013711
          0,           0,         867,      -1.962337834,      0.4342242584,      0.7180715467,        3.72291728,       1.174825173,       1.835523648
          0,           0,         868,      -2.078151413,      0.3934891885,      0.5737289483,       3.658386434,       1.175211546,       1.844559931
          0,           0,         869,      -1.928361681,      0.4112723288,      0.7581403081,       3.731077166,       1.175520362,       1.878670205
          0,           0,         870,      -1.870689286,      0.4304243666,      0.8186252483,        3.84563325,       1.176120353,       1.921072798
          0,           0,         871,      -1.756823527,       0.504814037,      0.9381580839,       3.867354848,       1.176126842,        1.89652512
          0,           0,         872,      -1.852480237,      0.4381979731,      0.8410566249,       3.794991463,       1.176264791,       1.859051015
          0,           0,         873,      -2.023262449,      0.3512416837,        0.65716442,       3.671067733,       1.176422399,       1.843872944
          0,           0,         874,      -2.111690375,      0.3147934169,      0.5476883224,       3.571103511,        1.17658634,       1.842583502
          0,           0,         875,      -2.149368084,      0.2946886364,      0.4969585252,       3.711117854,       1.176756207,        1.82579479
          0,           0,         876,      -2.164301326,      0.2867402782,      0.4708763567,       3.554682806,       1.176828669,        1.81188531
          0,           0,         877,      -2.168985361,      0.2838763589,      0.4572048299,       3.429146286,       1.177032526,       1.803211961
          0,           0,         878,      -2.178683128,      0.2793930897,      0.4351494464,       3.549050178,       1.177220545,       1.805683448
          0,           0,         879,      -2.123905761,      0.2857536239,      0.4953345506,       3.736978682,       1.177537944,        1.79966641
          0,           0,         880,      -2.089179113,      0.2840029427,      0.5499706051,       3.652048836,       1.177740387,       1.824394396
          0,           0,         881,      -2.174535239,      0.2584727622,      0.4333842385,       3.642929474,       1.178201567,       1.830277162
          0,           0,         882,        -2.2582076,      0.2428609741,      0.2737400698,        3.64753133,       1.178545644,       1.826875206
          0,           0,         883,      -2.044137317,      0.2885924009,      0.6026327537,       3.784088961,        1.17920052,        1.95935552
          0,           0,         884,      -2.000236893,      0.3198678291,       0.678894623,       3.780066596,       1.179683166,       1.943294574
          0,           0,         885,      -1.742030559,      0.6252284182,      0.9614916263,       3.866730103,       1.180611102,        1.89431296
          0,           0,         886,      -1.467386023,       1.036900158,       1.268004598,       4.138099995,       1.180529932,       2.020297747
          0,           0,         887,       -1.65500968,      0.7067523927,       1.058569257,       3.977287315,       1.180661652,       1.954898769
          0,           0,         888,      -1.699160185,      0.6157937157,       1.012349017,       3.945261521,       1.180780452,       1.918705944
          0,           0,         889,      -1.881088151,      0.4402636116,      0.8079319309,       3.755303509,       1.180830241,       1.893168551
          0,           0,         890,      -1.979116762,      0.3860130451,      0.6896172982,       3.770209437,       1.181012232,       1.876065735
          0,           0,         891,      -1.979345988,      0.3807586259,      0.6962469565,       3.697549376,       1.181133316,       1.872944668
          0,           0,         892,      -1.880946662,      0.4621540438,      0.8176197418,       3.716255336,       1.181405465,       1.860742842
          0,           0,         893,      -1.800034031,      0.5579760028,      0.9098667489,       3.818833824,       1.181641541,       1.846435265
          0,           0,         894,      -1.819670009,      0.4799658968,       0.865943552,       3.873992159,       1.182058607,       1.879849633
          0,           0,         895,      -1.792528068,      0.4754506655,      0.9049427754,       3.864460102,       1.182295095,       1.891631311
          0,           0,         896,      -1.841302747,       0.412473474,      0.8487904044,       3.857494925,       1.182835099,       1.887180348
          0,           0,         897,      -1.699828704,       0.589652104,      0.9956030881,       3.941960663,       1.183170239,       1.958587318
          0,           0,         898,      -1.665891656,      0.6368284284,       1.030125283,       3.983110471,       1.183223444,       1.932472951
          0,           0,         899,      -1.734563206,       0.532758797,      0.9510927683,       3.918474482,       1.183096097,       1.929956366
          0,           0,         900,      -1.774901316,      0.4904701638,      0.9071653026,       3.841230095,       1.183162793,       1.944192881
          0,           0,         901,       -1.73215434,      0.5297578213,      0.9548222471,       3.879855377,       1.183266379,        1.92214223
          0,           0,         902,      -1.722562404,      0.5288770078,      0.9664800859,       3.930248984,       1.183374337,       1.903973723
          0,           0,         903,      -1.746702969,      0.4935430804,      0.9409975491,       3.866711155,       1.183388555,       1.889276147
          0,           0,         904,      -1.841779785,      0.4214903522,      0.8376933588,       3.739441751,       1.183491296,       1.876127911
          0,           0,         905,      -2.021123396,      0.3405775206,      0.6240617684,       3.707191638,       1.183572733,       1.863303459
          0,           0,         906,       -2.05906579,      0.3100937014,      0.5752252991,       3.659939673,       1.183596147,       1.849534684
          0,           0,         907,      -2.064307046,      0.2984016942,      0.5749374536,       3.540467548,       1.183696138,       1.834436072
          0,           0,         908,      -2.070201704,       0.290790762,      0.5728557427,       3.616622863,       1.183753984,       1.825028751
          0,           0,         909,      -2.089133062,      0.2710874488,      0.5490052348,       3.746351625,       1.183856152,       1.820729876
          0,           0,         910,      -2.129905626,      0.2403968501,      0.4852650983,       3.619633793,       1.183857221,       1.812765425
          0,           0,         911,      -2.170681553,      0.2100459174,      0.4148389588,       3.517537966,        1.18395386,       1.809726245
          0,           0,         912,      -2.201510643,      0.1914685799,      0.3626366565,       3.553493799,       1.184026593,       1.811302715
          0,           0,         913,      -2.218664113,       0.182729558,      0.3397018835,       3.705394072,       1.184188867,       1.807858532
          0,           0,         914,       -2.22378696,      0.1785274661,      0.3494541478,        3.58725993,       1.184236872,       1.808728588
          0,           0,         915,      -2.240855093,      0.1731348144,      0.3361425766,       3.521122289,       1.184467086,       1.819156879
          0,           0,         916,      -2.224742613,      0.1712378398,      0.3746376674,       3.607460125,       1.184609494,       1.801017686
          0,           0,         917,      -2.201310811,       0.267440035,      0.4426445767,        3.73465392,        1.18493723,       1.833817228
          0,           0,         918,      -2.076346464,       0.258815671,      0.6000394257,       3.714806039,        1.18461081,       1.838202219
          0,           0,         919,      -1.971585584,      0.2917243353,       0.716392285,       3.736451724,       1.184604945,       1.793667689
          0,           0,         920,      -2.161264908,      0.1940551306,      0.5037916304,       3.569265354,       1.184675951,       1.773327904
          0,           0,         921,      -2.239549609,      0.1467623152,      0.3913768029,       3.544599276,       1.184783115,       1.765502685
          0,           0,         922,      -2.270132158,      0.1290664755,      0.3439226586,       3.536390171,       1.184823817,       1.759863801
          0,           0,         923,      -2.312730441,      0.1152085113,      0.2933146713,       3.678069561,       1.184979428,        1.72275331
          0,           0,         924,      -2.288172783,      0.1230803492,      0.3439108042,       3.580081422,       1.184994173,       1.744075693
          0,           0,         925,      -2.206865368,      0.2932038566,      0.4777227023,       3.440349301,       1.185209825,       1.757482935
          0,           0,         926,      -2.304755336,      0.1445572367,      0.3096706485,       3.703386769,        1.18536932,       1.701074205
          0,           0,         927,      -1.894847459,      0.7592780364,      0.8565939809,       3.820136312,       1.185351141,       1.800662315
          0,           0,         928,      -1.664251862,      0.9860800307,       1.098864027,       3.968916741,       1.185236953,       1.816084561
          0,           0,         929,      -1.950636629,      0.4931885417,      0.7575889255,       3.734154366,       1.185068458,       1.799117797
          0,           0,         930,      -2.025114663,      0.3877995767,      0.6728602724,       3.681161281,       1.185101613,       1.793567842
          0,           0,         931,      -2.140573569,      0.3375097433,      0.5409320994,       3.739829832,       1.185152049,       1.792867783
          0,           0,         932,      -2.195691555,      0.3030978584,      0.4618123206,       3.583124638,       1.185098834,        1.78788079
          0,           0,         933,      -2.226056719,      0.2444006762,      0.4150804773,       3.484817884,       1.185144637,       1.771906442
          0,           0,         934,      -2.265384891,      0.2029122165,      0.3657592391,       3.539753306,       1.185157695,       1.754060208
          0,           0,         935,      -2.325219052,       0.169331325,      0.2829001394,       3.701182102,       1.185245059,       1.749286819
          0,           0,         936,      -2.336248244,      0.1977379558,       0.276214996,       3.541006101,        1.18519338,       1.728268906
          0,           0,         937,      -2.285537495,      0.2156544564,      0.3562173368,       3.493490849,       1.185304405,       1.728008763
          0,           0,         938,      -2.320068229,      0.1925597397,      0.3127204041,       3.580233759,       1.185293204,       1.710939707
          0,           0,         939,      -2.237275957,      0.1867113357,      0.4026444623,       3.724316839,       1.185430879,       1.726564407
          0,           0,         940,      -2.114005031,      0.2028906244,      0.5584170199,       3.659367585,       1.185229238,        1.77576268
          0,           0,         941,      -2.003182916,      0.2399528613,      0.6758405476,       3.822618876,       1.185300127,        1.74191964
          0,           0,         942,      -1.697357672,      0.4785939314,       0.992578269,       3.965912692,        1.18463516,       1.796620217
          0,           0,         943,      -1.969808889,       0.234533793,      0.7146374743,       3.787914037,       1.184432596,       1.680421662
          0,           0,         944,      -2.134568669,       0.127923681,      0.5205437973,       3.653728558,       1.184374314,       1.714239521
          0,           0,         945,      -2.139626333,      0.1289026286,      0.5165403599,       3.628808716,       1.184365442,       1.721283483
          0,           0,         946,       -2.18123794,       0.128148849,      0.4619764473,       3.737164302,       1.184362624,       1.725946562
          0,           0,         947,      -2.163011026,      0.1517926479,      0.4804946724,       3.609399855,       1.184274257,       1.720570748
          0,           0,         948,      -2.104940978,      0.1452936219,      0.5546245899,        3.51074898,       1.184267403,       1.709729508
          0,           0,         949,      -2.125285497,      0.1347067401,      0.5352798569,       3.549912219,       1.184226928,       1.707066291
          0,           0,         950,      -2.141223054,      0.1345680971,      0.5212363106,        3.71718356,       1.184216177,       1.696788439
          0,           0,         951,      -2.157480311,      0.1159932637,      0.5041579473,       3.574719242,       1.184123477,       1.693481079
          0,           0,         952,      -2.173137902,      0.1009523262,      0.4861526218,       3.397869138,       1.184114807,       1.680500733
          0,           0,         953,      -2.188262133,     0.09001045138,      0.4679990532,       3.443800094,       1.184078442,       1.674315073
          0,           0,         954,      -2.216284911,       0.069359508,      0.4314609251,       3.539249609,       1.184020322,       1.660469111
          0,           0,         955,      -2.229337404,     0.05817256367,      0.4101579391,        3.70016044,       1.184026044,        1.65852522
          0,           0,         956,      -2.260292702,     0.04467036728,      0.3590670829,       3.552942612,       1.183918977,       1.647170888
          0,           0,         957,      -2.201817578,     0.06427356161,      0.4176407166,       3.458897307,       1.183911574,       1.647309002
          0,           0,         958,      -2.137512439,      0.1097922264,      0.5077038678,       3.600006715,       1.183813093,       1.648843026
          0,           0,         959,      -2.237651574,     0.08727210459,      0.3756863972,       3.740108002,       1.183789278,       1.624477629
          0,           0,         960,      -2.196271123,      0.3879400053,      0.4930799501,       3.624822257,       1.183462077,       1.698168603
          0,           0,         961,      -2.030318265,      0.2430237079,      0.6495017549,       3.819058522,       1.183325175,       1.747922253
          0,           0,         962,      -1.791202609,      0.4034937519,      0.8994013903,       3.929518967,       1.182696902,       1.838963136
          0,           0,         963,      -1.873692163,      0.3984037119,      0.8222347405,        3.79964714,       1.182492976,       1.713223494
          0,           0,         964,      -2.107814526,      0.1416261408,      0.5516916116,       3.643223857,       1.182419816,       1.651376315
          0,           0,         965,      -2.125774844,      0.1261637859,      0.5302513414,       3.623247857,       1.182377136,       1.634549279
          0,           0,         966,      -2.225396122,     0.08258081708,      0.3990432305,       3.701008383,       1.182329947,       1.649031647
          0,           0,         967,      -2.074324119,      0.4093417472,      0.6216451291,       3.630111222,       1.182143859,       1.665379429
          0,           0,         968,        -1.9271972,      0.7987758032,      0.8499595243,       3.672681531,       1.182018037,       1.682469872
          0,           0,         969,      -2.274454523,       0.136574104,      0.3402022716,       3.544170188,       1.181933039,       1.665253947
          0,           0,         970,      -2.300758478,     0.09611797111,      0.2802516994,       3.693577493,       1.181893484,       1.673353261
          0,           0,         971,      -2.219970897,      0.1045031004,      0.3991625111,       3.559895615,       1.181733251,       1.673394967
          0,           0,         972,      -2.239292941,     0.08995191569,      0.3803507931,       3.597324793,       1.181657631,       1.664254024
          0,           0,         973,      -2.379763765,     0.04860616151,      0.1249399483,       3.536686425,       1.181431763,       1.684636529
          0,           0,         974,      -2.238092295,     0.08556041728,      0.3859453578,       3.711301287,       1.181289915,       1.685233211
          0,           0,         975,      -2.113275756,      0.6032598925,      0.6346050975,       3.657687281,       1.180881111,       1.703486535
          0,           0,         976,      -1.780818938,      0.9733517402,       1.015245738,       3.858299187,       1.180573264,       1.769939274
          0,           0,         977,      -2.274435743,      0.3584612976,      0.4011964803,       3.729502267,       1.180454954,       1.679811015
          0,           0,         978,      -2.297059117,      0.2569787748,      0.3292453332,       3.547464898,       1.180295694,       1.641126502
          0,           0,         979,      -2.337782215,      0.2176466761,      0.2547829945,       3.693796374,       1.180236086,       1.628685824
          0,           0,         980,      -2.376463254,       0.194692254,      0.1813061638,       3.501838978,       1.180081349,       1.661028053
          0,           0,         981,       -2.40122372,      0.1767659644,      0.1252955959,       3.609377564,       1.180001088,       1.667751124
          0,           0,         982,      -2.410399657,      0.1586932526,      0.1049672591,       3.518695368,       1.179774185,       1.689736812
          0,           0,         983,      -2.416445651,      0.1393142991,     0.09460340742,       3.472512343,       1.179631961,       1.719476584
          0,           0,         984,      -2.432223234,      0.1144977357,     0.06418283751,       3.549237328,       1.179305383,       1.735026162
          0,           0,         985,      -2.436849513,     0.09235777817,      0.0595527297,       3.698188811,       1.179053035,       1.758618724
          0,           0,         986,      -2.430522943,      0.0681658709,     0.07783802424,       3.670073036,       1.178419497,       1.819002996
          0,           0,         987,      -2.245109574,     0.09528890559,      0.3990909638,       3.728981059,       1.177918886,       1.916986484
          0,           0,         988,      -1.836327964,      0.4636552878,      0.8662959619,       3.873072293,       1.176985288,       1.957805161
          0,           0,         989,      -1.628750349,      0.9887721435,       1.125798592,       4.039466585,       1.176324585,       2.011350862
          0,           0,         990,      -1.887232946,      0.5644995582,      0.8305129197,       3.814928917,       1.175679591,       1.922088933
          0,           0,         991,      -2.005466804,      0.3874032169,      0.6882026018,       3.711825413,       1.175518614,       1.900383428
          0,           0,         992,      -2.047818488,      0.3611189296,      0.6427702681,       3.657079049,       1.175436398,       1.885236314
          0,           0,         993,      -2.057761713,      0.3474717742,      0.6331097434,       3.763029373,       1.175359063,       1.870662607
          0,           0,         994,      -2.110937465,      0.2991955135,      0.5641269494,       3.635810901,       1.175178714,       1.857677162
          0,           0,         995,      -2.135804354,      0.2699916103,      0.5367742011,       3.644103717,       1.175069778,       1.855375014
          0,           0,         996,      -2.147201233,      0.2424486659,       0.528219034,       3.621039133,       1.174817484,       1.850362726
          0,           0,         997,      -1.952641903,      0.3051191178,      0.7368549725,       3.788948706,       1.174633133,       1.862706862
          0,           0,         998,      -2.185495367,      0.2122765378,      0.4916265306,       3.622444002,       1.174197786,       1.870023628
          0,           0,         999,      -1.996214577,      0.2491251245,      0.6940079035,       3.616332165,        1.17388563,       1.888821982
          0,           0,        1000,      -2.088052327,      0.2337493149,      0.5886327944,       3.786302054,       1.173407673,       1.930791123
          0,           0,        1001,      -1.917275288,      0.3026898252,      0.7777304487,       3.819233965,        1.17250769,       1.942742301
          0,           0,        1002,      -1.683630922,      0.5092578171,        1.01460934,       3.960394426,       1.171743636,       1.968462889
          0,           0,        1003,      -1.697570021,      0.5945458356,       1.005763089,       3.994373071,       1.170648088,       1.987367654
          0,           0,        1004,      -1.697573484,      0.5961507257,       1.003204594,       3.934223274,       1.170226539,       1.943230989
          0,           0,        1005,      -1.879575549,      0.4077194712,      0.8149709854,       3.787812254,       1.170053488,       1.897762059
          0,           0,        1006,      -1.845469957,      0.3716357855,      0.8518037033,        3.81800054,       1.169888803,       1.882015656
          0,           0,        1007,      -2.008610731,      0.2491351714,         0.6729542,       3.711281755,       1.169782124,       1.868060178
          0,           0,        1008,      -2.044564695,      0.2243429221,       0.637633533,       3.667648042,       1.169615679,       1.851741611
          0,           0,        1009,      -2.084035915,      0.2024449696,      0.5955979111,       3.591025363,       1.169510132,       1.834456905
          0,           0,        1010,      -2.118503293,      0.1833438643,      0.5572919801,        3.59909047,       1.169349729,       1.823859724
          0,           0,        1011,      -2.149870199,      0.1527851195,      0.5197831137,       3.646889153,       1.169245857,       1.809206243
          0,           0,        1012,      -2.182793783,      0.1349510901,      0.4784477436,        3.56673259,       1.169070581,       1.800087553
          0,           0,        1013,      -2.232519608,      0.1153404173,       0.414753233,       3.371779363,       1.168965501,       1.785789274
          0,           0,        1014,       -2.24613828,      0.1198282155,      0.3963414873,         3.4006117,        1.16883361,       1.777379498
          0,           0,        1015,      -2.294782544,      0.0733221785,      0.3178645822,       3.527384582,       1.168688073,       1.762959801
          0,           0,        1016,      -2.340592415,     0.03680526747,      0.2322368338,       3.699817152,       1.168587289,       1.754451153
          0,           0,        1017,      -2.284705191,     0.05586203914,      0.3161013715,        3.56749767,       1.168396036,       1.739394129
          0,           0,        1018,      -2.280345339,      0.0649632117,      0.3291794621,       3.406989924,       1.168281362,       1.732821297
          0,           0,        1019,      -2.327030535,     0.05554014733,      0.2703444605,       3.532866637,       1.168105203,       1.719959108
          0,           0,        1020,      -2.372271232,      0.1256576384,      0.2400645818,       3.532071824,       1.167825361,       1.716919264
          0,           0,        1021,      -2.424289225,     0.05495953739,      0.1450087535,       3.689245621,       1.167592912,       1.707897119
          0,           0,        1022,      -2.426844547,     0.06585089901,      0.1616672729,       3.561184083,       1.167186477,       1.666691216
          0,           0,        1023,      -2.444868545,     0.03610478266,      0.1081846462,       3.507108022,       1.167052259,       1.659985493
          0,           0,        1024,      -2.455592872,    0.003478756355,     0.08143470134,       3.487356792,       1.166930703,       1.656360644
          0,           0,        1025,      -2.459049836,     0.01538976567,     0.08406326683,       3.649707677,       1.166783999,       1.640514085
          0,           0,        1026,      -2.443814537,      0.1060120852,      0.1574599325,       3.518841234,       1.166469934,       1.632871228
          0,           0,        1027,      -2.484578962,    0.004198467427,     0.03998679783,       3.239048372,       1.166229609,       1.640829535
          0,           0,        1028,      -2.482754597,    0.007487937928,     0.04419181184,       3.640961593,       1.165863227,       1.652112353
          0,           0,        1029,      -2.169946044,      0.5709445002,       0.595661439,       3.637110274,       1.165263956,       1.683093071
          0,           0,        1030,      -1.788528575,      0.9762912392,       1.014837452,       3.839988579,       1.164733624,       1.740104965
          0,           0,        1031,      -2.060158839,      0.5811454633,      0.6957881006,       3.748170069,       1.164029918,       1.752585704
          0,           0,        1032,        -1.9813587,      0.4263456444,      0.7075468636,       3.715092859,        1.16379858,       1.674327541
          0,           0,        1033,      -2.125198229,      0.3623915822,      0.5641440839,       3.739237949,       1.163674279,       1.658967891
          0,           0,        1034,      -2.242174439,      0.3281906629,       0.432696003,       3.578176766,       1.163470478,       1.652772544
          0,           0,        1035,      -2.285164404,      0.3048325317,      0.3767935627,       3.523327668,       1.163357419,       1.652908824
          0,           0,        1036,      -2.327391195,      0.2809903222,      0.3173752495,       3.697116956,       1.163249985,        1.64708147
          0,           0,        1037,      -2.383299472,      0.2603632577,      0.2452063831,        3.49623144,       1.163045348,       1.650825236
          0,           0,        1038,      -2.410296572,      0.2429998971,      0.2105184793,       3.336187372,       1.162935545,         1.6633536
          0,           0,        1039,      -2.415685594,      0.2277078537,      0.2053149384,       3.473202768,       1.162774236,       1.665017482
          0,           0,        1040,       -2.42458781,      0.2127496354,      0.1917045232,       3.670821743,       1.162653017,       1.671964361
          0,           0,        1041,      -2.439067169,      0.1943098606,      0.1687563574,       3.488758085,       1.162384114,       1.687153653
          0,           0,        1042,      -2.452990085,      0.1737844537,      0.1439732211,       3.238396746,       1.162190932,       1.686584421
          0,           0,        1043,      -2.464300706,        0.15072512,       0.122331301,       3.430032397,        1.16188865,       1.702760476
          0,           0,        1044,      -2.471953093,      0.1272071161,      0.1078045271,       3.510518226,       1.161441497,        1.71348526
          0,           0,        1045,      -2.475145247,      0.1026363808,      0.0908407853,        3.71260866,       1.161058034,        1.66481805
          0,           0,        1046,       -2.42619792,      0.1012483959,      0.1850653857,       3.652114755,       1.160247804,       1.734689432
          0,           0,        1047,      -2.324986727,     0.09862819299,      0.3172901865,       3.634444253,       1.159560877,       1.772708998
          0,           0,        1048,      -1.912788737,      0.3188803849,      0.7764688593,       3.814603449,       1.158706728,       1.876684383
          0,           0,        1049,      -1.952353976,      0.2790086934,      0.7382476137,       3.707643919,       1.158435835,       1.707799176
          0,           0,        1050,      -1.915159366,      0.3001932891,      0.7805028046,       3.739988761,       1.158221071,       1.620121037
          0,           0,        1051,      -1.964583169,      0.2684310815,      0.7243648855,       3.744766192,       1.158110513,       1.604156703
          0,           0,        1052,      -2.149736328,      0.1315347425,      0.5131741564,       3.599699358,       1.157917855,       1.603224178
          0,           0,        1053,      -2.247426256,      0.1286286882,        0.39951313,       3.397892157,       1.157809047,       1.632355466
          0,           0,        1054,      -2.325805058,     0.05304707869,      0.2941679024,         3.6274843,       1.157683322,       1.635408218
          0,           0,        1055,      -2.357521714,     0.05101519672,      0.2550587218,       3.501414669,       1.157491089,       1.638386197
          0,           0,        1056,      -2.403737585,     0.02937084418,      0.1837251783,       3.355017181,       1.157371717,       1.643357002
          0,           0,        1057,      -2.370199459,      0.2675919866,      0.2992852677,        3.68413356,       1.157208764,       1.639343883
          0,           0,        1058,      -2.388994322,       0.254239899,      0.2895315358,       3.541606706,       1.156929049,       1.613176585
          0,           0,        1059,       -2.47275415,     0.01495459463,     0.06036653038,       3.487760607,       1.156820876,       1.614464849
          0,           0,        1060,      -2.485832157,    0.009453886038,      0.0328102056,       3.355361173,       1.156704926,        1.61483912
          0,           0,        1061,      -2.515746387,    0.004602629762,    -0.04206511621,        3.48280658,       1.156488858,       1.596263307
          0,           0,        1062,      -2.537195391,   -0.002709595046,     -0.1114308469,       3.681239321,       1.156310395,       1.575732716
          0,           0,        1063,      -2.535536104,     0.01243088661,    -0.07073402777,       3.510604534,       1.155902535,       1.576573731
          0,           0,        1064,      -2.541206957,   0.0002599646899,      -0.105536354,        3.31661254,       1.155614939,       1.548809369
          0,           0,        1065,      -2.444627606,      0.1808893801,      0.2041834088,       3.520054047,       1.155155912,       1.573887532
          0,           0,        1066,      -2.463512736,     0.06500577653,      0.1146332302,       3.754739435,       1.154739387,       1.691742855
          0,           0,        1067,      -2.085327075,      0.6091498639,      0.6737873904,       3.770861303,       1.153911383,        1.79987754
          0,           0,        1068,       -1.77817826,       0.969115731,        1.01658162,       3.841780245,       1.153698874,       1.664349102
          0,           0,        1069,      -2.393036897,      0.2133712608,      0.2665871023,       3.546818674,       1.153585967,       1.636253857
          0,           0,        1070,      -2.407562997,      0.1361684146,      0.2052599406,       3.692439647,       1.153488018,       1.610822217
          0,           0,        1071,      -2.434443821,      0.1044421246,      0.1561389317,       3.500268623,       1.153289718,       1.586271361
          0,           0,        1072,       -2.48467422,     0.08497560988,     0.06142000136,       3.396489117,        1.15317751,       1.565567308
          0,           0,        1073,      -2.515058938,     0.07019398917,    -0.00865476594,       3.672914436,       1.153033957,       1.542147187
          0,           0,        1074,      -2.518806172,     0.05662580267,    -0.01661361842,       3.489290925,       1.152758884,       1.508793606
          0,           0,        1075,       -2.52222445,     0.04773505231,    -0.02681322574,       3.455277823,       1.152646397,       1.520417888
          0,           0,        1076,      -2.528560856,     0.03788980887,    -0.04759910637,       3.663501584,       1.152511253,       1.525682114
          0,           0,        1077,      -2.535233947,     0.02705403403,    -0.06927968451,       3.498166187,       1.152194066,       1.528276455
          0,           0,        1078,      -2.538989424,     0.01447463603,    -0.08632005566,       3.425060098,       1.151983848,       1.561509957
          0,           0,        1079,      -2.542052433,    0.004090345181,     -0.1061027661,       3.689875357,       1.151718489,       1.559986168
          0,           0,        1080,      -2.533621387,   -0.003720786553,    -0.07196640148,       3.569868093,       1.151102102,       1.577254938
          0,           0,        1081,      -2.061180384,      0.7013545557,      0.7211088435,       3.770090138,       1.150653593,       1.710932004
          0,           0,        1082,      -1.773042852,      0.9773095701,       1.025296831,       3.911517359,       1.149963003,          1.733245
          0,           0,        1083,      -2.131843556,         0.4340619,      0.5833016729,       3.688511933,       1.149741651,       1.646675014
          0,           0,        1084,      -2.232088231,       0.312015437,      0.4490330898,        3.62059063,       1.149614833,       1.603465025
          0,           0,        1085,      -2.335613715,      0.2567648354,      0.3053661475,       3.542546222,       1.149466811,       1.569421046
          0,           0,        1086,      -2.280894849,      0.1950708428,      0.3677913866,       3.698590845,       1.149298392,       1.539563974
          0,           0,        1087,      -2.454210719,       0.168314405,      0.1186970533,       3.520866499,       1.148930924,        1.49874805
          0,           0,        1088,      -2.395365957,      0.1725972872,      0.2285582545,        3.36717139,       1.148662146,       1.549131354
          0,           0,        1089,      -2.413865651,      0.1413328011,      0.1986715602,       3.557993013,       1.148248064,       1.585481841
          0,           0,        1090,      -2.271891467,      0.1350205315,      0.3809413237,       3.739768489,       1.147869668,       1.621956566
          0,           0,        1091,      -2.007065717,      0.2118733065,      0.6838529509,       3.715716644,       1.146954693,        1.78389551
          0,           0,        1092,      -1.891333876,      0.3145967755,      0.7980076091,       3.877082851,       1.146320881,       1.805221635
          0,           0,        1093,      -1.730276937,      0.4299266763,      0.9643355069,       3.988079377,       1.145163349,       1.876635251
          0,           0,        1094,      -1.777487612,      0.8869019391,      0.9746094578,       3.984230377,       1.144245725,       1.897334468
          0,           0,        1095,      -1.743753623,      0.9891589695,       1.059757364,        4.02071789,       1.143589319,       2.034137598
          0,           0,        1096,      -1.560954721,      0.9547298422,        1.18135121,       4.106333809,       1.144420231,       2.110062683
          0,           0,        1097,      -1.488663053,      0.9289818563,       1.231070913,       4.162226461,       1.156992662,       2.189390266
          0,           0,        1098,      -1.541454893,      0.8735501714,       1.232313674,       4.148685326,       1.171123422,       2.386343076
          0,           0,        1099,      -1.403027891,       1.102380048,       1.419070273,       4.223861915,        1.27562365,       2.623277277
          0,           0,        1100,      -1.332590846,       1.261813602,       1.554593585,       4.277118864,       1.155224274,       2.871621855
          0,           0,        1101,      -1.409865611,       1.151150548,       1.501546159,       4.216176386,       1.155875822,       2.798204027
          0,           0,        1102,       -1.56043111,        1.02241281,       1.226866583,        4.08110507,       1.156460246,       2.714727865
          0,           0,        1103,        -1.6173547,      0.9197398357,       1.177172679,       4.023607774,       1.157150351,       2.630402652
          0,           0,        1104,      -1.665578912,      0.8502919974,       1.138346699,       4.000684628,       1.158086494,       2.557651894
          0,           0,        1105,      -1.682313933,      0.8099563434,       1.126373456,       3.933109707,       1.159151487,       2.512677927
          0,           0,        1106,      -1.734951796,      0.7664676161,       1.085701936,       3.937311573,       1.160908572,       2.498146386
          0,           0,        1107,      -1.758453527,      0.8114993827,       1.065678958,       3.901942649,       1.162668194,       2.495611903
          0,           0,        1108,      -1.677245889,       1.012582291,       1.140352945,       3.919638977,       1.159456272,       2.483921598
          0,           0,        1109,      -1.847219094,      0.7064446415,      0.9698536811,       3.884564334,       1.152155569,       2.471678117
          0,           0,        1110,      -1.815962739,        0.66268346,      0.9439892466,       3.825852203,        1.14541623,        2.47927557
          0,           0,        1111,      -1.761543085,      0.5989393912,      0.9445079235,       3.956034305,       1.139564728,       2.483837299
          0,           0,        1112,      -1.590817996,      0.7121932391,       1.107835116,       4.057703558,       1.132335639,       2.566178632
          0,           0,        1113,      -1.585559461,      0.7516397037,       1.111790923,       4.103485133,       1.129617944,        2.61730235
          0,           0,        1114,      -1.532581522,      0.8324225516,       1.175950779,       4.174460507,       1.127513075,       2.635362598
          0,           0,        1115,      -1.480718342,       1.038660642,       1.253745413,       4.187712821,       1.142341979,       2.717558079
          0,           0,        1116,      -1.399676934,       1.225285083,       1.367346882,       4.230988473,       1.250792962,        2.72150154
          0,           0,        1117,      -1.389384627,       1.236286811,       1.485890679,       4.271953131,       1.271524469,       2.796750801
          0,           0,        1118,      -1.315423668,       1.444133644,       1.540652187,       4.311478666,        1.32643693,       2.965018852
          0,           0,        1119,      -1.264430468,       1.506602457,       1.511818452,       4.345695105,       1.374684136,       3.178013144
          0,           0,        1120,      -1.312397222,        1.54281629,       1.448512756,       4.308793801,       1.389590162,        3.19564052
          0,           0,        1121,      -1.357157992,       1.531211728,       1.365213732,       4.269687279,       1.373940875,       3.106542142
          0,           0,        1122,      -1.367015939,         1.5427396,       1.303956901,       4.266753944,       1.382236489,       3.111042192
          0,           0,        1123,      -1.336932771,       1.554751481,       1.355366758,       4.295740127,       1.375438084,       3.131402602
          0,           0,        1124,      -1.305686384,       1.562740459,        1.53486816,       4.317059039,       1.353101841,       3.177982983
          0,           0,        1125,      -1.230729993,       1.563215398,       1.608593975,       4.365368288,       1.356047248,       3.196386736
          0,           0,        1126,      -1.232875668,       1.583025163,       1.507076379,        4.36250396,       1.438527394,       3.231228897
          0,           0,        1127,      -1.296311243,       1.571296336,       1.444708091,        4.33224397,       1.423095775,       3.183543497
          0,           0,        1128,      -1.340529594,       1.566301489,       1.355905666,       4.286720393,       1.396228637,       2.976607168
          0,           0,        1129,      -1.388462731,        1.55992366,       1.256918119,        4.24124221,       1.387747149,       3.003112642
          0,           0,        1130,      -1.356122019,         1.5700508,       1.302585134,       4.278877618,       1.409102469,       3.237617664
          0,           0,        1131,       -1.35174409,       1.570593491,       1.306080947,       4.276727895,        1.40843778,       3.320199934
          0,           0,        1132,      -1.279371008,       1.585811733,       1.557597939,       4.330763861,       1.418223051,       3.322602807
          0,           0,        1133,       -1.21716095,       1.587231212,       1.617800159,       4.393185614,       1.411316028,       3.257443339
          0,           0,        1134,       -1.27092475,       1.584428506,       1.443063356,        4.34251827,       1.388445561,       3.257425254
          0,           0,        1135,      -1.330119262,       1.576118316,       1.380835643,       4.304797527,       1.377473743,       3.123357756
          0,           0,        1136,      -1.291200566,       1.592314534,       1.427148327,       4.331591945,       1.439700036,        3.05798725
          0,           0,        1137,      -1.324424289,       1.583659391,       1.359435383,       4.302310136,       1.418352461,       3.100177509
          0,           0,        1138,      -1.386289504,       1.571473101,       1.237648347,       4.253667892,       1.370205388,       3.237761285
          0,           0,        1139,       -1.37926752,        1.57223656,       1.279990545,       4.266575041,       1.358103756,       3.293109649
          0,           0,        1140,      -1.246238774,        1.59885973,       1.579386763,       4.355372101,       1.418224706,       3.270965143
          0,           0,        1141,      -1.206642306,        1.59777091,       1.622378384,       4.396304205,       1.406409167,       3.280548993
          0,           0,        1142,      -1.290544015,       1.585298807,        1.42410123,       4.335134723,       1.359165409,        3.23993109
          0,           0,        1143,      -1.336234981,       1.583104133,       1.381303174,       4.292064579,       1.343392407,       3.109593568
          0,           0,        1144,      -1.297829443,         1.5916919,       1.413853054,       4.313762759,       1.402424425,       3.024961974
          0,           0,        1145,      -1.315990453,       1.585147081,       1.361958433,       4.317267003,       1.393070954,       3.058285788
          0,           0,        1146,      -1.349939791,       1.575619806,       1.300464571,       4.278393377,       1.345957162,       3.183088482
          0,           0,        1147,      -1.311886592,        1.58559846,       1.468964968,        4.30472867,       1.333674447,       3.218172876
          0,           0,        1148,      -1.222900899,       1.595065721,       1.572952642,       4.379342568,       1.404532754,       3.166955598
          0,           0,        1149,      -1.270305115,       1.587435072,       1.449672632,       4.343020073,       1.395537637,       3.198013637
          0,           0,        1150,      -1.357987096,       1.574288496,       1.341395906,       4.282825658,       1.344963884,       3.101136557
          0,           0,        1151,      -1.371342426,        1.57240674,       1.278928747,       4.282751387,       1.331156654,       2.978742417
          0,           0,        1152,      -1.328472864,       1.585760492,       1.345045814,       4.288797808,       1.392237033,       3.037676333
          0,           0,        1153,      -1.327336694,       1.592022588,        1.35977137,       4.294106392,        1.38775779,       3.123867992
          0,           0,        1154,      -1.266208088,       1.599333393,       1.569378567,       4.350360351,       1.343468479,       3.148563362
          0,           0,        1155,      -1.230749608,       1.583487146,       1.600378995,       4.366941101,       1.336002199,       3.128024728
          0,           0,        1156,      -1.265350663,        1.59126605,       1.454770818,       4.335764347,       1.401313448,       3.247010742
          0,           0,        1157,       -1.31144844,       1.584942985,       1.410827564,       4.320632136,       1.395690748,       3.192028014
          0,           0,        1158,      -1.334547818,       1.578472594,       1.347679008,       4.300679385,       1.348167396,       3.102473407
          0,           0,        1159,      -1.370186737,        1.57429996,       1.263478781,       4.280575646,       1.334604114,       3.025670084
          0,           0,        1160,      -1.304223232,       1.598544359,       1.380968684,       4.319899768,       1.399069116,       3.124716156
          0,           0,        1161,      -1.314763589,        1.59066754,       1.376031065,       4.307567762,       1.391802595,       3.181348093
          0,           0,        1162,      -1.308844933,       1.583849967,       1.527024169,       4.309436092,       1.345277972,       3.157800069
          0,           0,        1163,      -1.243899555,       1.586599461,       1.593256276,       4.362162882,        1.33916591,       3.238980514
          0,           0,        1164,      -1.253031701,       1.595192283,       1.473371602,       4.345709977,       1.402331188,       3.282823816
          0,           0,        1165,      -1.303557879,       1.587020716,       1.419621559,       4.323436132,       1.395109676,       3.210596103
          0,           0,        1166,      -1.349594697,       1.576770303,       1.321902476,       4.302300653,       1.350339934,       3.112090703
          0,           0,        1167,      -1.371800786,       1.575843319,       1.262089961,       4.270529618,       1.346047252,       3.014132279
          0,           0,        1168,      -1.321060293,       1.586067903,       1.353535728,       4.294958993,       1.392297637,       3.097924216
          0,           0,        1169,      -1.281405566,       1.594557133,       1.485705023,       4.340794413,       1.386796473,       3.133847708
          0,           0,        1170,       -1.25562281,       1.596497524,       1.548219737,       4.349467881,        1.34725794,       3.135920242
          0,           0,        1171,      -1.285725853,       1.589420897,       1.436051267,       4.331289204,       1.343262325,       3.222158578
          0,           0,        1172,      -1.309548309,        1.59296555,        1.41933894,       4.316229795,        1.40142305,       3.138607225
          0,           0,        1173,      -1.343691141,       1.586159596,       1.346540046,       4.286583325,       1.392306269,       2.982119396
          0,           0,        1174,      -1.349363666,       1.577991117,       1.304108728,        4.28912262,       1.346251744,       2.993129812
          0,           0,        1175,      -1.329050625,       1.587989245,       1.341856042,       4.314759315,       1.338682327,        3.06555338
          0,           0,        1176,      -1.270308328,       1.593601549,        1.56595444,       4.338955925,       1.393154414,       3.084654748
          0,           0,        1177,      -1.223947726,       1.586843994,       1.614961082,       4.373903199,       1.381930118,       3.096230664
          0,           0,        1178,      -1.248590619,       1.588608304,        1.46469487,       4.360437058,       1.334593443,        3.26935545
          0,           0,        1179,      -1.319670241,       1.581113161,       1.400367087,       4.305807219,       1.325444216,       3.258478431
          0,           0,        1180,      -1.313540427,       1.592166239,       1.400493109,       4.308850111,       1.392041117,       3.139231426
          0,           0,        1181,      -1.304919207,       1.597789769,       1.392365638,       4.331879643,       1.389770367,       3.058371057
          0,           0,        1182,      -1.322820753,       1.590419138,       1.353672302,       4.313673551,       1.336230106,       3.157746657
          0,           0,        1183,      -1.354372917,       1.582502296,       1.313846808,       4.293661797,       1.315532031,       3.205646996
          0,           0,        1184,      -1.278642963,       1.590072903,       1.559070639,       4.342940046,       1.370993894,       3.185866144
          0,           0,        1185,      -1.217982392,       1.586898934,       1.612254519,       4.382155364,       1.307226517,       3.196765829
          0,           0,        1186,      -1.403303813,       1.459088274,        1.36823477,        4.22880051,       1.037195143,       3.151259501
          0,           0,        1187,      -1.549887157,       1.375671581,       1.247318363,       4.094756667,      0.9193903507,       2.982484998
          0,           0,        1188,      -1.649502898,       1.210526367,        1.17154804,       4.007983064,      0.9007170923,        2.89437913
          0,           0,        1189,      -1.648736234,       1.179265567,       1.147874408,       3.952937748,      0.9130463324,       2.849502632
          0,           0,        1190,      -1.685774233,       1.157526546,       1.101099214,       3.947828276,      0.9249988057,       2.811105153
          0,           0,        1191,      -1.696577423,       1.136596715,       1.057508563,       3.913167191,      0.9327588546,       2.783399999
          0,           0,        1192,      -1.708383954,       1.117929576,        1.01356928,       3.957968658,      0.9382953133,       2.766395382
          0,           0,        1193,      -1.706799165,       1.100574635,      0.9795783215,       4.013862247,      0.9390574778,       2.760070917
          0,           0,        1194,      -1.594667432,       1.091896577,       1.095961534,       4.045483522,      0.9381334379,       2.769035724
          0,           0,        1195,      -1.577068701,       1.083850957,       1.110005959,       4.100570219,      0.9387533343,       2.809895885
          0,           0,        1196,       -1.54414764,       1.075478807,       1.145630133,        4.15440963,       0.942221608,        2.88422298
          0,           0,        1197,      -1.541309599,       1.089462329,       1.144235947,       4.144085486,      0.9520319715,       2.994341814
          0,           0,        1198,      -1.489333506,       1.186582954,       1.221309526,       4.177211203,      0.9611158972,       3.000187469
          0,           0,        1199,      -1.525200417,       1.248942166,       1.196729565,       4.118156348,      0.9664065161,       2.886858007
          0,           0,        1200,      -1.596977518,        1.06981561,       1.048761285,       4.028310261,      0.9677577697,       2.773176288
          0,           0,        1201,      -1.674462554,       1.022532789,      0.9484173411,       3.907230253,      0.9686172769,       2.722671463
          0,           0,        1202,      -1.683056898,       1.011449978,      0.9343926702,       3.918259478,      0.9694515183,       2.685179556
          0,           0,        1203,      -1.735118296,      0.9963920995,      0.8389954495,       3.944904312,      0.9711071218,       2.674295874
          0,           0,        1204,      -1.731579227,      0.9834179003,      0.8345544279,        3.90875254,       0.972360671,       2.682557427
          0,           0,        1205,      -1.628585237,      0.9861975581,        1.00019442,       4.017611196,      0.9781039043,       2.649875576
          0,           0,        1206,      -1.646556053,      0.9798836121,       0.984256011,       3.975937152,      0.9809356529,       2.609151436
          0,           0,        1207,      -1.714484675,      0.9685368878,      0.8849752637,       3.893864954,      0.9826836477,       2.572728814
          0,           0,        1208,       -1.80613993,      0.9552833517,      0.6980925788,       3.797881214,      0.9832737833,       2.553621775
          0,           0,        1209,      -1.828731285,      0.9518707504,      0.6378203806,       3.776932244,      0.9836425017,       2.539014107
          0,           0,        1210,      -1.833609926,      0.9498420933,       0.627075821,       3.851419991,      0.9846536829,       2.522080428
          0,           0,        1211,      -1.820494784,      0.9496589093,      0.6724868871,       3.780614405,      0.9850383371,       2.510402089
          0,           0,        1212,      -1.829747473,      0.9475357688,      0.6468179771,       3.742040762,      0.9856645623,       2.499979658
          0,           0,        1213,      -1.809591501,      0.9479148236,      0.7065004769,        3.75374185,      0.9859959519,       2.492395569
          0,           0,        1214,      -1.823544532,      0.9450384625,       0.673729614,       3.800340102,      0.9864790493,          2.485884
          0,           0,        1215,      -1.835216652,      0.9413503858,      0.6403453033,       3.775514192,      0.9869721867,       2.481487769
          0,           0,        1216,      -1.831342386,      0.9398144096,       0.657264939,       3.859128619,      0.9880371788,       2.480330782
          0,           0,        1217,      -1.784999689,      0.9405776203,      0.7757403985,       3.830848699,      0.9890408216,       2.483318817
          0,           0,        1218,      -1.764337087,      0.9391997039,      0.8218137519,       3.843966474,      0.9912107312,       2.490293188
          0,           0,        1219,       -1.76209952,      0.9332607677,      0.8317664799,       3.924013274,      0.9944203913,        2.49985061
          0,           0,        1220,      -1.677784086,       0.936780876,       0.962527049,       3.968938154,       0.997794744,       2.510114426
          0,           0,        1221,      -1.673402479,      0.9262472882,      0.9656726947,       4.018462839,       1.003627742,       2.517370081
          0,           0,        1222,       -1.65401431,       0.915354295,      0.9914234229,       4.036543117,       1.010530305,       2.519572555
          0,           0,        1223,      -1.622406607,      0.9498860095,       1.049629624,       4.019256063,       1.021012161,       2.510865335
          0,           0,        1224,       -1.52729755,       1.097299795,       1.198223468,       4.117004694,       1.034994902,        2.49568534
          0,           0,        1225,      -1.584739898,       1.003147086,       1.132469574,       4.128414145,       1.055798962,       2.488278139
          0,           0,        1226,      -1.539816884,       1.031679007,       1.181186087,       4.149903915,       1.081571001,       2.530889424
          0,           0,        1227,      -1.442965119,       1.139861478,       1.302280725,       4.201422017,       1.217262438,       2.633114402
          0,           0,        1228,      -1.443256987,       1.201220815,       1.304870312,       4.230994278,       1.227712591,       2.693609133
          0,           0,        1229,      -1.356702134,       1.424136412,       1.485546099,       4.276202793,       1.308485305,       2.817745325
          0,           0,        1230,       -1.27187885,       1.471704403,       1.584718254,       4.326692757,       1.315485257,       3.040783567
          0,           0,        1231,      -1.415319021,       1.403781874,        1.35928033,       4.199800543,       1.201479793,       3.047405894
          0,           0,        1232,      -1.574117616,       1.285446829,       1.226186463,       4.067405596,       1.199812962,       2.920587257
          0,           0,        1233,      -1.609296263,       1.133453001,       1.129494077,       4.073428171,       1.188149138,       2.908153382
          0,           0,        1234,      -1.574936923,       1.214874156,       1.113175175,       4.108414464,       1.194983282,       2.867914977
          0,           0,        1235,      -1.489685375,       1.336007718,       1.183424229,       4.188469497,        1.20373233,       2.887185415
          0,           0,        1236,      -1.465456654,       1.362626293,       1.196772896,       4.217771503,       1.233335876,       2.930177336
          0,           0,        1237,      -1.340362253,       1.520099096,       1.386720811,       4.288060721,       1.341380996,         3.0060834
          0,           0,        1238,      -1.348105308,       1.530673867,       1.369959816,       4.286210958,       1.307817358,       2.943917471
          0,           0,        1239,      -1.480120525,        1.39759609,       1.195875818,        4.19425077,       1.160226939,       2.753671209
          0,           0,        1240,       -1.60455145,       1.317259243,       1.089394072,       4.030457681,       1.148608576,       2.615992983
          0,           0,        1241,      -1.674261615,       1.131873138,      0.9989265532,       4.034562774,       1.137891992,       2.533751885
          0,           0,        1242,      -1.511609226,       1.226272053,       1.457030751,       4.148314634,       1.140585204,       2.645590631
          0,           0,        1243,      -1.445314153,       1.338530617,       1.367120791,       4.211502435,       1.155499364,       2.846618775
          0,           0,        1244,      -1.466618198,       1.365588841,       1.298481367,       4.194241547,       1.182113307,       2.991508181
          0,           0,        1245,      -1.459089187,        1.46231247,       1.243103247,       4.220702271,       1.227989959,       3.040145003
          0,           0,        1246,      -1.432513489,       1.492778646,       1.213273535,       4.229758168,       1.289019192,       2.978006809
          0,           0,        1247,      -1.294420129,       1.567508247,       1.514215504,       4.319826592,       1.403891728,       2.909517759
          0,           0,        1248,      -1.219694491,       1.571886012,       1.628669746,       4.372381939,       1.370071871,       3.128972258
          0,           0,        1249,       -1.35984124,       1.454500504,       1.388722418,       4.276747053,        1.15956302,       3.065111152
          0,           0,        1250,      -1.544689485,       1.363274822,       1.269659208,         4.0965102,       1.140714097,       2.751929386
          0,           0,        1251,      -1.497363024,       1.241050565,       1.248689961,       4.141014378,       1.128565202,       2.690380233
          0,           0,        1252,      -1.512289937,         1.3049092,       1.186137556,       4.168603326,       1.136212987,       2.699423791
          0,           0,        1253,      -1.512421068,       1.411762432,       1.126833384,       4.181598994,       1.167159008,       2.747539315
          0,           0,        1254,      -1.484298863,       1.440547369,       1.134093178,        4.18875204,       1.209003318,       2.848129916
          0,           0,        1255,      -1.357666843,       1.532046714,       1.317793281,       4.275294396,       1.269424431,       2.901180338
          0,           0,        1256,      -1.347164677,       1.556339911,       1.319759018,       4.307840652,       1.338027542,       2.929810852
          0,           0,        1257,      -1.315492738,       1.580293193,       1.397662145,       4.313526732,       1.423693018,       2.947129194
          0,           0,        1258,       -1.31425946,       1.570011635,       1.453736916,       4.319239728,       1.346950476,       2.999418913
          0,           0,        1259,      -1.379235143,       1.448086548,        1.44128897,       4.266806975,       1.145683421,       2.940878859
          0,           0,        1260,      -1.560212488,       1.361509283,       1.203602767,       4.080477588,       1.089281818,       2.884231025
          0,           0,        1261,      -1.604957329,       1.105841939,       1.165753585,       4.007384195,       1.090579843,       2.762638459
          0,           0,        1262,       -1.52807784,       1.139390566,       1.199375139,       4.104622708,       1.095353664,       2.758959078
          0,           0,        1263,      -1.588490576,       1.034499844,       1.136782107,       4.054772596,        1.09354925,        2.76740585
          0,           0,        1264,       -1.62005791,       1.103953956,       1.088594348,       4.114248652,       1.094076186,       2.746954204
          0,           0,        1265,      -1.567506928,       1.099394261,       1.125914615,       4.125853784,       1.095856282,       2.681665242
          0,           0,        1266,      -1.540451035,       1.198383101,       1.144998463,       4.166728497,        1.11148949,       2.709972375
          0,           0,        1267,      -1.467217644,       1.393928684,       1.204992394,       4.206758332,       1.155518058,       2.746120836
          0,           0,        1268,      -1.444858629,       1.419855957,       1.203383123,       4.217720827,       1.212874478,       2.760483579
          0,           0,        1269,      -1.339428177,       1.524593772,       1.498700197,       4.279550669,       1.357415069,       2.803936138
          0,           0,        1270,      -1.248401607,       1.560271034,       1.571469139,        4.36380084,       1.391952321,       3.013457397
          0,           0,        1271,      -1.268379926,       1.562445443,       1.489383119,       4.359248344,       1.357165027,        3.21004963
          0,           0,        1272,      -1.410603989,       1.453469043,       1.363589286,       4.222361279,       1.163829702,       3.139782193
          0,           0,        1273,      -1.504146575,       1.207699053,       1.295395991,       4.138548784,       1.153784942,       2.982628147
          0,           0,        1274,      -1.607215348,       1.289938572,       1.137837432,       4.071710212,       1.173347286,        2.92564835
          0,           0,        1275,      -1.481490333,       1.330633736,       1.211373016,       4.160263886,       1.174065592,       2.942949013
          0,           0,        1276,      -1.452727558,        1.36512976,       1.221278098,       4.208925315,       1.203037197,       2.973528865
          0,           0,        1277,       -1.45692739,       1.474084845,        1.18137722,       4.203474267,       1.249255092,       3.053042183
          0,           0,        1278,      -1.444959114,       1.502292273,       1.191261363,       4.212848197,        1.30345546,       3.085524974
          0,           0,        1279,      -1.344298439,        1.55567026,       1.434638492,       4.305017251,       1.406996027,       3.055049648
          0,           0,        1280,      -1.228259581,       1.577930516,       1.615402545,       4.383248489,       1.367931947,        3.09947879
          0,           0,        1281,      -1.378908239,       1.454540766,       1.346368779,       4.266969744,       1.189023946,       3.084446383
          0,           0,        1282,      -1.542692638,       1.364086574,        1.24517489,       4.093450136,       1.171150762,       2.922404999
          0,           0,        1283,      -1.588451073,       1.241998764,       1.138425734,       4.110335472,        1.16284541,       2.884164997
          0,           0,        1284,       -1.55984062,       1.309474477,       1.114226641,       4.128284186,        1.16285798,        2.87270009
          0,           0,        1285,       -1.52430862,       1.417155687,       1.093136853,       4.161089764,       1.187466963,       2.725451043
          0,           0,        1286,      -1.412469027,       1.450383091,       1.237024211,       4.245997925,       1.217596999,       2.767942845
          0,           0,        1287,       -1.41169271,       1.512367998,       1.217971078,       4.270805555,       1.209992405,       2.801053806
          0,           0,        1288,      -1.490564154,       1.407685715,       1.186290203,       4.158702309,       1.099118724,       2.755403455
          0,           0,        1289,      -1.581615172,       1.115294379,       1.163635099,       4.065298945,       1.072536968,       2.621675922
          0,           0,        1290,      -1.752915052,       1.104814987,      0.9253998027,       3.933855677,       1.071229541,       2.559106732
          0,           0,        1291,       -1.74395375,        1.04242354,      0.9379448063,       3.906108123,       1.070720732,       2.516211076
          0,           0,        1292,      -1.749195867,       1.026256823,      0.9363507334,       3.882921149,       1.070918246,       2.492010504
          0,           0,        1293,      -1.732129746,       1.015016185,      0.9556221307,       3.889010056,       1.071157789,       2.473715481
          0,           0,        1294,      -1.758604187,        1.00372508,      0.9293520844,       3.930650021,       1.071427078,       2.457947085
          0,           0,        1295,      -1.777705595,      0.9936518913,       0.910295907,       3.858263149,       1.071500422,       2.445375563
          0,           0,        1296,      -1.807378492,      0.9824525748,      0.8786831784,       3.826528204,       1.071968967,       2.433400474
          0,           0,        1297,      -1.836740427,       0.970414638,      0.8465265515,        3.80460016,       1.072371859,       2.423359218
          0,           0,        1298,      -1.882640954,      0.9578772121,      0.7897726129,       3.868452324,       1.073180739,       2.417111667
          0,           0,        1299,      -1.873043818,      0.9476434987,      0.8032987237,       3.779191395,       1.073542427,         2.4161688
          0,           0,        1300,      -1.899571524,      0.9357082514,      0.7622809339,       3.745405157,       1.074885322,       2.421060775
          0,           0,        1301,      -1.936542436,      0.9203882453,      0.6874635972,       3.870811226,       1.076323558,       2.430391457
          0,           0,        1302,      -1.953982098,      0.9076053728,      0.6568877072,       3.778080392,       1.077112078,       2.443669234
          0,           0,        1303,       -1.89152432,      0.8959780872,      0.7427365645,       3.770946941,       1.079939475,       2.461337163
          0,           0,        1304,      -1.660371194,      0.9235213908,       1.028539933,       4.030338011,       1.083421337,       2.482805079
          0,           0,        1305,      -1.571834605,      0.9200239748,       1.123383595,       4.094314753,       1.081536828,       2.482394578
          0,           0,        1306,       -1.67078574,      0.8915311021,       1.014010511,       3.974647061,       1.082485594,       2.430715221
          0,           0,        1307,      -1.657759639,      0.8925075454,       1.038174602,       3.937037171,       1.083221787,       2.379777505
          0,           0,        1308,      -1.787379189,      0.8683090561,      0.8953080356,       3.836895083,       1.083751454,       2.350546982
          0,           0,        1309,      -1.914024803,      0.8508191768,      0.7326638644,       3.829650943,       1.084364547,       2.327605587
          0,           0,        1310,      -2.004300354,      0.8430526128,      0.5776510798,       3.692976336,        1.08472126,       2.306884592
          0,           0,        1311,       -1.98481825,      0.8435273772,      0.5957667931,       3.671655462,       1.085516295,       2.290515027
          0,           0,        1312,      -1.954594221,      0.8452866045,      0.6411943842,        3.79418132,       1.086496346,       2.274918228
          0,           0,        1313,      -1.942848762,      0.8462469461,      0.6582378226,       3.692885455,       1.086735201,       2.253072228
          0,           0,        1314,       -1.95817141,      0.8409320036,      0.6234273492,        3.67720099,       1.087398525,       2.240746715
          0,           0,        1315,      -1.963975348,      0.8395918976,      0.6059444751,       3.581258335,       1.088197061,       2.232421409
          0,           0,        1316,       -1.97714227,      0.8367501976,      0.5726419863,       3.632075165,       1.089030361,       2.225757927
          0,           0,        1317,      -1.994845723,      0.8335774392,      0.5284589558,       3.766695051,        1.09020198,       2.222048102
          0,           0,        1318,      -2.018538311,      0.8309601508,      0.4657294675,       3.649727405,       1.091010142,       2.227574932
          0,           0,        1319,      -1.970742552,      0.8489542142,      0.5948639868,       3.623858085,       1.092555195,       2.231650449
          0,           0,        1320,      -1.944434923,      0.8291684699,      0.6102917321,       3.686931266,       1.093846804,       2.237054158
          0,           0,        1321,      -1.761256919,      0.8459319116,      0.8984482997,       3.910543448,       1.095597572,       2.248965804
          0,           0,        1322,      -1.647788323,      0.9237775488,       1.050644819,       4.002824224,       1.095914885,       2.283278627
          0,           0,        1323,      -1.524800179,       1.084863467,       1.208961444,       4.093011872,         1.0965648,       2.279960795
          0,           0,        1324,      -1.748762038,      0.8578236327,      0.9255778736,       3.898855173,       1.096575613,        2.23646182
          0,           0,        1325,      -1.804514792,      0.8354430858,      0.8449662161,        3.82115732,       1.096933202,       2.216639045
          0,           0,        1326,      -1.849227545,      0.8231898183,      0.7727425632,        3.82246852,        1.09729672,       2.203120038
          0,           0,        1327,       -1.90316997,      0.8126884959,      0.6881743652,       3.747107659,       1.097102056,        2.19205813
          0,           0,        1328,      -1.896257809,      0.8096299121,      0.7116013785,       3.732775768,       1.097381071,       2.177611287
          0,           0,        1329,      -1.757488526,      0.8281167519,      0.9051835217,       3.915940865,       1.097422312,       2.196097314
          0,           0,        1330,      -1.686554675,      0.8437824999,      0.9951872937,       3.924002302,       1.096042126,       2.222385395
          0,           0,        1331,      -1.692829072,      0.8402552314,      0.9900715556,       3.953615798,       1.095206928,       2.225338019
          0,           0,        1332,      -1.747486187,      0.8116464688,      0.9044992119,       3.920789671,       1.092166332,       2.274931868
          0,           0,        1333,      -1.616768212,      0.8367001039,       1.066795657,        4.05078311,        1.08884594,       2.364898421
          0,           0,        1334,      -1.533008045,       1.023259098,        1.18437585,       4.135555594,       1.082206701,       2.422612781
          0,           0,        1335,      -1.565362967,       1.076395816,       1.183613021,        4.08799387,       1.077907064,       2.445362515
          0,           0,        1336,      -1.571423796,       1.034288242,       1.162342858,       4.079274637,       1.074610598,       2.455768225
          0,           0,        1337,      -1.599222305,       1.025206766,       1.137484866,       4.098035373,        1.14052155,       2.499858821
          0,           0,        1338,      -1.449350261,       1.121118412,       1.374891626,       4.204740251,       1.157502947,        2.59864595
          0,           0,        1339,      -1.326341743,       1.355951777,        1.53049235,       4.303485382,       1.274639578,       2.823076664
          0,           0,        1340,      -1.279585714,       1.447074276,       1.523378602,       4.329078788,       1.273784774,       3.114757342
          0,           0,        1341,       -1.43743503,       1.390972977,       1.354316022,         4.2071274,       1.140763492,        3.07181333
          0,           0,        1342,      -1.611695978,       1.265422663,       1.210450312,       4.069589965,       1.115652973,        2.92238857
          0,           0,        1343,      -1.668434701,      0.9006745303,       1.156201089,       3.969016739,       1.111374094,       2.811423672
          0,           0,        1344,      -1.706067217,      0.8851199966,       1.116410172,       3.933002982,       1.115076317,       2.760869538
          0,           0,        1345,      -1.735389569,      0.8578238673,        1.08153954,       3.949737875,       1.117869923,       2.714116428
          0,           0,        1346,      -1.796851893,      0.8235053156,       1.017473417,       3.861213232,        1.11874805,       2.680498225
          0,           0,        1347,      -1.799925284,      0.7938342194,      0.9838817581,       3.915888258,       1.118634081,       2.670977543
          0,           0,        1348,      -1.707264797,      0.7976668586,       1.023365729,       3.958310196,       1.116250173,       2.691013814
          0,           0,        1349,      -1.613818146,      0.8143295434,       1.097429534,       4.061397772,        1.11321307,       2.740751199
          0,           0,        1350,      -1.625095605,       0.790775317,        1.07891735,       4.074263566,       1.108536203,       2.815592519
          0,           0,        1351,      -1.507334004,       0.970772478,        1.20769195,       4.145752992,       1.099667525,        2.90218798
          0,           0,        1352,      -1.512228365,       1.064759032,       1.229122626,       4.183898296,       1.092330401,       2.971808488
          0,           0,        1353,      -1.657302518,      0.8386032376,        1.06132279,        4.03473829,        1.08700989,       2.906856552
          0,           0,        1354,      -1.729678041,      0.7583867699,      0.9712157485,       3.902344337,       1.085611666,       2.861110889
          0,           0,        1355,      -1.807018619,      0.7086733364,      0.8856586282,       3.878780971,       1.083556983,       2.833050214
          0,           0,        1356,      -1.814225809,      0.6819102078,      0.8462115974,       3.884020191,       1.080542383,       2.826347751
          0,           0,        1357,      -1.735545675,       0.698175076,      0.9479352002,       3.976351599,       1.078665458,       2.832069796
          0,           0,        1358,      -1.647605579,      0.7510943297,       1.054645266,       4.074534011,         1.0766771,       2.868735917
          0,           0,        1359,      -1.557326018,      0.8039111114,       1.143012091,        4.12976746,       1.070944182,        2.85434381
          0,           0,        1360,      -1.626267422,       0.756194946,       1.069026542,       4.111212839,       1.067633965,       2.846627517
          0,           0,        1361,      -1.720980526,      0.8155002499,      0.9938780066,       4.092847869,        1.07903236,       2.863896536
          0,           0,        1362,      -1.594961613,      0.9340235192,       1.137190589,        4.11347923,       1.067962937,       2.864327606
          0,           0,        1363,      -1.531965739,       1.063443067,       1.209165765,       4.131259405,       1.048370593,       2.735411559
          0,           0,        1364,      -1.632470298,      0.7965243844,       1.075529956,       4.017430982,       1.046509687,       2.631170746
          0,           0,        1365,      -1.706146198,      0.7128058873,      0.9903442036,       3.922316396,       1.046138877,       2.549117025
          0,           0,        1366,      -1.795711293,      0.6372387418,      0.8785202438,         3.9155926,       1.045143998,       2.489149155
          0,           0,        1367,      -1.885405758,      0.5800943657,      0.7714546644,       3.803703318,       1.042757311,       2.459834091
          0,           0,        1368,      -1.851924842,      0.5588590167,      0.8102702031,       3.794014303,       1.040817123,       2.464348144
          0,           0,        1369,      -1.634484211,       0.678965645,       1.067464539,       4.012401829,       1.039042724,        2.49405833
          0,           0,        1370,      -1.593540471,      0.7213786258,       1.113151854,       4.060219507,       1.035267854,       2.555269172
          0,           0,        1371,      -1.629840883,       0.711387413,       1.069129024,       4.081983829,       1.034982399,       2.602445773
          0,           0,        1372,       -1.69944386,      0.6399538204,      0.9842216257,       4.072244551,       1.034829612,       2.650199884
          0,           0,        1373,      -1.596502793,      0.9527306374,       1.135513042,       4.102098828,       1.043923303,       2.679662299
          0,           0,        1374,      -1.396975662,        1.15449041,       1.356932699,       4.237898331,       1.152863251,       2.721123303
          0,           0,        1375,      -1.446013555,       1.149683316,       1.328333046,       4.212258763,       1.094666941,        2.76510825
          0,           0,        1376,      -1.586000133,       1.049729178,       1.185293547,       4.074016413,       1.045367314,       2.606920375
          0,           0,        1377,      -1.653958255,      0.8731169596,        1.08896678,       3.988976024,       1.046861668,        2.47092073
          0,           0,        1378,      -1.756026024,      0.7667481274,      0.9699043365,       3.955681935,       1.043486473,       2.457951266
          0,           0,        1379,      -1.689840682,        0.77635734,       1.021453194,       3.988829554,       1.043873841,       2.444806855
          0,           0,        1380,      -1.568967911,      0.8738641828,       1.142703828,       4.099426164,       1.047204236,       2.448854983
          0,           0,        1381,      -1.483047511,       1.022699667,       1.423272849,       4.174536037,       1.057447064,       2.486526832
          0,           0,        1382,      -1.444600569,       1.211866793,       1.407307441,       4.231552732,       1.085902176,       2.719829341
          0,           0,        1383,      -1.463387286,        1.26020158,       1.331282909,       4.231594976,       1.092762259,       2.909664117
          0,           0,        1384,      -1.537747453,       1.207220468,       1.241158503,       4.098097694,       1.058241164,       2.793185017
          0,           0,        1385,      -1.656996155,      0.9498783739,       1.135101765,       4.026762846,        1.04323433,       2.650336457
          0,           0,        1386,      -1.721869134,       0.766223326,        1.06968038,        3.91620538,       1.043899018,       2.572313276
          0,           0,        1387,      -1.769535118,      0.6753480324,       1.029810507,       3.886419803,       1.044370133,       2.513837654
          0,           0,        1388,      -1.805110793,      0.6027723133,      0.9774500018,       3.868907311,       1.044422684,       2.484262641
          0,           0,        1389,      -1.797536214,      0.5869544059,      0.9595722451,       3.938448924,       1.045526639,       2.470691224
          0,           0,        1390,      -1.712323079,      0.6142751241,       1.008812988,        3.98349658,       1.045046492,       2.539245349
          0,           0,        1391,      -1.591236304,      0.7453133445,       1.117195162,       4.106666406,       1.044278639,       2.566153868
          0,           0,        1392,      -1.588481229,       1.018457176,       1.162448658,       4.050640673,       1.044252644,       2.551670098
          0,           0,        1393,      -1.735950231,      0.6371977655,       0.977594116,       3.885771982,       1.043698724,       2.532803319
          0,           0,        1394,      -1.876711673,      0.5447443894,      0.8253031782,        3.76420823,        1.04390283,       2.515241711
          0,           0,        1395,      -1.884838899,      0.5338740422,      0.8135657046,       3.839881893,       1.044216549,       2.514371464
          0,           0,        1396,      -1.901675346,      0.5231300757,      0.7920791671,       3.730332247,       1.044296997,        2.51499478
          0,           0,        1397,      -1.925215682,      0.5115780658,      0.7607329475,       3.691235731,       1.044880979,       2.519425382
          0,           0,        1398,      -1.953231306,      0.4988674983,      0.7196172636,       3.801911326,       1.045619074,       2.528272588
          0,           0,        1399,      -1.976247548,       0.487955544,      0.6781004724,       3.691001188,       1.045946264,       2.544400502
          0,           0,        1400,      -1.978289908,      0.4861178354,      0.6499988135,        3.65049948,        1.04732179,       2.566105882
          0,           0,        1401,      -1.918139752,      0.5097786468,      0.7349568269,       3.813209892,       1.048930779,       2.589607101
          0,           0,        1402,      -1.725473133,      0.6142024289,      0.9699226695,       3.882219844,       1.048135418,       2.591012671
          0,           0,        1403,      -1.727803445,      0.6201110023,      0.9685291622,       3.888930541,       1.048410723,        2.56593051
          0,           0,        1404,      -1.852462406,      0.5636682804,      0.8312477639,       3.757033983,       1.048763267,       2.552652907
          0,           0,        1405,      -2.063603248,      0.4521109334,      0.5245861999,       3.629371212,       1.049257118,       2.545471666
          0,           0,        1406,       -2.02655946,      0.4658167525,      0.5842310111,       3.767994372,        1.04985686,       2.540105925
          0,           0,        1407,      -1.980666922,      0.4973650334,      0.6461256568,       3.651240828,       1.050155512,       2.538237754
          0,           0,        1408,      -1.989566888,       0.476115127,      0.6184708695,       3.611442942,        1.05109264,       2.541282874
          0,           0,        1409,      -1.964446571,      0.4807883375,      0.6397256026,       3.808506783,       1.052173276,       2.538539507
          0,           0,        1410,      -1.926157726,      0.6827886075,       0.738633924,        3.70877424,       1.051710373,       2.525651863
          0,           0,        1411,      -1.738183916,       0.993908229,       1.026411354,        3.84593708,       1.051997439,       2.504592577
          0,           0,        1412,      -2.072783679,      0.4689226358,      0.4214252791,       3.585637957,       1.052341709,       2.497843859
          0,           0,        1413,      -2.079396239,      0.4516558579,      0.3838838187,       3.550075895,       1.052799228,        2.49373951
          0,           0,        1414,      -2.067196769,      0.4508923617,      0.4069261147,       3.738348046,       1.053352252,       2.491033526
          0,           0,        1415,      -2.058624346,      0.4513868264,      0.4186222999,       3.580958706,       1.053218569,       2.485812086
          0,           0,        1416,      -2.058051776,      0.4500511626,      0.4127300033,       3.553692903,       1.053560726,       2.489313521
          0,           0,        1417,      -2.059373118,      0.4487050949,      0.4034786759,       3.558900688,       1.053912791,       2.482341128
          0,           0,        1418,      -2.059739487,      0.4477355107,      0.3977592069,       3.733608302,       1.054350524,       2.478073674
          0,           0,        1419,      -2.061404098,      0.4464230449,      0.3876220825,       3.556144156,       1.054317591,       2.474374491
          0,           0,        1420,      -2.062236648,      0.4457192224,      0.3794165329,       3.548021597,       1.054748324,         2.4746372
          0,           0,        1421,      -2.062483572,      0.4453453591,      0.3718602489,       3.685765113,       1.055266665,       2.476083248
          0,           0,        1422,      -2.062596339,      0.4447296854,      0.3641056645,       3.580754781,       1.055510827,       2.479138796
          0,           0,        1423,       -2.05644707,      0.4657524633,      0.3911997413,       3.570401583,       1.056287368,       2.483352223
          0,           0,        1424,      -2.046613634,      0.4983559473,      0.4390889868,         3.7524521,        1.05717988,       2.489494764
          0,           0,        1425,      -2.064186156,      0.4477789719,      0.3325723882,       3.647836411,       1.057404568,       2.493639963
          0,           0,        1426,      -2.065889053,      0.4433823206,      0.3140537854,       3.635273516,       1.058598505,       2.491431599
          0,           0,        1427,      -1.875584029,      0.8296473131,      0.8312338811,       3.865380355,       1.059760394,       2.532106445
          0,           0,        1428,      -1.740926299,      0.9950847601,       1.028254198,       3.902024166,       1.058430413,       2.556079924
          0,           0,        1429,      -2.008513862,      0.6033438341,      0.5607881781,       3.787365219,        1.05851449,        2.49531152
          0,           0,        1430,      -2.040867889,      0.5315309029,      0.4354965218,        3.61212994,       1.058833284,       2.468012377
          0,           0,        1431,      -2.048463166,      0.5105467654,      0.4198950713,       3.662436373,       1.059213256,       2.439635895
          0,           0,        1432,      -2.052031898,      0.4788229098,      0.4113150136,       3.599959631,       1.059214129,       2.414716593
          0,           0,        1433,      -2.066415881,      0.4515781031,      0.3557918087,       3.632073799,        1.05975928,        2.39649671
          0,           0,        1434,      -2.024586996,      0.4513857412,      0.4960235112,       3.789269551,       1.060333094,        2.38671471
          0,           0,        1435,      -2.066284393,      0.4513405141,       0.415919944,       3.664580342,       1.059861804,       2.383230992
          0,           0,        1436,      -1.928762257,      0.4721249842,      0.6744328371,       3.737696852,       1.060498078,       2.402282458
          0,           0,        1437,      -1.845204068,      0.4828137019,      0.8128262111,        3.96252836,       1.060942084,       2.429071098
          0,           0,        1438,      -1.653813544,      0.6670971709,        1.05892325,       4.018389734,       1.060141222,       2.496739642
          0,           0,        1439,      -1.522271387,      0.8079877011,       1.193311472,       4.123680203,       1.061142709,       2.538108547
          0,           0,        1440,      -1.510525875,       1.040496966,        1.23018053,       4.163956694,        1.06482331,        2.58767839
          0,           0,        1441,       -1.52303231,       1.044788118,       1.224037585,       4.147939175,       1.070553831,       2.534555081
          0,           0,        1442,      -1.498256793,       1.096103094,       1.259293024,       4.158789503,       1.162399596,       2.497591181
          0,           0,        1443,      -1.499788191,       1.081089917,        1.27157233,       4.183016703,        1.11715039,       2.544125175
          0,           0,        1444,       -1.56585024,       1.019819039,       1.209946787,       4.071116794,       1.074157738,       2.509301944
          0,           0,        1445,      -1.598212003,      0.8835858853,       1.138791479,       4.051404392,       1.070793135,       2.448891631
          0,           0,        1446,      -1.695942671,      0.7666504653,       1.032894985,       3.928705826,        1.07012744,       2.383161288
          0,           0,        1447,      -1.736969323,      0.7458310694,      0.9853928672,       3.876284977,       1.070084079,       2.345889883
          0,           0,        1448,      -1.824687503,      0.7132309029,      0.8903543311,       3.821442797,       1.070194623,       2.324899681
          0,           0,        1449,      -1.888949681,      0.6935059758,      0.8199728216,       3.780623976,       1.070340708,       2.307799055
          0,           0,        1450,      -1.897957673,      0.6819971717,      0.8138058921,       3.864613032,       1.070487796,        2.29142582
          0,           0,        1451,      -1.939735788,       0.659679593,      0.7715535567,       3.760266789,        1.07050201,       2.277425098
          0,           0,        1452,      -1.934339471,       0.645219722,      0.7670977073,       3.742959803,       1.070525461,       2.267817465
          0,           0,        1453,      -1.914351627,      0.6415765709,      0.7728004553,        3.83379253,       1.070495285,       2.264751865
          0,           0,        1454,      -1.778703972,      0.6932509211,      0.9243971606,       3.822574199,       1.070132722,       2.269681343
          0,           0,        1455,      -1.774572824,       0.668636131,      0.9274708935,       3.860662838,       1.069972291,       2.279805696
          0,           0,        1456,        -1.7749095,      0.6574513833,      0.9208422202,       3.932477192,       1.069921812,       2.290200254
          0,           0,        1457,      -1.678258863,      0.7151205202,       1.017421623,       3.981112726,       1.069008423,       2.277838498
          0,           0,        1458,      -1.678883356,      0.7113713131,       1.018520677,       3.950038305,       1.068860541,       2.252354888
          0,           0,        1459,      -1.690307335,      0.7020754696,       1.006463466,       3.909042607,        1.06897359,        2.23017666
          0,           0,        1460,      -1.803442342,      0.6190555246,      0.8834737959,        3.81008377,       1.069180899,       2.225372682
          0,           0,        1461,      -1.839269581,      0.5984072369,       0.839576539,       3.793577475,       1.069369003,       2.205318022
          0,           0,        1462,      -1.933805796,      0.5703261611,       0.740236586,       3.813547444,       1.069881944,       2.214012615
          0,           0,        1463,      -1.955047122,      0.5611273419,       0.723264753,       3.749512744,        1.07020966,       2.239852563
          0,           0,        1464,      -1.883770255,      0.5840834099,      0.7856613783,       3.707584462,       1.071229703,        2.25142924
          0,           0,        1465,      -1.590165223,      0.7353695755,       1.113512987,       4.046817585,       1.072646157,       2.252087966
          0,           0,        1466,      -1.736488079,      0.6249901509,       0.949886129,       3.921966559,       1.072124135,       2.267429051
          0,           0,        1467,      -1.853434362,      0.5799074645,      0.8326739119,        3.82262029,       1.072356601,       2.239869066
          0,           0,        1468,       -1.88386222,      0.5686688211,      0.7925717065,       3.768570831,       1.072577193,       2.216362992
          0,           0,        1469,       -1.94203371,      0.5483879645,      0.7285584746,       3.745528779,       1.072861259,       2.198903819
          0,           0,        1470,      -1.989728012,      0.5375062728,      0.6713045358,       3.635115994,       1.073226928,        2.18713536
          0,           0,        1471,      -1.987496953,      0.5323386083,       0.667923222,       3.663761926,       1.073607059,       2.174024059
          0,           0,        1472,       -1.99745766,      0.5291548822,      0.6519897167,       3.791580556,       1.074166905,       2.156033862
          0,           0,        1473,      -1.922091809,      0.5642644467,      0.7448154007,       3.733001081,       1.074542043,        2.14755282
          0,           0,        1474,      -1.788971946,      0.6461466378,      0.9033623737,        3.84650056,       1.075402526,       2.123016188
          0,           0,        1475,      -1.984423798,      0.5311219439,       0.680272068,       3.808649131,       1.076421026,       2.115653668
          0,           0,        1476,      -2.008632114,      0.5191288735,      0.6482377469,       3.709451784,       1.077019511,       2.079009225
          0,           0,        1477,      -1.978182468,      0.5873326984,      0.6947720842,       3.760365238,       1.078343975,       2.064275366
          0,           0,        1478,      -1.765984707,      0.6017151941,       0.920654697,       3.986486941,       1.079477993,       2.012850281
          0,           0,        1479,      -1.538996361,      0.7629506557,       1.164439781,       4.097478854,       1.079230768,       2.026393039
          0,           0,        1480,       -1.59498862,      0.9233920748,        1.12843051,       4.046978751,        1.07895917,       2.066175537
          0,           0,        1481,      -1.652045055,       1.003477366,       1.108932269,       3.968531236,       1.078516357,        2.01303781
          0,           0,        1482,       -1.89044772,      0.5752420513,      0.7906469522,       3.773993141,       1.078675933,       1.922226256
          0,           0,        1483,      -1.995021306,      0.5033142848,      0.6649710973,       3.837551949,       1.078829987,        1.86597841
          0,           0,        1484,      -1.882595904,      0.5023723688,      0.7946215563,       3.760688031,       1.078370871,       1.761223165
          0,           0,        1485,      -1.933519948,      0.4846869949,      0.7397675632,       3.714869659,       1.078628088,       1.718498542
          0,           0,        1486,      -1.664817833,      0.6588923919,       1.040187033,       3.967159674,       1.078955962,       1.802276878
          0,           0,        1487,      -1.600937141,       0.709202081,       1.105675609,       4.034011382,       1.078383146,       1.768309281
          0,           0,        1488,      -1.665550841,      0.6239256507,       1.034648079,       3.985052678,       1.078299732,        1.94797047
          0,           0,        1489,      -1.763342164,      0.5505816855,      0.9317209866,       3.945577569,       1.078307869,       1.859835761
          0,           0,        1490,       -1.89249457,      0.4821907769,      0.7894127055,       3.766982307,       1.078158162,       1.822586333
          0,           0,        1491,      -1.877131367,      0.4947928459,      0.8139622255,       3.766297741,        1.07849753,       1.812360147
          0,           0,        1492,      -1.729532969,      0.9371870227,       1.028998494,       3.934566397,       1.078929388,        1.82001056
          0,           0,        1493,      -1.836234747,      0.7197388537,      0.8953858199,       3.805500865,       1.078773234,       1.941905723
          0,           0,        1494,      -1.801609339,      0.6049858403,      0.8964995635,       3.834594042,       1.079626062,        1.98989263
          0,           0,        1495,      -1.601260779,      0.7072309664,       1.106535396,       4.063843203,       1.079912109,       2.080037431
          0,           0,        1496,      -1.742837167,      0.5580075357,      0.9553082241,       3.910801888,       1.079349386,       1.966508929
          0,           0,        1497,      -1.817689821,      0.5182254097,      0.8832834925,       3.796696472,       1.079450843,       1.919555171
          0,           0,        1498,      -2.123324509,      0.3787542326,      0.5354430648,        3.57656251,       1.079598215,       1.890907129
          0,           0,        1499,        -2.1302698,        0.37234284,      0.5323933293,       3.722916915,       1.079766402,       1.866678156
          0,           0,        1500,      -2.138092127,      0.3633554552,      0.5258734619,       3.569696507,       1.079782808,       1.844880735
          0,           0,        1501,      -2.184592233,      0.3450552023,      0.4655941231,       3.530768436,       1.080100412,       1.831611542
          0,           0,        1502,      -2.230911722,      0.3273519315,      0.3919594491,       3.724185214,       1.080494806,       1.854606214
          0,           0,        1503,      -2.214024218,       0.326151026,      0.4168544022,       3.594011681,        1.08054591,       1.867968026
          0,           0,        1504,      -2.148981385,      0.3368781849,       0.507789339,       3.582364601,        1.08120092,       1.874070671
          0,           0,        1505,      -1.921389341,      0.4285979339,       0.766357394,       3.832825977,       1.082029436,       1.956759873
          0,           0,        1506,      -1.742488762,      0.5611636869,      0.9626283955,       3.908695709,       1.081421875,       1.960458389
          0,           0,        1507,      -1.750022333,      0.5807859156,      0.9570166052,       3.861901312,       1.081493046,       1.950437006
          0,           0,        1508,      -2.011667873,      0.3693446881,      0.6653013216,       3.636639255,        1.08164776,       1.928876922
          0,           0,        1509,      -2.086656868,      0.3316402742,      0.5677366425,       3.526448295,       1.081889661,       1.912234967
          0,           0,        1510,      -2.061590528,       0.345840704,      0.5998117529,       3.489289556,       1.082202005,       1.891589455
          0,           0,        1511,      -2.047378401,       0.356983508,      0.6185843376,       3.745938302,       1.082556903,       1.869002536
          0,           0,        1512,      -2.019165771,      0.4002249276,      0.6556002001,       3.612285898,       1.082727466,       1.882847721
          0,           0,        1513,      -2.022877558,      0.3556828349,      0.6450454671,       3.599870722,       1.082848604,       1.880880604
          0,           0,        1514,      -2.039276235,      0.3435979406,      0.6237902557,       3.577619899,         1.0830279,       1.852178415
          0,           0,        1515,      -2.056673079,      0.3343226304,      0.6000842373,       3.510924168,       1.083175808,       1.858146517
          0,           0,        1516,      -2.081980822,      0.3533190161,      0.5656242011,       3.525342727,       1.083507968,       1.860680758
          0,           0,        1517,      -2.119044431,      0.3170538424,      0.5030450032,       3.498384018,       1.083758681,       1.846329925
          0,           0,        1518,      -2.106713247,      0.2933885389,      0.5091606891,       3.629860637,       1.084281745,       1.875733164
          0,           0,        1519,      -2.123858981,      0.3618849711,      0.4923735343,       3.561365159,       1.084628103,       1.895378947
          0,           0,        1520,      -1.750424138,      0.9658044793,       1.020452517,       3.840229003,       1.085468187,       1.910410085
          0,           0,        1521,       -1.84243086,      0.6747519298,      0.8750983132,       3.896495833,       1.085735433,        1.89588223
          0,           0,        1522,      -1.962226596,      0.4404214527,      0.7101234472,       3.673524405,       1.085532255,       1.893742203
          0,           0,        1523,      -2.094595467,      0.3928940839,      0.5309769274,       3.623646285,       1.085746693,       1.893279003
          0,           0,        1524,      -2.164508758,      0.3697360321,      0.4007755838,       3.629134244,       1.085964776,       1.890021093
          0,           0,        1525,      -2.174040652,      0.3570320209,      0.3652701563,       3.521139444,       1.086120551,       1.883647983
          0,           0,        1526,      -2.177077263,      0.3443578558,       0.351851367,       3.463116513,       1.086488706,       1.885208243
          0,           0,        1527,      -2.178894401,      0.3338879959,       0.349197996,       3.721137119,       1.086918724,        1.90061264
          0,           0,        1528,      -2.179931473,      0.3213555798,      0.3539471625,       3.522917756,        1.08717292,       1.900843723
          0,           0,        1529,      -2.195788705,      0.3022416089,      0.3084885588,       3.538756341,       1.087887721,       1.920771172
          0,           0,        1530,      -2.161630627,      0.2935100948,      0.3889799979,       3.744944726,       1.088781115,       1.965364398
          0,           0,        1531,       -1.96327922,      0.3644721887,      0.6995350851,       3.697945963,       1.089316621,       2.007886379
          0,           0,        1532,      -1.802912684,      0.4318116935,      0.8747272417,       3.858851172,       1.089561695,       2.025905236
          0,           0,        1533,       -1.84113294,      0.4016276816,      0.8377347923,        3.90444485,       1.089738354,       1.945303803
          0,           0,        1534,      -2.027609835,      0.3006520313,      0.6134384711,       3.603660391,        1.08975651,       1.932539099
          0,           0,        1535,      -2.077106471,       0.285738705,      0.5351826111,       3.556102247,       1.090060128,       1.931878926
          0,           0,        1536,      -2.142838028,      0.2647495385,      0.4075648553,       3.692703741,       1.090440895,       1.937646396
          0,           0,        1537,      -2.116100101,      0.2631784855,      0.4518557768,       3.552439546,       1.090683493,       1.949939172
          0,           0,        1538,      -2.138750565,      0.2535735688,      0.4157143365,       3.505964285,       1.091267757,       1.965019268
          0,           0,        1539,      -2.089130534,      0.3770508059,      0.5207548008,        3.74763746,       1.092002391,       1.978977671
          0,           0,        1540,      -2.044050486,      0.4880759972,      0.6186790848,       3.683102002,       1.092466742,       1.967393267
          0,           0,        1541,      -1.863390329,      0.3972766334,       0.817024443,       3.800219853,       1.093540718,       1.968084501
          0,           0,        1542,      -2.007020251,      0.3233505425,      0.6424686191,       3.859003537,       1.094899433,       2.030453498
          0,           0,        1543,      -1.738803621,      0.4822116442,      0.9493818744,       3.906777996,       1.095806585,       2.067536587
          0,           0,        1544,       -1.67420537,      0.7389663309,       1.045236436,       3.984899491,       1.097707251,       2.107623842
          0,           0,        1545,      -1.701159476,      0.9978397555,       1.074624124,       4.031805435,        1.10049064,       2.098240623
          0,           0,        1546,      -1.712574039,      0.7647587614,       1.011059193,       4.012657943,       1.100186129,       2.156578113
          0,           0,        1547,      -1.610371851,      0.7597372072,       1.104085011,       4.006150628,       1.100434562,       2.057406261
          0,           0,        1548,      -1.575134063,      0.7839760296,       1.142805474,       4.029287489,       1.100685663,       2.018632453
          0,           0,        1549,      -1.647588234,      0.7196778996,       1.068106078,       3.955719613,       1.100931185,       1.978952871
          0,           0,        1550,      -1.653419565,      0.7288979195,       1.068797166,       4.000429898,       1.101215008,       1.962476811
          0,           0,        1551,      -1.760023065,      0.6558322879,      0.9498824874,       3.875302841,       1.101390501,       1.946372535
          0,           0,        1552,      -1.918059725,       0.544511255,      0.7494818615,        3.74910686,       1.101644975,       1.930223886
          0,           0,        1553,      -1.925461698,      0.5336686217,      0.7454667048,        3.77598921,       1.101895303,       1.914357419
          0,           0,        1554,      -1.938929408,      0.5209885763,      0.7366541839,       3.738485174,       1.102132308,       1.898445422
          0,           0,        1555,      -1.959249368,      0.5046198389,      0.7211921551,       3.692182124,       1.102500597,       1.888654451
          0,           0,        1556,      -1.990061154,      0.4805954193,      0.6924203992,        3.80461181,       1.102944847,       1.870814585
          0,           0,        1557,      -2.055072707,       0.443874171,      0.6283916062,       3.646798041,       1.103261994,       1.867888435
          0,           0,        1558,      -2.093866062,       0.421951521,      0.5884477208,       3.615309309,       1.103833253,       1.860680576
          0,           0,        1559,       -1.88326803,      0.4847388493,      0.8167076719,       3.829681169,       1.104527396,       1.857795524
          0,           0,        1560,       -1.86980084,      0.4612419632,      0.8278567904,       3.817605042,       1.104932182,       1.821621181
          0,           0,        1561,      -1.987203424,      0.3883688794,       0.675069624,        3.70450156,       1.105700108,       1.829039537
          0,           0,        1562,      -2.014620145,      0.3706784432,      0.6429262377,       3.811880739,       1.106653302,       1.918444867
          0,           0,        1563,      -1.710438841,      0.5781013275,      0.9899765212,       3.924016198,       1.107057273,        1.91680965
          0,           0,        1564,      -1.550332696,      0.7420274378,       1.158521982,       4.083979036,       1.106839833,       1.987916296
          0,           0,        1565,      -1.634590489,      0.6344263185,       1.068604109,       4.011641155,       1.106911953,       1.849998787
          0,           0,        1566,      -1.727994993,      0.5384358471,      0.9659037932,       3.869577648,       1.106983688,       1.833387117
          0,           0,        1567,      -1.886338809,      0.4400439118,      0.7860155201,        3.81286468,       1.107400466,       1.813557064
          0,           0,        1568,      -1.929180356,      0.4047944668,      0.7412318679,       3.719898572,       1.107626703,       1.811465141
          0,           0,        1569,      -1.902613629,      0.4092528699,      0.7654713136,       3.753449318,       1.108249364,       1.803213086
          0,           0,        1570,      -1.887488615,      0.4690024856,      0.8059084286,       3.851289878,       1.108323192,       1.801015789
          0,           0,        1571,      -1.791350806,      0.4809473022,      0.9053154605,       3.838995128,       1.107971575,       1.740866903
          0,           0,        1572,      -1.813677492,      0.4530722115,      0.8830109087,       3.787221109,       1.108037737,       1.663565139
          0,           0,        1573,      -2.042880303,      0.3216616826,      0.6333724878,       3.608443436,        1.10814487,       1.626829903
          0,           0,        1574,      -2.053078751,      0.3369023205,      0.6131066143,       3.762393685,       1.108294756,       1.603418746
          0,           0,        1575,      -1.979721804,      0.3618286921,      0.6974809741,       3.684639761,       1.108318856,       1.583661457
          0,           0,        1576,      -2.062738537,      0.3481651924,      0.6132164221,       3.647197467,       1.108545707,       1.543043857
          0,           0,        1577,      -1.936173759,      0.3828871401,      0.7572630231,       3.822772326,       1.108814948,       1.534415071
          0,           0,        1578,      -2.064542758,       0.304597452,      0.6177146391,       3.665014167,       1.108836426,       1.496821538
          0,           0,        1579,      -1.869175608,       0.509086727,      0.8404780112,       3.768386968,       1.109216981,       1.477858467
          0,           0,        1580,      -1.641167216,      0.9937068611,       1.114533657,       4.002155363,       1.109657349,       1.685463412
          0,           0,        1581,      -1.682223645,      0.7962838641,       1.050366933,       3.962379774,       1.109056589,       1.744232316
          0,           0,        1582,      -1.731162353,      0.6256662492,      0.9775505524,       3.889392683,       1.109265632,        1.74088388
          0,           0,        1583,      -1.786544088,       0.526114593,      0.9087277006,       3.844040981,       1.109199791,       1.727406725
          0,           0,        1584,      -1.922567624,      0.4471819281,      0.7700775809,       3.678582355,       1.109228119,         1.6836349
          0,           0,        1585,      -2.016233209,      0.4097128546,      0.6734857118,       3.625347406,       1.109258397,       1.646190596
          0,           0,        1586,      -2.057788186,      0.3885221549,      0.6342394878,       3.751398006,       1.109334274,        1.63615658
          0,           0,        1587,      -2.067050124,      0.3738847062,      0.6280379691,       3.569327839,       1.109328237,       1.632245435
          0,           0,        1588,       -2.06761598,      0.3595582493,      0.6287164034,       3.663373679,       1.109468456,       1.620994383
          0,           0,        1589,      -2.076763252,      0.3417906457,      0.6130713748,       3.746718269,       1.109640232,       1.623880441
          0,           0,        1590,      -2.138977366,      0.2893864412,      0.5428484666,       3.550772822,       1.109621887,       1.639191446
          0,           0,        1591,       -2.18158225,      0.2611258697,      0.5014366563,       3.513015297,       1.109865039,       1.636151962
          0,           0,        1592,      -2.151521803,      0.2584319804,      0.5282950819,       3.736849327,       1.110160144,       1.660523596
          0,           0,        1593,      -1.867591021,      0.4375558524,      0.8263133836,       3.781587882,        1.11009198,       1.758883604
          0,           0,        1594,      -1.712985394,      0.5217128042,      0.9920969793,       3.925558494,       1.110397293,       1.786623495
          0,           0,        1595,      -1.613969449,      0.6455937875,       1.092962835,       4.052105883,       1.110196282,       1.954223371
          0,           0,        1596,      -1.742694265,      0.5731646223,      0.9636514319,       3.892025582,       1.109713209,       1.867253295
          0,           0,        1597,      -1.834983771,      0.4979952327,      0.8650622253,       3.769282113,       1.109691853,       1.836118215
          0,           0,        1598,      -1.979258538,      0.3289924596,      0.6906261379,       3.712340795,       1.109732026,       1.811211395
          0,           0,        1599,      -1.885532543,      0.4639045492,      0.8082766054,       3.741356087,       1.109774861,       1.783542642
          0,           0,        1600,       -1.93561408,      0.4064946685,      0.7550847366,        3.74995669,       1.109790151,       1.753309586
          0,           0,        1601,      -2.057591358,      0.2710491668,      0.6121581333,       3.600562907,       1.109744555,       1.737761853
          0,           0,        1602,      -2.067678444,       0.259086656,      0.6077257661,       3.597983384,       1.109783211,       1.724006793
          0,           0,        1603,      -2.088936776,      0.2458328137,      0.5902078147,       3.746952896,       1.109821409,       1.703274324
          0,           0,        1604,      -2.109153679,       0.227611458,      0.5717742664,       3.558350588,       1.109726704,       1.695779977
          0,           0,        1605,      -2.130377867,      0.2118658003,      0.5496959506,       3.540626148,       1.109758576,       1.684086118
          0,           0,        1606,       -2.17887275,      0.1723932499,      0.4912468488,       3.601825823,       1.109824353,       1.665522587
          0,           0,        1607,      -2.222730729,      0.1720138269,      0.4365855188,       3.489689783,        1.10977995,       1.660323852
          0,           0,        1608,      -2.238457149,      0.2611500066,      0.4370127156,       3.459374167,       1.109874054,       1.650271603
          0,           0,        1609,      -2.266309749,      0.1529913251,      0.3887590224,       3.715035776,       1.109981795,       1.618469712
          0,           0,        1610,      -2.074230238,      0.6107728137,       0.678451696,       3.621475173,       1.109803643,       1.626594894
          0,           0,        1611,      -1.778916887,       0.977450538,       1.017718216,        3.81483409,       1.109628673,        1.58988681
          0,           0,        1612,      -2.243810305,      0.3284094633,      0.4483502793,       3.660719873,       1.109588065,       1.564853551
          0,           0,        1613,      -2.298756346,      0.2405307233,      0.3690134586,       3.467734175,       1.109525146,       1.614772674
          0,           0,        1614,       -2.32135699,      0.2061123746,      0.3301007447,       3.429920868,       1.109586284,       1.622219188
          0,           0,        1615,      -2.355436988,      0.1822552624,      0.2678282238,       3.697175694,       1.109658214,       1.598731834
          0,           0,        1616,      -2.365397178,      0.1641352777,      0.2455682297,       3.456979558,       1.109500616,       1.671104422
          0,           0,        1617,      -2.334326192,      0.1604828485,      0.2993136522,       3.449400591,       1.109586816,       1.683787547
          0,           0,        1618,      -2.233351708,      0.1740201782,      0.4206460155,       3.756819302,       1.109678676,       1.691220395
          0,           0,        1619,      -2.068154277,      0.2318298694,      0.6187726296,       3.643429114,       1.108998078,       1.805617662
          0,           0,        1620,      -1.904415639,      0.3493627258,      0.7895860114,       3.741039867,       1.108845738,       1.742615458
          0,           0,        1621,      -2.210873795,      0.1641216687,      0.4484838197,       3.552996953,       1.108864245,       1.725852599
          0,           0,        1622,      -2.255691855,      0.1468812595,      0.4109966812,       3.491450996,       1.108892301,       1.722321889
          0,           0,        1623,      -2.260089508,      0.1255785141,      0.4091599193,       3.438925152,        1.10893538,       1.748410318
          0,           0,        1624,      -2.272133879,      0.1126340926,      0.3799191373,       3.715321246,       1.108990986,       1.759985563
          0,           0,        1625,      -2.205929809,       0.293696191,      0.4681153828,        3.52291797,       1.108547484,       1.770989474
          0,           0,        1626,      -2.119070838,      0.5031285064,      0.6118909439,       3.556068735,       1.108501019,       1.761209273
          0,           0,        1627,      -2.255947101,      0.1352932508,      0.4019069415,       3.479768375,       1.108489856,       1.740546562
          0,           0,        1628,      -2.291382839,      0.1186073392,      0.3603975366,       3.458527673,       1.108512515,       1.709979975
          0,           0,        1629,      -2.361862336,     0.09796995771,      0.2550057927,       3.681437923,       1.108541019,        1.71478799
          0,           0,        1630,      -2.394909217,      0.1515954762,      0.2019100062,       3.446497049,       1.108286958,       1.708525091
          0,           0,        1631,      -2.417393818,     0.07604925631,      0.1319543884,       3.399007845,       1.108299768,        1.67988979
          0,           0,        1632,      -2.416881151,     0.06357686367,      0.1262537117,       3.390462822,       1.108319686,       1.693862082
          0,           0,        1633,      -2.410806796,     0.07314923638,      0.1329443611,       3.686659919,       1.108344719,       1.695874112
          0,           0,        1634,      -2.350315716,      0.2377581027,      0.2907800587,       3.452855362,       1.108156559,        1.65599354
          0,           0,        1635,       -2.39117027,      0.1008090597,      0.1758116938,        3.49311397,        1.10816649,       1.671938197
          0,           0,        1636,      -2.076906858,       0.664347644,      0.6884067319,       3.765873916,       1.108178881,       1.765294877
          0,           0,        1637,      -1.787122446,      0.9752923132,         1.0124716,       3.831512084,       1.107473916,       1.764562362
          0,           0,        1638,       -2.25100003,      0.3828377733,      0.4357088463,       3.523834874,       1.107283237,       1.817059318
          0,           0,        1639,       -2.31076104,      0.2857888995,      0.3127108651,       3.478025602,       1.107248555,        1.79915873
          0,           0,        1640,      -2.326358344,      0.2524177525,      0.2697778867,         3.4237134,       1.107247214,        1.78710361
          0,           0,        1641,      -2.335281269,      0.2315893892,      0.2421822802,       3.413079041,       1.107249299,       1.773377492
          0,           0,        1642,      -2.341830728,      0.2140159215,      0.2214287169,       3.683209852,       1.107257158,       1.747930733
          0,           0,        1643,      -2.344899377,      0.1957281437,      0.2099619167,       3.524453345,       1.107068279,        1.74508392
          0,           0,        1644,      -2.346545038,      0.1769148823,      0.1984452582,       3.461612428,       1.107037434,       1.764902049
          0,           0,        1645,       -2.34622192,      0.1572924604,      0.1849384081,       3.722581289,       1.107017502,       1.745643395
          0,           0,        1646,        -2.3319792,      0.1439436732,      0.2106143689,       3.575787324,       1.106636863,       1.772843671
          0,           0,        1647,      -2.251253315,      0.1542080965,      0.3471423133,       3.739305802,       1.106477203,       1.886902717
          0,           0,        1648,       -1.90060609,      0.3304600407,      0.7803836803,       3.935381619,       1.106344081,       1.912274242
          0,           0,        1649,      -1.750976823,      0.7576214035,      0.9728321073,       3.963182168,       1.105688336,        2.07084867
          0,           0,        1650,      -1.624163561,       1.004798437,       1.141485675,       4.021615237,       1.104539057,       2.095829032
          0,           0,        1651,      -1.636181932,       0.763790457,       1.082438727,       4.019198945,       1.104158555,        2.00749527
          0,           0,        1652,      -1.697110496,      0.6487481459,       1.017430527,       3.919685154,       1.103748701,       1.950004263
          0,           0,        1653,      -1.638904753,      0.6858773192,       1.075674647,       3.960423352,       1.103722098,       1.925844817
          0,           0,        1654,      -1.822410625,      0.5166102794,      0.8758362129,        3.81085917,       1.103724035,       1.909915659
          0,           0,        1655,      -2.050898313,      0.4208891605,      0.6140861619,       3.596254974,       1.103726301,        1.89773237
          0,           0,        1656,      -2.060239113,      0.4071042266,      0.6084731364,       3.703824561,       1.103710327,       1.899427671
          0,           0,        1657,      -2.070827046,      0.3929072857,      0.6015353865,       3.632986555,       1.103625225,       1.896808534
          0,           0,        1658,      -2.084894929,      0.3787474584,      0.5904904858,       3.589857373,       1.103615605,       1.885877841
          0,           0,        1659,      -2.097192069,      0.3648546015,       0.580825027,       3.725067921,       1.103605933,       1.875183637
          0,           0,        1660,      -2.110258363,      0.3507280317,      0.5694065656,       3.578417777,       1.103529738,       1.863908647
          0,           0,        1661,      -2.141873347,      0.3209595926,      0.5350407762,        3.57650089,        1.10354274,       1.847525956
          0,           0,        1662,      -2.194774912,       0.257414225,      0.4695400784,        3.73484831,       1.103436006,        1.82811404
          0,           0,        1663,      -2.236814099,      0.2289470636,      0.4147356605,       3.487382034,       1.103331264,        1.82334229
          0,           0,        1664,      -2.255857275,      0.2199663822,      0.3854813769,       3.460002996,       1.103330106,       1.815077716
          0,           0,        1665,      -2.278858938,      0.2353749367,      0.3544917762,       3.717478757,       1.103319624,       1.799786185
          0,           0,        1666,      -2.270173391,      0.2351662952,      0.3555868555,       3.568159364,       1.103084598,       1.799298422
          0,           0,        1667,        -2.2141718,      0.2303814264,      0.4342384843,       3.560310559,       1.103008891,       1.815011729
          0,           0,        1668,      -2.345495013,      0.1938813524,      0.2673587519,       3.720493704,       1.102896898,        1.79571515
          0,           0,        1669,       -2.34793567,       0.178649467,      0.2591862994,       3.606385773,       1.102373109,       1.826306788
          0,           0,        1670,      -2.108571572,      0.2370452458,      0.5685345181,       3.725539751,       1.102061192,       1.922776682
          0,           0,        1671,      -1.864307237,      0.3725368363,       0.831106115,       3.960178805,       1.101676234,       1.933704051
          0,           0,        1672,      -1.718602127,       0.497654338,      0.9769348122,       3.996384896,       1.100101877,       2.047745503
          0,           0,        1673,      -1.830583831,      0.5905471277,      0.8782877188,       3.821487887,       1.099505439,       1.985003758
          0,           0,        1674,        -1.7383952,      0.9792841215,       1.042761694,       3.903124098,       1.099256249,       1.961886429
          0,           0,        1675,      -2.080162828,      0.2876172098,      0.6009242927,       3.661137554,       1.099176444,       1.943589422
          0,           0,        1676,      -2.084540548,      0.2399998659,      0.5961578917,       3.620303935,       1.099101277,       1.924527675
          0,           0,        1677,      -2.120295325,      0.2142640839,      0.5595718929,       3.585935765,       1.099030507,       1.906042735
          0,           0,        1678,      -2.156857397,      0.1944538053,      0.5182703521,       3.665933616,       1.098964573,       1.893619799
          0,           0,        1679,      -2.187534536,      0.1787244395,      0.4810100139,       3.516070316,        1.09882741,       1.888288894
          0,           0,        1680,      -2.221539122,      0.1644881773,      0.4370621898,       3.488089744,       1.098780445,       1.881105504
          0,           0,        1681,      -2.250915842,       0.142455623,      0.3912352321,       3.699035389,       1.098725445,       1.874961491
          0,           0,        1682,      -2.284885416,      0.1289488535,      0.3375067556,       3.538421484,       1.098521654,       1.877227663
          0,           0,        1683,      -2.163742206,      0.1670227692,      0.4798234954,       3.565328037,       1.098402609,       1.870047395
          0,           0,        1684,      -2.101203864,      0.1747928643,      0.5659703673,       3.766328066,        1.09826212,       1.880339725
          0,           0,        1685,      -2.115116533,      0.5506097276,      0.6209548198,       3.638956399,       1.097639911,       1.873595219
          0,           0,        1686,      -1.786446552,      0.9697167702,       1.006914001,       3.807406384,       1.097446785,        1.81954104
          0,           0,        1687,      -2.281295414,      0.2164706286,      0.3510244352,       3.495722279,       1.097356791,       1.806504248
          0,           0,        1688,      -2.338011709,      0.1498091606,      0.2465757191,       3.456329896,       1.097291712,       1.804229687
          0,           0,        1689,       -2.35714647,      0.1207136539,      0.2061191435,       3.411901951,       1.097215044,        1.80851386
          0,           0,        1690,      -2.318020399,      0.1217155379,      0.2715657963,       3.706227243,       1.097123149,       1.809485271
          0,           0,        1691,       -2.33144778,      0.1103485564,      0.2495090106,        3.46322925,       1.096715128,       1.814731933
          0,           0,        1692,      -2.373740204,     0.09934621936,      0.1626714664,       3.420008127,        1.09662503,       1.789245742
          0,           0,        1693,      -2.401498898,     0.09241258226,     0.08823752308,       3.395066214,       1.096559538,       1.791485404
          0,           0,        1694,      -2.417115709,     0.08724219581,     0.03230913362,       3.391685392,       1.096481544,       1.788370571
          0,           0,        1695,      -2.421117013,     0.08398015609,      0.0104849222,       3.693606627,       1.096385538,       1.800476705
          0,           0,        1696,      -2.421878362,     0.07824037989,     0.01182276711,        3.43417306,       1.096080422,       1.786688088
          0,           0,        1697,       -2.16021933,      0.5720906792,      0.5865811338,       3.564212704,       1.095899207,       1.796648733
          0,           0,        1698,      -1.793793645,      0.9713246299,       1.004982295,       3.883377952,       1.095667301,       1.847186212
          0,           0,        1699,      -2.200146955,      0.4946278157,      0.5488621488,       3.674843862,       1.094849176,       1.864351885
          0,           0,        1700,      -2.303556848,      0.3150190266,      0.3231634761,        3.54034863,       1.094665723,       1.871971669
          0,           0,        1701,      -2.302464478,      0.2855702017,      0.3185687577,       3.461292973,         1.0944667,       1.890658245
          0,           0,        1702,      -2.256923257,      0.2510302681,      0.3875474314,       3.734597789,       1.094240181,       1.868495262
          0,           0,        1703,      -2.221205354,      0.2254303008,      0.4230046651,       3.604571403,        1.09347572,       1.932604043
          0,           0,        1704,       -2.15297669,      0.2206705445,      0.5134295595,        3.56653951,       1.093201927,        1.90321642
          0,           0,        1705,      -2.301662051,      0.1776010165,      0.3189536061,       3.479857194,       1.093100356,       1.894370918
          0,           0,        1706,      -2.336532123,      0.1591512902,      0.2773680027,       3.433965611,       1.093004894,       1.884031624
          0,           0,        1707,      -2.374332963,      0.1436568792,      0.2178327766,       3.397137175,       1.092915358,       1.866916157
          0,           0,        1708,      -2.424339469,      0.1296457685,      0.1187280915,       3.348451417,       1.092831564,       1.849781913
          0,           0,        1709,      -2.431235948,      0.1215629933,      0.0976095574,       3.548858099,       1.092771837,        1.84228555
          0,           0,        1710,      -2.428472734,       0.111599627,      0.1046630946,       3.377538487,        1.09256451,       1.837764449
          0,           0,        1711,      -2.444491712,      0.1024530466,      0.0704223697,       3.352084936,       1.092502938,       1.826659941
          0,           0,        1712,      -2.455981901,     0.09315202372,     0.04309593048,       3.532324206,       1.092429381,       1.830004993
          0,           0,        1713,      -2.454034871,     0.08349536571,     0.05210808807,        3.40203362,       1.092225915,       1.832986445
          0,           0,        1714,      -2.462970951,     0.07354311413,     0.03115168456,       3.367701974,       1.091988868,       1.837106992
          0,           0,        1715,      -2.472864667,     0.06890351212,   0.0008931289564,       3.645750642,       1.091912277,       1.823953084
          0,           0,        1716,      -2.477532304,     0.06369826178,    -0.01114794821,       3.336244144,       1.091741004,       1.822497708
          0,           0,        1717,      -2.480231525,     0.06004957202,    -0.01905099532,       3.333378676,        1.09166007,       1.817626388
          0,           0,        1718,      -2.483010998,     0.05670680002,    -0.02565870787,       3.322689676,       1.091600637,       1.809137031
          0,           0,        1719,      -2.490340166,     0.04079062002,    -0.05325858766,       3.341280177,       1.091457366,       1.813963357
          0,           0,        1720,       -2.48970674,     0.04843621151,    -0.03828014564,       3.616283902,       1.091355869,       1.823875055
          0,           0,        1721,      -2.498493257,     0.03268900259,    -0.07086938437,        3.41856761,       1.091058451,       1.845723681
          0,           0,        1722,      -2.499394096,     0.03892821677,    -0.05944466306,       3.414727144,        1.09088198,       1.858607121
          0,           0,        1723,      -2.357404345,      0.3314871427,      0.3250399126,       3.733036879,       1.090653779,       1.882387602
          0,           0,        1724,      -1.798616402,      0.9701751904,       1.001413605,       3.850474381,       1.089819128,       1.927863504
          0,           0,        1725,      -2.363748546,       0.304725838,      0.3396530552,       3.527406044,       1.089546207,       1.907718085
          0,           0,        1726,      -2.446053407,      0.1774372777,      0.1706549047,       3.459074915,       1.089458063,       1.905954123
          0,           0,        1727,      -2.470926348,      0.1279967854,     0.09730882411,       3.398358348,       1.089356505,        1.90978015
          0,           0,        1728,      -2.487276429,      0.1034643389,     0.05629829438,       3.355552309,       1.089242416,       1.910460983
          0,           0,        1729,      -2.492589546,     0.09098821931,     0.04404968722,       3.686207644,       1.089102599,       1.907182666
          0,           0,        1730,      -2.501888435,     0.07271356382,      0.0243489878,       3.447745957,       1.088689003,       1.918474873
          0,           0,        1731,       -2.49068602,     0.05744303897,     0.04574868437,       3.487031128,       1.088422845,       1.957069865
          0,           0,        1732,      -2.358048897,     0.06589565154,      0.2604356661,       3.726645366,       1.088058368,       1.993427248
          0,           0,        1733,      -2.148645945,      0.1339883583,      0.5298500015,       3.620961353,       1.087185764,       2.044969017
          0,           0,        1734,      -1.712089528,      0.5052411968,       0.988503145,       3.928508599,       1.086473546,       2.089816167
          0,           0,        1735,      -1.683096326,      0.9807090129,       1.081018214,       4.035165247,       1.085626345,       2.088111478
          0,           0,        1736,      -1.766171005,      0.9085018398,       1.007418957,       3.975202799,       1.083926677,       2.146407783
          0,           0,        1737,      -1.709079098,      0.7536099678,       1.008239071,       4.023009931,       1.082789463,       2.201691438
          0,           0,        1738,      -1.548676634,      0.8037997046,       1.166963124,       4.129930663,       1.083669757,       2.269874066
          0,           0,        1739,       -1.52417007,      0.9511357135,        1.19955529,       4.129089809,       1.097474736,       2.250898102
          0,           0,        1740,      -1.504972441,       1.007439592,        1.30796459,       4.144517812,       1.115493379,       2.331720545
          0,           0,        1741,      -1.391888422,       1.133974284,        1.47918962,       4.235824939,       1.242206647,       2.662797039
          0,           0,        1742,      -1.307752947,       1.225505052,       1.558964709,       4.292999232,       1.093987539,       2.912748634
          0,           0,        1743,      -1.371525661,       1.166679301,       1.442177225,        4.24047506,       1.094926166,       2.853343531
          0,           0,        1744,      -1.448728707,       1.061298692,       1.327613391,       4.182692799,       1.095791203,       2.786264277
          0,           0,        1745,      -1.506137789,      0.9693945311,       1.272781938,       4.122616355,       1.096621744,       2.715181937
          0,           0,        1746,      -1.568860094,      0.8950444375,       1.218237129,        4.03842315,       1.097596678,       2.653112284
          0,           0,        1747,      -1.640985927,      0.8364857214,       1.161571025,       3.983347377,       1.098994831,        2.59606016
          0,           0,        1748,      -1.682686149,       0.812441248,       1.117168596,       3.932848765,       1.100913311,       2.560817058
          0,           0,        1749,      -1.742207684,      0.7604716685,        1.06586806,       3.900583967,       1.103013855,       2.548144509
          0,           0,        1750,      -1.795559275,       0.664714307,       1.007349107,       3.900592413,       1.097703496,       2.547661922
          0,           0,        1751,      -1.809895714,      0.6100507408,      0.9670663776,       3.844246173,       1.088075367,       2.565101245
          0,           0,        1752,      -1.622185789,      0.7129930608,        1.11534102,       3.997355326,       1.079730588,       2.574315203
          0,           0,        1753,      -1.629292044,      0.6823479527,       1.097233977,       4.048663811,       1.071855638,       2.608451577
          0,           0,        1754,      -1.685168216,      0.6365724067,       1.023634036,       3.996019942,       1.063457163,       2.623925933
          0,           0,        1755,      -1.641431921,      0.9304820984,       1.091058663,       4.051700798,       1.060275531,       2.717134115
          0,           0,        1756,      -1.494189074,       1.064401252,        1.25657751,       4.189294414,       1.059679304,       2.683717387
          0,           0,        1757,      -1.502836977,      0.9620297563,       1.231681828,       4.172315246,       1.081600265,       2.786673419
          0,           0,        1758,      -1.457873358,       1.103631755,       1.298657649,         4.1838604,       1.216959414,       2.774352185
          0,           0,        1759,      -1.378271762,        1.20300978,       1.531646857,       4.253487378,       1.244954847,       2.837481282
          0,           0,        1760,       -1.26083736,       1.438390805,        1.60501138,       4.345486978,       1.302258165,       3.052976526
          0,           0,        1761,      -1.295964238,       1.482215269,       1.433754889,       4.325890297,       1.352539851,       3.240931187
          0,           0,        1762,      -1.307125559,       1.557579364,       1.443872603,        4.30716145,       1.366122267,       3.185499501
          0,           0,        1763,      -1.317363416,       1.549009714,        1.41628884,       4.298253588,       1.347695908,       3.037249314
          0,           0,        1764,      -1.316541401,        1.55413204,       1.377354459,       4.309666452,       1.358660068,       2.989265074
          0,           0,        1765,      -1.323579371,       1.557140693,       1.386495843,       4.311950924,       1.353896365,       3.155169869
          0,           0,        1766,      -1.288152722,       1.567537587,       1.551066052,       4.329458775,       1.323999168,       3.202830639
          0,           0,        1767,      -1.259614417,       1.556458441,       1.531711239,       4.342091478,        1.32455495,       3.222037831
          0,           0,        1768,      -1.288710488,       1.574913172,       1.454113059,       4.313956549,       1.400150221,       3.232404679
          0,           0,        1769,       -1.32448525,        1.56770433,       1.398710921,        4.30210894,       1.404284059,       3.057469235
          0,           0,        1770,      -1.373410068,       1.565200914,       1.285865807,       4.276546243,       1.385769168,       2.993415024
          0,           0,        1771,      -1.362320315,       1.574199252,       1.302526369,       4.271299586,       1.370185479,       3.119263027
          0,           0,        1772,      -1.369674468,       1.570539871,       1.294191509,       4.265903923,       1.373665125,       3.230304164
          0,           0,        1773,      -1.288335332,       1.570528819,       1.546096509,       4.323920165,       1.379155241,       3.261414192
          0,           0,        1774,      -1.208879184,       1.583169807,       1.618011349,       4.388712315,       1.433552109,       3.208048843
          0,           0,        1775,      -1.271991465,       1.589845787,       1.449355939,       4.340591684,       1.416677462,       3.229915788
          0,           0,        1776,      -1.331766666,       1.587072112,       1.401750101,       4.292537809,       1.372937718,       3.059098278
          0,           0,        1777,      -1.332803196,       1.579507865,       1.368546541,       4.298719352,       1.357599581,       2.980523055
          0,           0,        1778,      -1.292873365,       1.590889612,       1.404865366,       4.329552578,       1.417537048,       3.069456104
          0,           0,        1779,      -1.332412497,       1.581638383,       1.344238015,       4.289021855,       1.407363899,       3.216844941
          0,           0,        1780,      -1.346421692,       1.571758173,       1.337933158,       4.276024297,       1.359412317,       3.262626625
          0,           0,        1781,      -1.288835597,       1.572109184,       1.523558543,       4.333434191,       1.347493606,       3.209850395
          0,           0,        1782,      -1.217695722,       1.591881404,       1.594189163,       4.384855328,       1.409427247,        3.24965039
          0,           0,        1783,      -1.254705576,       1.596812102,       1.485279658,       4.350758157,       1.397632183,       3.202936098
          0,           0,        1784,       -1.30895725,       1.589860003,       1.406030414,       4.320925305,       1.346684778,       3.022272238
          0,           0,        1785,      -1.345333513,       1.579634974,       1.334939053,       4.284247407,       1.335054063,       2.959406804
          0,           0,        1786,      -1.314048349,       1.591962419,       1.382077793,       4.292549354,       1.407566642,       3.094479445
          0,           0,        1787,      -1.313858447,       1.584665028,       1.417488706,       4.303085647,       1.395132432,       3.218826829
          0,           0,        1788,      -1.264495156,       1.577470479,       1.567508514,       4.358597289,        1.33961768,       3.221869045
          0,           0,        1789,      -1.251599494,       1.585530073,         1.5217183,       4.364663544,       1.329318805,       3.188146555
          0,           0,        1790,      -1.289456886,       1.591040927,       1.454003941,       4.320859864,        1.39170983,       3.215659593
          0,           0,        1791,      -1.318517161,       1.585552528,       1.399902263,       4.304706817,       1.386380649,       3.090728662
          0,           0,        1792,      -1.362724151,       1.576389791,       1.292903493,        4.26356938,       1.348363378,        2.99919662
          0,           0,        1793,      -1.361938413,       1.574495939,       1.274605783,       4.258633418,       1.331175639,       3.152778706
          0,           0,        1794,      -1.315273417,       1.588859369,        1.35846523,       4.307455535,       1.393473336,       3.238883441
          0,           0,        1795,      -1.278091175,       1.597052815,       1.511509719,       4.349352413,       1.393757737,       3.254943673
          0,           0,        1796,      -1.234733862,       1.594609921,       1.608557866,       4.363663811,       1.347543988,        3.16474821
          0,           0,        1797,      -1.244488119,        1.58650519,       1.502513693,       4.358280252,       1.333331842,       3.247828693
          0,           0,        1798,      -1.272883755,       1.593916625,       1.469132637,       4.352480158,       1.386469335,       3.284621726
          0,           0,        1799,      -1.333095718,       1.585417246,       1.382187441,         4.3039373,       1.385128977,       3.190582807
          0,           0,        1800,      -1.378932058,       1.573872721,        1.26493272,       4.265745101,       1.342649936,       3.116477973
          0,           0,        1801,      -1.356000873,       1.575268768,       1.286443862,       4.292698037,       1.340437169,       3.178099643
          0,           0,        1802,      -1.301568662,       1.591509269,       1.378344376,       4.322769854,       1.406894952,       3.228589834
          0,           0,        1803,      -1.289852238,       1.594581401,       1.476687039,       4.334661692,       1.393850884,       3.216077426
          0,           0,        1804,      -1.254212874,       1.592653422,       1.600188947,       4.355789111,       1.342293292,       3.186382398
          0,           0,        1805,      -1.259721307,       1.583603137,       1.508848199,       4.333874414,       1.334836145,       3.314212458
          0,           0,        1806,      -1.261733636,       1.595338738,       1.485673276,       4.346221931,       1.398629556,       3.358248086
          0,           0,        1807,      -1.312056804,       1.587702047,       1.405753032,       4.334508529,       1.395065366,       3.265236515
          0,           0,        1808,      -1.372977107,       1.576215837,       1.276391932,       4.262865975,       1.347608962,       3.155746113
          0,           0,        1809,      -1.349776231,       1.586587931,       1.324187321,       4.280709379,       1.334407563,       3.173565698
          0,           0,        1810,      -1.319347134,       1.592121963,       1.373537895,       4.313767152,       1.327891495,       3.191620408
          0,           0,        1811,      -1.415361831,       1.482816397,       1.304902553,       4.213470904,       1.086281888,       3.095742093
          0,           0,        1812,      -1.575509132,       1.172046945,       1.177095741,       4.056516244,      0.9778026014,        2.94044307
          0,           0,        1813,      -1.593291627,       1.343935698,       1.120171971,       4.043067983,      0.9982343328,       2.845286574
          0,           0,        1814,      -1.675783743,       1.088160095,       1.022815644,       3.960053568,       1.012993292,       2.832871719
          0,           0,        1815,      -1.674192969,       1.249542112,      0.9908727209,       3.958602809,       1.026583603,       2.806343508
          0,           0,        1816,      -1.552261009,       1.232799973,       1.113221694,       4.127282971,       1.032770448,       2.844910897
          0,           0,        1817,      -1.519689806,       1.259657464,       1.149510416,       4.132963451,       1.050789465,       2.901098798
          0,           0,        1818,      -1.531492005,       1.378012063,       1.090212263,       4.155716611,       1.045681417,       2.927734059
          0,           0,        1819,      -1.649471116,       1.245841745,      0.9765929597,       4.028939776,       1.019739795,       2.827797049
          0,           0,        1820,       -1.67247744,       1.041856648,      0.9844642206,       3.936535659,       1.019690529,       2.758930499
          0,           0,        1821,      -1.759475158,      0.9916221311,      0.8765531944,       3.836171606,       1.024147651,       2.728779244
          0,           0,        1822,      -1.673209297,        1.08070935,       1.007158744,       3.940473643,       1.029853395,       2.757938939
          0,           0,        1823,      -1.520366439,       1.148297823,       1.206171146,       4.119534245,       1.037438608,       2.777697035
          0,           0,        1824,      -1.570628915,       1.061007917,       1.118932564,       4.119279084,         1.0445235,       2.802710535
          0,           0,        1825,      -1.581993315,       1.024415238,       1.094924723,        4.12901539,       1.053768603,       2.833749434
          0,           0,        1826,      -1.534542028,       1.126967915,        1.14639506,       4.143023734,       1.073011249,       2.859732115
          0,           0,        1827,      -1.491410993,       1.286448044,         1.1813627,       4.185036996,       1.115987645,       2.820156309
          0,           0,        1828,      -1.375325102,        1.40181671,       1.343656381,       4.251834267,       1.197474555,       2.734601431
          0,           0,        1829,      -1.516643295,        1.28118342,       1.174134197,        4.14496857,       1.106122722,       2.623324888
          0,           0,        1830,      -1.655456444,       1.188804767,       1.032287604,       4.017413271,        1.09531548,       2.501127326
          0,           0,        1831,      -1.655315313,      0.9785420034,       1.020904276,       3.992417563,       1.095530077,       2.489540926
          0,           0,        1832,      -1.610474419,       1.148624215,       1.064927445,       4.047718718,       1.104842477,       2.490988647
          0,           0,        1833,      -1.567123876,       1.196079494,       1.146099083,       4.134356109,       1.122602077,       2.536151108
          0,           0,        1834,      -1.484218413,       1.217867285,       1.254757439,       4.174942705,       1.146139902,       2.607806239
          0,           0,        1835,      -1.432550094,       1.378559683,       1.336922228,       4.241706872,       1.150546117,       2.722871992
          0,           0,        1836,       -1.52939831,       1.268003765,       1.262432498,       4.100093901,       1.135208709,       2.659545835
          0,           0,        1837,      -1.692066405,      0.8625590617,       1.089873398,       3.942188612,       1.135056611,       2.551999904
          0,           0,        1838,      -1.745494837,      0.8087090174,       1.031958835,       3.889332902,       1.137638239,       2.518754118
          0,           0,        1839,      -1.815330054,      0.7836032477,       0.965868086,       3.882312351,       1.140962869,       2.500016104
          0,           0,        1840,      -1.801250269,      0.7602160164,      0.9389266142,       3.857120586,       1.144887888,        2.49673063
          0,           0,        1841,      -1.847132359,      0.7189992941,      0.8551062506,        3.79739258,       1.150169193,       2.510885638
          0,           0,        1842,      -1.721300442,      0.7363992247,      0.9661142225,       3.994035207,       1.156566242,       2.534074739
          0,           0,        1843,      -1.721335639,      0.7148268754,      0.9614741331,       3.991019895,       1.163237421,       2.577109723
          0,           0,        1844,      -1.598901704,       0.778129702,       1.097471166,       4.074767023,       1.170957944,       2.617375547
          0,           0,        1845,      -1.565875049,      0.8083227725,       1.137887766,       4.144068758,       1.178315345,       2.689645569
          0,           0,        1846,      -1.624109374,      0.7935101922,       1.067455644,       4.111906274,       1.178620643,       2.687889868
          0,           0,        1847,      -1.687519041,      0.7426594805,        1.00832781,       3.962021601,       1.178547505,       2.611966185
          0,           0,        1848,      -1.777291719,      0.6809581434,      0.9138639438,       3.886720342,       1.178825785,       2.543662051
          0,           0,        1849,      -1.840142032,      0.6510799772,      0.8415337202,       3.883157558,        1.17907663,       2.505471292
          0,           0,        1850,      -1.834467417,      0.6475687108,      0.8445138267,       3.803831138,       1.179393822,       2.488895242
          0,           0,        1851,      -1.859266351,       0.635783315,      0.8129582116,       3.778285045,       1.179770013,       2.474832966
          0,           0,        1852,      -1.885078337,      0.6258775098,      0.7788857202,       3.852917536,       1.180141214,       2.462598254
          0,           0,        1853,      -1.905261624,      0.6192191582,      0.7500677766,       3.758556721,        1.18055351,       2.450986609
          0,           0,        1854,      -1.921806239,      0.6144367616,      0.7229853917,       3.711797322,       1.181130394,       2.443438999
          0,           0,        1855,      -1.929943228,      0.6131622431,      0.7055150721,       3.828191464,       1.181825016,       2.436034515
          0,           0,        1856,       -1.92617101,      0.6236041794,      0.7054869827,       3.707219752,       1.182509169,       2.433400143
          0,           0,        1857,      -1.938696079,      0.6110509523,      0.6700824557,       3.677563056,       1.183467751,       2.427436424
          0,           0,        1858,      -1.948149895,      0.6083903637,      0.6340923852,       3.826222085,       1.184581278,       2.434583375
          0,           0,        1859,      -1.881005217,      0.7836148538,      0.7846617192,       3.740704852,       1.185572829,       2.445352059
          0,           0,        1860,        -1.6950503,       1.015787596,       1.058943287,       3.888247151,       1.186931256,       2.446022759
          0,           0,        1861,      -1.634972619,      0.8169795753,       1.070586242,       4.030059033,       1.188237052,       2.415576781
          0,           0,        1862,      -1.589942753,      0.7900241454,       1.114358177,       4.027038857,       1.188855441,       2.424782257
          0,           0,        1863,      -1.687927154,      0.6888332433,        1.00000344,       3.945673365,       1.189728946,       2.415584841
          0,           0,        1864,      -1.721013745,      0.6774650939,      0.9619488137,       3.990838975,       1.190514951,       2.362242642
          0,           0,        1865,       -1.62928699,      0.7609662167,       1.080657589,       4.040606653,       1.190553008,       2.218710661
          0,           0,        1866,      -1.511799412,      0.8827969499,       1.217078339,       4.166717594,       1.192210161,        2.24217704
          0,           0,        1867,      -1.443719546,       1.105560103,       1.374575849,       4.210884464,       1.261867916,       2.459938972
          0,           0,        1868,      -1.383641118,       1.204792678,       1.482248457,       4.266569961,        1.25708629,        2.76061426
          0,           0,        1869,      -1.368243464,       1.300066174,       1.496080826,        4.27094103,       1.315131873,       3.118833226
          0,           0,        1870,      -1.332412417,       1.389077008,       1.417842935,       4.281239501,         1.3088873,       3.289988191
          0,           0,        1871,      -1.382869767,       1.417860149,       1.386770425,       4.242697714,       1.210256558,       3.122247438
          0,           0,        1872,      -1.509212974,       1.287132257,       1.279007432,       4.113233149,       1.187417442,       2.963198986
          0,           0,        1873,        -1.6080996,      0.9194652994,       1.178492063,       4.057852298,       1.188272259,        2.87773497
          0,           0,        1874,      -1.637463496,      0.9102206065,       1.134858812,       4.012657494,       1.186825256,       2.832035848
          0,           0,        1875,      -1.699176312,      0.8097591114,       1.062606889,       4.018036757,        1.18507167,       2.824347775
          0,           0,        1876,      -1.717390229,      0.8043578377,       1.019253679,       4.024902797,       1.182129792,       2.858950606
          0,           0,        1877,      -1.585665444,      0.8259603973,       1.125747651,       4.106317243,        1.17864921,       2.933006378
          0,           0,        1878,       -1.53677371,       0.907476178,       1.165008349,       4.150415756,       1.176316044,       3.017426105
          0,           0,        1879,      -1.536628589,      0.9890267093,       1.161140508,       4.165427121,       1.177931917,       3.102141677
          0,           0,        1880,      -1.512283886,       1.163582958,       1.189347964,       4.184214477,        1.19891187,        3.10215982
          0,           0,        1881,      -1.402800133,       1.425377439,       1.321530573,        4.25810242,       1.323121587,       3.068393177
          0,           0,        1882,      -1.347271241,       1.484237983,        1.37262309,       4.307982011,       1.370322684,       2.990449092
          0,           0,        1883,      -1.311351378,       1.550730029,       1.408538648,       4.334471584,       1.402646547,       2.975240007
          0,           0,        1884,      -1.289657676,       1.541837797,        1.56086282,       4.337930697,       1.335205808,       2.995754378
          0,           0,        1885,      -1.324161412,        1.43258924,       1.553361229,       4.275157015,        1.19229524,       3.069007394
          0,           0,        1886,      -1.518362477,       1.347698453,       1.298367241,       4.123610523,       1.151470324,       2.997814575
          0,           0,        1887,      -1.624536416,       1.017791363,       1.193901216,       3.972185126,        1.15244493,       2.921474546
          0,           0,        1888,      -1.629139976,       1.061358917,       1.125675363,       4.018071649,        1.15248371,       2.904694289
          0,           0,        1889,      -1.617378309,      0.9624045978,       1.095936698,       4.006711339,        1.14751187,        2.89876786
          0,           0,        1890,      -1.578899585,       1.008502266,       1.117969796,        4.06046361,       1.142942574,       2.872100598
          0,           0,        1891,      -1.524611545,      0.9935150588,       1.173736244,       4.156600302,       1.137615653,        2.84715414
          0,           0,        1892,      -1.530504399,       1.144403532,       1.166534627,       4.188780696,       1.137442231,       2.798639932
          0,           0,        1893,      -1.528110499,       1.329331866,       1.134599476,        4.18616955,       1.162626573,       2.891564448
          0,           0,        1894,      -1.426325928,       1.378019835,       1.260217754,       4.227725002,       1.235793722,       2.900195553
          0,           0,        1895,      -1.405992427,       1.482785064,       1.267712627,       4.252166977,       1.289172846,        2.94029724
          0,           0,        1896,      -1.332626904,       1.532521224,       1.363144389,       4.312997072,       1.375158135,       2.877315787
          0,           0,        1897,      -1.326790259,       1.551664205,       1.391159101,       4.321322453,       1.363920811,       2.786871867
          0,           0,        1898,      -1.331605269,       1.541874876,       1.517504766,        4.31021113,       1.333273925,       2.881448764
          0,           0,        1899,      -1.292995607,       1.545867785,       1.557950008,       4.325480497,       1.324895496,        3.20299541
          0,           0,        1900,      -1.302761243,       1.545583479,       1.413703604,       4.318066721,       1.294925296,       3.313886615
          0,           0,        1901,      -1.449711313,       1.433086027,       1.302318727,       4.183984099,       1.174564631,       3.111188891
          0,           0,        1902,      -1.578925512,       1.353532345,       1.191595472,       4.114716898,       1.161320105,       2.984471545
          0,           0,        1903,      -1.511907368,        1.23457739,       1.212506232,       4.138499954,       1.165391138,       2.931507837
          0,           0,        1904,      -1.506246804,       1.306458419,       1.182234674,       4.180472134,       1.188786609,       2.952161485
          0,           0,        1905,      -1.510390767,       1.415010971,        1.12778484,       4.191072031,       1.225343398,       3.063424838
          0,           0,        1906,      -1.416960441,       1.465164785,       1.252728307,       4.250180244,       1.270138853,       3.164750508
          0,           0,        1907,      -1.361833017,       1.532914433,       1.326065961,        4.30322942,       1.332241773,       3.197003348
          0,           0,        1908,      -1.369846074,        1.55082977,       1.295515972,       4.302434151,       1.323271348,       3.144562843
          0,           0,        1909,       -1.49335518,       1.420590942,       1.159707668,       4.177486513,       1.227508253,       2.985572485
          0,           0,        1910,      -1.584211455,       1.351956997,       1.111429201,        4.06000941,       1.216725707,       2.890530863
          0,           0,        1911,      -1.612994936,       1.203447563,       1.073355436,       4.049291625,       1.222290312,       2.887466553
          0,           0,        1912,      -1.457007751,       1.295989201,       1.465483551,       4.164418667,       1.237672962,       2.976617226
          0,           0,        1913,      -1.408767968,       1.405736791,        1.37516368,        4.21253525,       1.235408578,       3.034032539
          0,           0,        1914,      -1.559525511,       1.273165085,       1.204386432,        4.09650659,       1.215922612,       2.961822393
          0,           0,        1915,      -1.670453062,       0.945042362,       1.117866514,       3.994907061,       1.214473849,       2.892361638
          0,           0,        1916,      -1.739793622,      0.9432052517,       1.036356452,         3.9013493,       1.215251036,       2.842353025
          0,           0,        1917,      -1.788941125,      0.9364079046,      0.9940734753,       3.825787664,       1.216299218,        2.81941379
          0,           0,        1918,      -1.778982929,      0.9318439494,      0.9822861135,       3.830557554,       1.217645361,       2.798865484
          0,           0,        1919,      -1.833152146,      0.9217757141,      0.9184404561,       3.854481063,        1.21928132,       2.781971136
          0,           0,        1920,       -1.84879708,       0.912673685,      0.8757748791,       3.778266598,       1.221108765,       2.769506061
          0,           0,        1921,      -1.905245829,      0.9026767345,      0.7915669492,       3.705739692,       1.223762698,       2.761484819
          0,           0,        1922,      -1.865668597,      0.8986253484,      0.8140743688,       3.926301476,        1.22692424,       2.757195054
          0,           0,        1923,      -1.836269293,      0.8919735277,      0.8275286881,       3.813115121,       1.230026124,       2.755412491
          0,           0,        1924,       -1.70189515,      0.9036860798,      0.9790753012,       3.912694748,       1.234463789,       2.760147807
          0,           0,        1925,      -1.587508471,       0.948740852,       1.120312469,        4.06446288,       1.236704345,       2.750720048
          0,           0,        1926,      -1.550055695,        1.09784682,       1.191025765,       4.064958359,       1.238901266,       2.715217896
          0,           0,        1927,      -1.705417108,      0.9232621788,      0.9896246733,       4.022512989,       1.241682312,        2.69279443
          0,           0,        1928,      -1.712548053,      0.8985725953,      0.9435676212,       3.995955374,       1.243535504,       2.707696618
          0,           0,        1929,      -1.636488423,      0.8977474186,       1.048167589,       4.033796658,       1.245822829,       2.713511301
          0,           0,        1930,      -1.690282322,       0.884097572,       0.980959296,         4.0740683,       1.247275429,       2.732471712
          0,           0,        1931,      -1.581062131,      0.9104413396,       1.109166379,       4.090255608,       1.246601485,       2.697814769
          0,           0,        1932,      -1.697954268,      0.8675961395,      0.9704039491,        3.95215495,       1.247315615,       2.597431674
          0,           0,        1933,      -1.735216446,      0.8484016461,      0.9173776065,        3.90776673,       1.247889507,       2.563813433
          0,           0,        1934,      -1.808187563,      0.8322756601,      0.8116714193,       3.838033277,       1.248114453,        2.55090073
          0,           0,        1935,      -1.786321348,      0.8299645225,      0.8506318762,       3.928830689,       1.248366927,       2.542481362
          0,           0,        1936,      -1.849300374,      0.8209827748,       0.757994001,        3.81219052,       1.248367281,       2.539057293
          0,           0,        1937,      -1.847606235,      0.8162816793,      0.7630842253,       3.787600502,       1.248644577,       2.528491998
          0,           0,        1938,      -1.885102868,      0.8097133561,       0.674160115,       3.853722116,       1.248967377,       2.540632811
          0,           0,        1939,      -1.780253091,      0.8758612955,      0.8785596652,        3.88611228,       1.249161474,       2.532450595
          0,           0,        1940,      -1.845088498,      0.8085104054,      0.7506222762,       3.766156291,       1.249537096,       2.505784822
          0,           0,        1941,      -1.871839278,      0.8017611316,      0.7048705717,       3.740629164,       1.249696042,        2.49044463
          0,           0,        1942,      -1.879943804,      0.7992092341,      0.6869848841,       3.710378173,       1.249793502,       2.480450208
          0,           0,        1943,       -1.90081236,      0.7946914909,      0.6385431313,       3.702826409,        1.24985486,       2.473907753
          0,           0,        1944,      -1.919508892,      0.7894819509,      0.5877936576,       3.778884275,       1.249927608,       2.469070349
          0,           0,        1945,      -1.924407512,      0.7852745509,      0.5642866904,       3.683957251,       1.249873813,       2.455276552
          0,           0,        1946,      -1.924497564,      0.7977687465,      0.5849119257,       3.703906271,       1.249979614,       2.452647961
          0,           0,        1947,      -1.934590972,       0.780745212,      0.5301290783,       3.804789019,       1.250116503,       2.458617112
          0,           0,        1948,       -1.84562717,      0.7859114075,      0.7365455058,        3.80730529,       1.250001925,       2.460096633
          0,           0,        1949,      -1.700650449,      0.8148397105,       0.958710382,       3.911902573,       1.250456206,       2.449611195
          0,           0,        1950,      -1.693707574,      0.8259675964,      0.9776359425,       3.937719306,         1.2507262,       2.436410158
          0,           0,        1951,      -1.802829263,      0.7809327334,      0.8121690617,       3.782381525,       1.250713058,       2.423216489
          0,           0,        1952,       -1.92022405,      0.7665060539,      0.6011293523,       3.683075171,       1.250796256,        2.41358907
          0,           0,        1953,      -1.919701683,      0.7651846176,      0.5996416579,        3.71338698,       1.250881605,        2.40564203
          0,           0,        1954,      -1.915730339,      0.7634594397,      0.6055295255,       3.664650863,       1.250889328,       2.397319419
          0,           0,        1955,      -1.915532743,      0.7619685751,      0.6033045134,       3.641059877,       1.250978336,       2.390685597
          0,           0,        1956,      -1.918097145,      0.7601505267,      0.5947934671,       3.782784139,       1.251070684,       2.382545064
          0,           0,        1957,      -1.921877596,      0.7581404803,      0.5832918149,       3.641616518,        1.25106208,        2.37636205
          0,           0,        1958,      -1.935539204,      0.7541654631,      0.5469517991,       3.627380923,       1.251157509,       2.370287453
          0,           0,        1959,      -1.944023323,      0.7507492375,      0.5253423894,       3.665726638,       1.251255771,       2.365005098
          0,           0,        1960,      -1.953383239,      0.7467730779,      0.4930433833,        3.62477629,       1.251283775,       2.359384041
          0,           0,        1961,      -1.947734592,       0.745889005,      0.5060477521,       3.615559637,       1.251361907,        2.35723613
          0,           0,        1962,      -1.944409079,      0.7448936331,      0.5107634697,       3.783309917,       1.251465287,       2.355596338
          0,           0,        1963,      -1.953411912,      0.7414380275,      0.4808047585,       3.637876241,       1.251441021,       2.357339106
          0,           0,        1964,      -1.966633386,      0.7367259773,      0.4437604558,        3.64640762,       1.251633217,       2.363092458
          0,           0,        1965,      -1.907288043,      0.7411528476,      0.6288480341,       3.806726811,       1.251894746,       2.372692177
          0,           0,        1966,      -1.759605501,      0.8217108369,      0.8969318306,       3.817975095,       1.251976005,       2.392751433
          0,           0,        1967,      -1.828365289,      0.7518210226,      0.7985219766,       3.843438032,       1.252514639,       2.412960449
          0,           0,        1968,      -1.864801532,      0.7393883638,      0.7215618972,       3.916983906,       1.253216116,        2.45561921
          0,           0,        1969,      -1.854965311,      0.7282369608,      0.7567084081,       3.894965794,       1.253656427,       2.489235333
          0,           0,        1970,      -1.550373339,      0.9074544655,       1.155672042,        4.07004156,        1.25496421,       2.550760384
          0,           0,        1971,      -1.506144702,       1.062441182,       1.224087434,       4.146913826,       1.256949754,       2.599390313
          0,           0,        1972,      -1.561735998,      0.8999896866,       1.139779152,       4.102272755,       1.258946426,       2.616445316
          0,           0,        1973,      -1.653236412,      0.8478574988,       1.030510098,       4.064553919,       1.262938491,       2.540500598
          0,           0,        1974,      -1.651836793,      0.8213502914,       1.044906152,        4.11004901,       1.269991014,       2.469387455
          0,           0,        1975,      -1.431192503,        1.13618996,       1.321405407,       4.206903629,       1.293727233,       2.398521906
          0,           0,        1976,      -1.559862078,      0.9881574058,       1.171179596,       4.089199979,       1.271874485,       2.351063169
          0,           0,        1977,       -1.66243455,      0.8767744555,       1.055313681,       3.987713213,       1.270623098,       2.348018518
          0,           0,        1978,       -1.73635669,       0.804012081,      0.9765195758,         3.8931461,       1.271287587,       2.325540684
          0,           0,        1979,      -1.770031555,       0.737313532,      0.9244660632,       3.867553517,       1.272042273,       2.298469068
          0,           0,        1980,      -1.859141176,      0.6835304195,      0.8211518917,       3.885939126,       1.272553529,       2.279591555
          0,           0,        1981,        -1.7800461,      0.6876568329,      0.8946193307,       3.886290799,       1.272568165,        2.25493636
          0,           0,        1982,      -1.663704183,      0.7171855602,       1.033078941,       4.022094159,        1.27237339,       2.252311271
          0,           0,        1983,      -1.673011408,      0.7011618523,       1.023687696,       4.064705071,       1.271733546,       2.293710976
          0,           0,        1984,      -1.691719871,      0.6884365406,       0.993791231,       4.030130434,       1.269732761,       2.342282141
          0,           0,        1985,      -1.610363837,      0.7287359254,        1.08735488,       4.059164906,       1.268420632,       2.415088644
          0,           0,        1986,       -1.54051174,      0.8147315331,       1.174908678,       4.163545625,       1.268692327,       2.474116145
          0,           0,        1987,      -1.445406948,       1.111556629,       1.301002827,       4.231922647,        1.27304686,       2.463857077
          0,           0,        1988,      -1.418811804,       1.168231268,       1.364048479,       4.240164318,       1.298495417,       2.469769043
          0,           0,        1989,      -1.580343095,       1.041288662,       1.178368933,       4.067939922,       1.259169069,       2.307167491
          0,           0,        1990,      -1.657758231,      0.8989448091,       1.090849582,       3.983476888,       1.254343959,       2.215295398
          0,           0,        1991,      -1.784562767,      0.7749668486,      0.9697057505,       3.866955127,       1.253987824,       2.190502579
          0,           0,        1992,      -1.721188882,      0.7163912691,      0.9974829128,       3.923427616,       1.253251323,       2.175063121
          0,           0,        1993,       -1.80691028,      0.6568768825,      0.8950520658,       3.945622607,       1.251904903,       2.192022717
          0,           0,        1994,      -1.786989957,      0.6301978248,      0.9223421788,       3.935762687,       1.249974225,       2.198233825
          0,           0,        1995,       -1.70623753,      0.6382270459,      0.9843986206,       3.927989232,       1.248067149,       2.164263588
          0,           0,        1996,       -1.67550521,      0.6374580489,        1.01816359,       4.041529453,       1.246133106,       2.110937773
          0,           0,        1997,      -1.660418344,      0.6731562408,        1.04172876,       4.037427643,       1.242695673,       2.157923412
          0,           0,        1998,      -1.612984006,       0.738531772,       1.098784323,       4.090344628,        1.24076428,       2.250152389
          0,           0,        1999,      -1.508256422,      0.8973986458,       1.215697516,       4.187960347,       1.251617505,       2.231617661
          0,           0,        2000,      -1.504163918,      0.9850266827,       1.226487814,       4.194097024,       1.253161954,       2.456896824
          0,           0,        2001,      -1.451982865,         1.1663659,       1.307330424,       4.208388306,       1.318362958,       2.556926328
          0,           0,        2002,       -1.42472616,        1.28813257,       1.334326529,       4.231425605,       1.333434496,       2.558588887
          0,           0,        2003,      -1.367842077,       1.482777425,       1.383542027,       4.282243484,       1.327228701,       2.653398127
          0,           0,        2004,      -1.434601151,       1.395405164,       1.273304932,       4.229714528,       1.225352386,       2.564412938
          0,           0,        2005,      -1.586608403,       1.183451237,       1.157677733,       4.064053015,       1.192554087,       2.277298673
          0,           0,        2006,      -1.671979844,       1.008214765,       1.073128785,       3.952978221,       1.197261719,       2.191429926
          0,           0,        2007,      -1.705794255,       0.850471821,      0.9990787691,       3.984593757,       1.195682612,       2.199855108
          0,           0,        2008,      -1.686401712,      0.8354585347,       1.003053095,       3.963989142,       1.191159095,       2.211719381
          0,           0,        2009,      -1.591248136,       0.833318549,       1.108050621,       4.067894224,       1.187461131,       2.160117509
          0,           0,        2010,      -1.649448919,      0.8137887658,       1.038382382,       4.068510166,        1.18110798,       2.203063718
          0,           0,        2011,       -1.57666996,      0.8363867937,       1.122390185,       4.119831888,        1.17278008,       2.327714846
          0,           0,        2012,       -1.49784473,      0.9835851863,       1.216122988,       4.190436931,       1.172452847,       2.262620995
          0,           0,        2013,      -1.444604129,       1.241472759,       1.288105787,       4.232157431,       1.266303539,       2.422981902
          0,           0,        2014,       -1.41239777,       1.321985519,       1.417497684,       4.234696068,       1.290208732,       2.552003202
          0,           0,        2015,      -1.329050971,       1.491582809,       1.521928949,        4.31362487,       1.301310562,        2.81026533
          0,           0,        2016,      -1.379619955,       1.411470956,       1.410771683,       4.230627095,       1.179782383,       2.967560716
          0,           0,        2017,      -1.527859636,       1.186777464,       1.293358205,       4.086252619,       1.140424889,       2.862739496
          0,           0,        2018,      -1.601726465,       1.016657391,       1.191369304,       4.010299089,       1.136909161,       2.741352684
          0,           0,        2019,      -1.697422502,       0.933004603,       1.109214657,        3.97071044,       1.136253944,        2.67586926
          0,           0,        2020,      -1.752417088,       0.898007766,       1.061833086,       3.870923282,       1.136601363,       2.640560179
          0,           0,        2021,      -1.766911078,      0.8797720618,        1.04231049,       3.866497592,       1.137481382,       2.617018451
          0,           0,        2022,      -1.792232882,      0.8612385193,       1.016797477,        3.84634368,       1.138301147,       2.595192706
          0,           0,        2023,      -1.814105935,      0.8445953167,      0.9931060496,       3.843516926,       1.139051199,       2.574900408
          0,           0,        2024,      -1.837104132,      0.8288967348,      0.9683189184,       3.799010109,       1.139661699,       2.555984558
          0,           0,        2025,      -1.861513907,      0.8140481432,      0.9419791179,       3.783878568,       1.140611391,       2.539778487
          0,           0,        2026,      -1.889618214,      0.7973645327,       0.910328288,       3.862990273,       1.141589017,       2.522689346
          0,           0,        2027,      -1.913528589,      0.7785184814,       0.878079857,       3.756831921,       1.142341963,        2.50575088
          0,           0,        2028,      -1.934641636,      0.7578885831,      0.8546777399,       3.734547502,       1.143063756,       2.490748597
          0,           0,        2029,      -1.932746089,      0.7380516755,      0.8599606523,       3.841286579,        1.14345161,       2.480285288
          0,           0,        2030,      -1.921211587,      0.7218165188,      0.8518216868,       3.756217126,       1.143046325,       2.486131537
          0,           0,        2031,      -1.892439404,       0.707656375,       0.862624685,       3.748926214,       1.142320157,       2.503826465
          0,           0,        2032,      -1.703693603,      0.7436255967,        1.02532485,       3.972882996,       1.140843563,       2.532655875
          0,           0,        2033,      -1.710043878,      0.7244738777,       1.000976015,       3.937133861,       1.137798801,       2.533530013
          0,           0,        2034,      -1.738254633,      0.6992463118,      0.9713619508,       3.869867672,       1.136694736,       2.508313986
          0,           0,        2035,      -1.880437017,      0.6580100976,      0.8126051399,       3.739047342,       1.136204893,       2.504370742
          0,           0,        2036,      -1.892494577,      0.6514375384,      0.7947658101,       3.725684571,       1.135895721,       2.507058176
          0,           0,        2037,      -1.914573555,      0.6431221876,      0.7633682817,       3.696411394,       1.135519987,       2.507402132
          0,           0,        2038,      -1.926700392,      0.6380099001,      0.7439943507,       3.655541657,       1.135235698,       2.508906036
          0,           0,        2039,      -1.937557104,      0.6333969476,      0.7252959907,       3.639302186,        1.13496745,       2.513927829
          0,           0,        2040,      -1.947273431,      0.6292762751,      0.7073616379,       3.781302679,       1.134711316,       2.523068094
          0,           0,        2041,      -1.996126296,      0.6180545776,      0.6363425939,       3.618612566,       1.134228689,       2.528882477
          0,           0,        2042,      -2.029659271,      0.6124749627,      0.5838858941,       3.573085347,       1.133993131,       2.538772231
          0,           0,        2043,       -2.03816478,      0.6100505579,      0.5649664976,       3.570425684,       1.133730525,       2.551845971
          0,           0,        2044,      -2.036729462,      0.6077897519,      0.5585586033,       3.764608154,        1.13341301,       2.568389773
          0,           0,        2045,      -2.028001236,      0.6060836791,      0.5629822174,       3.589468723,       1.132714551,       2.573812756
          0,           0,        2046,      -2.013357413,      0.6070862165,      0.5802685215,       3.578215377,       1.132534735,       2.576052246
          0,           0,        2047,      -1.987245093,      0.6112381241,      0.6162251321,       3.573482381,       1.132374379,       2.577965009
          0,           0,        2048,      -1.968530423,      0.6140254199,      0.6397599908,       3.590299734,       1.132232133,       2.579587609
          0,           0,        2049,      -1.953217636,      0.6157998433,      0.6578984848,       3.600490125,       1.132123469,        2.58325833
          0,           0,        2050,      -1.945606399,      0.6153364499,      0.6639268044,       3.617868007,       1.131915934,       2.588579274
          0,           0,        2051,      -1.949385327,      0.6125573542,      0.6509018768,        3.75358173,       1.131778693,       2.594990745
          0,           0,        2052,      -1.967782222,      0.6057075994,      0.6113288703,       3.610561756,       1.131227022,       2.590896541
          0,           0,        2053,      -1.984193635,      0.6008883923,      0.5766873006,       3.590211424,       1.131150403,       2.588239957
          0,           0,        2054,      -2.001332065,      0.5964006388,      0.5390564355,       3.572414647,       1.131090906,       2.585568286
          0,           0,        2055,      -2.016373576,      0.5925247203,      0.5048166017,        3.56313588,       1.131047449,       2.583073835
          0,           0,        2056,      -2.027165664,      0.5900409016,       0.480143577,       3.567528158,       1.131015218,       2.580677159
          0,           0,        2057,      -2.033774871,      0.5882047271,      0.4662347582,       3.562889875,       1.130947876,       2.580712232
          0,           0,        2058,      -2.038381037,      0.5868960295,      0.4571872336,       3.686181014,       1.130895038,       2.576815115
          0,           0,        2059,      -2.041501202,      0.5854930371,      0.4508584241,       3.559217025,       1.130755446,        2.57515065
          0,           0,        2060,      -2.044357883,      0.5844008362,      0.4443632215,        3.54439846,       1.130762198,       2.573685016
          0,           0,        2061,      -2.046978669,      0.5832072581,      0.4378101761,       3.630506167,       1.130774792,       2.571425592
          0,           0,        2062,      -2.049591426,      0.5821879263,      0.4316143477,       3.557831956,       1.130688793,       2.569822576
          0,           0,        2063,      -2.051751931,      0.5810466012,      0.4259931224,       3.536848882,       1.130721033,       2.568247457
          0,           0,        2064,      -2.053824383,      0.5801704951,      0.4206497205,       3.744804876,       1.130756499,       2.566556715
          0,           0,        2065,      -2.056095527,      0.5791938364,      0.4154867269,       3.539927459,       1.130632873,       2.564334186
          0,           0,        2066,      -2.058497679,      0.5775525065,      0.4084205882,       3.527366111,       1.130724822,       2.559814879
          0,           0,        2067,      -2.061217671,      0.5761170422,      0.4004510326,       3.552528248,       1.130840774,       2.557336271
          0,           0,        2068,      -2.064313741,      0.5753064328,      0.3954790048,       3.538687414,       1.130853125,        2.56107453
          0,           0,        2069,       -2.06611507,      0.5763471771,      0.3979606547,       3.634183408,       1.131029705,       2.568017007
          0,           0,        2070,      -2.055710831,      0.6021140995,      0.4573344658,       3.604916847,        1.13096471,       2.577722175
          0,           0,        2071,      -2.077856813,      0.5679741895,      0.3786321031,       3.564247101,       1.131291969,        2.60801545
          0,           0,        2072,      -2.073490073,      0.5861541618,      0.4215836168,       3.825383462,       1.131522791,       2.614941455
          0,           0,        2073,       -1.78178683,      0.9676119537,       0.976501587,       3.889293694,       1.130873495,       2.627186162
          0,           0,        2074,      -1.855875469,      0.8197618362,       0.865586078,         3.8520554,       1.130501852,       2.662866425
          0,           0,        2075,      -1.906982546,      0.6478663557,      0.7440371488,       3.781710192,       1.130573519,       2.627774017
          0,           0,        2076,      -1.736174615,      0.6891031918,      0.9564477114,        3.87920911,       1.130167672,       2.606988856
          0,           0,        2077,      -1.755746352,      0.6615938687,      0.9246170094,       3.850581428,       1.130090768,       2.601806694
          0,           0,        2078,       -1.78943981,      0.6318038302,      0.8829566064,       3.937153036,        1.12982945,       2.602732973
          0,           0,        2079,      -1.868770943,      0.6100331185,      0.7905101459,       3.819258263,       1.129261401,       2.569689217
          0,           0,        2080,      -1.980207066,      0.5649681146,      0.6315200796,       3.634233902,       1.129250338,       2.547174763
          0,           0,        2081,      -1.993954304,       0.559326459,      0.5951775036,        3.60226024,       1.129242099,       2.534857379
          0,           0,        2082,      -1.988994777,      0.5605083016,      0.5980664751,        3.57051819,       1.129228135,        2.52305721
          0,           0,        2083,      -1.986762452,      0.5612129216,      0.5986545226,       3.775140832,       1.129186468,       2.512921366
          0,           0,        2084,      -1.971804142,      0.5586851512,      0.6190630803,       3.608205699,       1.128778145,       2.505818342
          0,           0,        2085,      -1.983269427,      0.5493353165,       0.594917731,        3.59831452,       1.128643373,       2.503857154
          0,           0,        2086,       -1.98520709,      0.5448171996,      0.5808658175,       3.788919579,       1.128385579,       2.508994311
          0,           0,        2087,      -1.945391752,      0.5560021367,      0.6397310309,       3.694464618,       1.127409279,       2.521895777
          0,           0,        2088,      -1.811793946,      0.6152660271,      0.8586447073,       3.780389875,       1.126714922,       2.541419435
          0,           0,        2089,      -1.577470833,      0.8086711691,       1.134315478,       4.057767179,       1.125612087,       2.565736427
          0,           0,        2090,      -1.567021394,       1.021101028,       1.172184307,       4.072166218,       1.123920643,       2.560037491
          0,           0,        2091,      -1.717093452,      0.7064354925,      0.9787599536,       3.924421974,       1.123522444,       2.524967879
          0,           0,        2092,      -1.880494605,      0.5910652305,      0.7702315264,       3.771564241,       1.123358936,       2.489966798
          0,           0,        2093,      -1.931666207,      0.5684844619,      0.6902141765,       3.713233561,       1.123190629,       2.468900315
          0,           0,        2094,      -1.950179708,      0.5589560049,       0.661477632,       3.674747285,       1.122965845,       2.451284919
          0,           0,        2095,      -1.970974982,      0.5536084832,      0.6261275885,       3.671560357,       1.122671464,       2.437880232
          0,           0,        2096,       -1.91414698,      0.5598780345,      0.7194199845,       3.730371593,       1.122287456,       2.420206841
          0,           0,        2097,      -1.945718706,      0.5483535441,      0.6916366227,       3.804794093,       1.121791641,       2.403684851
          0,           0,        2098,      -1.948505392,      0.5401287071,      0.6996312284,       3.677003717,       1.120819771,       2.390564604
          0,           0,        2099,      -1.986793643,      0.5226910038,      0.6554737046,        3.62042541,        1.11990192,         2.3835577
          0,           0,        2100,       -1.98038054,      0.5145012454,      0.6510671376,       3.816013983,       1.118738172,        2.38645698
          0,           0,        2101,      -1.828448913,      0.5572767856,      0.8488083809,       3.797339633,       1.116666734,       2.425843866
          0,           0,        2102,       -1.67189968,      0.6534090975,       1.027589871,       3.962216947,        1.11447022,       2.444311853
          0,           0,        2103,      -1.818400468,      0.5341744421,      0.8544704034,       3.973219328,       1.111666127,       2.434254338
          0,           0,        2104,      -1.727021534,      0.9119042448,       1.004523463,       4.024190091,       1.107378206,       2.467331914
          0,           0,        2105,      -1.597927266,       1.029181678,       1.154825513,       4.067151058,       1.103865787,       2.490690078
          0,           0,        2106,      -1.534202641,      0.8668907918,       1.176564217,        4.14396377,       1.102086729,       2.481807728
          0,           0,        2107,      -1.606203122,       0.783944782,       1.105761754,       4.024031863,       1.100577296,       2.322349949
          0,           0,        2108,      -1.624075025,      0.7456218954,       1.077277048,       3.989322225,       1.100343355,       2.291967609
          0,           0,        2109,      -1.685929661,      0.7152894781,       1.017317611,       3.938664731,       1.100276062,       2.275338997
          0,           0,        2110,      -1.687439422,      0.7367259853,       1.015388237,       3.920545878,       1.100147875,       2.260242771
          0,           0,        2111,      -1.812847389,      0.6614946284,      0.8711474014,       3.834090637,        1.10000448,       2.245729393
          0,           0,        2112,      -1.949555281,      0.5907159441,      0.6810061863,       3.748412486,       1.099781929,       2.233592413
          0,           0,        2113,      -1.947961227,      0.5800233468,      0.6880560055,       3.768054048,       1.099469701,       2.221065119
          0,           0,        2114,      -1.979083117,      0.5598621002,      0.6490024737,       3.729170495,         1.0988683,        2.20962275
          0,           0,        2115,      -1.949366236,        0.55403474,      0.6984888986,       3.724288133,       1.098256483,       2.199923659
          0,           0,        2116,      -1.812488181,      0.5853823392,      0.8720773126,       3.885660778,       1.097428559,       2.197469565
          0,           0,        2117,      -1.880686549,      0.5677794489,      0.7856592088,       3.800729199,       1.095915311,       2.209655884
          0,           0,        2118,      -1.863866706,      0.5661504014,      0.8026676068,       3.786217864,       1.094467995,       2.206390351
          0,           0,        2119,      -1.698285285,      0.6461969972,      0.9941323115,       3.955512422,       1.092707792,       2.233884818
          0,           0,        2120,      -1.657754037,      0.6805404263,       1.037688289,       3.966670685,       1.089938924,       2.252631084
          0,           0,        2121,       -1.66658629,      0.6833584146,       1.026435236,        3.99391371,       1.088864781,       2.277136698
          0,           0,        2122,      -1.797742493,      0.5481648583,      0.8623157754,       3.863769106,       1.088519291,       2.220378895
          0,           0,        2123,      -1.880319033,      0.4941912876,      0.7784868617,       3.851830401,       1.087988198,       2.200319295
          0,           0,        2124,      -1.919693299,      0.4929628126,      0.7392742846,        3.73011591,       1.087043403,       2.192117189
          0,           0,        2125,      -1.918741261,      0.4800470199,      0.7502058438,       3.742102782,        1.08634151,       2.186077133
          0,           0,        2126,      -1.970394933,      0.4616959393,      0.7106603422,       3.810910134,       1.085597012,       2.195822163
          0,           0,        2127,      -1.913957537,      0.4845331378,      0.7542994265,       3.763814516,       1.084285196,       2.205052356
          0,           0,        2128,      -1.676507443,      0.6490833182,        1.02405151,       3.928074271,       1.083501268,       2.197282868
          0,           0,        2129,      -1.698908277,      0.6599737393,       1.007445971,       3.981635622,       1.083269569,        2.23053699
          0,           0,        2130,      -1.703730531,      0.5947040599,      0.9951994391,       3.907306831,       1.082744177,       2.197942829
          0,           0,        2131,      -1.759406895,      0.5343630418,       0.933366944,       3.839694776,       1.082725793,       2.173533149
          0,           0,        2132,      -1.840223703,      0.4905112588,      0.8553650647,       3.750420221,        1.08270476,       2.157511975
          0,           0,        2133,      -1.936085616,      0.4461842408,      0.7566855562,       3.644561973,       1.082683956,       2.143951511
          0,           0,        2134,      -2.053129862,      0.4013780829,      0.6239036679,       3.570023795,       1.082676329,       2.130346935
          0,           0,        2135,      -1.945098986,      0.5139499228,      0.7488267438,       3.652333062,       1.082693778,        2.11706259
          0,           0,        2136,       -1.95115108,      0.4516296126,      0.7275173864,       3.817775735,       1.082735846,       2.115940255
          0,           0,        2137,      -2.056835498,      0.3829587769,      0.6191715219,        3.62518417,       1.082447778,       2.112294321
          0,           0,        2138,      -1.967033219,      0.4230926675,      0.7333604942,       3.656424364,       1.082567016,       2.116125008
          0,           0,        2139,       -1.78328033,      0.5353436534,      0.9152582144,       3.907072225,       1.082758987,       2.117022898
          0,           0,        2140,      -1.689559221,      0.6668800282,       1.018899155,       3.941924215,       1.082230609,       2.112246057
          0,           0,        2141,      -1.690012342,      0.8095087605,       1.035083452,       3.952670273,       1.082244923,       2.075435298
          0,           0,        2142,      -1.749711483,      0.5636893382,      0.9447007092,       3.853158834,       1.082295574,       2.049609906
          0,           0,        2143,      -1.897367873,       0.432078917,      0.7892171298,       3.644719421,       1.082354392,       2.034283414
          0,           0,        2144,      -2.066889935,      0.3615669352,      0.6156694116,       3.529615688,       1.082417809,       2.022568591
          0,           0,        2145,      -2.066690018,      0.3609981095,      0.6211697407,       3.559501891,       1.082502404,       2.013009028
          0,           0,        2146,      -2.062235747,      0.3601159421,      0.6296602704,       3.543500214,       1.082613128,       2.001765976
          0,           0,        2147,      -2.097895975,      0.3357915286,      0.5873071673,       3.691268435,       1.082754919,       1.996611533
          0,           0,        2148,      -2.109172618,      0.3169879646,      0.5723765738,       3.560403675,       1.082697952,       1.990372167
          0,           0,        2149,      -2.066314353,      0.3330764262,      0.6252416634,       3.568228348,         1.0829064,        1.98272906
          0,           0,        2150,      -1.974349997,      0.6259764513,      0.7601266281,       3.805584496,       1.083161883,       1.991233312
          0,           0,        2151,      -1.742252197,      0.9839112818,       1.039648132,       3.856028545,       1.082758498,       1.968269951
          0,           0,        2152,      -1.864319631,      0.5236029472,      0.8281550647,       3.764799453,       1.082782622,       1.956507448
          0,           0,        2153,      -1.831634747,      0.4894578254,       0.854485877,       3.755453001,       1.082843539,       1.943930794
          0,           0,        2154,      -1.877439854,      0.4448696252,      0.7999096441,       3.730908642,       1.082907652,       1.935700206
          0,           0,        2155,      -2.005276857,      0.3767729614,      0.6561618712,       3.621267563,       1.082975111,       1.927544707
          0,           0,        2156,      -2.114529855,      0.3372305633,       0.537144961,       3.541550286,       1.083065406,       1.920003231
          0,           0,        2157,       -2.16104738,       0.320289542,      0.4712787146,       3.510293057,       1.083182214,       1.913709081
          0,           0,        2158,      -2.197241124,      0.3053181437,      0.4061623034,       3.724638565,       1.083329402,        1.91464779
          0,           0,        2159,      -2.198427948,      0.2953882538,      0.3864154695,       3.497461081,       1.083246534,         1.9110227
          0,           0,        2160,      -2.178650396,      0.2951275166,      0.4000720504,       3.468103978,       1.083452948,       1.903950365
          0,           0,        2161,      -2.046300284,      0.3240224258,      0.5992564126,       3.759970576,       1.083704074,       1.926747887
          0,           0,        2162,      -2.039075682,      0.3238947883,      0.6007883918,       3.656739863,       1.083576745,       1.912872545
          0,           0,        2163,      -1.682300296,      0.5961675306,       1.016665853,       3.924184999,       1.083857114,       1.964144753
          0,           0,        2164,      -1.635703939,      0.8927359036,       1.089651596,       4.020129041,       1.083888387,       1.938028531
          0,           0,        2165,      -1.667277943,      0.9933585546,       1.094603478,       3.959729187,       1.083553054,       1.890420151
          0,           0,        2166,      -1.911705152,      0.4779664926,      0.7710197481,       3.701854259,        1.08360277,       1.851592216
          0,           0,        2167,      -1.958470121,      0.4137091306,      0.7110085556,       3.642128429,       1.083667896,        1.83465313
          0,           0,        2168,      -1.971619019,      0.3889169624,      0.6927802845,       3.616573179,        1.08373561,       1.831123493
          0,           0,        2169,      -1.980032654,      0.3760991179,      0.6820865264,       3.637574443,       1.083806056,       1.816003393
          0,           0,        2170,       -1.96398496,      0.3869292804,      0.7045815874,       3.637913735,       1.083898374,       1.802273722
          0,           0,        2171,      -1.938936732,      0.4077590765,      0.7383916828,       3.784717524,       1.084010972,       1.781932823
          0,           0,        2172,      -2.017196254,      0.3762078645,      0.6319490487,       3.619075114,       1.083863331,        1.76402732
          0,           0,        2173,      -2.002967506,      0.3669989971,      0.6520750581,       3.609432498,       1.083947868,       1.754472544
          0,           0,        2174,      -2.009709412,      0.3639660749,      0.6511653631,       3.588929564,       1.084057488,       1.740363336
          0,           0,        2175,        -2.0339406,      0.3508072822,      0.6273617095,        3.54557427,       1.084197127,       1.732632341
          0,           0,        2176,      -2.059199762,      0.3310188346,       0.599784098,       3.546558291,       1.084267865,       1.741242206
          0,           0,        2177,      -2.085499579,      0.3109503147,       0.568954219,       3.744863106,       1.084475728,       1.772970372
          0,           0,        2178,      -2.076488796,      0.3009410706,      0.5714752143,        3.62255721,       1.084342523,       1.873467028
          0,           0,        2179,      -2.136340961,      0.2730154226,      0.4600729681,       3.623032635,       1.084659959,       1.899575024
          0,           0,        2180,      -1.900595787,      0.3861175588,      0.7617266691,       3.906386441,       1.085129604,       1.935838455
          0,           0,        2181,      -1.678418461,      0.6313210145,       1.026690994,       3.995345335,       1.084658978,       2.041225657
          0,           0,        2182,      -1.711891758,      0.9814932631,       1.057745038,       3.893318612,        1.08469542,       1.988584618
          0,           0,        2183,      -2.020098236,       0.399837125,      0.6461263312,        3.67827542,       1.084772064,        1.95269689
          0,           0,        2184,      -2.080762693,      0.3390614059,      0.5640614447,       3.632061019,       1.084910476,       1.937897873
          0,           0,        2185,      -2.016358248,      0.3583307393,      0.6495561721,       3.651152409,       1.085077972,       1.927250547
          0,           0,        2186,      -1.858091274,      0.4598559765,      0.8355676441,       3.733545189,       1.085283004,       1.935367213
          0,           0,        2187,       -1.94637112,        0.43520769,      0.7498313662,       3.675305644,       1.085345909,       1.952209916
          0,           0,        2188,      -2.188974337,      0.2498390518,      0.4142346901,       3.659993776,       1.085484262,       1.940286316
          0,           0,        2189,      -2.229556864,      0.2350927416,       0.345425313,       3.439188601,       1.085522111,       1.932188395
          0,           0,        2190,      -2.261627673,      0.2190967194,       0.265477342,       3.459341519,       1.085730633,       1.927250901
          0,           0,        2191,      -2.268912033,       0.215958801,      0.2472355617,       3.686800614,       1.086003763,       1.918713396
          0,           0,        2192,      -2.205787003,      0.2266320101,      0.3773474797,       3.485980463,       1.086107787,       1.941343189
          0,           0,        2193,      -1.993028465,       0.344778517,      0.6819059741,        3.67938149,        1.08656067,       1.965697835
          0,           0,        2194,      -1.795329926,      0.4888607148,      0.9069024601,       3.889330592,       1.087212064,       1.992120054
          0,           0,        2195,      -1.687321332,      0.5648326145,       1.020451681,       3.930373165,       1.086925063,       2.050724967
          0,           0,        2196,      -1.786364725,      0.4769727857,      0.9143698236,       3.833547517,       1.086964506,       1.998517753
          0,           0,        2197,      -1.656228478,      0.5982898526,       1.051734752,       3.901203604,       1.087082243,       1.970316813
          0,           0,        2198,      -1.778172108,      0.5560068752,      0.9339548229,       3.819153447,       1.087220741,       1.955177886
          0,           0,        2199,      -2.125072199,      0.2433951481,      0.5081897279,       3.504986831,       1.087364837,       1.945185696
          0,           0,        2200,      -2.144375361,      0.2402122087,      0.4695449702,       3.486480896,       1.087569795,       1.943145355
          0,           0,        2201,      -2.118130308,      0.2471607885,      0.5017642376,       3.479554183,         1.0878376,       1.944756366
          0,           0,        2202,      -2.109622476,      0.2874401035,      0.5232765066,       3.490243104,       1.088192996,       1.957989047
          0,           0,        2203,      -2.062712284,       0.506223615,      0.6320507877,       3.536147565,       1.088566377,       1.968860595
          0,           0,        2204,      -2.180997626,      0.2461223193,      0.4337819042,       3.721600721,        1.08918867,       1.965946841
          0,           0,        2205,      -2.109138691,      0.2487707565,      0.5326632763,       3.646340218,        1.08971009,       2.021359201
          0,           0,        2206,      -1.763652494,      0.6060408147,      0.9453872353,       3.837426248,       1.090724842,       2.045123531
          0,           0,        2207,      -1.641223831,      0.9839490547,       1.116506745,       3.984357708,       1.092127036,       2.058053716
          0,           0,        2208,      -1.723819386,        0.74882224,       1.003487115,       3.890804528,       1.092015412,       2.070509473
          0,           0,        2209,      -1.924658758,      0.5269514469,      0.7599408336,        3.80695719,       1.092113936,       2.029636646
          0,           0,        2210,      -1.900522227,       0.510085834,      0.7807624814,       3.731234217,       1.092571336,       2.005346084
          0,           0,        2211,      -1.999230407,      0.4604450686,      0.6856808236,       3.623448384,       1.093156836,       1.995260468
          0,           0,        2212,      -2.033005249,      0.4242807697,      0.6491445059,       3.597320507,       1.093915642,       1.992984828
          0,           0,        2213,       -2.09437666,      0.3795174243,      0.5822686225,       3.719077613,       1.094924742,       2.007039295
          0,           0,        2214,      -1.943884777,      0.4449551438,      0.7485467567,       3.638448083,       1.095968496,       2.011954088
          0,           0,        2215,      -1.593591767,      0.6926723117,       1.119163242,       4.006266317,       1.096198132,       2.034508973
          0,           0,        2216,      -1.772458443,      0.4562739037,      0.9233468479,       3.825835356,       1.096352762,       1.994084204
          0,           0,        2217,      -1.667819411,      0.5357629746,       1.034061296,       3.872089002,        1.09661629,       1.997754447
          0,           0,        2218,      -1.942712943,      0.3475788698,      0.7509727973,       3.635450368,       1.096863475,       1.993986147
          0,           0,        2219,      -2.152669146,      0.2685577474,      0.5074618453,       3.651452925,       1.097254674,       1.990049594
          0,           0,        2220,      -2.167123449,      0.2636575423,      0.4717610985,       3.443635839,       1.097637382,       1.980669751
          0,           0,        2221,      -2.163245195,      0.2521185579,       0.482885356,       3.441135639,       1.098254847,       1.988742875
          0,           0,        2222,      -2.251045858,      0.2157353374,      0.3807305195,       3.691238828,       1.099038931,       1.995869105
          0,           0,        2223,      -2.218086779,      0.2248928669,      0.4415007548,       3.503634865,       1.099811643,       1.996170298
          0,           0,        2224,      -1.928564582,      0.3478804691,      0.7667215345,       3.690542341,       1.101057261,       1.997268593
          0,           0,        2225,      -1.991587484,      0.3152830419,      0.6823073965,       3.791860418,       1.101337625,       2.023585157
          0,           0,        2226,      -2.089692194,      0.2644736822,      0.5743231271,       3.594259044,       1.101323095,       2.008223023
          0,           0,        2227,      -2.162477799,      0.2176993236,      0.4817158893,       3.494735295,       1.101751191,       1.998531231
          0,           0,        2228,      -2.146053489,       0.230036752,      0.5164592305,        3.49691973,       1.102294112,       1.980212211
          0,           0,        2229,      -2.162209955,      0.2214006356,      0.4774830859,       3.475577655,       1.102983486,       1.966855493
          0,           0,        2230,      -2.167108677,      0.2067620268,      0.4775413151,       3.734049113,       1.103840144,       1.971862063
          0,           0,        2231,      -2.072361188,      0.4942555786,      0.6348649224,       3.594908785,       1.104661435,       1.973739304
          0,           0,        2232,      -1.711458226,      0.9787977177,       1.061793586,       3.865015768,       1.105992047,       1.981507506
          0,           0,        2233,      -1.897091461,      0.5763451747,       0.834221201,       3.802128655,       1.106264498,       1.941136824
          0,           0,        2234,      -1.850931653,      0.4641403827,      0.8534868208,       3.779464058,       1.106253896,       1.926464758
          0,           0,        2235,      -2.157670991,      0.3315049338,       0.489488896,       3.537322712,       1.106579581,       1.918125568
          0,           0,        2236,      -2.174919646,      0.3173793592,      0.4630510638,       3.483969511,       1.107034423,       1.913020246
          0,           0,        2237,       -2.18121784,      0.3016511385,      0.4590991069,        3.44842822,       1.107607723,        1.90488366
          0,           0,        2238,      -2.177871196,      0.2932085306,      0.4677199133,       3.662437527,         1.1083186,       1.895822048
          0,           0,        2239,      -2.209541097,      0.2682633505,       0.428849829,       3.425326082,       1.109013605,        1.91530596
          0,           0,        2240,      -2.230685829,      0.2367038776,       0.407961211,       3.501058165,       1.110112684,       1.922194986
          0,           0,        2241,      -2.143154451,      0.2460749531,      0.5159587274,       3.745303448,       1.111453254,       1.948196526
          0,           0,        2242,      -1.797901806,      0.4129560914,      0.8953373931,       3.819134288,        1.11277621,       1.929133639
          0,           0,        2243,      -1.991699521,      0.2966872379,      0.6843057537,       3.718757361,       1.112978947,       1.945123477
          0,           0,        2244,      -1.991459045,      0.2989570403,      0.6739675422,        3.72504243,       1.113118703,       1.919401949
          0,           0,        2245,      -2.057046957,      0.2665327679,      0.6032518036,       3.675522695,       1.113406615,       1.912230897
          0,           0,        2246,      -2.091433678,       0.244973174,      0.5660181307,       3.733990089,       1.113731394,       1.910384843
          0,           0,        2247,      -2.130224275,      0.2270994949,      0.5224087566,       3.491299862,       1.113945141,       1.909998538
          0,           0,        2248,      -2.166953639,      0.2030755632,      0.4749850476,       3.443614405,       1.114265882,       1.906496768
          0,           0,        2249,      -2.189626111,      0.1912905009,      0.4444340925,       3.405450155,       1.114588824,       1.900019589
          0,           0,        2250,      -2.205283237,       0.186423197,      0.4218796293,       3.635901992,       1.115038981,       1.897186846
          0,           0,        2251,      -2.212290972,      0.1811539039,      0.4095239534,       3.409018461,       1.115477554,       1.886831426
          0,           0,        2252,      -2.188089102,      0.1853013559,       0.438317769,       3.450636419,       1.116171574,       1.887311391
          0,           0,        2253,      -2.141595491,      0.1931321142,      0.4857199822,       3.689770442,       1.117024372,       1.874185961
          0,           0,        2254,      -2.017696783,      0.2985555397,       0.651281628,       3.622470797,       1.117854641,        1.86586852
          0,           0,        2255,      -2.137744317,      0.1772581852,       0.500719773,       3.529763232,       1.119140193,       1.908836411
          0,           0,        2256,      -2.146233478,      0.1884745305,      0.4675515853,       3.795328994,       1.120695669,       1.929792866
          0,           0,        2257,      -1.961126653,      0.4733059843,      0.7282572259,       3.802747437,       1.120460635,       1.960920914
          0,           0,        2258,      -1.945659723,      0.2920930382,        0.73312388,       3.706806769,       1.120508502,       1.911489802
          0,           0,        2259,      -2.109683176,      0.1920045331,      0.5402708924,       3.585204053,       1.120749616,       1.867580639
          0,           0,        2260,      -2.143288633,      0.1769366264,      0.4945718379,       3.546018554,       1.121035218,       1.846257171
          0,           0,        2261,      -2.169385607,      0.1682696685,      0.4577862839,       3.519965141,       1.121320142,       1.834988662
          0,           0,        2262,      -2.283715687,      0.1833152983,      0.2779276409,       3.425952327,       1.121728941,       1.841682326
          0,           0,        2263,      -2.229967627,      0.1635801317,      0.3593708313,        3.44206915,       1.122234418,       1.843822952
          0,           0,        2264,      -2.278414678,      0.1436924237,      0.2867974828,       3.399539029,       1.122859053,       1.846623774
          0,           0,        2265,      -2.253653329,      0.4251593408,      0.4251108245,       3.717854374,       1.123626487,       1.856433885
          0,           0,        2266,       -1.79281003,       0.971885606,       1.003150617,       3.794639941,       1.124343195,       1.848619989
          0,           0,        2267,      -2.203994691,      0.4808891771,      0.5312711717,       3.671498456,       1.124372579,       1.859399589
          0,           0,        2268,      -2.332355401,      0.2926764253,      0.2587863102,       3.430161962,       1.124515637,       1.810784371
          0,           0,        2269,      -2.355013296,      0.2667490591,      0.2089669938,       3.365084133,       1.124897363,       1.800778091
          0,           0,        2270,      -2.365426203,      0.2477801186,      0.1843060792,       3.693758244,       1.125369084,       1.795678928
          0,           0,        2271,      -2.375066002,      0.2305144932,      0.1655168281,       3.374920362,       1.125801055,         1.7638842
          0,           0,        2272,       -2.38897461,      0.2119031615,      0.1446072849,       3.363608802,       1.126500538,       1.778410198
          0,           0,        2273,       -2.39691244,      0.1902614679,      0.1344641815,        3.42453319,       1.127355723,       1.784748965
          0,           0,        2274,      -2.399268778,      0.1729476646,      0.1352858074,       3.349774969,       1.128237354,       1.805052338
          0,           0,        2275,      -2.387684877,      0.1488711217,      0.1945569689,          3.396863,        1.12946019,       1.781591893
          0,           0,        2276,      -2.202197401,      0.1895507557,      0.4470820425,       3.511529951,       1.130778202,       1.874677113
          0,           0,        2277,      -1.952117702,      0.3172391785,      0.7397794403,       3.853247434,       1.130635819,       1.930978166
          0,           0,        2278,      -1.946199178,      0.2988229828,      0.7490488485,       3.723511348,       1.130270948,       1.890119214
          0,           0,        2279,       -2.15084974,      0.2140065694,      0.5318833043,       3.549904544,       1.130349249,       1.850442723
          0,           0,        2280,      -2.103287148,      0.2299311236,      0.5829187019,       3.553691807,       1.130544629,       1.832331773
          0,           0,        2281,      -2.089536752,      0.2296006807,      0.5982185198,        3.52548024,       1.130844584,       1.821314113
          0,           0,        2282,      -2.246860993,      0.1442108865,      0.4009435092,       3.614205175,       1.131216182,       1.811788121
          0,           0,        2283,      -2.150158613,      0.1785263917,      0.5040983359,       3.724734912,       1.131663285,        1.79167229
          0,           0,        2284,      -2.111676934,      0.4685318334,      0.6013901434,       3.542685543,       1.132016007,        1.79276052
          0,           0,        2285,       -1.77704507,      0.9742708103,       1.016803515,       3.801929886,       1.131932464,       1.763509909
          0,           0,        2286,      -2.228841128,      0.2664786484,      0.4505161747,       3.461434403,       1.132056054,       1.722708204
          0,           0,        2287,      -2.370631984,      0.1753144781,      0.2537302763,       3.335528024,       1.132330058,       1.714371617
          0,           0,        2288,      -2.371722146,      0.1474035175,      0.2245169055,       3.669250816,       1.132661423,       1.718283965
          0,           0,        2289,      -2.326419698,      0.1424434052,      0.3001455585,       3.405981172,       1.132914755,       1.721371995
          0,           0,        2290,      -2.466999134,       0.118825029,      0.0682589774,        3.40602646,       1.132845488,       1.726039547
          0,           0,        2291,      -2.464181393,      0.1161828875,     0.07728215115,       3.302335042,       1.133098526,       1.701265192
          0,           0,        2292,      -2.463705531,      0.1104868926,     0.08161597045,       3.297497052,       1.133407212,       1.710445471
          0,           0,        2293,      -2.497224889,      0.1005166777,  -0.0003520492536,        3.32759759,       1.133708438,       1.712290836
          0,           0,        2294,       -2.48440201,     0.09482170315,     0.01447628168,       3.560156224,       1.134145331,       1.721476312
          0,           0,        2295,      -2.471528237,     0.08951595727,     0.04723675194,       3.391936102,       1.134485228,       1.771002683
          0,           0,        2296,      -2.165007187,      0.5737141467,       0.594934063,       3.656512929,        1.13508008,       1.788599085
          0,           0,        2297,      -1.789263025,      0.9737952258,       1.010188607,       3.896060297,       1.135731123,         1.8829685
          0,           0,        2298,      -2.074709837,      0.5675775475,       0.680440863,       3.703689063,       1.135003852,       1.884462363
          0,           0,        2299,      -2.246639892,         0.3812245,      0.4158799789,       3.566540544,       1.135357534,       1.887925129
          0,           0,        2300,      -2.015678657,      0.3750581943,      0.6723897143,       3.648627988,       1.135088534,       1.866574725
          0,           0,        2301,      -2.286292027,      0.3107253679,      0.3689662924,        3.40558727,       1.135046729,       1.843010905
          0,           0,        2302,      -2.380887908,      0.2905556257,      0.2504301671,       3.318971903,       1.135122953,       1.833599087
          0,           0,        2303,      -2.393549332,       0.277140545,      0.2359566894,       3.303903814,       1.135273224,       1.829833032
          0,           0,        2304,      -2.393140976,      0.2618499673,      0.2377911799,       3.424130424,       1.135454393,       1.822861353
          0,           0,        2305,      -2.425265662,      0.2412849664,       0.189266788,       3.311739693,       1.135590111,        1.83197518
          0,           0,        2306,      -2.429828246,      0.2206996859,      0.1747723052,       3.301253457,       1.135832316,       1.852550531
          0,           0,        2307,      -2.412577807,      0.2003609081,      0.1987316326,       3.699064425,        1.13610657,       1.847808541
          0,           0,        2308,      -2.361217884,      0.1850664695,      0.2748352217,       3.488000864,       1.136161426,       1.905309284
          0,           0,        2309,      -2.261737458,      0.1776918615,      0.3789566462,       3.502791318,       1.136389558,       1.912715051
          0,           0,        2310,      -2.203901329,      0.1626902389,      0.4613218997,       3.748466139,        1.13658811,       1.924302733
          0,           0,        2311,      -2.093213221,      0.2240231511,      0.5850206541,       3.712988459,       1.136375881,       1.959576167
          0,           0,        2312,      -1.735458354,      0.4394900848,      0.9588900538,       3.973989613,       1.135105653,       2.031470646
          0,           0,        2313,      -1.928831878,      0.3497406711,      0.7653346541,       3.761984797,       1.134543018,       1.886941338
          0,           0,        2314,      -2.073452105,      0.2243222809,      0.5895659562,       3.696878942,       1.134296648,       1.799177352
          0,           0,        2315,      -2.106244067,      0.1930187136,      0.5573483714,       3.602091956,       1.134253629,       1.778967473
          0,           0,        2316,      -2.031305977,      0.2231149009,      0.6537324281,       3.628765625,       1.134249211,       1.773609622
          0,           0,        2317,      -2.057406684,      0.4890043829,      0.6607232428,       3.772676996,        1.13423519,       1.802361055
          0,           0,        2318,      -1.766759308,      0.9749739929,       1.024398868,       3.814175387,       1.134059297,       1.808172457
          0,           0,        2319,      -2.153628862,      0.3990511109,      0.5661379258,        3.57925639,       1.133670476,       1.808609744
          0,           0,        2320,      -2.268690565,      0.2399016326,      0.3944239494,       3.503351054,       1.133548273,       1.766221129
          0,           0,        2321,      -2.178277121,      0.2311432239,       0.472981307,       3.524870114,       1.133477603,       1.763974261
          0,           0,        2322,      -2.214975735,      0.2110850909,      0.4364751793,       3.629100559,       1.133405405,       1.760938788
          0,           0,        2323,      -2.308982221,      0.1849259475,        0.32310627,       3.430687579,       1.133270426,       1.745582906
          0,           0,        2324,      -2.428959201,      0.1630066214,      0.1487674517,       3.358377577,       1.133226795,        1.73722201
          0,           0,        2325,      -2.467238166,      0.1504663564,     0.09218253717,       3.384944045,       1.133164629,       1.727571714
          0,           0,        2326,      -2.463140864,      0.1392224025,     0.09927121248,       3.340527956,       1.133010828,        1.71575659
          0,           0,        2327,      -2.466065407,      0.1265335566,     0.07441105294,       3.304876636,       1.132872396,        1.71226676
          0,           0,        2328,      -2.376046346,      0.1243934808,      0.2275472336,       3.385566582,       1.132596528,       1.712057967
          0,           0,        2329,      -2.338675777,      0.1162676221,      0.2999700028,       3.720375673,       1.132280869,       1.739991521
          0,           0,        2330,      -2.337804248,      0.1263640472,      0.2724788098,       3.500792497,       1.131318506,       1.808753969
          0,           0,        2331,      -2.383179474,     0.08008544579,      0.2172337287,       3.438008403,       1.131076422,       1.735670003
          0,           0,        2332,      -2.495549798,     0.07084771583,      0.0146877177,       3.381201279,       1.130757998,       1.736258631
          0,           0,        2333,      -2.225520795,      0.1338731622,      0.4349953269,        3.49608554,        1.13033865,       1.769336527
          0,           0,        2334,      -2.026057398,      0.4255233367,       0.676233082,       3.817397269,       1.129762207,        1.83452636
          0,           0,        2335,      -1.758581627,      0.9749188556,       1.030175273,       3.892027523,         1.1285164,       1.860240192
          0,           0,        2336,      -2.041178873,      0.4266748474,      0.6650837024,       3.669599141,       1.127984536,        1.81070861
          0,           0,        2337,      -2.074209664,      0.3041655084,      0.6124389643,       3.600435988,       1.127753925,       1.776589321
          0,           0,        2338,      -2.198955596,      0.2299307518,      0.4753781188,       3.489175954,       1.127566068,       1.758911715
          0,           0,        2339,      -2.247653179,      0.2028235404,      0.4260232831,       3.468493363,       1.127378335,       1.745915626
          0,           0,        2340,       -2.29753523,      0.1801455063,       0.366414645,       3.413625741,       1.127190504,       1.713984354
          0,           0,        2341,      -2.376501695,      0.1587058573,      0.2615663012,       3.365937033,       1.127002417,       1.687125925
          0,           0,        2342,      -2.454220789,      0.1419723895,      0.1388001416,       3.340535213,       1.126826218,       1.678225009
          0,           0,        2343,      -2.465881042,      0.1308338949,      0.1030411188,       3.308167565,       1.126601871,       1.646508587
          0,           0,        2344,      -2.422347789,      0.1229214339,      0.1790909965,       3.387443982,       1.126272257,       1.631775917
          0,           0,        2345,      -2.519784358,     0.09911678876,     0.01653969414,       3.686691089,       1.125894183,       1.659613042
          0,           0,        2346,      -2.487612783,     0.08739596575,     0.07591990384,       3.419657863,       1.125252455,       1.690805363
          0,           0,        2347,       -2.39704456,     0.08475961633,      0.2260126719,       3.473179098,        1.12457604,         1.7449087
          0,           0,        2348,      -2.222138056,      0.1151579466,      0.4423332651,       3.586242698,       1.123693306,       1.731186385
          0,           0,        2349,      -2.011350344,      0.2126476571,      0.6770156918,       3.695566998,       1.122421082,       1.803661313
          0,           0,        2350,      -2.064515155,      0.1822334939,      0.6193769807,       3.743400453,       1.121849518,        1.76942823
          0,           0,        2351,      -2.260128546,      0.1316682626,       0.394317974,       3.434682064,       1.121485155,       1.700646065
          0,           0,        2352,      -2.299458023,     0.07231043083,      0.3448896378,       3.382868803,       1.121248407,       1.704319566
          0,           0,        2353,       -2.25915454,      0.1065235247,      0.4064106515,       3.407576965,       1.121013228,       1.703515257
          0,           0,        2354,      -2.354172131,     0.05140776278,      0.2857108616,       3.472834302,       1.120714162,       1.699037977
          0,           0,        2355,      -2.422202129,      0.1964425607,      0.2281567233,       3.367067006,       1.120257062,       1.712615746
          0,           0,        2356,      -2.219630636,      0.2907639607,      0.4711712717,       3.476381921,       1.119770424,       1.692146601
          0,           0,        2357,      -2.221931776,      0.1030701693,      0.4454183869,       3.739029321,       1.119132975,       1.678961719
          0,           0,        2358,      -2.350623548,     0.06210548086,      0.2776147469,       3.537106254,        1.11808393,       1.768711429
          0,           0,        2359,      -1.906003517,        0.72142792,      0.8403996513,       3.749072048,       1.116981584,       1.801891703
          0,           0,        2360,      -1.726937907,      0.9805665177,       1.055572374,        3.93845024,       1.115692543,       1.836960682
          0,           0,        2361,      -2.055679848,      0.4536348252,      0.6550823287,       3.658180404,       1.114917692,       1.709942176
          0,           0,        2362,      -2.141299145,      0.3382591828,      0.5495009025,       3.581764465,       1.114623523,       1.673886134
          0,           0,        2363,      -2.199813195,      0.2831482575,      0.4804789758,       3.514165902,         1.1142578,       1.669456988
          0,           0,        2364,      -2.241543487,      0.2046041686,      0.4249508196,       3.465279673,       1.113803787,       1.694778909
          0,           0,        2365,      -2.310984209,       0.184393309,       0.324303948,       3.673420241,       1.113226042,       1.715673109
          0,           0,        2366,      -2.039856128,      0.2632792181,      0.6483296164,       3.609785407,       1.112318887,       1.746981862
          0,           0,        2367,      -2.202719842,      0.1940050853,      0.4695676496,        3.50031243,       1.111367166,       1.773908839
          0,           0,        2368,      -2.196041355,      0.1649477333,      0.4798849326,       3.565494941,       1.110161266,        1.79250475
          0,           0,        2369,      -2.285157244,       0.124406875,      0.3760043802,       3.630150214,       1.108443055,       1.806009865
          0,           0,        2370,      -1.845686478,      0.3658805723,      0.8558323934,        3.85250764,       1.106394487,       1.838784108
          0,           0,        2371,       -1.76275992,      0.4058066417,      0.9359241356,       3.926067781,       1.103484274,       1.902425098
          0,           0,        2372,      -1.744578386,      0.8889861175,       1.006722321,       3.991603665,       1.100337508,       1.960946281
          0,           0,        2373,      -1.551860641,       1.022119731,       1.202031702,       4.111969299,       1.097562016,       2.107541065
          0,           0,        2374,      -1.548627262,      0.9277383464,       1.180430778,       4.109883013,        1.09578315,       2.224810083
          0,           0,        2375,      -1.575519139,      0.8524304776,       1.157713687,       4.076113728,       1.103248401,       2.231165317
          0,           0,        2376,      -1.457876158,       0.924830906,       1.278695195,        4.19356541,       1.121367122,       2.352720514
          0,           0,        2377,      -1.422788638,       1.093853591,       1.345278417,        4.21165252,       1.242376325,       2.558304122
          0,           0,        2378,      -1.372645508,       1.266798592,        1.46505046,       4.228355907,        1.24806418,       2.840757149
          0,           0,        2379,      -1.300536379,       1.442076015,       1.576398488,       4.301056763,       1.075669917,        3.00209979
          0,           0,        2380,      -1.376177648,       1.371394468,       1.454928917,       4.239017977,       1.079914351,       2.937770257
          0,           0,        2381,      -1.462908002,       1.260168129,       1.327163639,       4.149818619,       1.080494051,       2.866133791
          0,           0,        2382,      -1.564580668,       1.122282872,       1.236862646,        4.06938058,       1.075651421,       2.789782833
          0,           0,        2383,      -1.599852337,      0.9778587584,       1.207286264,       4.013720011,       1.072803556,       2.714630072
          0,           0,        2384,      -1.622354057,      0.8680864938,       1.190112875,       3.985816192,       1.071052503,       2.655265174
          0,           0,        2385,      -1.669251061,      0.7968337857,       1.146118798,       3.922613553,       1.069647723,       2.609248445
          0,           0,        2386,       -1.72221937,      0.7412748363,       1.095156141,       3.934756128,       1.067541901,       2.589602344
          0,           0,        2387,      -1.757527395,      0.6940736554,        1.04822835,       3.846257725,       1.063433614,       2.584303024
          0,           0,        2388,      -1.798742256,      0.6504804896,      0.9794518833,       3.812421609,       1.058490238,       2.598006268
          0,           0,        2389,      -1.665922615,      0.7216588399,        1.05767448,       3.958452487,       1.052604561,       2.598729349
          0,           0,        2390,      -1.604563146,      0.7262507386,       1.126629163,       4.018997864,       1.044643553,        2.64140618
          0,           0,        2391,      -1.475015633,      0.8181640047,       1.244923088,       4.134848951,       1.038675424,       2.661860925
          0,           0,        2392,      -1.573511638,      0.7482206277,       1.128095036,       4.121913022,       1.031748439,        2.77665789
          0,           0,        2393,      -1.553383239,      0.8425579897,       1.161825954,       4.129918283,       1.027692097,        2.84834482
          0,           0,        2394,      -1.504336365,        1.03075588,       1.227271902,       4.156920536,       1.036144328,       2.845572084
          0,           0,        2395,      -1.409081178,       1.196384362,       1.357340503,       4.220371357,       1.200222779,       2.886560228
          0,           0,        2396,      -1.360628827,       1.246428672,       1.541060315,       4.256053123,       1.207759539,       2.939317683
          0,           0,        2397,      -1.259528849,       1.447421139,       1.612365504,       4.337486864,       1.276948342,       3.148700237
          0,           0,        2398,      -1.281899383,       1.486096462,       1.456303078,       4.349647408,       1.334964588,       3.290518652
          0,           0,        2399,      -1.348634203,       1.532535575,       1.397900445,       4.304434363,       1.354034316,       3.241104415
          0,           0,        2400,      -1.328579673,       1.539014639,       1.407302433,        4.28534915,        1.35140293,       3.079573105
          0,           0,        2401,      -1.294965062,       1.569886296,       1.423063897,       4.337627197,       1.364268126,       2.956862445
          0,           0,        2402,      -1.331031693,       1.551372215,       1.353226722,       4.294904867,       1.351848559,       3.167265888
          0,           0,        2403,      -1.339243213,        1.55039924,        1.35166827,       4.274570477,       1.320552172,       3.256769895
          0,           0,        2404,      -1.304306825,       1.547736323,       1.505721981,       4.312547111,       1.329043996,       3.254740467
          0,           0,        2405,      -1.223331705,       1.577245416,       1.602375266,       4.366722989,         1.3964086,       3.262258795
          0,           0,        2406,      -1.266808698,       1.571988309,       1.453929627,       4.337774994,       1.401465788,       3.236099906
          0,           0,        2407,      -1.335118645,       1.570301847,       1.375433245,       4.307173084,       1.368768432,       3.027897816
          0,           0,        2408,      -1.321081056,       1.579324585,       1.391075869,       4.292645876,       1.393580008,       2.906817758
          0,           0,        2409,      -1.342752266,       1.574915023,       1.315803572,       4.263486414,       1.377396216,       3.023272352
          0,           0,        2410,      -1.363619272,       1.565529312,       1.288858586,       4.257627035,        1.38408162,       3.224011325
          0,           0,        2411,      -1.307696074,       1.578372473,       1.399725104,       4.293335493,       1.426452861,       3.275110645
          0,           0,        2412,      -1.259454202,       1.586231909,       1.549654038,       4.339421818,       1.422318207,       3.228333208
          0,           0,        2413,      -1.236488954,       1.585553485,       1.587854784,       4.367768226,       1.378936596,       3.231308788
          0,           0,        2414,      -1.310571648,       1.573059083,       1.407088267,       4.306259558,       1.367163023,       3.180943257
          0,           0,        2415,      -1.312370632,       1.586075901,        1.40305771,       4.294227058,       1.418165762,       2.960925942
          0,           0,        2416,       -1.32332847,       1.580939525,        1.36740411,       4.307696754,       1.410345269,       2.931334199
          0,           0,        2417,      -1.347710253,       1.573721591,       1.301876815,       4.292937993,       1.365119587,       3.102558073
          0,           0,        2418,      -1.346289539,       1.571897791,       1.376815362,       4.265309039,       1.367238956,        3.23837293
          0,           0,        2419,      -1.262449325,       1.582799582,        1.57391177,       4.337920646,       1.407831546,       3.230317625
          0,           0,        2420,      -1.236134952,       1.584608828,       1.534147414,       4.366676439,       1.397004802,        3.18553008
          0,           0,        2421,      -1.296779274,       1.588387233,       1.440340255,         4.3242712,       1.357510908,       3.195896593
          0,           0,        2422,      -1.335884083,       1.588112985,       1.391996769,       4.288263302,       1.344318162,       3.070971047
          0,           0,        2423,      -1.292327084,        1.59917284,       1.418287079,       4.319860989,       1.404208076,       3.021871069
          0,           0,        2424,      -1.316326551,       1.588579655,       1.368573457,       4.315786131,       1.399833824,       3.200369548
          0,           0,        2425,      -1.354794167,       1.577439391,       1.285470563,       4.289691827,        1.35484419,       3.285109313
          0,           0,        2426,      -1.339456523,       1.573791028,       1.443979074,        4.28461261,       1.341888494,       3.299363134
          0,           0,        2427,      -1.249144793,        1.58592876,       1.597630818,       4.347801486,       1.386764687,       3.195405282
          0,           0,        2428,      -1.238034078,       1.583155144,        1.52268822,       4.361177282,       1.390608503,        3.23803995
          0,           0,        2429,      -1.300691147,       1.586584827,        1.43478086,       4.312247101,       1.357972793,       3.274984024
          0,           0,        2430,      -1.347049951,       1.580798403,       1.361562581,       4.277517822,       1.355664545,       3.182350187
          0,           0,        2431,      -1.325053975,        1.59002525,       1.365856721,       4.297087645,       1.416764848,        3.11855694
          0,           0,        2432,      -1.345104997,       1.584570034,       1.328087143,       4.280675304,       1.406759504,       3.197837741
          0,           0,        2433,       -1.34233312,       1.586398673,       1.324963064,       4.280534232,       1.359798874,        3.26002614
          0,           0,        2434,      -1.328729949,       1.579426224,       1.410275531,       4.293628034,       1.352456631,       3.268590421
          0,           0,        2435,      -1.231570556,         1.5918393,       1.612271213,       4.373457635,       1.419773772,       3.245730097
          0,           0,        2436,       -1.23103641,       1.585264837,       1.536139551,       4.381057745,       1.413818494,       3.313485697
          0,           0,        2437,      -1.326329069,       1.576142578,       1.393080711,       4.305405464,       1.366244121,       3.339613804
          0,           0,        2438,      -1.345721483,         1.5782673,       1.355159794,       4.291600795,       1.354409937,       3.246745601
          0,           0,        2439,      -1.316430069,       1.593611157,       1.379235136,       4.314374066,       1.397144686,        3.14729311
          0,           0,        2440,      -1.315061815,       1.594472985,       1.382730408,       4.310053688,       1.395283756,       3.161522558
          0,           0,        2441,      -1.334788781,       1.588741684,       1.341506415,       4.290523868,       1.358684947,       3.209037753
          0,           0,        2442,       -1.32084399,       1.585900967,       1.459570001,       4.304433378,       1.356970292,       3.149426035
          0,           0,        2443,      -1.223105993,       1.596092941,       1.619988756,       4.381164026,       1.409688125,       3.132497727
          0,           0,        2444,      -1.223465978,       1.590991356,       1.539274201,       4.380217667,       1.401046032,       3.266068094
          0,           0,        2445,      -1.322914538,       1.578669345,       1.406873672,       4.301297878,       1.356910781,       3.332531502
          0,           0,        2446,      -1.365546425,       1.573972015,        1.33075672,       4.261129351,       1.348569295,       3.241590283
          0,           0,        2447,      -1.323062732,        1.58781477,       1.365480032,       4.296160583,       1.408245595,       3.142347407
          0,           0,        2448,      -1.293166538,       1.590114353,       1.401660417,       4.334849613,       1.405707723,        3.16896827
          0,           0,        2449,      -1.337634584,       1.578669343,       1.312850742,       4.295227416,        1.36107246,       3.205526371
          0,           0,        2450,      -1.346268655,       1.579676675,       1.385184542,        4.27497149,       1.348967536,       3.204674409
          0,           0,        2451,      -1.232865283,       1.601190925,       1.615516919,       4.366056028,       1.335070513,       3.186618524
          0,           0,        2452,      -1.338184168,       1.488457607,       1.383543192,       4.272365038,       1.132300148,       3.155914257
          0,           0,        2453,      -1.542600595,       1.180348887,       1.279878842,       4.079778184,       1.054644285,       2.981317716
          0,           0,        2454,      -1.620745788,       1.332193387,       1.188501311,       3.951471469,       1.068454561,       2.919243349
          0,           0,        2455,       -1.68965901,       1.072714412,       1.107920293,       3.893306748,       1.078542637,       2.903543818
          0,           0,        2456,      -1.629654437,       1.255400989,       1.105452976,       4.052459498,       1.088843433,       2.918157875
          0,           0,        2457,      -1.563327091,       1.230624372,       1.135246055,       4.090921581,       1.095160687,       2.889446604
          0,           0,        2458,      -1.528876278,       1.255408632,       1.155495216,       4.110385388,       1.111323398,       2.863013885
          0,           0,        2459,      -1.472961505,       1.379490317,       1.184209266,       4.186530906,       1.138127332,       2.844343774
          0,           0,        2460,      -1.484358854,       1.393605354,       1.136573147,       4.209945775,       1.130661025,       2.918742396
          0,           0,        2461,      -1.583578451,       1.154550895,       1.063516824,       4.084899864,       1.089168062,       2.846679987
          0,           0,        2462,       -1.70288428,       1.191834413,      0.9429456242,       3.934910406,       1.087461164,       2.779555533
          0,           0,        2463,      -1.673884827,      0.9637232577,      0.9814422819,       3.945006747,       1.086390979,        2.74392153
          0,           0,        2464,      -1.679966601,       1.161857419,      0.9628735156,       4.004282821,       1.092911702,       2.726150636
          0,           0,        2465,      -1.534360678,         1.2227875,       1.176285615,        4.08270646,       1.100553007,        2.73806228
          0,           0,        2466,      -1.502940833,       1.241339708,       1.194905268,       4.125891391,       1.115591359,       2.770690652
          0,           0,        2467,      -1.489928085,       1.343342005,       1.174203829,       4.190387392,       1.139870083,       2.807110348
          0,           0,        2468,      -1.501707355,       1.351536964,       1.128170767,       4.197606648,       1.174759285,       2.769536347
          0,           0,        2469,      -1.399878525,       1.477133265,       1.299966404,       4.239984132,       1.282207152,        2.68756329
          0,           0,        2470,      -1.371766402,        1.50535695,       1.326224195,       4.279687206,       1.256997105,       2.580864053
          0,           0,        2471,      -1.533650907,       1.338208571,       1.148915522,       4.142633919,       1.149075594,       2.475778004
          0,           0,        2472,      -1.619475581,       1.307878716,        1.08033317,       4.016902674,       1.148840682,       2.460997532
          0,           0,        2473,      -1.656335575,       1.063109447,       1.033243947,        3.99954035,       1.151021173,       2.480345879
          0,           0,        2474,      -1.578177976,        1.20640407,       1.125962972,       4.146007762,        1.16458254,       2.539109047
          0,           0,        2475,      -1.472480467,       1.285871038,       1.374611764,       4.174973429,       1.177419533,        2.60733103
          0,           0,        2476,      -1.428348001,       1.322703115,       1.367417639,       4.191889023,       1.196594533,       2.791736332
          0,           0,        2477,      -1.397192844,       1.439328712,       1.347919392,        4.26138121,       1.194733655,       2.935319733
          0,           0,        2478,      -1.591828063,       1.292459414,       1.181565489,       4.117501836,       1.153816549,       2.917212957
          0,           0,        2479,      -1.633702181,      0.8511755837,       1.127604301,       3.994853463,       1.148057727,       2.811605616
          0,           0,        2480,      -1.739208212,      0.9714351543,       1.016071227,        3.89569332,       1.149224571,       2.783776759
          0,           0,        2481,      -1.656293252,      0.8135622556,       1.060636776,       4.060162946,       1.149360443,       2.751318635
          0,           0,        2482,      -1.569359915,       1.038905557,       1.133896595,       4.091585005,       1.153079668,       2.772537475
          0,           0,        2483,      -1.569816668,        1.11029521,       1.124124886,       4.102574535,       1.150617176,       2.766515795
          0,           0,        2484,      -1.700912427,       1.096752818,      0.9699952812,        3.98910808,        1.14833907,       2.700473378
          0,           0,        2485,      -1.820415793,      0.7384593071,      0.8555366753,       3.906168656,       1.147693814,       2.647720278
          0,           0,        2486,      -1.828075673,      0.7156419124,      0.8520758376,       3.755039542,       1.147610673,       2.596120213
          0,           0,        2487,      -1.844787377,      0.7209185377,      0.8340809434,       3.821046631,       1.147744649,       2.581661133
          0,           0,        2488,      -1.857888176,      0.7185883456,      0.8180082853,       3.716196386,       1.147887068,       2.570099854
          0,           0,        2489,      -1.880780456,      0.7137163074,      0.7888365901,       3.702462369,       1.148035108,       2.561086132
          0,           0,        2490,      -1.900648573,      0.7094003036,      0.7616312352,       3.682297966,       1.148246815,       2.555798172
          0,           0,        2491,       -1.91600372,      0.7055521693,        0.73788207,       3.677564287,       1.148515059,       2.552102734
          0,           0,        2492,      -1.950917886,      0.6984491342,      0.6836717891,       3.615195926,       1.148849545,       2.550771831
          0,           0,        2493,      -2.002798792,      0.6891602681,      0.5890773149,       3.781551946,         1.1492451,       2.552302669
          0,           0,        2494,      -2.030659725,      0.6844882371,      0.5173252221,       3.651831267,       1.149553582,       2.554191743
          0,           0,        2495,       -1.96280467,      0.6915468411,      0.6455192206,       3.672912984,       1.150064867,       2.564519029
          0,           0,        2496,      -1.864819276,      0.7732925604,      0.8161006492,       3.766323095,       1.150646887,        2.58586127
          0,           0,        2497,      -1.599430103,        1.04293905,        1.14780733,       4.048289814,       1.151134333,       2.581569872
          0,           0,        2498,      -1.680276574,      0.8207988198,       1.023580967,       3.990430841,       1.151227072,       2.607199594
          0,           0,        2499,      -1.692791327,      0.7724411315,      0.9975613386,       3.998328806,        1.15121533,       2.612546237
          0,           0,        2500,      -1.722449419,      0.7265339657,      0.9592730362,       4.019537891,       1.150893281,       2.649100634
          0,           0,        2501,      -1.668852088,      0.7436511854,       1.023943277,       4.037405673,       1.150359022,        2.70762174
          0,           0,        2502,      -1.594984418,      0.8154173719,       1.109524461,        4.08762484,        1.15006598,       2.712727933
          0,           0,        2503,      -1.539355217,      0.8670708282,       1.167743527,       4.145793073,       1.156251386,       2.678016816
          0,           0,        2504,       -1.49740059,       1.062270717,       1.234409607,       4.177168934,       1.173530004,       2.556449445
          0,           0,        2505,      -1.396862553,       1.242091835,       1.451886724,       4.229753307,       1.283923858,       2.631588906
          0,           0,        2506,      -1.373720064,       1.260868914,       1.481231296,       4.248354898,       1.296869568,       2.895020827
          0,           0,        2507,      -1.298684382,       1.468395607,       1.467652475,       4.317704974,       1.353465717,       3.178525974
          0,           0,        2508,      -1.306600196,       1.521609017,       1.416665308,       4.314649961,       1.349293403,       3.273221384
          0,           0,        2509,      -1.432672763,       1.448773405,       1.324243511,       4.220463352,       1.212915328,        3.07720285
          0,           0,        2510,      -1.555029917,       1.335169219,       1.205141991,       4.082737945,       1.177512126,       2.879568683
          0,           0,        2511,      -1.663531272,      0.9711893592,       1.124555674,       4.007163779,       1.182804319,       2.785058376
          0,           0,        2512,       -1.67649294,      0.9856160102,       1.063975099,        3.95549801,        1.18210739,       2.763204949
          0,           0,        2513,      -1.600546753,      0.8847927466,       1.106252529,       4.033576521,       1.177786811,        2.80804734
          0,           0,        2514,      -1.596641999,      0.9237109139,       1.101211784,       4.074219536,       1.173639789,       2.880724385
          0,           0,        2515,      -1.648303339,      0.8634407283,       1.033270885,       4.065801083,       1.169920962,       2.980335269
          0,           0,        2516,      -1.653741462,      0.9916516215,       1.016309596,       4.088576946,       1.165152883,        3.03204946
          0,           0,        2517,      -1.477018677,       1.194566595,       1.218867603,       4.194731534,       1.178869245,       3.041711429
          0,           0,        2518,      -1.386613761,       1.318106075,       1.337280349,       4.246487534,       1.290745551,       3.010256893
          0,           0,        2519,       -1.40291283,       1.481562042,       1.311027333,       4.262838645,       1.316306376,       2.958126945
          0,           0,        2520,      -1.363744656,        1.51288069,       1.423390667,       4.293774475,       1.363250767,       2.979205937
          0,           0,        2521,      -1.284815138,       1.540407752,       1.548544147,       4.338581876,        1.36689925,       3.058513781
          0,           0,        2522,      -1.291375828,       1.531356075,         1.4654287,       4.337638007,       1.298857601,       3.224144504
          0,           0,        2523,      -1.426226744,       1.425221652,       1.349111348,       4.227142055,       1.170456025,       3.210136138
          0,           0,        2524,      -1.565726442,       1.351650974,       1.216003623,       4.087995515,        1.16826626,       3.065802561
          0,           0,        2525,      -1.574245639,       1.203136626,       1.151771027,       4.051130304,       1.165860725,       3.002826627
          0,           0,        2526,      -1.509677108,       1.284184352,       1.175684579,       4.160725423,        1.16377948,       2.950807789
          0,           0,        2527,      -1.433774635,       1.425862153,       1.261625995,       4.219820858,        1.19006236,       2.991835347
          0,           0,        2528,      -1.427306499,       1.448435704,       1.262101546,       4.233196597,       1.230821344,       3.056883168
          0,           0,        2529,      -1.382074695,       1.518329784,       1.297166555,       4.274711533,       1.303466152,       3.098731346
          0,           0,        2530,      -1.331811426,       1.547417302,       1.373232955,        4.29135774,       1.391435863,       3.058532834
          0,           0,        2531,      -1.278160039,       1.565422937,       1.535699934,       4.321389549,       1.381057131,       3.040625578
          0,           0,        2532,      -1.375864999,        1.45172113,       1.363242289,       4.271775286,        1.20060111,       2.991848806
          0,           0,        2533,      -1.582536879,       1.144860912,       1.203150805,       4.095265643,       1.178236118,       2.918433227
          0,           0,        2534,      -1.583171045,        1.29553664,       1.143717975,       4.074279829,       1.187635917,       2.894769538
          0,           0,        2535,      -1.502783482,       1.353610883,       1.199052259,       4.178280091,       1.190520995,       2.894767456
          0,           0,        2536,      -1.449754995,        1.40901562,        1.26061151,       4.223178469,       1.217112048,       2.818326835
          0,           0,        2537,      -1.448474218,       1.476091438,       1.203492401,       4.216048371,        1.25206785,       2.748729759
          0,           0,        2538,      -1.409146946,       1.504826645,       1.277775083,       4.252092392,       1.296109893,       2.763057102
          0,           0,        2539,      -1.354444953,       1.538667075,       1.438601381,       4.303135385,       1.329757046,         2.8643613
          0,           0,        2540,      -1.282902788,        1.54328871,       1.524069986,         4.3356472,       1.309833596,       2.986557659
          0,           0,        2541,      -1.423257371,        1.43012066,       1.316772255,       4.223087445,       1.222558856,       3.043490963
          0,           0,        2542,       -1.56206584,       1.358736368,        1.21591963,       4.095812818,        1.21031964,        2.75641192
          0,           0,        2543,      -1.603434932,       1.222783225,       1.126839643,       4.057696216,       1.216730053,       2.748198577
          0,           0,        2544,      -1.554205411,       1.306421424,       1.133527141,       4.132795203,       1.234564553,       2.639486378
          0,           0,        2545,      -1.503167618,       1.418330198,       1.152010213,       4.181973863,       1.262026623,        2.64683597
          0,           0,        2546,      -1.461249577,       1.449552366,       1.157120898,        4.20128617,       1.301267102,       2.864534779
          0,           0,        2547,       -1.33808667,       1.537445569,       1.353998602,       4.280181601,        1.40387686,       2.964464083
          0,           0,        2548,      -1.321073617,       1.568246643,       1.387187291,       4.311747842,        1.38616123,       2.949839382
          0,           0,        2549,      -1.436364573,       1.435909888,       1.257350408,       4.175412329,       1.260990566,       2.802867833
          0,           0,        2550,      -1.663028507,       1.358918557,       1.063842294,       4.001850699,       1.245961483,       2.637511637
          0,           0,        2551,      -1.570197169,       1.201939057,       1.107019684,       4.101512883,       1.244933702,       2.609862809
          0,           0,        2552,      -1.508645431,       1.298351224,       1.166139291,       4.145361325,       1.254385799,       2.693237676
          0,           0,        2553,      -1.487632725,       1.401965866,        1.17701034,       4.173008891,       1.276075117,       2.774929486
          0,           0,        2554,      -1.412262822,       1.432131565,       1.461617947,       4.241478723,       1.273850381,       2.825388929
          0,           0,        2555,      -1.422170483,       1.244968971,       1.505148114,        4.20619667,       1.238201306,       2.812170195
          0,           0,        2556,      -1.678516336,       1.242629288,       1.139276113,        3.98086952,       1.233665662,       2.691956383
          0,           0,        2557,      -1.787208991,      0.9589596507,       1.064355524,       3.880015241,       1.233172148,       2.625539169
          0,           0,        2558,      -1.800901021,       0.949649979,       1.040637272,       3.843964067,       1.233436641,       2.599808575
          0,           0,        2559,      -1.854054968,      0.9358640634,      0.9921284217,       3.792262108,       1.233786143,       2.582342554
          0,           0,        2560,      -1.873042823,      0.9231000771,       0.957077212,       3.784065456,       1.234255261,       2.573485114
          0,           0,        2561,       -1.92627458,      0.9195393428,       0.900858967,       3.756355228,       1.234903221,       2.570804402
          0,           0,        2562,      -1.938246744,      0.8966713333,      0.8503307118,       3.863769372,       1.235715621,       2.570592859
          0,           0,        2563,      -1.787152417,      0.8975188432,      0.9508745516,       3.841742484,       1.236533953,       2.568676586
          0,           0,        2564,      -1.671550355,       0.936510455,       1.040272776,       3.948117079,       1.237360224,       2.557010133
          0,           0,        2565,      -1.615230113,        1.08147159,       1.133789948,       3.976150179,       1.237998806,        2.51414095
          0,           0,        2566,      -1.887633164,      0.8702319202,      0.7867328978,       3.728944161,       1.238399277,       2.472536716
          0,           0,        2567,      -1.916028704,      0.8627606819,      0.7473166248,       3.687482592,        1.23873826,       2.454528908
          0,           0,        2568,      -1.905611422,      0.8607743787,       0.754491421,       3.669985578,        1.23916793,       2.437382434
          0,           0,        2569,      -1.899615732,      0.8593354218,      0.7549952622,       3.691388462,       1.239702681,       2.422194649
          0,           0,        2570,      -1.905678611,      0.8556943011,      0.7358788047,       3.649400548,       1.240289594,       2.410413149
          0,           0,        2571,      -1.921069902,      0.8509633309,      0.6964153779,        3.63707527,       1.241097849,       2.403524197
          0,           0,        2572,      -1.916972712,      0.8462095029,      0.6846414753,       3.806957175,       1.242014223,       2.405592322
          0,           0,        2573,      -1.868182098,      0.8440872615,      0.7419803073,       3.803539757,       1.242774983,       2.414423218
          0,           0,        2574,      -1.833708406,      0.8436154464,      0.7879074886,       3.853932106,       1.243802973,       2.433115484
          0,           0,        2575,      -1.670152682,       0.866695419,      0.9944937938,       3.964387345,        1.24469792,       2.459311606
          0,           0,        2576,      -1.556545621,       1.032062487,       1.153478994,       4.080049292,        1.24509145,       2.488533392
          0,           0,        2577,      -1.536428192,       1.089804776,       1.201916341,       4.091594033,       1.244640103,       2.521023268
          0,           0,        2578,      -1.600006828,      0.9531778722,       1.103413862,       4.057583368,       1.243319505,       2.577940431
          0,           0,        2579,      -1.565778699,      0.9250345455,       1.136407795,       4.120318098,       1.241366277,       2.595515426
          0,           0,        2580,      -1.563881791,      0.9089333677,       1.136192233,       4.127156087,       1.241744239,       2.644154856
          0,           0,        2581,      -1.615029636,      0.8899147556,        1.07329646,       4.044067512,       1.239775986,       2.591806721
          0,           0,        2582,      -1.717925357,      0.8082654029,       0.938705613,       3.937925491,       1.239901337,       2.527045266
          0,           0,        2583,      -1.780989195,      0.7890266019,      0.8701506692,       3.848295911,       1.239675708,        2.47362645
          0,           0,        2584,      -1.776820103,       0.779152136,      0.8759030451,        3.86039409,        1.23940141,        2.43080355
          0,           0,        2585,      -1.867501247,      0.7585441224,      0.7619743549,       3.763567564,       1.239076878,       2.392782595
          0,           0,        2586,      -1.847810761,      0.7482060515,      0.7775593955,       3.800906381,       1.239373528,       2.362506866
          0,           0,        2587,      -1.980633261,      0.7314490638,       0.540801966,       3.742232044,       1.239559801,       2.324416937
          0,           0,        2588,      -2.004306218,      0.7288732364,      0.5074076517,       3.665446501,        1.23939564,       2.306410215
          0,           0,        2589,      -1.966099605,      0.7281429318,        0.59438769,       3.651791501,       1.239260354,       2.290730822
          0,           0,        2590,      -1.978090941,      0.7265738846,      0.5835956454,       3.658751589,       1.239369516,       2.270833957
          0,           0,        2591,      -1.995113673,      0.7226983089,       0.547915139,       3.725382202,       1.239332824,       2.261017507
          0,           0,        2592,      -1.999123768,      0.7208556499,      0.5398740885,       3.654899438,       1.239236934,       2.252473637
          0,           0,        2593,      -2.001322556,      0.7192410099,       0.539226061,       3.615132677,       1.239199508,       2.244858005
          0,           0,        2594,      -2.002812027,       0.717720406,      0.5381634225,       3.622306299,       1.239163872,       2.237819259
          0,           0,        2595,      -1.989033447,      0.7181693986,      0.5794098747,       3.592817425,       1.239129158,       2.228885172
          0,           0,        2596,      -1.987737377,       0.717041257,      0.5840951398,       3.694686241,       1.239095262,       2.220733838
          0,           0,        2597,      -1.982547001,        0.71632345,      0.5968328632,       3.618108656,        1.23895914,        2.21611879
          0,           0,        2598,      -1.979005581,      0.7150766969,      0.6051709696,       3.624333932,       1.238856554,       2.213359852
          0,           0,        2599,      -1.959559344,      0.7149602065,      0.6392868709,       3.622579458,       1.238737645,       2.209420915
          0,           0,        2600,      -1.962569693,      0.7116986622,      0.6286853338,       3.617700349,        1.23858549,         2.2052344
          0,           0,        2601,      -1.977187557,      0.7137691198,      0.5975046324,       3.793896521,       1.238439547,       2.210005196
          0,           0,        2602,      -1.978254262,      0.6974328259,      0.5659282687,       3.689919947,       1.238094414,       2.215553149
          0,           0,        2603,      -1.795748864,      0.7766503525,      0.8706467345,       3.781630155,       1.237998454,       2.222053268
          0,           0,        2604,      -1.585501725,       1.045350707,       1.155589537,       4.020254435,       1.237999871,       2.246474809
          0,           0,        2605,      -1.655637284,       0.832603652,       1.052880372,       4.041387311,       1.238002117,       2.294449261
          0,           0,        2606,      -1.649928577,      0.7983712258,       1.042047496,       4.000425161,       1.237754207,       2.302860788
          0,           0,        2607,      -1.648047731,      0.7451426233,       1.050016463,       3.972305679,       1.238362972,       2.292639092
          0,           0,        2608,       -1.60802815,      0.7704163768,       1.094622242,       4.037753906,       1.239680789,       2.347678817
          0,           0,        2609,      -1.604647112,      0.7922267107,       1.095693096,       4.081586062,       1.241740523,       2.397215234
          0,           0,        2610,       -1.58820457,      0.8155639286,       1.125420165,       4.097076116,       1.244481686,       2.414846698
          0,           0,        2611,       -1.44409446,       1.123395352,       1.299490857,       4.195713578,       1.299080588,       2.418461045
          0,           0,        2612,      -1.443465927,       1.193055044,       1.344548758,       4.221473795,       1.268936447,       2.479391183
          0,           0,        2613,       -1.57635758,       1.061609012,       1.219191077,       4.082135384,       1.244395295,       2.329611175
          0,           0,        2614,      -1.652328483,      0.8943280995,       1.099406214,       3.951336206,       1.242466673,       2.181747391
          0,           0,        2615,      -1.683826454,      0.7776641827,       1.053923695,       3.927234244,       1.242898281,       2.150638729
          0,           0,        2616,      -1.741402592,       0.719337651,      0.9801075251,       3.889879392,       1.242672399,       2.229496592
          0,           0,        2617,      -1.791972076,      0.6674570733,      0.8971883103,       3.851260119,        1.24195273,        2.23658935
          0,           0,        2618,      -1.764479683,      0.6662892145,      0.9297186968,       3.962850485,        1.24069338,       2.274612595
          0,           0,        2619,      -1.693898028,      0.6613063072,        1.00563625,         3.9907896,       1.238309335,       2.310548886
          0,           0,        2620,      -1.717665324,      0.6504426259,      0.9803257399,       4.022349262,        1.23463111,       2.345655433
          0,           0,        2621,       -1.60413903,      0.7606917277,        1.10214842,       4.142428237,       1.230890683,        2.39129994
          0,           0,        2622,      -1.571374021,      0.8278632954,       1.144983698,       4.124409113,       1.226176759,       2.447820027
          0,           0,        2623,      -1.542479496,      0.8497615664,       1.179138643,       4.133598113,       1.227887403,       2.439999302
          0,           0,        2624,      -1.418533029,       1.075906959,       1.432467389,       4.240609467,       1.301112283,       2.555505727
          0,           0,        2625,      -1.381943921,       1.135625535,       1.497889471,       4.259197606,       1.257519434,       2.751118923
          0,           0,        2626,      -1.466153626,       1.229779363,       1.342444081,        4.14526809,       1.206625733,       2.852200784
          0,           0,        2627,      -1.571814919,        1.12702929,       1.249885805,       4.049987981,       1.199273408,       2.680153519
          0,           0,        2628,      -1.693536539,      0.7960379963,       1.108086365,       3.956045607,       1.198307529,       2.586376352
          0,           0,        2629,      -1.793490307,      0.6784925599,       1.017225364,       3.945993365,       1.196161561,        2.55033429
          0,           0,        2630,      -1.771132704,      0.6510036061,       1.005055589,       3.886886347,        1.19273623,       2.565788323
          0,           0,        2631,      -1.742153721,      0.6392962087,       1.007714121,       3.918255564,       1.188175725,       2.542099533
          0,           0,        2632,       -1.68349636,       0.631141326,       1.033327789,       4.011775723,       1.182546727,       2.530263501
          0,           0,        2633,      -1.604417533,       0.707051841,       1.105096737,       4.099328067,       1.176609262,       2.560155752
          0,           0,        2634,      -1.576660882,      0.8151420193,       1.144778441,        4.14016472,       1.168719625,       2.617222965
          0,           0,        2635,      -1.608308589,      0.7987402715,       1.113293313,       4.120588831,       1.170766225,       2.673889427
          0,           0,        2636,      -1.454826532,       1.115552374,        1.30105588,       4.208901111,       1.257201059,       2.754376629
          0,           0,        2637,      -1.385448808,       1.213875348,       1.383244258,       4.264468522,       1.204959203,       2.652943712
          0,           0,        2638,       -1.50040742,       1.121736716,       1.379963197,       4.110487984,       1.154223513,       2.617257977
          0,           0,        2639,      -1.598495166,      0.9316028111,       1.121190205,       4.041253371,       1.152007019,        2.48324397
          0,           0,        2640,      -1.686576274,      0.8314207549,       1.035768884,       4.023052481,       1.144657017,       2.331967485
          0,           0,        2641,      -1.655829922,      0.8571595703,       1.047860754,        4.03029014,       1.141100771,       2.335447313
          0,           0,        2642,      -1.699136513,       0.940926118,       1.004293411,       4.014732757,       1.136887156,       2.354065073
          0,           0,        2643,      -1.552309443,       1.120487724,       1.152973138,       4.129158211,       1.147392231,       2.387621073
          0,           0,        2644,      -1.417637538,         1.3572003,        1.31117067,        4.24432625,         1.1668127,       2.488728159
          0,           0,        2645,       -1.56662159,       1.185426862,       1.154106998,       4.102319168,        1.12747597,       2.414466245
          0,           0,        2646,      -1.634506811,      0.8197654358,       1.091453802,        3.97345029,       1.125813697,       2.300842827
          0,           0,        2647,      -1.700667512,      0.7179010429,       1.007367888,       3.946196023,       1.123802207,       2.248283255
          0,           0,        2648,      -1.697033465,      0.6369551658,       1.004734687,       3.973621259,        1.12521377,       2.164265203
          0,           0,        2649,      -1.586444759,      0.9774128078,       1.147502949,       4.122370905,       1.126679156,       2.112591897
          0,           0,        2650,      -1.533552508,       1.054506467,       1.233276193,       4.141057407,       1.127032439,       2.229719424
          0,           0,        2651,      -1.566930127,      0.9216450892,       1.208832407,       4.149684598,       1.123523008,       2.310712437
          0,           0,        2652,      -1.655254552,      0.8231085208,       1.092413462,       3.992832579,       1.122729584,       2.195141102
          0,           0,        2653,      -1.680371103,      0.7888687192,       1.025771079,       4.006841021,       1.123324658,       2.109032496
          0,           0,        2654,      -1.596340234,      0.9001916631,         1.1294118,       4.078571773,       1.131789774,       2.171759966
          0,           0,        2655,      -1.593052043,       1.003329823,       1.170352166,       4.076427691,       1.140203515,       2.332819811
          0,           0,        2656,      -1.454906929,       1.244279886,       1.301860611,       4.167753388,       1.240159747,       2.503285293
          0,           0,        2657,       -1.38020045,       1.286085211,       1.506931308,       4.266294645,       1.182433958,       2.650633235
          0,           0,        2658,      -1.398981454,       1.228328327,       1.515697056,       4.224523082,       1.126681735,       2.789900427
          0,           0,        2659,      -1.674179271,      0.9676095003,       1.187902124,       3.973510277,       1.117731361,       2.588768556
          0,           0,        2660,      -1.617801899,       1.027866458,       1.218525766,        3.97474109,        1.11636661,       2.508450126
          0,           0,        2661,      -1.839889379,      0.6742980906,       1.054446956,       3.808053278,       1.116112609,       2.483295269
          0,           0,        2662,      -1.835948137,      0.6495983174,       1.045306251,       3.809696953,       1.116293032,       2.467063899
          0,           0,        2663,      -1.877184142,      0.6163350425,       1.015560005,       3.782251895,       1.116453068,       2.454751032
          0,           0,        2664,      -1.904122994,      0.6004495448,      0.9932476926,       3.755831436,       1.116742042,       2.446808167
          0,           0,        2665,      -1.932485216,      0.5835773692,      0.9679189232,       3.713616532,       1.117045328,       2.431038427
          0,           0,        2666,       -1.96072586,      0.5654633001,      0.9395407141,       3.690814263,       1.117349382,       2.420433423
          0,           0,        2667,       -1.98935068,      0.5459734134,      0.9071216097,       3.685055309,        1.11702811,       2.408835113
          0,           0,        2668,      -2.000892784,      0.5370740687,      0.8921966871,       3.637260543,       1.117089943,       2.397916539
          0,           0,        2669,      -2.015721318,      0.5292796588,      0.8750981919,       3.623671906,       1.117142516,       2.389575448
          0,           0,        2670,      -2.021112266,      0.5231840152,      0.8634258068,       3.615532792,       1.117276788,       2.383041025
          0,           0,        2671,      -2.024999914,      0.5162494377,      0.8506442526,       3.622464594,       1.117419232,       2.376367554
          0,           0,        2672,      -2.014178817,      0.5129847199,      0.8439199727,       3.602317451,        1.11727505,       2.363800288
          0,           0,        2673,      -2.013751069,      0.5100332092,      0.8372558509,       3.588862179,       1.117367381,       2.355176006
          0,           0,        2674,      -1.997805854,      0.5115671145,      0.8390522667,       3.708674051,       1.117468948,        2.34601996
          0,           0,        2675,      -1.915932891,      0.5360377581,      0.8835544751,       3.689068918,       1.117504489,       2.336686519
          0,           0,        2676,      -1.930694331,      0.5301942367,      0.8664491348,       3.682129265,       1.117643327,       2.327480488
          0,           0,        2677,      -1.919333898,       0.526523709,      0.8675388747,       3.766576207,       1.117783791,       2.319002701
          0,           0,        2678,      -1.870388558,      0.5487513316,      0.8872145312,       3.859635428,       1.117904044,       2.317108103
          0,           0,        2679,      -1.849026635,       0.554939679,      0.8867622593,       3.783249199,       1.117757019,       2.325142259
          0,           0,        2680,      -1.739528251,      0.6665111341,      0.9845446624,       3.868389869,       1.117889442,       2.355758297
          0,           0,        2681,      -1.747187459,      0.7059565018,      0.9742528541,       3.947739381,       1.118167515,       2.382929488
          0,           0,        2682,      -1.584655262,      0.9954158105,       1.164322773,       4.030359986,       1.118685248,       2.430225738
          0,           0,        2683,      -1.606028572,      0.8741601404,       1.122970271,       4.050097363,        1.11784276,       2.400596273
          0,           0,        2684,      -1.742799977,      0.7014044477,      0.9529141788,       3.887693401,       1.117552359,       2.389728373
          0,           0,        2685,       -1.77698784,      0.6487307603,      0.9259765652,       3.800686399,       1.117344179,       2.381051356
          0,           0,        2686,      -1.808090486,      0.6308314265,      0.8984591651,       3.758042803,       1.117384492,       2.375589232
          0,           0,        2687,      -1.838272344,      0.6090279735,      0.8702143407,       3.732715859,       1.117448312,       2.372004231
          0,           0,        2688,      -1.866196995,      0.5890711328,      0.8433857578,       3.689994213,        1.11752021,       2.368943809
          0,           0,        2689,      -1.892148324,      0.5706717202,      0.8175052508,       3.656088248,       1.117598412,       2.367733663
          0,           0,        2690,      -1.921040635,      0.5532749941,      0.7872782774,       3.655791363,       1.117685388,       2.371795794
          0,           0,        2691,      -1.944712852,      0.5377782857,      0.7612583495,        3.59474217,        1.11778089,       2.369598375
          0,           0,        2692,       -1.96425995,      0.5238052769,      0.7382051903,       3.587991217,       1.117881946,       2.375220446
          0,           0,        2693,       -1.99987875,      0.5042151158,      0.6956707893,       3.658711732,       1.117983985,       2.370208902
          0,           0,        2694,      -2.032422538,      0.4865148822,      0.6540179533,       3.495404519,       1.118010116,       2.376455595
          0,           0,        2695,       -2.06159537,      0.4725325887,      0.6142249749,       3.462098047,       1.118121883,       2.370045843
          0,           0,        2696,       -2.13666753,      0.4489541176,      0.5044084336,       3.448700993,       1.118238391,       2.372432984
          0,           0,        2697,      -2.164403043,      0.4369673028,      0.4538416698,       3.404797905,       1.118414472,       2.368369787
          0,           0,        2698,      -2.172570129,      0.4292478442,      0.4253118897,       3.447235988,       1.118639431,       2.377656356
          0,           0,        2699,      -2.140583122,      0.4276927253,      0.4833123754,       3.438860267,       1.118902428,        2.37134211
          0,           0,        2700,      -2.072701303,      0.4391356241,      0.5806806993,       3.730815315,       1.119246526,       2.375148873
          0,           0,        2701,      -1.872107816,      0.5099533973,      0.8133278953,       3.726455155,       1.119048434,       2.387377906
          0,           0,        2702,      -2.080408195,      0.4191379112,      0.5717209211,       3.548074225,       1.119155266,       2.371793952
          0,           0,        2703,      -2.113549145,      0.4097067894,       0.524538866,       3.424113154,       1.119285452,       2.361438855
          0,           0,        2704,       -2.20864328,      0.3844074087,      0.3593473292,       3.375536455,       1.119474041,       2.354528052
          0,           0,        2705,       -2.17622313,      0.3893603807,      0.4128344237,       3.426212299,       1.119712232,        2.35155529
          0,           0,        2706,      -2.048305148,      0.4217876925,      0.6051243039,       3.552900721,       1.120010934,       2.367724631
          0,           0,        2707,      -2.085356606,      0.4066326031,      0.5550687114,       3.560973263,        1.12038608,       2.358761272
          0,           0,        2708,      -2.119129177,      0.3926740441,      0.4960063239,       3.587776715,        1.12085402,       2.369473329
          0,           0,        2709,      -2.104096634,      0.3936302138,      0.5084815236,       3.772755848,       1.121371976,       2.377655394
          0,           0,        2710,       -1.86270241,      0.5040901419,      0.8196235753,       3.767834797,       1.121678776,       2.415437587
          0,           0,        2711,      -1.886700278,      0.4718596912,      0.7857213927,       3.775650726,       1.122426919,        2.44657505
          0,           0,        2712,      -1.857338453,      0.5068755326,      0.8243526489,       3.845243085,       1.123272326,       2.438623114
          0,           0,        2713,      -1.704242912,      0.6392510835,       1.004423427,       3.968890383,       1.124288157,       2.409231538
          0,           0,        2714,      -1.639381747,      0.7290721899,       1.074789071,       4.071469673,       1.125547059,       2.429580766
          0,           0,        2715,      -1.603508474,      0.7836895228,       1.114355338,       4.055081075,       1.125049885,       2.478169756
          0,           0,        2716,      -1.654509906,      0.7051239617,       1.056502919,        3.97182941,       1.124799432,       2.428746186
          0,           0,        2717,      -1.805005276,      0.5230347243,      0.8869503064,       3.802735318,       1.124759669,       2.354707569
          0,           0,        2718,      -1.832827513,      0.5023443848,      0.8667827927,       3.785122406,       1.124802965,       2.312094018
          0,           0,        2719,      -1.970093045,      0.4407908693,      0.7255814996,       3.680867429,       1.124938295,       2.282903981
          0,           0,        2720,       -2.06744464,      0.4015350721,      0.6161706874,         3.6073494,       1.125089958,       2.250739808
          0,           0,        2721,      -2.035389462,      0.4126278053,      0.6535066171,       3.635977598,       1.125257535,       2.217262997
          0,           0,        2722,      -2.031261438,      0.4085025635,      0.6599906978,       3.634011001,       1.125438263,       2.184620997
          0,           0,        2723,       -1.99156825,      0.4194603989,      0.7049364602,       3.674045437,       1.125638189,       2.155199277
          0,           0,        2724,      -1.893791946,      0.4698542675,      0.8139082433,       3.735129793,       1.125863496,       2.131505983
          0,           0,        2725,      -1.906867231,      0.4619444276,      0.7938654237,       3.787218522,       1.126137914,       2.155464131
          0,           0,        2726,      -1.788915727,       0.528286001,      0.9198238086,       3.919335323,       1.126543481,        2.14597125
          0,           0,        2727,      -1.736970886,      0.5648262211,      0.9657402566,       3.903753587,       1.126912041,       2.138370254
          0,           0,        2728,      -1.711975903,      0.5549998347,      0.9842900488,       3.924573859,       1.127219131,       2.110897656
          0,           0,        2729,      -1.606132484,      0.8756905137,        1.11285686,       4.037435336,       1.127570798,       2.336675181
          0,           0,        2730,      -1.540049343,       1.028692714,       1.205740672,       4.129534693,       1.126902849,       2.337944567
          0,           0,        2731,      -1.706545527,      0.7540701641,       1.003359615,        3.94445145,       1.126438999,       2.202629894
          0,           0,        2732,      -1.757915597,      0.6187452493,      0.9413282351,       3.843146804,       1.126340147,        2.11611306
          0,           0,        2733,      -1.804060594,      0.5902776904,      0.9030801861,       3.779834283,       1.126451686,       2.087431499
          0,           0,        2734,      -1.840823812,       0.552514496,      0.8705404774,       3.772581104,       1.126578014,        2.06682588
          0,           0,        2735,      -1.919731816,      0.5007189025,      0.7942482823,       3.703028507,       1.126712708,       2.090238565
          0,           0,        2736,      -2.013337576,      0.4439345554,       0.696157897,       3.642802625,       1.126857859,       2.073026566
          0,           0,        2737,      -2.098696987,      0.3703860335,      0.5816652781,       3.567195619,       1.127020321,        2.05801066
          0,           0,        2738,      -1.840330269,      0.4618119651,      0.8394595172,       3.913342611,       1.127140354,        2.01536015
          0,           0,        2739,      -1.773257035,      0.5493806729,       0.932780651,        3.87371989,       1.127119727,        2.05791388
          0,           0,        2740,      -1.733815023,      0.5394898183,      0.9658910902,       3.948225255,       1.127226985,       2.103736815
          0,           0,        2741,      -1.712175114,      0.5363069259,      0.9894220301,       3.951052958,       1.127378346,       2.127636728
          0,           0,        2742,       -1.72100248,      0.5310217734,      0.9766414378,       3.974139199,       1.127549314,       2.293076069
          0,           0,        2743,      -1.649416557,      0.6346905643,       1.061498959,       4.037787361,       1.128628938,       2.365184584
          0,           0,        2744,      -1.509385607,       1.054176519,       1.238307786,        4.14966054,       1.132690715,       2.347836643
          0,           0,        2745,      -1.507681664,       1.053028457,       1.261357526,       4.181385248,       1.183698064,       2.379674342
          0,           0,        2746,      -1.477397778,       1.025748511,       1.300437199,       4.189021358,       1.198295479,       2.561391236
          0,           0,        2747,      -1.385848077,       1.134481803,       1.516704788,       4.235155614,       1.279846738,       2.873113422
          0,           0,        2748,      -1.314673592,       1.300190311,       1.504541025,       4.281064827,       1.152257759,       3.065381287
          0,           0,        2749,      -1.387733824,       1.229372202,       1.405484998,       4.222284149,       1.154169395,       2.997764604
          0,           0,        2750,      -1.485176228,        1.12513233,       1.308442337,       4.123666552,       1.156042847,       2.925016956
          0,           0,        2751,      -1.569273462,      0.9866821108,       1.239137972,       4.061422354,       1.157919895,       2.850338891
          0,           0,        2752,      -1.626750415,      0.8918770943,       1.190486463,        3.99446659,       1.160024498,       2.780495912
          0,           0,        2753,      -1.655529246,      0.8466636537,       1.166131753,       3.953822557,       1.162549515,       2.723551324
          0,           0,        2754,      -1.683439718,       0.807545358,       1.134926978,       3.946529104,       1.165562456,       2.685812513
          0,           0,        2755,      -1.711309078,      0.7810316907,       1.103464828,       3.921496169,        1.16881293,       2.677832297
          0,           0,        2756,      -1.708125749,      0.7414556747,       1.079586014,         3.9254608,       1.167774398,        2.68072253
          0,           0,        2757,      -1.743626987,      0.6666282219,       1.018938002,        3.89187893,        1.16055799,       2.682807985
          0,           0,        2758,      -1.781677127,      0.6350845313,      0.9743402611,        3.94490531,       1.154230733,        2.67600228
          0,           0,        2759,      -1.643925888,      0.6984789016,       1.078453229,       3.999518477,       1.150574761,       2.664170457
          0,           0,        2760,      -1.659690763,      0.7145480168,       1.059953162,       4.070957202,       1.147381435,       2.667220858
          0,           0,        2761,      -1.504961082,       1.006681313,       1.227839144,       4.148228711,       1.150689799,       2.728246986
          0,           0,        2762,      -1.486117664,       1.083193323,       1.263064664,       4.200251068,       1.151792525,       2.825227388
          0,           0,        2763,      -1.550714793,      0.9434697193,       1.177702168,       4.148022998,       1.170327661,        2.88439889
          0,           0,        2764,      -1.482392215,       1.096981255,       1.267462533,       4.154868268,         1.2644733,        2.92055402
          0,           0,        2765,      -1.478825445,       1.197149354,       1.258228749,       4.182827494,       1.282432957,       2.848118148
          0,           0,        2766,      -1.375348712,       1.443118238,       1.355356975,       4.294251852,       1.327742112,       2.867521777
          0,           0,        2767,      -1.338121052,        1.49108938,       1.460228338,       4.314236204,       1.375204546,        2.88478949
          0,           0,        2768,      -1.273391939,       1.538506301,        1.59386961,       4.334640267,       1.393838478,       3.062554678
          0,           0,        2769,      -1.240890205,       1.529889753,       1.539010742,       4.352334245,       1.379538449,       3.268999499
          0,           0,        2770,      -1.302683761,        1.54344495,       1.440072927,       4.302179819,       1.386982439,       3.326931112
          0,           0,        2771,      -1.380192298,       1.540733174,       1.345436695,       4.252601197,       1.376490097,       3.235235629
          0,           0,        2772,      -1.385629983,        1.55174749,       1.279229275,       4.260644149,       1.352742367,       3.124616745
          0,           0,        2773,      -1.340251237,       1.567401847,       1.347954498,       4.275627888,       1.351236279,       3.186343227
          0,           0,        2774,       -1.29290825,       1.579780995,       1.415620853,       4.310540449,       1.405283534,       3.216236018
          0,           0,        2775,       -1.26554614,        1.57593459,       1.563048944,       4.338892245,       1.408786677,       3.243979946
          0,           0,        2776,       -1.22889225,       1.577297373,       1.598701016,        4.36949999,       1.389455201,       3.247970846
          0,           0,        2777,      -1.294984978,       1.565665573,       1.419710164,       4.324475715,       1.374749231,       3.265084813
          0,           0,        2778,      -1.351082729,       1.570808096,       1.373030162,       4.290228833,       1.392044503,       3.071673205
          0,           0,        2779,      -1.325279251,       1.576252585,       1.384743959,       4.276953919,       1.402417503,       2.921636637
          0,           0,        2780,      -1.332560549,       1.578848493,       1.361347002,       4.273394236,       1.429291607,       3.026329937
          0,           0,        2781,      -1.317885733,       1.575454178,       1.360824169,       4.310995424,       1.414127042,       3.203857223
          0,           0,        2782,      -1.331593765,       1.570256903,       1.357252123,       4.284453222,       1.385218281,       3.251985132
          0,           0,        2783,      -1.282375267,       1.578834505,       1.529125572,       4.325558012,        1.37760671,       3.193066586
          0,           0,        2784,      -1.227906042,       1.587659431,       1.591761898,       4.387591675,       1.430826519,       3.241588005
          0,           0,        2785,       -1.29272612,       1.581049983,       1.435281593,       4.326037534,       1.420826011,       3.171247516
          0,           0,        2786,      -1.370588158,       1.571658832,       1.322486239,       4.255408247,        1.39317682,       3.013311345
          0,           0,        2787,       -1.33920577,       1.581774034,       1.343217316,       4.299266199,       1.374955291,       2.944471148
          0,           0,        2788,       -1.29602633,        1.59347739,       1.404459312,       4.319593414,       1.422783198,        3.09021178
          0,           0,        2789,      -1.283372408,       1.586110498,       1.469664792,       4.327579916,        1.42038911,       3.227670753
          0,           0,        2790,      -1.247632966,       1.587060638,       1.583464125,       4.362087938,       1.380389165,       3.234222693
          0,           0,        2791,      -1.240826636,       1.588087628,        1.51910788,       4.355960327,        1.36669145,        3.17871917
          0,           0,        2792,       -1.31251228,       1.586281826,       1.425572676,       4.306590253,       1.405590537,        3.16224361
          0,           0,        2793,      -1.352120784,       1.580414717,       1.362784761,       4.289271046,       1.402448682,       3.043931667
          0,           0,        2794,      -1.354275509,       1.574091761,        1.30524086,       4.267658494,         1.3676336,       3.015290774
          0,           0,        2795,      -1.307905009,       1.592568447,       1.375196163,        4.30641057,       1.361893825,       3.207490725
          0,           0,        2796,      -1.306119666,       1.594959576,       1.387586454,       4.335011102,       1.412427281,       3.285324289
          0,           0,        2797,      -1.291622581,       1.584652698,       1.539482061,       4.321000277,       1.402726608,       3.289473235
          0,           0,        2798,      -1.251368525,       1.575802995,       1.589525712,        4.34234982,       1.358888067,       3.201100949
          0,           0,        2799,      -1.282185916,       1.575797847,       1.413583241,       4.337761457,       1.348858887,       3.254587486
          0,           0,        2800,       -1.30918384,       1.587764393,       1.413814588,       4.309925189,       1.407838204,       3.164603922
          0,           0,        2801,      -1.343778223,       1.583239932,       1.353084246,       4.279424443,       1.404918216,       3.081338403
          0,           0,        2802,      -1.324655671,       1.592352167,       1.360767464,       4.309521891,       1.360205707,       3.044061736
          0,           0,        2803,      -1.281511981,       1.596539034,       1.419935099,       4.335213997,       1.348210808,       3.153138909
          0,           0,        2804,      -1.299048571,       1.594059913,       1.402356561,       4.322672869,       1.394311479,       3.203567434
          0,           0,        2805,       -1.29937948,       1.585916866,       1.537185095,       4.327836069,       1.392213779,        3.18709091
          0,           0,        2806,      -1.248014483,       1.578966244,       1.584504223,       4.346964899,       1.353175146,       3.244630435
          0,           0,        2807,      -1.277458201,       1.586199399,       1.430830584,       4.333197546,       1.347780543,       3.270764394
          0,           0,        2808,      -1.305313109,       1.591850888,       1.425479499,       4.335654542,       1.403758581,       3.191637552
          0,           0,        2809,      -1.330189985,       1.587692629,       1.377723812,       4.289771428,       1.395711413,       3.092099962
          0,           0,        2810,      -1.324759659,       1.580585875,       1.348895372,       4.289219929,       1.349725859,       3.002367718
          0,           0,        2811,      -1.335799267,       1.576702741,       1.327346064,         4.3040043,       1.341180757,       3.096985065
          0,           0,        2812,      -1.297576973,        1.58528403,       1.483293861,       4.316928776,       1.401409306,       3.132442172
          0,           0,        2813,      -1.241916707,       1.593125508,       1.556414402,       4.362692147,       1.398508003,       3.136976159
          0,           0,        2814,      -1.295758668,       1.582302435,       1.418699978,       4.337709337,       1.352024284,       3.226119454
          0,           0,        2815,      -1.356537175,       1.576542165,        1.35235566,       4.270963739,       1.340995177,       3.137934811
          0,           0,        2816,      -1.338773654,       1.582915275,       1.347064653,       4.281087379,        1.39241222,       2.992235181
          0,           0,        2817,      -1.309411513,       1.588691078,        1.37763192,       4.323928891,       1.391634852,       2.980555278
          0,           0,        2818,      -1.331705908,       1.586142503,       1.345314695,       4.285860478,       1.351198956,       3.040949418
          0,           0,        2819,      -1.291617021,        1.58875924,        1.55359629,       4.314788849,       1.354698529,       3.064199253
          0,           0,        2820,      -1.209041927,       1.595507473,       1.625511198,       4.401355759,       1.407694959,       3.114714369
          0,           0,        2821,      -1.268855488,       1.586233724,        1.44855085,       4.339939146,       1.397381414,       3.274044289
          0,           0,        2822,      -1.356743107,        1.57425514,       1.352610902,       4.267821666,       1.352011276,       3.237239825
          0,           0,        2823,       -1.35950255,       1.573493825,        1.32044631,       4.290076744,       1.343232919,       3.122020533
          0,           0,        2824,       -1.29601043,       1.596055214,       1.399058032,       4.322648037,       1.398850416,        3.03337066
          0,           0,        2825,       -1.29240269,       1.597656276,       1.406861966,       4.325693088,       1.393132428,       3.120643782
          0,           0,        2826,      -1.319324181,       1.597665892,       1.385219398,       4.319882766,       1.347343127,       3.154901471
          0,           0,        2827,      -1.312879823,       1.582832623,       1.524628217,       4.297036053,       1.335123302,       3.143461317
          0,           0,        2828,      -1.229377851,       1.586991219,       1.601068043,       4.366588701,       1.332107934,       3.218541543
          0,           0,        2829,      -1.423073475,       1.477418561,        1.36197292,        4.23211891,       1.098678538,       3.119653587
          0,           0,        2830,      -1.543363339,       1.176656758,       1.263045005,       4.096093408,       1.003646337,       2.948969245
          0,           0,        2831,      -1.674257853,       1.313564592,       1.150940096,       3.944396651,        1.01991545,       2.880365719
          0,           0,        2832,      -1.626957271,       1.068941968,       1.144995668,       3.987961976,       1.031777045,       2.839245297
          0,           0,        2833,      -1.620775386,       1.262455917,       1.120224299,       4.000179011,       1.043769098,       2.805619983
          0,           0,        2834,      -1.557827462,       1.231704196,       1.146932765,       4.144527992,       1.048476043,        2.77915106
          0,           0,        2835,      -1.528876304,       1.255652771,       1.160429569,       4.155733747,       1.064504848,       2.779142231
          0,           0,        2836,      -1.478510622,       1.379234787,       1.173671656,       4.208902421,       1.089874492,       2.852049877
          0,           0,        2837,       -1.45001657,       1.413178082,       1.202546044,       4.226648526,       1.079321471,        2.98449899
          0,           0,        2838,      -1.531317295,       1.232128844,       1.184448228,       4.144183306,       1.026757758,       2.861888377
          0,           0,        2839,      -1.604569094,       1.190419604,       1.079772993,       4.010251494,       1.022312559,       2.798406339
          0,           0,        2840,      -1.701436634,      0.9670196609,      0.9701098432,        3.90834523,       1.020652294,       2.757314024
          0,           0,        2841,       -1.66255745,       1.131917918,      0.9920278623,        3.97915277,       1.027760224,       2.783485434
          0,           0,        2842,      -1.613313101,       1.084375102,       1.032875243,       4.067993412,       1.035131604,       2.765275121
          0,           0,        2843,      -1.580038804,       1.188246122,       1.091054762,       4.087594893,       1.054341503,       2.795934503
          0,           0,        2844,       -1.48635498,       1.327104734,       1.178697957,       4.160613671,       1.083633533,        2.83076999
          0,           0,        2845,      -1.451317712,       1.348049972,       1.206867206,       4.212132698,       1.126669468,       2.813784253
          0,           0,        2846,      -1.371632122,       1.477958388,       1.325997616,       4.283398401,       1.189777747,       2.736703379
          0,           0,        2847,      -1.493766619,       1.365501188,       1.231468596,       4.120262563,       1.076557407,       2.517111051
          0,           0,        2848,      -1.579215654,      0.9972425309,       1.125774811,       4.051868598,       1.067857721,       2.405306768
          0,           0,        2849,      -1.633950334,       1.071730213,       1.067400693,       3.986400995,       1.073734497,       2.401915157
          0,           0,        2850,      -1.656099506,      0.8984077915,        1.03396737,       4.003105843,       1.079987048,        2.45425851
          0,           0,        2851,      -1.661534617,       1.127564824,       1.021334237,       4.060907789,       1.098654975,       2.516190186
          0,           0,        2852,      -1.507282649,       1.249253408,       1.259009002,        4.15081178,       1.120336499,       2.575560621
          0,           0,        2853,      -1.452216486,         1.2750762,        1.37906257,       4.220636805,       1.124470254,       2.679218434
          0,           0,        2854,      -1.588258135,       1.116421116,       1.202641399,       4.067243442,       1.104737193,       2.708907995
          0,           0,        2855,      -1.641369485,       0.905921607,       1.120276975,       3.972962851,       1.103482452,       2.600782926
          0,           0,        2856,      -1.707995946,      0.8002022881,       1.063595504,       3.908887446,       1.104041807,       2.565475681
          0,           0,        2857,      -1.749778036,      0.7735020616,       1.025091992,       3.858119769,       1.104589731,       2.543313935
          0,           0,        2858,      -1.755615572,      0.7623757346,       1.016066514,       3.846487471,       1.105101365,       2.528425592
          0,           0,        2859,      -1.770535445,      0.7520021116,       1.000746741,       3.821461117,       1.105668632,       2.514677207
          0,           0,        2860,      -1.786304056,      0.7431672724,      0.9843888323,       3.793575465,       1.106380414,       2.503504962
          0,           0,        2861,      -1.807116824,      0.7326144248,      0.9582367173,       3.812905418,       1.107285719,       2.492136201
          0,           0,        2862,      -1.834062505,      0.7221146449,      0.9221860288,       3.807010773,       1.108434058,       2.481162006
          0,           0,        2863,      -1.865751045,      0.7138823967,      0.8766830462,       3.743421274,       1.109794269,       2.471815026
          0,           0,        2864,      -1.924441456,      0.6941581006,      0.7944604205,        3.66340139,       1.111639769,       2.465755497
          0,           0,        2865,       -2.00632496,      0.6774492857,      0.6581212876,       3.593306055,       1.113952723,       2.468175325
          0,           0,        2866,      -1.900836285,      0.7155606237,      0.7757499055,       3.737006567,       1.116716969,       2.486183323
          0,           0,        2867,      -1.661758672,       1.028887202,        1.09721758,       3.963179652,       1.119791291,       2.492836698
          0,           0,        2868,      -1.674526381,      0.8590003693,       1.051691059,       3.959732611,       1.123536882,       2.552132489
          0,           0,        2869,       -1.61986881,      0.8242216518,       1.088086114,       4.027302195,       1.127664956,       2.569806378
          0,           0,        2870,      -1.645027189,      0.7632065583,       1.049708551,       4.081579612,       1.131068129,       2.580888079
          0,           0,        2871,      -1.684109172,      0.7381447209,       1.010605734,        4.05709268,       1.133666672,       2.613669647
          0,           0,        2872,      -1.618170185,      0.7877987147,       1.086970204,       4.059880225,       1.135985268,       2.612713498
          0,           0,        2873,      -1.605874172,      0.8062926677,       1.099084881,       4.069005202,       1.141043527,       2.612861981
          0,           0,        2874,      -1.487556974,       1.082702228,       1.263672414,       4.179471955,       1.209822247,       2.705196801
          0,           0,        2875,      -1.456784524,       1.190999584,       1.297079049,       4.201859303,       1.215929894,       2.769003468
          0,           0,        2876,      -1.343506575,       1.359704337,       1.545922637,       4.265837723,       1.293105069,       2.805410717
          0,           0,        2877,      -1.257630982,       1.428236313,       1.569424037,       4.349910915,       1.344894794,       3.048957268
          0,           0,        2878,      -1.307456256,       1.525740719,       1.471586232,       4.340319616,       1.332143289,        3.22622625
          0,           0,        2879,      -1.453717052,       1.420191486,       1.330552296,       4.218902023,       1.182951639,       3.140863587
          0,           0,        2880,      -1.578742622,       1.162013096,       1.210155264,       4.066561666,       1.148668558,       2.985805275
          0,           0,        2881,      -1.608471782,       1.062055901,       1.171058917,       4.010130055,       1.158529878,       2.893178091
          0,           0,        2882,      -1.611151277,      0.9337395706,       1.123601466,       4.011600417,       1.159846304,       2.842830625
          0,           0,        2883,      -1.649680564,      0.9169655958,       1.070933829,       4.008671588,       1.157046029,       2.846309254
          0,           0,        2884,      -1.634953136,      0.8630019342,       1.070586205,       4.094333661,       1.151788688,       2.892774908
          0,           0,        2885,      -1.587931109,      0.9051363873,       1.108964334,       4.112231612,       1.146082623,       2.959894516
          0,           0,        2886,      -1.526622949,      0.9330388055,       1.178627365,        4.16880181,       1.146429307,       3.018612975
          0,           0,        2887,      -1.515782097,       1.079938621,       1.189765756,       4.178240461,       1.156572422,       3.052177694
          0,           0,        2888,      -1.409020758,       1.363287514,       1.328089426,       4.232791623,       1.263666361,       3.031558017
          0,           0,        2889,      -1.387977322,       1.420389899,         1.3472226,       4.251436919,       1.307111837,       3.019487504
          0,           0,        2890,        -1.2985235,       1.532701497,        1.50755646,       4.327276985,       1.369075938,       2.989896295
          0,           0,        2891,      -1.233667927,       1.548104625,       1.617650929,       4.368607726,       1.335805412,       3.093150685
          0,           0,        2892,      -1.385446301,       1.437777764,        1.35843605,       4.242439999,         1.1742675,       3.121982998
          0,           0,        2893,      -1.532452088,       1.357131116,       1.256420557,       4.106430065,       1.164953616,       2.955240253
          0,           0,        2894,      -1.580072036,       1.184321605,       1.159742299,       4.068958278,       1.149462731,        2.94313191
          0,           0,        2895,       -1.54059449,       1.267674771,       1.139087073,       4.127242627,       1.154155472,        2.89205868
          0,           0,        2896,      -1.544071674,        1.38275962,       1.089295042,       4.128421263,       1.177663795,       2.811059093
          0,           0,        2897,      -1.537726297,        1.41020802,       1.072195308,       4.142811094,        1.21454845,       2.763593789
          0,           0,        2898,      -1.425610016,       1.509339479,       1.244362983,         4.2288346,       1.324029719,       2.894665136
          0,           0,        2899,      -1.358020248,       1.537904692,       1.320458525,       4.276204419,       1.375030174,       2.940465573
          0,           0,        2900,      -1.290799493,        1.56741368,       1.561037602,       4.316377853,       1.404926638,       2.888240018
          0,           0,        2901,      -1.206215055,        1.58111864,       1.640667074,       4.387931481,       1.342722767,       3.161381079
          0,           0,        2902,      -1.386068188,        1.45588257,       1.393344261,       4.236021394,       1.190067282,       3.115140923
          0,           0,        2903,      -1.529444274,       1.374120733,       1.265792756,       4.104256169,       1.143782527,       2.921189481
          0,           0,        2904,      -1.607565604,       1.043169816,       1.196478511,       3.995577764,       1.144859563,       2.831975825
          0,           0,        2905,      -1.627661464,       1.105155262,       1.135572265,       3.970230477,       1.147655332,       2.777699429
          0,           0,        2906,      -1.611506792,       0.993190103,       1.124242295,       4.028366479,       1.145845983,       2.760381903
          0,           0,        2907,      -1.576755857,       1.066959106,       1.129786165,       4.063852231,       1.146247916,       2.722371328
          0,           0,        2908,      -1.623696632,       1.029294051,       1.052015021,       4.091261702,       1.147439049,       2.723726064
          0,           0,        2909,      -1.632618234,       1.169352905,       1.036700331,       4.115656622,       1.154991864,       2.785605947
          0,           0,        2910,      -1.519719883,       1.360563578,       1.133497155,         4.1609177,       1.187323131,       2.892119928
          0,           0,        2911,      -1.382502419,       1.426719667,       1.313506002,       4.255679079,       1.251493111,       2.955392408
          0,           0,        2912,      -1.372626356,       1.508068779,       1.315598082,       4.282597229,       1.255483485,       2.953462148
          0,           0,        2913,      -1.519375213,       1.377287753,       1.144052346,       4.137286024,       1.193237842,       2.811345139
          0,           0,        2914,      -1.510566917,        1.35944898,       1.169935355,        4.16264566,       1.227110946,       2.767040927
          0,           0,        2915,      -1.457196938,       1.420466248,       1.257168862,       4.204994826,       1.291290896,       2.729381262
          0,           0,        2916,      -1.339808107,       1.497822736,       1.510976241,       4.300368912,       1.333580586,       2.833659891
          0,           0,        2917,      -1.263521914,       1.522881969,        1.58115413,       4.355895876,       1.313146304,       3.126940129
          0,           0,        2918,      -1.395905014,       1.430274152,       1.395396662,       4.242845386,       1.213359686,       3.126750006
          0,           0,        2919,      -1.563485746,       1.347287069,       1.237944878,       4.082906201,       1.194258504,       2.976713841
          0,           0,        2920,      -1.625438982,      0.9837769403,       1.181995783,       3.980684083,       1.197526584,       2.897850386
          0,           0,        2921,      -1.708915449,       1.023699529,         1.0898708,       3.898807723,       1.200940321,       2.857674043
          0,           0,        2922,      -1.659743694,      0.9683784731,       1.092029662,       3.984662646,        1.20180137,       2.818029074
          0,           0,        2923,      -1.582238005,        1.10939615,       1.168851503,       4.049122114,       1.203200886,       2.794458892
          0,           0,        2924,      -1.548759447,       1.010531267,       1.175759951,       4.122630258,       1.203965353,       2.802708601
          0,           0,        2925,      -1.552952436,       1.069102896,       1.158046893,       4.151845422,        1.20764871,       2.873707094
          0,           0,        2926,      -1.538219993,        1.17633794,       1.155156692,       4.184933509,        1.21877724,       2.991935801
          0,           0,        2927,      -1.506333387,       1.264655806,       1.179539577,       4.174178466,       1.250049618,       3.064816512
          0,           0,        2928,      -1.411946521,       1.464980918,       1.286889522,       4.240470634,       1.304912892,       3.031680862
          0,           0,        2929,       -1.34170159,       1.509973776,        1.36292211,       4.291377972,       1.404730315,       2.982801395
          0,           0,        2930,      -1.326234925,       1.541414493,       1.365668674,       4.304543006,       1.417797113,       2.942106986
          0,           0,        2931,      -1.334613196,       1.543983729,       1.346820691,       4.299748203,       1.408641101,       2.881444294
          0,           0,        2932,      -1.337351955,       1.543720785,        1.48560383,       4.304281727,        1.38692634,       2.797901221
          0,           0,        2933,      -1.310895542,       1.539040562,       1.512867057,       4.323351014,        1.35383881,       2.994777267
          0,           0,        2934,       -1.32672999,       1.554083298,        1.42807914,       4.297213594,       1.336734123,        3.17847277
          0,           0,        2935,      -1.338547622,       1.558346176,       1.397579523,       4.288700167,       1.377233893,       3.233626036
          0,           0,        2936,      -1.351764795,       1.561029327,       1.330480124,       4.293639633,       1.366580492,       3.188736678
          0,           0,        2937,      -1.386235092,       1.550183088,        1.23782072,       4.239730752,       1.298849649,       3.104468286
          0,           0,        2938,      -1.470650158,       1.439598818,       1.183493792,       4.169651742,       1.212885788,       3.011168845
          0,           0,        2939,      -1.418207774,       1.481182927,       1.376177968,       4.234788812,       1.262716408,       2.996784783
          0,           0,        2940,      -1.283762478,       1.546725413,       1.560908063,       4.322601505,       1.235608575,       3.027694973
          0,           0,        2941,      -1.402752003,         1.4484249,        1.37331191,        4.21136643,       1.107245157,       2.951472906
          0,           0,        2942,      -1.452440801,       1.415300012,       1.336087672,       4.167055636,        1.10706015,       2.889808945
          0,           0,        2943,      -1.502176275,       1.385263586,       1.300259328,       4.106176492,       1.107184337,       2.820462111
          0,           0,        2944,      -1.612270018,       1.341352488,       1.202492934,       4.005245261,       1.107567853,       2.747481891
          0,           0,        2945,      -1.660637518,        1.26756849,       1.169992608,       3.950155209,        1.10784177,        2.68062508
          0,           0,        2946,      -1.730517523,       1.120628423,       1.123608727,       3.887425267,       1.107574189,       2.626955853
          0,           0,        2947,      -1.738359617,       1.058745615,        1.09494297,       3.869572146,       1.107340428,       2.581040959
          0,           0,        2948,      -1.786011309,       1.034236003,       1.041750877,       3.826406375,       1.107301657,       2.567631709
          0,           0,        2949,      -1.766678196,       1.022609126,       1.016750849,       3.846779872,       1.107621051,       2.577878892
          0,           0,        2950,      -1.770089315,       1.007281426,      0.9796934397,       3.862710277,       1.108323702,       2.595968938
          0,           0,        2951,      -1.614964274,       1.014824342,       1.105821007,       4.026112349,       1.109441914,       2.617176692
          0,           0,        2952,      -1.579353741,       1.008407598,       1.137735597,       4.075389511,       1.110541138,       2.635384763
          0,           0,        2953,      -1.562813154,       1.009003162,       1.142579997,       4.098395436,       1.111009566,       2.669181329
          0,           0,        2954,      -1.579755332,      0.9872799369,       1.114731651,       4.070828368,       1.108757668,       2.711469632
          0,           0,        2955,      -1.579154444,       1.004580133,       1.103576102,       4.084205041,       1.105242397,       2.746953597
          0,           0,        2956,      -1.540269334,        1.07570193,       1.167150583,        4.12631307,       1.112738202,       2.833434572
          0,           0,        2957,      -1.474297376,       1.221210351,         1.2360653,       4.170283744,       1.136554299,        2.89030613
          0,           0,        2958,      -1.349243212,       1.476288168,       1.382972308,       4.265851582,        1.29467702,        2.86137515
          0,           0,        2959,      -1.325589434,       1.515430984,       1.381677495,       4.313639855,       1.347176499,       2.872035288
          0,           0,        2960,      -1.309571376,        1.54898989,       1.476914653,       4.327660507,       1.374056598,       2.837484286
          0,           0,        2961,      -1.270273823,       1.544777412,       1.562337315,       4.347041637,       1.354982927,       2.977722949
          0,           0,        2962,      -1.286066744,       1.548127293,       1.480920332,       4.330892021,       1.361113133,       3.212019587
          0,           0,        2963,       -1.34120006,       1.545605699,       1.386943432,       4.261064321,       1.346589104,       3.273411289
          0,           0,        2964,      -1.358433718,       1.549301284,       1.339240304,       4.271361356,       1.307494929,       3.232556697
          0,           0,        2965,      -1.333626681,       1.554136223,       1.346907487,       4.314062552,       1.311202934,       3.141301631
          0,           0,        2966,      -1.307888818,       1.579873171,       1.384709589,       4.313204911,       1.383450132,       3.094883917
          0,           0,        2967,      -1.281450376,       1.580407589,       1.560049056,       4.320012748,        1.37163327,       3.135152546
          0,           0,        2968,       -1.21921767,       1.578350057,       1.620650885,       4.382838887,       1.327304398,       3.199628665
          0,           0,        2969,      -1.252129069,        1.57446803,       1.480519821,       4.344854175,       1.325343452,       3.274685115
          0,           0,        2970,      -1.300164212,       1.586009559,       1.457634126,       4.301705913,        1.38808801,       3.267493326
          0,           0,        2971,      -1.330039025,       1.580076978,       1.394213261,       4.297010716,       1.377830116,       3.066071168
          0,           0,        2972,      -1.355084439,        1.57032573,       1.308622518,       4.262277222,       1.327996082,       2.959024975
          0,           0,        2973,      -1.342468595,       1.567965641,       1.318893542,        4.27576981,       1.314719615,        3.18657336
          0,           0,        2974,      -1.300945439,       1.591473787,       1.391970854,       4.311815558,       1.383369004,       3.279788275
          0,           0,        2975,      -1.324894992,       1.583072244,       1.433294661,       4.279863157,       1.377984175,       3.303496435
          0,           0,        2976,      -1.284113309,       1.572799966,       1.576794605,       4.302939528,       1.329151879,       3.213937534
          0,           0,        2977,      -1.263145194,       1.569668637,       1.504201642,       4.316899412,       1.321561927,       3.251853437
          0,           0,        2978,      -1.252053972,       1.586901657,        1.48903256,       4.341023598,       1.391132035,       3.294667714
          0,           0,        2979,      -1.322332118,       1.581819317,        1.39224833,       4.305350916,       1.381845184,       3.205627725
          0,           0,        2980,      -1.348406487,       1.585308317,       1.329522394,       4.281166135,       1.329547327,       3.131890816
          0,           0,        2981,       -1.31616447,       1.592342795,       1.372268435,       4.314160329,       1.317629684,       3.181313512
          0,           0,        2982,      -1.284077688,       1.592474054,       1.400618462,       4.326975062,       1.375705986,       3.250487618
          0,           0,        2983,      -1.308944493,       1.583468547,       1.435639326,       4.309202863,       1.368297496,        3.24689141
          0,           0,        2984,      -1.286205826,       1.572526696,       1.572546719,       4.324454628,       1.315511237,       3.189988061
          0,           0,        2985,       -1.23814246,        1.59247672,       1.535632247,        4.35590893,       1.308853866,        3.25955915
          0,           0,        2986,       -1.25729958,       1.601333701,       1.497218184,       4.342793505,       1.379237347,       3.290774293
          0,           0,        2987,      -1.309553435,       1.587961506,       1.411832004,        4.31408186,        1.36876286,       3.182617063
          0,           0,        2988,      -1.359750093,       1.575801927,       1.296138919,       4.260440664,       1.315209448,       3.131302104
          0,           0,        2989,      -1.363051151,       1.573289498,       1.280457998,       4.251583412,       1.306856932,       3.201686296
          0,           0,        2990,      -1.300570297,       1.597378532,       1.394126945,       4.312132812,       1.375879911,       3.255853914
          0,           0,        2991,      -1.294203579,       1.590491268,       1.471233897,       4.316523713,       1.371977261,       3.247833118
          0,           0,        2992,      -1.255729906,       1.578239079,       1.592530032,       4.347414624,        1.31592578,       3.220820921
          0,           0,        2993,      -1.261686007,       1.573362829,       1.500323682,       4.347311318,       1.301165778,       3.295319511
          0,           0,        2994,      -1.312091818,       1.586263764,       1.428450434,       4.283415941,       1.365901057,       3.324426397
          0,           0,        2995,      -1.306813008,       1.596743887,        1.43020119,       4.288776759,       1.363030066,       3.221211577
          0,           0,        2996,      -1.312547701,       1.594142301,       1.389751199,       4.308055883,       1.316206832,       3.115046137
          0,           0,        2997,      -1.340270293,       1.586438688,       1.344509148,       4.276486198,       1.307597697,       3.168586686
          0,           0,        2998,      -1.322030055,        1.59435002,       1.373138305,       4.288239543,       1.374503834,       3.241610723
          0,           0,        2999,      -1.309623777,        1.58811863,        1.45901791,       4.319067553,       1.371581855,       3.201286227
