"Time_Iter","Outer_Iter","Inner_Iter",    "rms[Rho]"    ,    "rms[RhoU]"   ,    "rms[RhoV]"   ,    "rms[RhoE]"   ,     "rms[k]"     ,     "rms[w]"     
          0,           0,           0,      0.2529812846,       3.179753209,       2.465153107,         5.7521291,       3.721997911,       3.918343742
          0,           0,           1,     0.07953782328,       3.000048535,       2.299875472,       5.579429016,       3.597254872,       3.497119294
          0,           0,           2,    -0.07547725915,       2.831201687,       2.158690977,       5.427049699,       3.467551833,       3.124810108
          0,           0,           3,     -0.1814611125,       2.703631489,       2.059421702,       5.325593272,       3.345495585,         2.9338563
          0,           0,           4,      -0.276290191,       2.582435361,       1.963812743,       5.232871306,        3.23429912,       2.884484851
          0,           0,           5,     -0.3731585618,       2.455031708,        1.88815744,       5.127089096,       3.140876318,        2.89695382
          0,           0,           6,     -0.4641866492,        2.32761561,       1.834080103,       5.028669263,       3.067925917,       2.952620445
          0,           0,           7,      -0.543012036,       2.209406101,       1.824895932,       4.944024611,       3.015024459,       3.201802866
          0,           0,           8,     -0.6249936567,       2.095446026,       1.752252239,       4.859319983,       2.969839662,       3.402489822
          0,           0,           9,     -0.7170676044,        1.99542176,        1.68446175,       4.743873349,       2.937097889,       3.460026437
          0,           0,          10,     -0.8013560904,       1.900499834,       1.601182407,        4.64862004,       2.913446716,       3.387542389
          0,           0,          11,     -0.8599857543,       1.835973604,       1.549990626,       4.593547964,       2.895202316,       3.267316412
          0,           0,          12,     -0.9079303635,        1.79245512,       1.495959342,        4.58805935,       2.879276916,       3.208403862
          0,           0,          13,      -0.950824093,       1.771444062,       1.477699499,        4.50788232,       2.864116612,       3.171736991
          0,           0,          14,     -0.9827708393,       1.754994455,       1.586299702,       4.473195642,       2.850211771,       3.155459213
          0,           0,          15,     -0.9914517944,       1.754045411,       1.627036768,       4.481367149,       2.838612838,       3.184364983
          0,           0,          16,      -1.017683969,       1.754063138,       1.502062329,       4.522445185,       2.829601341,       3.211654264
          0,           0,          17,      -1.042778711,       1.762138879,       1.475145092,        4.46876169,       2.822877456,       3.034275036
          0,           0,          18,      -1.051689872,       1.759389923,       1.465893964,       4.461693137,       2.817494677,       2.954031073
          0,           0,          19,      -1.061772126,        1.74793948,       1.438237397,       4.453656408,       2.812680684,       3.124324163
          0,           0,          20,      -1.075761919,       1.734531067,       1.422912434,       4.508066953,        2.80790538,       3.314041488
          0,           0,          21,      -1.087177336,        1.72535074,       1.457450731,       4.458311493,       2.802879402,       3.395468437
          0,           0,          22,       -1.09398282,        1.70913008,       1.561248449,       4.444755633,       2.797385968,        3.38201016
          0,           0,          23,      -1.090853402,       1.696398402,       1.599201679,       4.440341398,       2.791485362,       3.378465277
          0,           0,          24,      -1.137465038,       1.683511582,       1.447929407,       4.469613092,       2.785222156,       3.281614063
          0,           0,          25,      -1.164551061,       1.676878302,       1.409047359,        4.39346054,       2.778761313,       3.200072895
          0,           0,          26,       -1.17357782,       1.672511417,       1.376014833,       4.369950404,       2.772101832,       3.246046537
          0,           0,          27,      -1.162198183,       1.677402722,       1.401075175,       4.373731681,       2.765371658,       3.374688545
          0,           0,          28,      -1.143424922,        1.68115787,       1.502271155,       4.467569614,       2.758603417,       3.471310706
          0,           0,          29,       -1.11580686,       1.676341115,       1.609189381,       4.443730885,       2.751855663,       3.462964868
          0,           0,          30,      -1.124094109,        1.66773402,       1.508066014,       4.425187517,       2.745081657,       3.379118654
          0,           0,          31,      -1.158813908,       1.662399072,       1.432792529,       4.379688795,       2.738336252,       3.274345377
          0,           0,          32,      -1.178488233,       1.657132073,       1.382888145,       4.434629996,       2.731571963,       3.228103509
          0,           0,          33,      -1.184943934,       1.660844255,       1.374432398,       4.371901049,       2.724807673,       3.265277228
          0,           0,          34,      -1.194225902,       1.653528287,       1.355184386,       4.347714014,       2.717942701,       3.391145329
          0,           0,          35,       -1.19846228,       1.651091356,       1.342607099,       4.323626633,       2.711009318,         3.4381047
          0,           0,          36,      -1.162596431,       1.648156862,       1.564488513,       4.435303599,       2.703869903,       3.424461845
          0,           0,          37,      -1.126486192,       1.643691926,       1.618030796,       4.421888853,       2.696516848,       3.309939881
          0,           0,          38,      -1.147734351,       1.639817197,       1.454056531,       4.389202171,       2.688956407,       3.289217747
          0,           0,          39,      -1.166411136,       1.645922327,        1.45075918,       4.356767155,       2.681353499,       3.164403018
          0,           0,          40,       -1.17214058,       1.646175581,       1.429221228,       4.403588922,       2.673484312,       3.073445459
          0,           0,          41,      -1.195489445,        1.63368232,       1.349774953,       4.337988762,       2.665542055,       3.074382778
          0,           0,          42,      -1.188717385,       1.633009663,       1.367582081,       4.341318348,       2.657719589,       3.169304354
          0,           0,          43,      -1.171217873,       1.643164226,         1.4492365,       4.421370553,       2.650320396,       3.199012078
          0,           0,          44,      -1.167689956,        1.63556553,       1.564452555,       4.384567755,       2.643028904,       3.166156191
          0,           0,          45,      -1.148174069,       1.627747644,        1.59548234,       4.380511695,       2.635854506,       3.239289471
          0,           0,          46,      -1.187116436,       1.629082788,       1.418945619,       4.328758798,       2.629028619,       3.264664214
          0,           0,          47,      -1.182976435,       1.639609008,       1.445402961,       4.343346236,       2.622639633,       3.178772758
          0,           0,          48,       -1.20099664,       1.632072935,       1.384456607,       4.396851782,       2.616436665,       3.081621434
          0,           0,          49,      -1.210307762,       1.632656903,       1.326327581,       4.335901696,       2.610499526,        3.02200145
          0,           0,          50,      -1.212115606,       1.638194827,       1.360684416,       4.309954704,       2.604624481,       3.134394183
          0,           0,          51,      -1.165355893,        1.64570485,       1.576196357,       4.399559223,       2.598931929,       3.166950681
          0,           0,          52,      -1.139321568,       1.643998491,       1.573137217,       4.410283798,       2.593397533,       3.188115314
          0,           0,          53,      -1.168275005,        1.64776908,       1.479920506,       4.372380938,        2.58764995,       3.243532471
          0,           0,          54,      -1.206839826,       1.641325836,       1.404182095,       4.400886339,       2.582016218,       3.140373248
          0,           0,          55,      -1.222795097,       1.643574546,       1.331969786,       4.338650229,       2.576076879,       3.018138541
          0,           0,          56,      -1.237813548,       1.635839351,       1.294608347,       4.300391722,       2.569997427,       3.061010035
          0,           0,          57,      -1.214779547,       1.650177373,       1.363721555,        4.39278307,       2.563669472,       3.142352394
          0,           0,          58,      -1.190394314,       1.644294638,        1.56529151,       4.382489586,       2.557226122,       3.156270378
          0,           0,          59,      -1.159843994,       1.643211509,       1.608427574,       4.392166789,       2.550386613,       3.148658948
          0,           0,          60,       -1.21009709,       1.635655618,        1.40701865,       4.394898834,       2.543508473,       3.277521768
          0,           0,          61,      -1.222192447,       1.649888688,       1.414281674,       4.350662962,       2.536528809,       3.217364734
          0,           0,          62,      -1.221165837,       1.643249181,       1.390930415,       4.336393972,       2.529512749,       3.102165523
          0,           0,          63,      -1.207335631,       1.649096016,       1.407148595,       4.404930783,       2.522682988,       3.052926241
          0,           0,          64,      -1.218861419,       1.647329344,        1.38318795,        4.35123655,       2.516237949,       3.112489801
          0,           0,          65,      -1.232132511,       1.642599354,       1.389530674,       4.309748505,       2.510233787,       3.122059775
          0,           0,          66,      -1.212823697,       1.636005766,       1.526814656,       4.392969726,       2.504894251,       3.088633605
          0,           0,          67,      -1.181421952,       1.632951624,       1.582626737,       4.384191791,       2.500516807,       3.233204398
          0,           0,          68,      -1.208451277,         1.6308979,       1.413975479,       4.326973634,       2.497111463,       3.286524335
          0,           0,          69,        -1.2086461,       1.641584717,       1.431800106,       4.387849978,       2.494726469,       3.208724158
          0,           0,          70,       -1.21725522,       1.634674631,       1.395267263,       4.358052447,       2.493419405,        3.11028308
          0,           0,          71,      -1.213869983,       1.633372807,       1.383920363,       4.337850247,       2.493299111,       3.012280208
          0,           0,          72,       -1.22155411,       1.628223828,       1.393959254,       4.379361151,       2.493950527,       3.075068261
          0,           0,          73,      -1.180616392,       1.642075433,       1.589715042,       4.364122735,       2.495515485,       3.105818893
          0,           0,          74,       -1.17181696,       1.632657695,       1.541200038,       4.369000691,       2.497626143,       3.186851882
          0,           0,          75,      -1.171181576,       1.644642414,       1.517372541,       4.427752478,        2.50068652,         3.2743187
          0,           0,          76,      -1.220628405,       1.634466756,       1.426536131,       4.356337296,       2.503421087,       3.171069233
          0,           0,          77,      -1.251935699,       1.624920975,       1.336470203,       4.309467811,       2.506209021,       3.041119459
          0,           0,          78,      -1.269641372,       1.619950628,       1.280964055,       4.353115861,       2.508658526,       3.074919809
          0,           0,          79,      -1.255591583,       1.621658881,       1.320906114,       4.318510523,       2.511122683,       3.149139128
          0,           0,          80,      -1.229811723,        1.62053667,       1.517322327,       4.330718332,       2.512916143,        3.17255441
          0,           0,          81,      -1.170045496,       1.622939581,       1.618867309,       4.434438549,       2.514227754,       3.124901779
          0,           0,          82,      -1.203198929,       1.619431006,       1.459484995,       4.379431734,       2.514623515,       3.272441776
          0,           0,          83,      -1.239570439,       1.626427511,       1.426261483,       4.341161584,       2.514389923,        3.26152944
          0,           0,          84,      -1.239771316,       1.636011026,       1.429673536,        4.38698319,       2.513456886,       3.177301535
          0,           0,          85,      -1.256745529,       1.625417208,       1.365850439,       4.334677648,       2.512044241,        3.09453212
          0,           0,          86,      -1.264238259,       1.614567078,       1.341317486,         4.3110902,       2.509750461,       3.155906582
          0,           0,          87,      -1.269398571,       1.610672687,       1.328650603,       4.373061268,        2.50696636,       3.199713655
          0,           0,          88,      -1.257475844,       1.605588312,       1.534384908,        4.33756669,       2.503623891,        3.19225803
          0,           0,          89,      -1.186375691,        1.61810551,       1.615520329,       4.379486299,       2.500246852,       3.235356469
          0,           0,          90,      -1.219927344,       1.614950162,       1.456900085,       4.397489329,       2.496487895,       3.317799849
          0,           0,          91,      -1.268084843,       1.610965693,       1.396052983,       4.333037408,       2.492681491,       3.265140464
          0,           0,          92,      -1.265957301,       1.613891161,       1.375507602,       4.310753657,       2.488696826,       3.154112904
          0,           0,          93,      -1.266696394,       1.618109847,       1.362186003,       4.364763607,       2.484879135,       3.079609664
          0,           0,          94,      -1.279888191,       1.612983003,        1.32222166,       4.311296569,       2.480960931,       3.164284315
          0,           0,          95,      -1.279348133,        1.60990826,       1.330004714,       4.297345187,        2.47708014,       3.225644085
          0,           0,          96,      -1.230702371,       1.612599918,        1.55196329,       4.389069885,       2.473007885,       3.202563544
          0,           0,          97,      -1.183328048,       1.619846084,       1.611391752,       4.395716027,       2.468909687,       3.255879902
          0,           0,          98,      -1.240847319,       1.609403551,       1.408084881,        4.32417979,       2.464357785,       3.298563894
          0,           0,          99,      -1.287994661,       1.608984704,       1.355761692,       4.348038661,       2.459321031,       3.204584716
          0,           0,         100,      -1.295822805,       1.607109578,       1.313808779,       4.301335576,       2.453660918,       3.084764863
          0,           0,         101,      -1.253823823,       1.613795732,        1.37112813,       4.323326606,       2.447427492,       3.030688182
          0,           0,         102,      -1.261711724,       1.621991267,       1.357532092,       4.370506262,       2.439822431,       3.169837027
          0,           0,         103,      -1.262115048,       1.624809078,       1.402285561,       4.338359502,       2.431109269,       3.213042621
          0,           0,         104,      -1.243030775,       1.617324416,       1.534942099,       4.337421721,       2.421095985,       3.198859708
          0,           0,         105,      -1.216424306,       1.614445964,       1.582035636,        4.40079235,       2.409529812,       3.236749479
          0,           0,         106,      -1.260144553,       1.610209876,       1.389432009,       4.324793605,       2.396308874,       3.265214084
          0,           0,         107,      -1.276974026,        1.62022732,       1.392596724,       4.304139362,       2.381361352,       3.135413935
          0,           0,         108,      -1.296608573,       1.618833125,       1.360931439,       4.353670625,       2.364519742,         3.0467411
          0,           0,         109,      -1.290541716,       1.621139665,       1.350789531,       4.316190362,       2.346180687,       3.017353995
          0,           0,         110,      -1.277136731,       1.620591643,       1.379920926,       4.308525666,       2.325672222,       3.137493929
          0,           0,         111,      -1.247132868,       1.612154081,       1.552420424,       4.389088943,       2.303180648,       3.159428089
          0,           0,         112,      -1.228955287,       1.607970171,       1.530265841,       4.369078034,       2.279584838,       3.164984351
          0,           0,         113,      -1.240042082,       1.625181596,       1.477278942,       4.343293391,       2.256023466,       3.232113542
          0,           0,         114,      -1.275421123,       1.617782497,       1.423932761,       4.372418392,         2.2301965,       3.139124325
          0,           0,         115,      -1.302406876,        1.60951806,       1.338874117,        4.32251792,        2.20395025,       3.033465509
          0,           0,         116,      -1.325257181,       1.602686303,       1.279789437,       4.287296139,       2.178396675,        3.06935611
          0,           0,         117,      -1.271614513,       1.618243102,       1.388828668,       4.377873335,       2.156646031,       3.152686636
          0,           0,         118,      -1.241913355,       1.614718124,       1.567511487,       4.366628091,       2.135037718,       3.180734255
          0,           0,         119,      -1.210517484,       1.606293386,        1.60774229,       4.372017129,       2.115385085,       3.158395497
          0,           0,         120,      -1.246267372,       1.614128975,       1.447535565,       4.392558937,       2.099887851,       3.261859104
          0,           0,         121,      -1.244368816,       1.630522933,        1.48304769,       4.366330222,        2.09267382,        3.18967921
          0,           0,         122,      -1.282543372,       1.618491845,       1.413793844,       4.322067602,       2.085737734,        3.08780952
          0,           0,         123,      -1.309637543,       1.607414243,        1.34356069,       4.346924191,       2.080893693,        3.03632343
          0,           0,         124,      -1.318483767,       1.602406143,       1.311680149,       4.307266456,       2.080315768,       3.126074582
          0,           0,         125,      -1.258643195,       1.620674077,        1.44750166,       4.345006837,       2.084687528,       3.164792544
          0,           0,         126,      -1.252414398,       1.611006599,       1.549668714,       4.395259581,        2.08655694,       3.133593434
          0,           0,         127,      -1.217484007,       1.603381777,       1.594556205,       4.379047396,       2.088738343,       3.229466159
          0,           0,         128,      -1.284024592,       1.597264399,       1.389387301,       4.304149287,       2.091091249,       3.259181829
          0,           0,         129,      -1.281524837,       1.621569294,       1.434792463,       4.358856228,       2.096417944,       3.169449063
          0,           0,         130,      -1.300383413,        1.61077349,        1.38942919,       4.323572922,       2.098110809,       3.067835615
          0,           0,         131,      -1.332976285,       1.600109633,       1.301924405,       4.274616578,       2.097373545,       3.005230246
          0,           0,         132,      -1.311882471,       1.604087054,       1.377591649,       4.350772121,       2.096749663,       3.097165446
          0,           0,         133,      -1.211906624,        1.62890716,       1.614278099,       4.390564856,       2.098971308,       3.128477847
          0,           0,         134,      -1.220511631,        1.61374259,       1.546393495,       4.375691717,       2.096298293,       3.182737178
          0,           0,         135,      -1.300260888,       1.605084311,       1.421453665,       4.349039635,       2.092592761,       3.258177837
          0,           0,         136,      -1.312685574,       1.599418121,       1.385591862,       4.306371097,       2.089744994,       3.151485289
          0,           0,         137,      -1.262133265,       1.613321396,       1.427596079,       4.337026766,       2.088691904,        3.03169596
          0,           0,         138,      -1.298981838,       1.603607252,       1.354250773,       4.370177827,       2.084515623,       3.089977771
          0,           0,         139,      -1.318467239,       1.597395794,        1.30703322,       4.313362295,       2.080146713,       3.162345641
          0,           0,         140,      -1.309891542,       1.598070668,       1.493119862,       4.295585911,        2.07512976,       3.185016609
          0,           0,         141,      -1.192156033,       1.620707205,       1.634714644,       4.428118518,       2.073511895,       3.133660327
          0,           0,         142,      -1.226822679,       1.617338143,       1.491488232,       4.382049087,       2.067075431,       3.264773116
          0,           0,         143,      -1.366867053,       1.476843727,        1.40135596,       4.244243152,       2.060100291,       3.149313852
          0,           0,         144,      -1.455191901,       1.386562899,       1.299094501,       4.212884583,       2.058987071,       3.005762477
          0,           0,         145,      -1.460948299,       1.306662386,       1.245376587,       4.178675634,       2.058060387,       2.986838952
          0,           0,         146,      -1.457785087,       1.341645568,        1.22539586,       4.166543884,       2.056292706,       2.971216281
          0,           0,         147,      -1.433200943,       1.467217277,       1.205038532,       4.268367701,       2.054572799,       3.015834887
          0,           0,         148,      -1.401436621,       1.493298735,       1.214032047,       4.254067658,       2.052820443,       3.120796939
          0,           0,         149,      -1.334235413,       1.556808092,       1.316348216,       4.296901306,       2.049467046,       3.203578169
          0,           0,         150,      -1.309374466,       1.588613823,       1.338095269,       4.355230154,       2.046675231,       3.122723375
          0,           0,         151,      -1.270104228,       1.606243096,       1.427406186,       4.347359126,       2.046065893,       3.022502689
          0,           0,         152,      -1.268572047,       1.609271806,       1.423583089,       4.345473369,       2.039632949,       2.982847559
          0,           0,         153,        -1.2703974,       1.597498526,       1.546410556,       4.384769811,       2.032421705,       3.061172176
          0,           0,         154,      -1.221389818,       1.593328705,       1.607109811,       4.384254127,       2.026863759,       3.283872365
          0,           0,         155,      -1.282113906,       1.589177286,        1.40454769,       4.326260676,       2.019568949,       3.370356416
          0,           0,         156,      -1.408625626,       1.489827453,       1.322657738,       4.278259444,       2.012832912,        3.20927729
          0,           0,         157,      -1.529474178,       1.190051174,       1.218004878,       4.116661676,       2.010435142,       3.090447126
          0,           0,         158,      -1.531660542,       1.283216897,       1.169507898,       4.086007649,       2.008175066,       3.060783909
          0,           0,         159,      -1.466442977,       1.369143092,       1.190503851,       4.242293679,       2.005884222,       3.069728158
          0,           0,         160,      -1.421661761,       1.391549952,       1.218149086,       4.228819101,       2.003668056,       3.124257802
          0,           0,         161,      -1.414136543,       1.503155989,       1.188668367,       4.220708357,       2.000190876,       3.181414342
          0,           0,         162,      -1.362176605,       1.542649017,       1.254896285,       4.327454055,       1.996579886,       3.152999686
          0,           0,         163,      -1.257846218,       1.612374767,       1.450805949,       4.362829984,       1.996904634,       3.094980525
          0,           0,         164,       -1.27195623,       1.603645827,       1.410173183,       4.336977517,        1.99043254,       3.046271642
          0,           0,         165,      -1.269287268,       1.592006921,       1.519972318,       4.387795867,       1.982256837,       3.065417258
          0,           0,         166,      -1.244772571,       1.587774895,       1.558990251,       4.369588727,       1.974326759,       3.190640162
          0,           0,         167,      -1.381645213,       1.452571494,       1.370189247,       4.237063724,       1.966233207,       3.180076052
          0,           0,         168,      -1.525828604,        1.36863365,       1.235685871,       4.186091917,       1.963965732,       3.082567348
          0,           0,         169,      -1.506819495,       1.284255255,       1.177822296,       4.151935273,       1.962152748,       3.051892063
          0,           0,         170,      -1.497858368,       1.334131324,        1.16788423,       4.154345868,       1.959722386,       3.008231957
          0,           0,         171,      -1.435086286,       1.455664998,       1.197387202,       4.274970242,       1.958017164,       3.011649956
          0,           0,         172,      -1.377521866,       1.493430142,       1.264647212,       4.259830467,       1.956871196,       3.022109074
          0,           0,         173,      -1.370468186,        1.54684094,       1.278669408,       4.253563508,       1.955341902,       3.100827396
          0,           0,         174,      -1.300119051,       1.584427376,       1.489227305,       4.357976664,       1.954889004,        3.05712362
          0,           0,         175,      -1.194549084,       1.604277856,       1.646612915,       4.396636569,       1.958316047,       3.146125769
          0,           0,         176,      -1.201055801,       1.598041206,       1.554641913,       4.391885958,       1.954500519,       3.328968454
          0,           0,         177,      -1.291093448,       1.588691192,       1.434753487,       4.371688478,       1.945281692,       3.379308839
          0,           0,         178,      -1.415781661,       1.482213412,       1.324170962,       4.229086611,        1.93722766,       3.179696379
          0,           0,         179,       -1.55217455,       1.173860788,       1.220284366,       4.109059894,       1.936176985,       3.001728218
          0,           0,         180,      -1.545126412,       1.302310988,       1.162969068,       4.185317652,       1.936112238,       2.942488072
          0,           0,         181,      -1.491655294,        1.37275089,       1.163703651,       4.166618574,       1.936167663,       2.989679184
          0,           0,         182,      -1.405749001,       1.429340061,        1.28081793,       4.208639784,       1.936612884,       3.096089691
          0,           0,         183,      -1.370384454,       1.510517558,       1.290260197,       4.315020726,       1.938075054,       3.180025893
          0,           0,         184,      -1.382330668,       1.534669886,       1.229753935,       4.270503759,       1.941092731,       3.193441471
          0,           0,         185,      -1.306136488,        1.58882443,       1.381029639,        4.28905135,       1.947622498,       3.158357007
          0,           0,         186,      -1.285120623,       1.600348969,       1.410411833,       4.374132865,       1.948544571,       3.153973481
          0,           0,         187,      -1.252633872,       1.598257787,       1.565959407,       4.374641295,       1.942275143,       3.119365476
          0,           0,         188,       -1.29449257,       1.490596582,        1.58184182,       4.314674191,       1.931740337,       3.122442278
          0,           0,         189,      -1.491387257,       1.206001949,       1.310502666,       4.197295489,       1.931421842,       3.056991815
          0,           0,         190,      -1.547281734,       1.314764016,       1.180744314,       4.129746107,       1.932319453,       3.024669143
          0,           0,         191,      -1.518092088,       1.365205196,        1.11906226,       4.128470443,       1.932279272,       2.996635503
          0,           0,         192,      -1.457619983,       1.399815698,       1.159240531,       4.261844957,       1.932927921,       2.938195202
          0,           0,         193,      -1.384060543,       1.500711351,       1.254012535,        4.26477284,       1.934552935,       2.833582899
          0,           0,         194,      -1.378430647,       1.532924316,       1.253330853,       4.251422949,       1.936185962,       2.929559289
          0,           0,         195,       -1.29055444,       1.579123396,       1.533527518,       4.361256314,       1.941914473,       2.918435731
          0,           0,         196,      -1.217473391,       1.585286953,       1.628479505,       4.386823888,        1.94144768,         3.1199035
          0,           0,         197,      -1.207104361,       1.592881469,       1.537055886,       4.392755625,       1.936752487,       3.310705377
          0,           0,         198,      -1.261107526,       1.594824257,       1.481204996,       4.401082212,       1.931524577,       3.363864526
          0,           0,         199,      -1.314159392,        1.59004505,       1.406364211,       4.334194658,       1.921707646,        3.22652818
          0,           0,         200,      -1.441314089,       1.479211264,          1.252013,       4.184299727,       1.914007721,       3.017779012
          0,           0,         201,      -1.421262797,       1.496523025,       1.242011956,       4.276147332,       1.913886426,       3.070831793
          0,           0,         202,      -1.384384689,       1.536771769,       1.240977776,       4.272713153,       1.913454295,         3.1773565
          0,           0,         203,      -1.292143118,       1.592736671,       1.387818192,       4.323343188,       1.915164768,       3.272439861
          0,           0,         204,      -1.268109966,        1.60369746,       1.507711076,       4.382666786,       1.908344366,       3.249855228
          0,           0,         205,      -1.261873848,       1.585735921,       1.544018516,       4.359481587,       1.893603348,       3.226635675
          0,           0,         206,        -1.3934905,       1.478501597,       1.342445827,       4.231674435,       1.883560234,       3.168748732
          0,           0,         207,      -1.415397217,       1.490529821,       1.298024096,       4.271993867,       1.880961873,       3.180146167
          0,           0,         208,      -1.408434663,       1.534503528,       1.202060605,       4.230958832,       1.877897395,       3.083448146
          0,           0,         209,       -1.30804202,       1.590179851,       1.362424031,       4.282965988,       1.879958124,       2.954457211
          0,           0,         210,      -1.287072434,       1.599346799,       1.427171002,       4.357657877,       1.871268857,        3.00805172
          0,           0,         211,      -1.258905656,       1.599769826,        1.55007183,       4.344182929,       1.857691648,        3.08664681
          0,           0,         212,      -1.221982827,       1.593465829,       1.604898515,        4.35942319,       1.846747217,        3.19112174
          0,           0,         213,      -1.245534188,       1.593527542,        1.47098371,        4.38974852,       1.832820148,       3.232382936
          0,           0,         214,      -1.385904477,       1.491785596,       1.382032755,       4.251890489,       1.814169825,       3.077542415
          0,           0,         215,      -1.509672838,        1.20176169,        1.27570302,       4.137410962,       1.810356204,         2.8751059
          0,           0,         216,      -1.507189391,       1.334957593,       1.220344716,        4.20471464,       1.807921773,       2.807296108
          0,           0,         217,      -1.465712097,       1.384901153,       1.198986009,       4.204129584,        1.80437973,       2.769237439
          0,           0,         218,      -1.417859049,       1.417340338,       1.231203707,       4.227101819,       1.801039082,       2.891746892
          0,           0,         219,      -1.400865669,       1.503407993,       1.219364028,       4.296576937,       1.797193325,        3.08211208
          0,           0,         220,      -1.390313332,       1.536882259,       1.214052484,       4.262276469,        1.79239886,       3.203752743
          0,           0,         221,      -1.389829981,       1.561975351,         1.2278031,       4.243686617,       1.784390031,       3.205769336
          0,           0,         222,      -1.352749903,       1.574800631,       1.319143556,       4.335432223,       1.774232291,       3.191498161
          0,           0,         223,      -1.274525597,       1.577057215,       1.540215402,       4.360370684,       1.758258327,       3.128551705
          0,           0,         224,      -1.370273672,       1.475435816,       1.346801948,       4.278515064,       1.740028787,       3.016976906
          0,           0,         225,      -1.531644038,       1.187274925,       1.220006078,       4.187972982,       1.735737865,       2.876993335
          0,           0,         226,      -1.540804659,       1.327175597,       1.169940971,       4.131161753,        1.73405314,       2.904589977
          0,           0,         227,      -1.457212125,       1.373684689,       1.203864474,       4.179015143,       1.731094078,       2.906371848
          0,           0,         228,      -1.495535589,       1.403749913,       1.110300735,       4.257444733,       1.729241578,        2.83168787
          0,           0,         229,      -1.476246221,       1.494613503,       1.118651952,       4.218276623,       1.727851174,       2.795263762
          0,           0,         230,      -1.414660037,       1.524422548,       1.204907435,       4.245967395,        1.72653872,        2.91446411
          0,           0,         231,      -1.341928035,       1.558048582,       1.344859279,         4.3506851,        1.72928735,           2.96539
          0,           0,         232,      -1.281796962,       1.565841605,       1.533528749,       4.359004566,       1.710341138,       2.910331624
          0,           0,         233,      -1.309260384,       1.469161795,       1.521668751,       4.296456018,       1.686720716,       3.013044626
          0,           0,         234,      -1.481395843,       1.403413875,       1.328563288,        4.20335983,       1.683267815,       2.802755907
          0,           0,         235,      -1.519327213,       1.280467629,       1.223610004,       4.123002297,       1.682326977,       2.799524144
          0,           0,         236,      -1.491926452,       1.344671364,       1.205247102,       4.130824811,       1.682457107,       2.723651741
          0,           0,         237,      -1.452275875,       1.446358958,       1.201812199,       4.262970222,       1.684224814,       2.624024606
          0,           0,         238,      -1.430612062,       1.473910009,       1.194142795,       4.240225081,       1.686856777,       2.580988061
          0,           0,         239,      -1.364371274,       1.535954037,       1.293098871,       4.261948184,       1.696025766,       2.805744967
          0,           0,         240,      -1.316405377,       1.568869542,       1.393642278,       4.343753098,       1.701682783,       2.861628115
          0,           0,         241,        -1.2320508,       1.593281274,       1.607553309,       4.371614053,       1.710637891,        2.88633556
          0,           0,         242,      -1.223831616,       1.589739118,       1.560810725,       4.371152427,       1.705168269,       3.169199641
          0,           0,         243,      -1.269859412,       1.594579039,        1.47514212,       4.375613703,       1.682044803,       3.253548122
          0,           0,         244,      -1.377627053,          1.483461,       1.371930491,       4.258514051,       1.653960572,       3.087780625
          0,           0,         245,       -1.53967419,       1.198200261,       1.232430576,       4.101146755,       1.648654332,       2.907923886
          0,           0,         246,      -1.577548239,       1.282063653,       1.175725755,       4.017622129,       1.649554153,       2.817786663
          0,           0,         247,      -1.622423182,       1.077271163,       1.110348535,       4.130392226,       1.649933338,       2.794670026
          0,           0,         248,      -1.598050955,       1.214119479,        1.09910526,       4.068263059,       1.649995895,       2.844894708
          0,           0,         249,      -1.593060358,       1.144480447,       1.082536496,       4.070753363,       1.650184115,       2.944577451
          0,           0,         250,      -1.515973967,       1.228492971,       1.165505555,        4.22687908,       1.650835693,       3.048696889
          0,           0,         251,      -1.493700361,       1.362950375,       1.145826838,       4.181897429,       1.652533305,        3.13113554
          0,           0,         252,      -1.483028971,       1.391379249,       1.128366426,        4.17887411,       1.655457807,       3.203976158
          0,           0,         253,      -1.430420457,       1.476373183,       1.191897322,       4.286571114,       1.661493389,       3.150078976
          0,           0,         254,      -1.362341375,       1.528996635,        1.30944772,       4.287704535,       1.680807016,       3.128587086
          0,           0,         255,      -1.339840241,       1.561652462,       1.351021851,        4.29797769,        1.68143665,       3.159146692
          0,           0,         256,       -1.32638154,       1.565686876,       1.366010725,       4.361460054,        1.67245042,       3.151576719
          0,           0,         257,        -1.2647126,       1.567897771,       1.573284711,       4.355609934,       1.656291812,       3.119232539
          0,           0,         258,      -1.323213652,        1.45792451,       1.552064181,       4.274390198,       1.632272572,       3.125807151
          0,           0,         259,      -1.528720272,       1.177312343,       1.289894376,       4.053470086,       1.626333019,       3.021032141
          0,           0,         260,      -1.546445674,       1.216279027,       1.241818946,       4.032910999,       1.626137599,       2.944178714
          0,           0,         261,      -1.632368132,       1.024391373,       1.147829855,       4.126586286,       1.625937876,       2.913572841
          0,           0,         262,      -1.572079955,       1.134913016,       1.152883833,       4.070250707,       1.626100833,       2.905399228
          0,           0,         263,      -1.592055799,       1.064200235,       1.105098806,       4.070394447,        1.62613557,       2.869792244
          0,           0,         264,      -1.505158541,       1.220059957,       1.180537468,       4.242633222,       1.626808513,       2.858436194
          0,           0,         265,      -1.476404421,       1.349529119,       1.187454044,        4.18352484,        1.62801304,       2.851552251
          0,           0,         266,      -1.484372109,       1.357276093,       1.156099332,       4.140029888,       1.629734478,       2.976388536
          0,           0,         267,      -1.417171448,       1.469790258,       1.235760328,       4.286526564,        1.63709792,       2.983333028
          0,           0,         268,      -1.369235114,       1.511470344,       1.281796818,       4.282758247,         1.6445332,        2.99092575
          0,           0,         269,      -1.310359815,       1.568805846,       1.397863866,       4.298376351,        1.64593462,       2.928838489
          0,           0,         270,       -1.36032325,        1.46624408,       1.471562705,       4.319146715,        1.60819806,       2.784836394
          0,           0,         271,      -1.503967639,       1.170500632,       1.221987489,       4.122080849,       1.600210605,       2.617385167
          0,           0,         272,      -1.616668523,       1.152090742,        1.11772469,       4.015461308,       1.600658153,       2.497689825
          0,           0,         273,      -1.693454473,       1.026156992,       1.015648418,       3.983516612,       1.601027411,       2.485901713
          0,           0,         274,       -1.61970806,       1.037809889,       1.069421358,       4.174002688,       1.600922055,        2.53360456
          0,           0,         275,      -1.548376648,       1.031733367,       1.142795488,       4.119053749,        1.60049824,       2.603511763
          0,           0,         276,      -1.620012353,       1.032581324,        1.03858773,       4.048773599,       1.599562808,       2.641357916
          0,           0,         277,      -1.595322873,        1.01106289,       1.086962896,       4.196882697,       1.598483535,       2.679156234
          0,           0,         278,      -1.498119026,       1.205417531,       1.206517855,        4.18190058,       1.598126783,       2.758827762
          0,           0,         279,      -1.457511414,       1.397584423,       1.222631425,       4.182423652,       1.602120151,       2.714292468
          0,           0,         280,       -1.33407607,       1.471933492,       1.379330242,       4.349047212,       1.609490552,       2.624047626
          0,           0,         281,      -1.421802303,       1.369761999,       1.287963498,       4.257818426,       1.587842125,       2.422788469
          0,           0,         282,      -1.559297663,       1.229090644,       1.155193275,       4.114016895,       1.584641799,       2.239473823
          0,           0,         283,      -1.555637865,      0.9880573344,       1.160621201,       4.081818956,       1.583291398,        2.22667017
          0,           0,         284,      -1.553137301,       1.200716673,       1.148365792,       4.224777552,       1.583995498,       2.212327234
          0,           0,         285,      -1.511201344,       1.266516107,       1.176203933,       4.153335139,       1.584491314,       2.410285523
          0,           0,         286,      -1.505533522,       1.278711114,       1.185362344,       4.148530191,        1.58578078,       2.464654577
          0,           0,         287,      -1.360725799,       1.447507894,       1.522901048,       4.322629895,       1.594567505,       2.760572752
          0,           0,         288,      -1.278459149,       1.462408935,       1.589569563,       4.344186718,       1.604246845,       3.116929093
          0,           0,         289,      -1.276072536,       1.541193672,       1.463243976,       4.338470066,       1.606875486,       3.254256613
          0,           0,         290,      -1.431561808,       1.418745222,       1.361669393,       4.264979321,       1.572637862,       3.085098988
          0,           0,         291,      -1.567324328,       1.097205296,       1.246143538,       4.086588051,       1.567142279,       2.926845997
          0,           0,         292,      -1.578302422,       1.050702791,       1.215689563,       4.047591648,       1.567828723,       2.839019101
          0,           0,         293,      -1.615029561,      0.9734834037,       1.165840351,       4.018091662,       1.568261788,       2.780415712
          0,           0,         294,       -1.61236662,      0.9327826941,       1.137374497,       4.171296372,       1.568101747,       2.750464045
          0,           0,         295,      -1.611161547,      0.9023241302,       1.116490453,       4.082643025,       1.567810401,       2.764899042
          0,           0,         296,      -1.568068898,      0.8998529836,       1.139248336,       4.091145454,       1.566983969,       2.844427798
          0,           0,         297,      -1.575983963,       0.891419014,       1.117540371,       4.213586666,       1.566574697,       2.957516627
          0,           0,         298,      -1.565095563,      0.8836153089,       1.127179846,       4.150499286,       1.566965045,       3.066712578
          0,           0,         299,      -1.483523355,       1.026124387,       1.234782217,       4.166938929,       1.567524407,       3.104913164
          0,           0,         300,      -1.388203262,       1.151155085,       1.352305734,       4.313492109,       1.590693516,        3.11023211
          0,           0,         301,      -1.433188783,       1.235266967,       1.292075761,       4.250096503,       1.581287916,       3.101423914
          0,           0,         302,      -1.550292995,       1.298064645,       1.142216743,       4.128680559,       1.570128033,       2.977682686
          0,           0,         303,      -1.507731164,         1.3005266,       1.241045271,       4.225662635,       1.574992331,       2.980823023
          0,           0,         304,      -1.303896063,       1.474600719,       1.557267682,       4.307024124,        1.60101772,       3.017802722
          0,           0,         305,      -1.262294555,       1.500901815,       1.549251863,        4.32917529,       1.616028598,       3.165453814
          0,           0,         306,      -1.291028801,       1.548647908,       1.472542404,       4.362362262,       1.607253054,       3.245206614
          0,           0,         307,      -1.432499392,       1.431343651,       1.341421894,       4.229926706,        1.56585909,       3.127449855
          0,           0,         308,      -1.564335511,       1.134996734,       1.216401032,       4.093554419,        1.55965425,       2.975176445
          0,           0,         309,       -1.63447626,       1.056215095,       1.147106061,       4.000548351,       1.561585923,       2.881484173
          0,           0,         310,      -1.596493029,       0.969774989,       1.140856818,       4.168785501,       1.562723144,       2.830759426
          0,           0,         311,      -1.596325972,      0.9473915989,       1.114554356,       4.085958407,       1.563489403,       2.836199475
          0,           0,         312,      -1.579465752,      0.9092235835,       1.124384331,       4.072777432,       1.563659843,       2.898998893
          0,           0,         313,      -1.499129804,      0.9320679954,       1.204390816,       4.224585068,       1.564046386,       2.993906651
          0,           0,         314,      -1.529801978,      0.9108760823,       1.161322059,       4.167727775,       1.566101355,       3.083105972
          0,           0,         315,      -1.548804452,       0.985348343,       1.159792293,       4.142462354,       1.567423998,       3.161775819
          0,           0,         316,      -1.503104912,       1.025401977,       1.217616695,       4.265703658,       1.564471073,       3.154712368
          0,           0,         317,       -1.45639431,       1.165754435,        1.29235077,       4.190191977,       1.563460306,       3.024891383
          0,           0,         318,      -1.656736561,      0.9110426657,       1.046441951,       4.032366459,       1.560125086,       2.896408476
          0,           0,         319,      -1.697506225,      0.8357795041,      0.9943348388,       3.971171534,       1.560466588,       2.824827618
          0,           0,         320,      -1.766063758,      0.7735604456,      0.9087795509,       3.897703092,       1.560875684,       2.769942196
          0,           0,         321,      -1.750395272,      0.7439598438,      0.9046679873,       4.116842672,       1.561486474,       2.743972978
          0,           0,         322,      -1.654920168,      0.7685936752,       1.017787213,       4.024470479,       1.562460961,       2.743125975
          0,           0,         323,       -1.60184429,       0.780927146,       1.083608936,       4.067692913,       1.563351667,       2.754542602
          0,           0,         324,      -1.602505798,      0.7870486594,       1.087633747,       4.194447113,       1.564681913,       2.772082478
          0,           0,         325,      -1.584302615,      0.7956041679,       1.106429493,       4.127607675,       1.566592755,       2.801273005
          0,           0,         326,      -1.600601561,      0.7701518295,       1.088994883,       4.095300779,       1.567803942,       2.844510147
          0,           0,         327,      -1.519597058,      0.9414645332,       1.198710653,       4.241795067,       1.574611343,       2.903899765
          0,           0,         328,      -1.456535244,       1.138645686,        1.29094333,       4.216683356,       1.579531178,       2.995235931
          0,           0,         329,      -1.406184342,        1.22823622,       1.360469642,        4.23516919,       1.579658725,       2.989930356
          0,           0,         330,      -1.475117525,       1.210236337,        1.36704322,       4.262192246,        1.56446176,       2.836998271
          0,           0,         331,      -1.615939601,       1.055342192,       1.109933316,       4.039833059,       1.561489254,       2.726144741
          0,           0,         332,      -1.671800651,      0.8367069231,       1.047948147,        3.96680247,       1.561814078,       2.659699566
          0,           0,         333,      -1.703780937,      0.7586900637,      0.9982821197,       3.951577696,       1.562031254,       2.628421636
          0,           0,         334,      -1.750217253,      0.6947517648,      0.9174386668,       4.113572867,       1.562202102,       2.618830806
          0,           0,         335,      -1.691905415,      0.6887422188,      0.9750943961,       3.997691466,       1.562876934,       2.629509559
          0,           0,         336,      -1.671778981,      0.6859997032,       0.993186491,       4.010476261,       1.563147043,       2.611717063
          0,           0,         337,       -1.66604781,      0.6910785166,       1.007872585,       4.164586727,       1.563731659,        2.56412477
          0,           0,         338,      -1.571316059,      0.7682822447,       1.131011628,       4.134260538,       1.565270234,       2.536428051
          0,           0,         339,      -1.508349781,      0.8605100861,       1.202966173,       4.155077457,        1.56601729,        2.49511995
          0,           0,         340,      -1.451031645,       1.037635589,        1.27333135,        4.27493378,       1.569756709,       2.526853651
          0,           0,         341,      -1.402053119,       1.181857212,       1.355805586,         4.2551332,       1.592001173,       2.627290329
          0,           0,         342,      -1.399316192,       1.265706247,       1.387068636,       4.233240773,        1.59437275,         2.6186117
          0,           0,         343,      -1.314069326,       1.436619686,       1.572635255,       4.361277169,       1.603283183,       2.871823252
          0,           0,         344,      -1.248992017,       1.484535965,        1.55029014,       4.379774111,       1.612791779,       3.150428496
          0,           0,         345,      -1.291747102,       1.540949665,       1.466893595,       4.316574098,       1.592373155,        3.24735871
          0,           0,         346,      -1.442897921,       1.421120809,       1.338782982,        4.26223651,       1.548094985,        3.09647526
          0,           0,         347,      -1.510076148,       1.159790642,       1.265311793,       4.142194465,        1.54120473,       2.907958162
          0,           0,         348,      -1.613418575,         1.0386606,       1.157736015,       4.009804299,       1.539205544,       2.790490904
          0,           0,         349,      -1.649831168,      0.9857783282,       1.106308897,       3.977435264,       1.538537347,        2.72413565
          0,           0,         350,      -1.674966642,      0.9669716613,       1.074307009,       3.945940319,       1.538946427,       2.698994292
          0,           0,         351,      -1.694079055,      0.9483841469,       1.044206147,       3.931585226,       1.539339029,       2.682103409
          0,           0,         352,      -1.732971812,      0.9278035887,      0.9886464888,       3.879406619,       1.539661459,       2.679159035
          0,           0,         353,      -1.750697577,      0.9119139756,       0.953762087,       4.104648569,       1.539824871,       2.694834703
          0,           0,         354,      -1.758488371,      0.8970595474,      0.9427375833,       3.908489586,       1.539791824,       2.731321555
          0,           0,         355,      -1.714352346,      0.8897233718,      0.9764799375,       3.927182279,        1.53943719,       2.785101011
          0,           0,         356,      -1.663422173,      0.8879507328,       1.030861627,       4.132007117,       1.538736413,       2.851319669
          0,           0,         357,      -1.604069913,      0.8886728042,       1.090714212,       4.040793965,       1.537997033,       2.923101708
          0,           0,         358,      -1.532959433,      0.9006107396,       1.160676724,       4.076528697,       1.536945774,       2.994110711
          0,           0,         359,      -1.532933158,      0.8943049278,       1.155773813,       4.204057105,       1.535950645,       3.057137961
          0,           0,         360,      -1.569791208,      0.8990490916,       1.107344494,       4.110799634,       1.533410598,       3.092999994
          0,           0,         361,      -1.631965712,      0.8394476013,       1.038101708,       4.038602308,       1.531735993,       3.029960907
          0,           0,         362,      -1.737744261,       0.798449417,      0.8980291924,        3.93519156,       1.530933476,       2.956095445
          0,           0,         363,      -1.814145656,      0.7796561519,      0.7903904303,       3.872423669,       1.530798224,       2.921809405
          0,           0,         364,      -1.740809318,      0.7889100883,       0.902444775,       3.907000332,       1.530641404,       2.891587326
          0,           0,         365,      -1.810728511,      0.7769670385,      0.7997730502,       3.798914529,        1.53047464,       2.869116452
          0,           0,         366,      -1.782110124,         0.8338908,      0.8693011716,       4.093159922,       1.530329216,       2.858571906
          0,           0,         367,      -1.650409202,       1.055905828,       1.086924773,       3.976380954,       1.530265067,       2.870020991
          0,           0,         368,      -1.736655041,      0.8339335928,      0.9346655747,       3.914731651,       1.529924325,       2.883392168
          0,           0,         369,      -1.657816726,      0.8211352071,       1.009044652,       4.136549098,       1.529553674,       2.902800075
          0,           0,         370,      -1.742235814,      0.7729408152,      0.9007592088,       3.980418969,       1.529330632,       2.925036851
          0,           0,         371,      -1.657771737,      0.7891974359,       1.017050874,       4.024891284,       1.528077119,       2.949797706
          0,           0,         372,      -1.540471105,      0.8654278928,       1.159116218,       4.228242523,       1.526559053,       2.986429363
          0,           0,         373,      -1.560017644,      0.8526918143,       1.136482488,       4.148542375,       1.523970544,       3.012501278
          0,           0,         374,      -1.672457806,      0.8573115001,       1.021400081,       4.006989639,        1.52137367,       2.900317611
          0,           0,         375,      -1.624117871,        1.03444675,       1.119129312,       4.013405372,       1.520192832,       2.795107768
          0,           0,         376,      -1.771350024,       0.687750096,      0.8826724011,        3.89600438,       1.519650241,       2.730567634
          0,           0,         377,      -1.831715659,      0.6672049068,      0.8071050112,       3.856843899,        1.51945614,       2.701617866
          0,           0,         378,      -1.878913017,      0.6540645677,      0.7428029806,       3.837707838,       1.519211542,       2.673003676
          0,           0,         379,      -1.810848799,       0.673492821,      0.8399042297,       3.867088194,       1.518907818,       2.647375177
          0,           0,         380,      -1.881763116,      0.6506139152,      0.7438042196,       4.078149622,        1.51856673,        2.62808739
          0,           0,         381,      -1.913198776,       0.634197299,      0.6997236664,       3.803447264,       1.518256785,       2.618576126
          0,           0,         382,      -1.933977515,      0.6241984628,      0.6648787234,       3.774167454,       1.517680838,       2.621777523
          0,           0,         383,      -1.947320101,      0.6133343922,       0.628221336,       4.060566294,       1.517044454,       2.639093046
          0,           0,         384,      -1.864540141,      0.6299638533,      0.7770896011,       3.845227794,       1.516493893,       2.670099937
          0,           0,         385,      -1.664699018,      0.7073618809,       1.019985395,       3.963798374,       1.515405602,         2.7128226
          0,           0,         386,      -1.572113552,      0.8258972962,       1.130379626,       4.179198847,       1.514231699,        2.76286547
          0,           0,         387,      -1.509124312,       1.057480244,       1.227319773,       4.137814066,       1.512510334,       2.787086207
          0,           0,         388,      -1.634455202,      0.8113558515,       1.071610769,       4.026848334,       1.511605166,       2.756179643
          0,           0,         389,       -1.65553888,      0.7415622582,       1.035785207,       4.001050671,       1.510538628,       2.747610791
          0,           0,         390,      -1.680532164,      0.7030421277,       1.016135242,       4.142863216,        1.50944724,       2.753818698
          0,           0,         391,      -1.616455629,      0.7366054185,        1.07971414,       4.079237901,       1.508630057,       2.785052534
          0,           0,         392,      -1.593868055,      0.7443343698,        1.10637492,       4.077773447,       1.506401301,       2.808921069
          0,           0,         393,      -1.595738497,      0.7397584831,       1.100795527,       4.210906814,       1.502944022,       2.765496327
          0,           0,         394,      -1.663128991,      0.6754217165,        1.02872374,       4.019618742,       1.501353075,       2.641217305
          0,           0,         395,      -1.786452956,      0.6712669078,       0.910618657,       3.913783623,       1.500748764,       2.586248879
          0,           0,         396,       -1.62620461,       1.018548746,       1.126363689,       3.987710332,        1.50002934,       2.555659584
          0,           0,         397,      -1.693867095,      0.7927432926,       1.024706575,       4.128101497,       1.498767981,        2.53096453
          0,           0,         398,      -1.728988181,      0.6577822271,      0.9518799628,       3.932002393,       1.498310284,       2.498269253
          0,           0,         399,      -1.804491599,      0.5936111835,      0.8684974252,       3.854383655,       1.497800484,       2.476035789
          0,           0,         400,      -1.862574669,      0.5521784839,      0.8024968967,       4.088649197,       1.497172498,       2.464340386
          0,           0,         401,      -1.790857413,      0.5650180177,      0.8752533458,       3.979535921,       1.496325578,       2.454123608
          0,           0,         402,      -1.708858034,       0.613262697,      0.9745531705,       3.984480667,       1.495143518,       2.432059187
          0,           0,         403,      -1.668445623,       0.628178993,         1.0145929,       4.156893056,       1.493780213,       2.403219888
          0,           0,         404,      -1.564626289,      0.7336471085,       1.131244337,       4.111365729,       1.492391989,       2.383367813
          0,           0,         405,      -1.556028887,      0.7216409176,         1.1331348,       4.096572659,       1.489661708,       2.358228868
          0,           0,         406,      -1.547655681,      0.9618546551,       1.196218544,       4.213744307,       1.488684307,       2.347071401
          0,           0,         407,      -1.466811891,       1.095481871,       1.363978487,       4.200351249,       1.490121312,       2.486924668
          0,           0,         408,      -1.333006294,       1.167994322,       1.568316111,       4.271046678,       1.512665761,       2.841412398
          0,           0,         409,      -1.323094733,       1.199675444,       1.473962307,       4.343618389,       1.492440128,       3.055947103
          0,           0,         410,      -1.488567988,        1.15229381,       1.309181588,       4.151379185,       1.470687657,        2.96640741
          0,           0,         411,      -1.598278978,      0.9806773065,       1.214027053,        4.03031707,        1.46759295,       2.854364829
          0,           0,         412,      -1.625620008,      0.8322335324,       1.164995408,       4.013551154,       1.466202635,       2.793573244
          0,           0,         413,      -1.740661096,      0.7766069118,       1.088833312,       3.923964883,       1.465652072,       2.747982002
          0,           0,         414,      -1.776670851,      0.7570981989,       1.060740808,         3.8788762,       1.465533051,       2.724538211
          0,           0,         415,       -1.78904378,      0.7455495749,         1.0451963,        3.86747424,       1.465372065,       2.700387148
          0,           0,         416,      -1.832037518,      0.7274222484,       1.008805399,       3.809122908,       1.465161197,       2.675227795
          0,           0,         417,      -1.863935567,      0.7119025218,      0.9743443761,       4.088874264,       1.464909839,       2.650164644
          0,           0,         418,        -1.8767943,      0.6992220425,      0.9508676056,       3.819918619,       1.464497787,       2.625769558
          0,           0,         419,      -1.880462104,      0.6887474689,      0.9262872344,       3.802591356,       1.464001539,       2.604585039
          0,           0,         420,      -1.767614133,      0.7176877989,      0.9866691406,       4.108686408,       1.463424879,       2.588354873
          0,           0,         421,      -1.774227792,      0.7129648836,       0.965663738,       3.917879758,       1.462266295,       2.568847858
          0,           0,         422,      -1.871506232,      0.6762501347,      0.8613558108,       3.821364076,       1.461675044,       2.529727168
          0,           0,         423,      -1.906917676,      0.6660239533,      0.8189365517,       3.790323251,       1.461494533,       2.523341879
          0,           0,         424,      -1.921600366,      0.6626304809,      0.7936806069,        3.77813952,        1.46127958,       2.520197451
          0,           0,         425,      -1.884287867,      0.6712758579,      0.8174544271,       3.796196922,       1.461034957,       2.524318227
          0,           0,         426,      -1.816379036,      0.6866532773,      0.8812221376,       3.810122312,       1.460770446,       2.541990651
          0,           0,         427,      -1.805955589,      0.6886598723,      0.8826197167,       4.104543647,       1.460454074,        2.57446518
          0,           0,         428,      -1.768721676,      0.6992743939,      0.9194186296,       3.919740829,       1.459868733,       2.621744451
          0,           0,         429,      -1.675373448,      0.7302469661,       1.018777388,       3.959180719,       1.459398671,       2.680085575
          0,           0,         430,      -1.618888048,      0.7653293219,       1.074524019,       4.164441382,       1.458839861,       2.745116547
          0,           0,         431,      -1.625190896,      0.7504331026,       1.059907284,       4.035396063,       1.457973853,        2.80966191
          0,           0,         432,      -1.604937291,      0.7593404383,       1.077096796,       4.025265522,       1.456002035,       2.838318496
          0,           0,         433,      -1.665606883,      0.7185309682,       1.007576595,        3.93224588,        1.45516364,       2.795773639
          0,           0,         434,      -1.723053966,      0.6959004519,      0.9497005191,        4.07165519,       1.454802356,        2.75936274
          0,           0,         435,      -1.746293472,      0.6861768372,       0.924446994,       3.864628852,       1.454564441,       2.740127462
          0,           0,         436,      -1.759686926,      0.6800876758,      0.9095811594,       3.837482578,       1.454476343,       2.725875275
          0,           0,         437,      -1.777942656,      0.6734263765,      0.8878137228,       3.811490482,       1.454392639,       2.713235124
          0,           0,         438,      -1.796178051,      0.6671411169,      0.8645172137,       3.851215205,        1.45434137,       2.703551059
          0,           0,         439,      -1.819177212,      0.6586618518,      0.8327960299,       3.775381158,       1.454193544,       2.694175605
          0,           0,         440,       -1.86143471,      0.6431434381,      0.7674390185,       3.689343184,       1.454112303,       2.685859906
          0,           0,         441,      -1.897707171,      0.6312892073,      0.6996670075,       3.721193086,       1.453918518,       2.679500411
          0,           0,         442,      -1.930491012,      0.6377163653,      0.6229271973,       4.073655945,       1.453772074,       2.676004599
          0,           0,         443,      -1.682788919,       1.024093988,        1.06203541,       3.917463883,       1.453258577,       2.676217094
          0,           0,         444,      -1.822226552,      0.7810561934,      0.8495272641,       3.814089704,       1.452965008,       2.680871581
          0,           0,         445,      -1.840055786,      0.6769494308,      0.7788289738,       4.085374114,       1.452553681,       2.689254226
          0,           0,         446,      -1.671588534,      0.7155658948,       1.004800666,       3.980551072,       1.451678651,         2.7049746
          0,           0,         447,      -1.673158772,       0.698544148,      0.9973007749,       3.966634214,       1.450819598,       2.703027955
          0,           0,         448,      -1.652708192,      0.7052887988,       1.030765863,       4.145030117,       1.449984613,       2.758448742
          0,           0,         449,      -1.561568727,      0.7762090697,       1.141544538,       4.082871015,       1.448117293,       2.782878019
          0,           0,         450,       -1.65104971,      0.6816878411,       1.037383342,       3.988567356,       1.446822452,       2.677775433
          0,           0,         451,      -1.664476814,      0.7140361884,       1.021357899,       3.964093254,         1.4462124,       2.616642449
          0,           0,         452,      -1.617695779,      0.9344264062,       1.100748215,       3.979416141,       1.445943428,       2.573115764
          0,           0,         453,      -1.635818591,      0.6893693868,       1.049908241,       3.964437557,       1.445785759,       2.546149903
          0,           0,         454,       -1.65247573,      0.6820140907,        1.03642059,       3.939559603,       1.445628789,       2.522123826
          0,           0,         455,      -1.847863892,       0.591588961,      0.7925843557,       3.792848565,       1.445473271,        2.50079026
          0,           0,         456,      -1.912916985,      0.5715742399,      0.6671780162,       3.769567542,       1.445337141,       2.483877813
          0,           0,         457,      -1.922610432,      0.5675433222,      0.6541613405,       3.725882796,       1.445170535,       2.467489622
          0,           0,         458,      -1.940110036,      0.5600272183,      0.6280575462,        3.72299575,       1.444984725,       2.453133926
          0,           0,         459,      -1.930603294,      0.5619545266,      0.6480359768,       3.728626012,       1.444709604,       2.442654056
          0,           0,         460,      -1.939757731,       0.599979844,      0.6557491736,       4.008056645,       1.444469812,        2.43799602
          0,           0,         461,      -1.731766863,      0.9857507507,       1.022090729,       3.905369928,       1.444067537,       2.440970189
          0,           0,         462,      -1.724933641,      0.7735681367,      0.9684352834,       3.910533609,       1.443651595,       2.454766751
          0,           0,         463,      -1.703291438,       0.704411859,      0.9836900335,       4.122466346,       1.443270799,        2.47514097
          0,           0,         464,      -1.642153074,      0.7042613464,       1.054535559,       4.008747616,       1.442193755,       2.487698173
          0,           0,         465,      -1.687782961,      0.6639460834,       1.001419847,        3.93016392,        1.44161472,        2.46114861
          0,           0,         466,      -1.742546753,      0.6275765387,      0.9384025083,       3.886148425,        1.44136781,       2.446294299
          0,           0,         467,      -1.762078919,      0.6160651047,      0.9113389854,       3.846810244,       1.441270287,       2.439872919
          0,           0,         468,      -1.782454509,      0.6042653052,      0.8818779779,       3.847604072,       1.441152486,       2.432475088
          0,           0,         469,      -1.907146961,      0.5591026253,      0.7107619661,       3.749980977,       1.441014087,       2.427047821
          0,           0,         470,      -1.927885483,      0.5447947002,      0.6839477168,       3.701320361,       1.440859576,       2.425288203
          0,           0,         471,      -1.969716799,      0.5214522028,      0.6285348094,        4.07021561,       1.440708712,       2.429101171
          0,           0,         472,      -1.823378272,       0.587347318,      0.8501642251,       3.834760212,       1.440348618,       2.440568363
          0,           0,         473,      -1.712416628,      0.6364568566,      0.9719954358,       3.913545668,       1.440081029,       2.480366416
          0,           0,         474,      -1.639057019,      0.6799403551,       1.056395007,       4.107399676,       1.439838456,        2.50524323
          0,           0,         475,      -1.689556854,      0.6630940833,       1.008460402,       3.971343284,       1.438716202,       2.497611028
          0,           0,         476,      -1.737579777,      0.6265480275,      0.9550633477,       3.919179194,       1.438504566,       2.482593787
          0,           0,         477,      -1.678593698,      0.8788731613,       1.038340468,        3.93695709,       1.437886787,       2.463086576
          0,           0,         478,      -1.576849431,       1.031045318,       1.170372162,       4.002374859,       1.437616443,       2.440972937
          0,           0,         479,       -1.91787444,      0.7152259611,      0.7791737932,       3.725217942,       1.437547603,       2.427022491
          0,           0,         480,      -1.994112657,      0.5091278619,      0.6122569347,       3.582632611,       1.437521933,       2.418332503
          0,           0,         481,      -2.019237672,      0.4838410398,       0.557523619,       3.508872332,       1.437462771,       2.409856429
          0,           0,         482,      -1.968037081,      0.4993715853,      0.6480526222,       3.546651715,        1.43739196,       2.405406819
          0,           0,         483,      -1.907064965,      0.5093048464,      0.7387666934,       3.700553948,       1.437315512,       2.403587998
          0,           0,         484,      -1.959784534,      0.4807026534,      0.6588573137,        3.71504272,       1.437201249,       2.406108375
          0,           0,         485,      -1.897625372,      0.5167928771,       0.758664679,       4.082911284,       1.437162302,       2.418054777
          0,           0,         486,      -1.878000579,      0.5362687421,      0.7733815493,       3.803201874,       1.436736534,       2.425367618
          0,           0,         487,      -1.884619629,      0.5084474487,      0.7611856696,       3.817912877,       1.436630856,       2.450561681
          0,           0,         488,      -1.669336276,      0.8153643974,       1.037492592,       4.137606767,       1.436530014,       2.506865258
          0,           0,         489,      -1.500164748,        1.04792109,       1.238207205,       4.120292109,       1.435170779,       2.506797408
          0,           0,         490,      -1.642338574,      0.8012164008,       1.074117136,       3.996055169,       1.434514781,       2.461400838
          0,           0,         491,      -1.853533481,       0.583492814,      0.8174995145,       3.811372129,       1.434221819,       2.427543401
          0,           0,         492,      -1.924693029,      0.5505326332,      0.7151718796,       3.788441573,       1.434193587,        2.41233705
          0,           0,         493,      -1.926946396,      0.5498595427,       0.711341612,       3.768549095,       1.434160422,       2.398183119
          0,           0,         494,      -1.925603995,      0.5392713926,      0.7156706296,       3.731441717,       1.434123754,       2.385552186
          0,           0,         495,       -1.97653776,      0.5123018599,      0.6502756265,       3.713619023,       1.434089376,       2.372003168
          0,           0,         496,      -2.016321653,      0.4868302034,      0.5810471457,        3.85521801,       1.434078096,       2.364649056
          0,           0,         497,      -1.801292834,       0.584247083,      0.8817824051,       3.847037835,        1.43387917,        2.36387009
          0,           0,         498,      -1.712655189,      0.6017519342,      0.9789995619,       3.910183034,       1.433854008,       2.361524391
          0,           0,         499,      -1.785699722,      0.5882074332,       0.893799981,       4.117336208,        1.43325095,       2.340984186
          0,           0,         500,      -1.835537147,      0.5598611036,      0.8412567174,       3.837722494,       1.432616236,       2.328829519
          0,           0,         501,      -1.853712893,      0.5423839476,      0.8212600836,       3.794526167,       1.432535168,       2.318042746
          0,           0,         502,      -1.990705434,      0.4434903467,      0.6301980192,       3.692639657,       1.432546246,       2.312234473
          0,           0,         503,      -1.987272598,      0.4543969636,      0.6432373148,       3.691015854,       1.432566417,       2.307178651
          0,           0,         504,      -1.988742236,      0.4547848405,      0.6453018344,       4.057289242,       1.432589532,       2.301988246
          0,           0,         505,      -1.956745095,      0.4582695604,      0.6861971438,        3.73233047,       1.432350896,       2.299783303
          0,           0,         506,      -2.000939382,      0.4311568199,      0.6123007926,       3.703818326,       1.432364401,       2.310187393
          0,           0,         507,      -1.770104789,      0.5705187031,       0.912671777,       3.813189048,       1.432394551,       2.310557182
          0,           0,         508,      -1.748213926,      0.5479727442,      0.9406752265,       3.884740009,       1.432204705,       2.322099933
          0,           0,         509,      -1.702059588,      0.8195469896,       1.010733053,       4.138104673,       1.432173107,        2.35463797
          0,           0,         510,      -1.637212531,       1.015038254,       1.123983527,       4.012068921,       1.431589112,       2.386905088
          0,           0,         511,      -1.759282916,      0.8373452257,      0.9747207923,       3.887365468,       1.431301531,       2.413288018
          0,           0,         512,      -1.668165236,      0.7339631329,       1.017153012,       4.150235716,       1.431216722,       2.407921584
          0,           0,         513,      -1.605767463,      0.7151030495,       1.090387756,       4.054372155,       1.431004433,       2.408992273
          0,           0,         514,      -1.628003828,      0.6572805873,       1.059591229,       4.012013229,       1.427863384,       2.402552798
          0,           0,         515,      -1.620955735,      0.6841222994,       1.079586423,       3.990663505,         1.4265273,       2.273583467
          0,           0,         516,      -1.706393924,      0.6368749298,      0.9829555819,       4.136600329,        1.42600023,       2.178064826
          0,           0,         517,      -1.771420977,      0.5777475912,      0.9108815572,       3.865399421,       1.425547919,       2.141745393
          0,           0,         518,      -1.722929798,      0.6274281145,      0.9682044044,       3.890470336,       1.425524003,       2.123607678
          0,           0,         519,      -1.799858881,      0.5690803259,      0.8779609108,       3.820830568,       1.425408817,       2.105918498
          0,           0,         520,      -1.926242013,      0.4825256241,      0.6986282177,       3.743566126,       1.425392588,       2.091282455
          0,           0,         521,      -1.913906552,      0.4673500386,      0.7096871567,       3.970550738,        1.42537963,       2.079609742
          0,           0,         522,       -1.92910617,      0.4650989612,      0.7052235132,       3.768079409,       1.425196204,       2.064741286
          0,           0,         523,       -1.96615884,      0.4391067457,      0.6696807549,       3.731101236,       1.425168016,       2.050528185
          0,           0,         524,      -2.021465435,      0.4071215481,      0.5913054251,       4.072497832,       1.425152793,       2.023760613
          0,           0,         525,      -1.820935569,      0.5165722674,      0.8534544223,       3.844724286,       1.424758407,       2.010119812
          0,           0,         526,      -1.769642252,      0.5468103966,      0.9159070605,       3.885229172,       1.424656868,       1.994061922
          0,           0,         527,      -1.776582849,      0.5873238717,      0.9157444785,       3.902470894,       1.424581424,       1.979015953
          0,           0,         528,      -1.582246015,        1.02718982,       1.167504388,       4.029410699,        1.42408813,       1.997980493
          0,           0,         529,      -1.569285474,      0.9826317283,       1.172130619,       4.053837896,       1.423051112,       1.967645685
          0,           0,         530,      -1.641738798,      0.7481790112,       1.051407185,       3.972567684,       1.422257953,       1.936407642
          0,           0,         531,      -1.759102756,       0.641105442,      0.9149285079,       3.878387907,       1.422266835,        1.92210145
          0,           0,         532,      -1.711755709,      0.6406030814,      0.9733662243,        3.91131958,       1.422282444,       1.914186541
          0,           0,         533,      -1.749053824,      0.5953889566,      0.9377710023,       3.880187912,        1.42204405,       1.917396783
          0,           0,         534,      -1.785583443,       0.567710112,      0.9019924366,       4.113479199,       1.422003966,       1.909668003
          0,           0,         535,       -1.81928438,      0.5182965326,      0.8562983007,       3.879861682,       1.421347829,       1.910266413
          0,           0,         536,      -1.708706795,      0.6013153988,      0.9764398654,       3.961465735,       1.421186948,       1.904877193
          0,           0,         537,      -1.607125427,      0.6810554486,       1.086528422,       4.063451302,        1.42106863,         2.0133763
          0,           0,         538,      -1.598723472,      0.6932542448,       1.099904053,       4.070582449,       1.419228146,       2.051020105
          0,           0,         539,      -1.673714506,      0.6300257494,       1.021799174,       3.958359516,       1.418622913,       1.956460085
          0,           0,         540,      -1.854761896,      0.5302030276,      0.8299647786,       3.825396674,        1.41836055,       1.915983196
          0,           0,         541,      -1.814874722,      0.5683350985,      0.8730393681,       3.748907872,       1.418381678,        1.88885683
          0,           0,         542,      -2.007484028,      0.4130299286,      0.6172176138,       3.702403911,       1.418360153,       1.869023711
          0,           0,         543,      -1.990449509,      0.4168308276,      0.6504516653,       3.723351799,       1.418254541,        1.86224238
          0,           0,         544,      -1.987274189,      0.4148416514,      0.6689176381,       4.090214995,       1.418277836,       1.869497102
          0,           0,         545,      -2.043501551,      0.3850463674,      0.5959686883,       3.746099714,       1.417824029,        1.88088977
          0,           0,         546,       -1.93791127,      0.6248410199,      0.7603309013,        3.74544843,       1.417805727,       1.937719102
          0,           0,         547,       -1.63841358,       1.016997028,       1.121695317,       3.947079131,       1.417824842,       1.965079868
          0,           0,         548,      -1.670176458,      0.7851864904,       1.053022241,       3.946433795,        1.41686349,       1.997201415
          0,           0,         549,      -1.831245354,      0.5995790014,      0.8595045056,       4.025373033,       1.416890959,       1.979123498
          0,           0,         550,        -1.9399776,        0.50641081,      0.7399978214,       3.788946589,       1.416424284,       1.960202384
          0,           0,         551,      -1.955406597,      0.4590137463,      0.7057605358,       3.800674702,       1.416426693,       1.969595939
          0,           0,         552,      -1.841965375,      0.5302503941,      0.8337508622,       4.133820924,       1.416431047,       2.018613122
          0,           0,         553,      -1.842976401,      0.5043675868,      0.8298678404,       3.939329413,       1.415698609,       2.028978048
          0,           0,         554,      -1.660002804,      0.6002939874,       1.027683491,       4.003207419,       1.415442116,       2.106867397
          0,           0,         555,      -1.640895852,      0.6350259998,       1.052320061,       4.187266897,       1.414133024,       2.088870743
          0,           0,         556,      -1.762657801,      0.5174670218,      0.9220642044,       3.934578698,       1.412893127,       1.995448017
          0,           0,         557,      -1.848258974,      0.4793015256,      0.8283698577,       3.858760571,       1.412530731,        1.91839465
          0,           0,         558,      -1.784403818,      0.5510005135,      0.9029044793,       3.900150654,       1.412431442,       1.898792145
          0,           0,         559,      -1.821968823,      0.5228844046,      0.8590303598,       3.867872455,       1.412394572,       1.889934746
          0,           0,         560,      -2.039387458,      0.3642352729,      0.5456390773,       3.745351721,       1.412358344,       1.884572112
          0,           0,         561,      -2.066640562,      0.3551094209,      0.4885040182,       3.723142216,       1.412368304,       1.881894669
          0,           0,         562,      -2.067271506,      0.3443511592,      0.4860531286,       3.707893636,       1.412380348,       1.885323867
          0,           0,         563,      -2.104727342,      0.3505099373,      0.4172334056,       3.672212248,       1.412398258,         1.8762852
          0,           0,         564,      -2.114563652,      0.3360650135,      0.3992844183,       4.075915609,        1.41244587,       1.874724887
          0,           0,         565,      -2.034935195,      0.5257922346,      0.6042428267,       3.733638481,       1.412106062,        1.85979495
          0,           0,         566,       -1.73210438,      0.9998315158,       1.044727115,       3.877668983,       1.412108595,       1.858587835
          0,           0,         567,      -1.735853891,      0.7568042664,      0.9896905907,       3.843777826,       1.411640676,       1.821689588
          0,           0,         568,      -1.791358296,      0.5523133285,      0.8968644458,       3.828434984,        1.41136904,       1.810079421
          0,           0,         569,      -1.813831435,      0.5385780908,       0.871219598,       3.800739977,       1.411308128,       1.791874359
          0,           0,         570,      -2.001068728,      0.4473049398,       0.630544908,       3.935971645,       1.411242297,       1.788305709
          0,           0,         571,      -2.028526448,      0.4242595298,      0.5757310596,       3.646009582,       1.411108494,       1.778324804
          0,           0,         572,      -2.035564793,      0.4189212532,      0.5696492812,       3.652403273,       1.411146749,       1.765725825
          0,           0,         573,      -2.081658522,       0.393894389,      0.4918819968,       4.075153459,       1.411188233,        1.76499008
          0,           0,         574,      -2.129700858,      0.3634666392,      0.3867781976,       3.675705913,        1.41085343,       1.744182285
          0,           0,         575,       -2.13953841,      0.3550331992,      0.3555608111,       3.636542024,       1.410899508,       1.738910475
          0,           0,         576,      -2.034653527,      0.3998665312,      0.5685855931,       3.544225493,        1.41098557,       1.763125799
          0,           0,         577,      -2.028819039,      0.3795048825,      0.5668453984,       3.972908959,       1.410930069,       1.795247555
          0,           0,         578,      -1.731037425,      0.5717373886,      0.9656176378,       3.885361675,       1.410375878,        1.80920755
          0,           0,         579,      -1.728488172,      0.5454344096,      0.9634429363,       3.903107673,       1.410389958,       1.900733273
          0,           0,         580,      -1.683321289,      0.6302386765,       1.010451877,       4.157731511,       1.409477449,       1.903281744
          0,           0,         581,      -1.564280441,       1.018151898,        1.17956109,        4.03874896,       1.408311992,       1.836483149
          0,           0,         582,      -1.842285731,      0.5359694377,      0.8470126426,       3.832058828,       1.408079564,       1.814645207
          0,           0,         583,      -1.847177628,      0.5052117161,        0.84181071,       3.808630381,       1.408051606,       1.808425441
          0,           0,         584,      -1.872723604,      0.4816550693,      0.8097349873,       3.802833457,       1.408027839,        1.80898163
          0,           0,         585,      -1.944663261,      0.4097627109,      0.7033290373,       3.728456381,       1.408008246,       1.806896796
          0,           0,         586,      -1.940198717,      0.4189354754,      0.7066049445,       3.710152018,       1.408040714,       1.805345599
          0,           0,         587,      -2.000737618,      0.3990117366,      0.6126833315,       3.667368984,       1.408086793,       1.804013597
          0,           0,         588,       -1.99257568,      0.3898981238,      0.6112622675,       3.930030831,       1.408147462,       1.801695721
          0,           0,         589,      -2.054666378,      0.3591854971,      0.5127569754,       3.671083491,       1.407897625,       1.813759124
          0,           0,         590,       -2.05358442,      0.3625039317,      0.5159662136,       3.644746824,       1.407980496,        1.82924126
          0,           0,         591,      -2.079709565,      0.3413319628,      0.4608575206,       4.084018588,       1.408080045,       1.843507279
          0,           0,         592,      -2.091017819,      0.3490943291,      0.4226270647,       3.751917866,       1.407493491,       1.848114553
          0,           0,         593,      -2.001953151,      0.3923088455,      0.6063852867,       3.717281259,       1.407534689,       1.918668679
          0,           0,         594,      -1.748062925,      0.5389571611,      0.9331765777,       3.862919794,       1.407659164,       1.892631669
          0,           0,         595,      -1.694218853,      0.7028245177,       1.002134497,       3.938677668,       1.406182118,       1.992517428
          0,           0,         596,      -1.639963924,      0.9882807725,        1.10874721,       3.948891921,       1.405763602,        1.90623507
          0,           0,         597,      -1.863492692,      0.5057800027,      0.8118904358,       4.104463932,       1.405585982,       1.890803413
          0,           0,         598,      -1.886666528,      0.4642468142,      0.7806402021,       3.761100316,       1.405328847,        1.87746253
          0,           0,         599,      -1.923926811,      0.4374047727,      0.7319275613,       3.734036072,       1.405374427,       1.864298683
          0,           0,         600,      -1.959739834,      0.4168790762,      0.6748938184,        3.61651863,       1.405436632,       1.850041384
          0,           0,         601,       -1.98185567,      0.4042592397,      0.6402855085,       3.866098263,       1.405467174,       1.840283049
          0,           0,         602,       -1.99853531,      0.3902140538,      0.6150111792,       3.697382463,       1.405251673,       1.846062933
          0,           0,         603,      -2.046938104,      0.3749750703,       0.520572739,       3.655271964,       1.405365668,       1.839127465
          0,           0,         604,      -1.901327914,      0.4120838437,       0.734651398,       4.108320827,       1.405478412,       1.857175109
          0,           0,         605,      -1.939105833,      0.4074967659,      0.6981877067,       3.790058737,         1.4042671,       1.817467374
          0,           0,         606,      -2.040425379,      0.3582048782,      0.5482818933,       3.713113007,       1.404032722,       1.803118573
          0,           0,         607,      -2.076036105,      0.3416118283,      0.4919196568,       3.682218143,       1.404062819,        1.79062633
          0,           0,         608,      -2.048545043,      0.3436891579,      0.5304195141,       3.683867118,       1.404105027,       1.786951032
          0,           0,         609,      -2.074791981,      0.3358284196,      0.4785238399,       3.644364854,       1.404165074,       1.772729887
          0,           0,         610,       -2.08552632,      0.3253695043,      0.4563246071,        3.63350213,       1.404252102,       1.778798831
          0,           0,         611,      -2.065795938,      0.3285420353,      0.4770315307,       4.089326383,        1.40436368,       1.775639954
          0,           0,         612,       -1.93364867,      0.3669464513,      0.6983469169,       3.780461343,       1.403875907,       1.774916716
          0,           0,         613,      -2.036298728,      0.3227244128,      0.5524863601,       3.716535559,       1.403966197,       1.860846737
          0,           0,         614,      -1.812762062,      0.5288526133,       0.858344046,       3.746780315,       1.404135828,       1.891570974
          0,           0,         615,      -1.566949031,       1.021067921,       1.180539211,       4.000686149,       1.404083304,       2.019261712
          0,           0,         616,      -1.656063128,      0.9509366247,       1.097305646,       4.172819389,        1.40314522,       2.018133423
          0,           0,         617,      -1.660627263,      0.7377602979,       1.044816302,       3.961664488,       1.401892818,       1.954980026
          0,           0,         618,      -1.667720769,      0.6705567184,        1.02625648,       3.956076906,       1.401686573,       1.909848114
          0,           0,         619,      -1.771162454,      0.6109820012,      0.9108275914,       3.880956467,        1.40167749,       1.892753009
          0,           0,         620,      -1.741346436,      0.6110482768,      0.9469288182,       3.876370231,       1.401672894,       1.880353419
          0,           0,         621,      -1.929089471,      0.5316396761,      0.7230892364,       3.733653668,        1.40167262,       1.871356958
          0,           0,         622,      -1.945393722,      0.5200933383,      0.7035350087,       3.705068612,       1.401676638,       1.877411396
          0,           0,         623,      -1.961134704,      0.5043177243,      0.6878403043,       3.684288881,       1.401684983,       1.869560145
          0,           0,         624,      -1.975845378,      0.4903866383,      0.6726585141,       3.550655362,       1.401697187,        1.86016301
          0,           0,         625,      -1.993819104,      0.4762735375,      0.6513127819,       3.534576297,       1.401651786,       1.846474814
          0,           0,         626,      -2.007896717,      0.4640953581,      0.6342735922,       3.508053417,       1.401659908,       1.829358156
          0,           0,         627,      -2.026797022,      0.4495322598,      0.6097418335,       3.497337014,       1.401664103,       1.823075747
          0,           0,         628,      -2.045744332,      0.4354472936,      0.5835469658,       3.542590393,       1.401681688,       1.820782958
          0,           0,         629,      -2.088661967,      0.4111723037,      0.5137313036,       3.574177106,       1.401661382,       1.801542318
          0,           0,         630,      -2.114345826,      0.3894952852,      0.4569544473,       4.089823001,       1.401766256,       1.832123997
          0,           0,         631,      -1.987772993,       0.408008851,      0.6322246576,       3.756914028,       1.401245979,       1.830619154
          0,           0,         632,      -2.003580627,      0.3801371869,      0.6219732408,       3.747990856,       1.401389965,        1.84229178
          0,           0,         633,      -1.964039486,      0.3985872027,       0.683108249,       3.623005938,       1.401628515,       1.946579304
          0,           0,         634,      -1.704295789,      0.5254149338,      0.9760048301,       4.065969408,       1.401667726,       1.982634995
          0,           0,         635,      -1.695091541,      0.5978113218,      0.9850345023,       3.961356364,       1.399956832,        2.09788414
          0,           0,         636,      -1.676012771,      0.5890094211,       1.014503751,       3.958267631,       1.399466839,       2.023350026
          0,           0,         637,      -1.783025515,      0.5139638505,      0.8983869449,       3.852633916,       1.399263689,       1.991493727
          0,           0,         638,      -1.777215286,      0.5073676283,      0.9056632888,       3.843265409,       1.399311327,       1.969734932
          0,           0,         639,      -2.004630774,      0.3780751422,      0.6132241704,       3.686469518,       1.399371856,       1.943523598
          0,           0,         640,      -1.966112304,      0.4076920321,      0.6695401756,       3.705660647,       1.399450812,       1.912402773
          0,           0,         641,      -1.792269451,      0.5126348675,      0.8896270413,       3.819909891,       1.399563873,       1.918676985
          0,           0,         642,       -1.78549002,       0.486897664,       0.892590895,       3.843927945,       1.399132478,       1.910021394
          0,           0,         643,      -1.766168058,      0.4916240108,      0.9088625842,       3.815880653,       1.399101152,       1.889919769
          0,           0,         644,      -1.818076481,      0.4577777112,       0.847524106,       3.776699966,       1.399088577,       1.868426879
          0,           0,         645,       -1.99614212,      0.4142257093,      0.6103188101,       3.655731799,       1.399016992,       1.862838392
          0,           0,         646,      -2.024148628,      0.3985583381,      0.5639255634,        3.71049492,       1.399025644,       1.854348157
          0,           0,         647,       -2.02906949,       0.368977082,      0.5518243267,       3.664658313,          1.398982,       1.842557297
          0,           0,         648,      -2.035317067,      0.3575402223,      0.5450388961,       3.761016798,       1.399069727,        1.83254965
          0,           0,         649,      -2.030732006,      0.4458199468,      0.5790870851,       3.686326014,       1.398979597,       1.826762651
          0,           0,         650,      -1.740894301,      0.9937155353,       1.033807429,       3.810287519,       1.399112763,       1.835475918
          0,           0,         651,      -1.958419136,      0.6616605415,      0.7513384376,       3.688443228,       1.398735642,       1.823675382
          0,           0,         652,        -2.0727675,      0.3952693115,      0.5150262568,       3.872736387,       1.398713693,       1.814127443
          0,           0,         653,       -2.06534366,      0.3753393283,       0.520349196,       3.689083803,        1.39861869,       1.820568621
          0,           0,         654,      -2.037076068,      0.3717247863,      0.5679422343,       3.587764343,       1.398713597,       1.826162904
          0,           0,         655,      -2.059405588,      0.3559123133,      0.5375725122,       3.910317642,       1.398794268,       1.815413372
          0,           0,         656,       -2.10183637,      0.3423372358,      0.4712178037,       3.650794391,       1.398602938,       1.850085343
          0,           0,         657,      -1.997663506,      0.3776874574,      0.6382344592,        3.67261193,       1.398775698,       1.862923159
          0,           0,         658,      -1.831433488,      0.4456053537,      0.8395584438,       4.123172666,        1.39898232,       1.876319529
          0,           0,         659,      -1.893128065,       0.441300723,      0.7663149198,       3.849524063,       1.397864278,       1.937539608
          0,           0,         660,      -1.772229506,       0.501683388,      0.9100109836,       3.884915058,       1.397658835,       1.889564698
          0,           0,         661,      -1.969553884,      0.3788719812,      0.6718976049,        3.75106711,       1.397662623,       1.880599243
          0,           0,         662,      -1.866336725,      0.4335274465,       0.803065041,       3.798593726,       1.397670268,       1.882014213
          0,           0,         663,      -2.091011097,      0.3265717973,      0.4863487541,       3.683082419,       1.397681649,       1.896702849
          0,           0,         664,      -2.103629954,      0.3178920698,      0.4662818132,       3.641936272,       1.397696928,       1.897870465
          0,           0,         665,      -2.115102678,      0.3188452441,      0.4484905677,       3.640650125,       1.397715999,       1.899064313
          0,           0,         666,      -2.120523311,      0.3100445587,      0.4389159433,       3.618919226,       1.397792338,       1.896783379
          0,           0,         667,      -2.132039521,      0.3116393313,      0.4186584141,       3.545971231,       1.397891535,       1.899740507
          0,           0,         668,      -2.150374445,      0.2997867699,        0.37910343,       3.623203529,       1.397870163,       1.903809848
          0,           0,         669,      -2.111895857,      0.3112014628,      0.4518613738,       4.090177223,       1.398021872,        1.89155531
          0,           0,         670,      -2.075989095,      0.3188024946,      0.5216260846,       3.716621356,       1.397681882,        1.91038637
          0,           0,         671,      -2.082886532,      0.3290727731,      0.5126924399,        3.68781133,       1.397372628,       1.916579827
          0,           0,         672,      -1.992896832,      0.5151245804,      0.6633552283,       3.722330494,        1.39728896,       1.902608327
          0,           0,         673,      -2.094240079,      0.3712747868,      0.4885821036,       3.669451281,        1.39731462,       1.905209123
          0,           0,         674,      -2.167572455,      0.3142061617,      0.3326596283,       3.516190486,        1.39734431,        1.90420841
          0,           0,         675,      -2.189692797,      0.2929549669,      0.2720879296,       3.547536778,       1.397349902,       1.904660002
          0,           0,         676,       -2.19945924,       0.290583035,      0.2478219548,       3.561970967,       1.397281982,       1.906249445
          0,           0,         677,      -2.220787738,      0.2806982998,      0.1668301746,       3.646878632,       1.397309616,       1.904368977
          0,           0,         678,      -2.235068993,      0.2792812447,     0.09969844006,       3.576449276,        1.39727398,       1.902090867
          0,           0,         679,       -2.23600604,      0.2827347697,     0.09577405989,         3.7037209,       1.397380829,       1.898331875
          0,           0,         680,      -2.229603329,      0.2978500829,      0.1556777594,       3.639308777,       1.397301347,       1.900183999
          0,           0,         681,      -2.185635048,      0.4241132943,      0.3637568695,       3.443085201,       1.397462618,       1.912200536
          0,           0,         682,      -1.769373536,      0.9873757988,       1.015913052,       3.831572559,        1.39748172,       1.904678054
          0,           0,         683,      -1.984730332,      0.7153393847,      0.7601088837,       4.112109847,       1.397257516,       1.935894983
          0,           0,         684,       -2.14513142,      0.4020204512,       0.413072833,       3.650842969,       1.396767902,       1.925228591
          0,           0,         685,      -2.189158898,      0.3768086432,      0.3100266635,       3.616962917,       1.396849045,        1.89372479
          0,           0,         686,      -2.197394948,       0.362780478,       0.281851487,       3.590473773,        1.39695687,       1.891464174
          0,           0,         687,      -2.202264162,      0.3504164599,      0.2611463075,       3.515612199,       1.397094779,       1.883778264
          0,           0,         688,      -2.206424522,      0.3369133756,      0.2551228253,       3.612232418,       1.397063281,       1.884065023
          0,           0,         689,      -2.183333506,      0.3261548503,        0.31399338,       4.091755266,       1.397250843,       1.918136391
          0,           0,         690,      -2.062517551,      0.3494329734,      0.5425877912,       3.734276281,       1.396292888,       1.906989533
          0,           0,         691,      -2.051345269,      0.3455332598,      0.5679272526,       3.728471758,       1.396193588,       1.902799632
          0,           0,         692,      -2.166099347,      0.3090569351,      0.3604021903,       3.664981337,       1.396209731,       1.893250407
          0,           0,         693,      -2.217206415,      0.2955523359,      0.2085141452,       3.642714924,       1.396230501,       1.893158247
          0,           0,         694,      -2.211217682,      0.2924298568,      0.2260369201,        3.61689441,       1.396309286,       1.894995596
          0,           0,         695,      -2.223854733,       0.286887142,      0.1811304152,       3.592100425,       1.396412674,       1.889957087
          0,           0,         696,      -2.239339157,      0.2817341803,      0.1144668203,       3.562677412,       1.396549581,       1.900361775
          0,           0,         697,      -2.239451239,      0.2794462372,      0.1081449238,       4.088944876,       1.396705459,       1.896030633
          0,           0,         698,      -2.228282874,      0.2794787099,      0.1589811095,       3.678735227,        1.39633209,       1.911123309
          0,           0,         699,      -2.203386775,      0.2799060421,      0.2542577276,        3.63673154,        1.39653968,       1.953188264
          0,           0,         700,      -1.968642879,      0.3552765221,       0.675631992,       3.698390248,       1.396840724,       1.980483395
          0,           0,         701,      -1.802836811,      0.4591222108,      0.8735589693,       4.141247378,       1.396405017,       2.028982638
          0,           0,         702,      -2.009620595,      0.3325214701,      0.6130583309,       3.715844826,       1.395601651,       1.998963533
          0,           0,         703,      -2.085465074,      0.3155028781,      0.5021890261,       3.690868793,        1.39558864,       1.987352089
          0,           0,         704,      -2.083907869,      0.4588062924,      0.5399607203,       3.666099667,       1.395617504,       1.979675386
          0,           0,         705,      -2.086826536,      0.3892917422,      0.5255806535,       3.666228441,       1.395703697,       1.969024255
          0,           0,         706,      -2.105054366,      0.3425825885,      0.4858889003,       3.632709519,       1.395697869,       1.945820423
          0,           0,         707,      -2.131630743,      0.2963145553,      0.4295849007,        3.47200607,       1.395740915,       1.939534925
          0,           0,         708,       -2.15508602,      0.2852571612,      0.3790263487,       3.578015994,       1.395756747,       1.928660114
          0,           0,         709,      -2.176552165,      0.2738321988,      0.3240025427,       3.566449917,       1.395691549,       1.920811034
          0,           0,         710,      -2.202688686,      0.2790134622,      0.2491588927,       3.634667231,       1.395730767,       1.910417848
          0,           0,         711,      -2.182662692,      0.3915115441,      0.3534413336,       3.623127414,       1.395643402,        1.90809146
          0,           0,         712,      -2.189748575,      0.3663621476,      0.3339147927,       3.473500729,       1.395742071,       1.894395316
          0,           0,         713,      -2.197771876,      0.3239730963,      0.2862322838,       3.554393571,       1.395743115,        1.89805617
          0,           0,         714,       -2.22318655,      0.2719612325,      0.1701797812,       4.062504455,       1.395875134,       1.890099246
          0,           0,         715,      -2.110934574,      0.5673068378,      0.5508906535,       3.675979888,       1.395558155,       1.897003547
          0,           0,         716,      -1.764235557,      0.9924521648,       1.022777889,       3.846257488,       1.395756624,       1.924818782
          0,           0,         717,      -2.007697373,      0.6576721926,      0.7192962078,       3.613711481,       1.396028305,       1.956569666
          0,           0,         718,      -1.751834586,      0.5989120041,      0.9427779089,       3.938788615,       1.396168331,       1.995810843
          0,           0,         719,      -1.722736016,      0.5427470284,      0.9671188246,       3.926191547,       1.395095786,       1.976486013
          0,           0,         720,      -1.694039183,       0.547605581,      0.9940593786,       3.898324145,       1.394900413,       1.979075859
          0,           0,         721,      -2.004582726,       0.377199469,      0.6141070785,       3.701697204,       1.394900631,       1.963572026
          0,           0,         722,      -2.056410836,      0.3607128891,       0.534986444,       3.660803026,       1.394939918,       1.955800753
          0,           0,         723,       -2.03721528,      0.3588544642,      0.5732244898,       3.662033516,       1.394983408,       1.948249878
          0,           0,         724,      -2.045368902,      0.3512112144,       0.567204947,       3.543488553,       1.395030457,       1.938527916
          0,           0,         725,      -2.057811962,      0.3420934817,      0.5518782431,       3.493942881,       1.395003175,       1.927001167
          0,           0,         726,      -2.058648989,      0.3384331683,      0.5527225518,       3.539325093,       1.395012362,       1.924557684
          0,           0,         727,      -2.064614866,      0.3334304742,      0.5461392594,       3.546726979,       1.394967843,       1.927191852
          0,           0,         728,       -2.07436526,      0.3281058993,      0.5330583733,       3.624893393,       1.394996684,       1.925933614
          0,           0,         729,      -2.086594199,      0.3215824784,      0.5156351516,       3.635507909,       1.394924382,       1.926104833
          0,           0,         730,       -2.09936916,      0.3160207475,      0.4953934212,       3.628999092,       1.394974556,       1.926197839
          0,           0,         731,      -2.112526953,      0.3097208256,       0.473625532,       3.601101869,        1.39489655,       1.928492315
          0,           0,         732,      -2.117539829,      0.3056312542,      0.4610771707,       3.555246835,        1.39494736,       1.923632483
          0,           0,         733,       -2.11911618,      0.3026096117,      0.4563157039,       3.603467496,       1.394884456,       1.923182806
          0,           0,         734,      -2.123711728,      0.3006769464,      0.4458387386,       3.658713283,       1.394981707,       1.920501238
          0,           0,         735,      -2.132388327,      0.2946158138,      0.4262115304,       3.644304025,       1.394943522,       1.924447713
          0,           0,         736,      -2.087338105,      0.3017479101,      0.4988428701,       3.796925863,       1.395098006,       1.917228713
          0,           0,         737,      -2.068734549,      0.3012685206,      0.5346251952,       3.688198885,        1.39497249,       1.918205461
          0,           0,         738,      -2.077985477,      0.3081632166,      0.5159132173,       3.523354757,       1.395209402,        1.93990843
          0,           0,         739,      -1.805947336,      0.4610249725,       0.870487027,       4.135575255,       1.395387842,       1.966177038
          0,           0,         740,      -1.818964233,      0.4440933565,      0.8580561349,       3.871934193,       1.394261276,       1.981126102
          0,           0,         741,      -1.979766791,      0.3838846752,      0.6664037487,       3.787171538,       1.394097685,       1.920237604
          0,           0,         742,      -2.072769239,       0.316299383,      0.5347713599,       3.697480272,       1.394175791,       1.907985831
          0,           0,         743,      -2.117256404,       0.293547714,      0.4541471418,       3.681522963,       1.394276597,       1.906607744
          0,           0,         744,      -2.097889709,      0.2958728426,      0.4872491672,       3.665029376,       1.394407292,       1.915768628
          0,           0,         745,      -2.095167401,       0.299508751,      0.4951941702,       3.661608462,       1.394577902,       1.931285551
          0,           0,         746,      -2.079919034,      0.3738933062,      0.5371373541,       3.737060426,       1.394431398,       1.928173202
          0,           0,         747,      -2.112754907,      0.3360270661,      0.4787674887,       3.624620249,       1.394273059,        1.91107413
          0,           0,         748,      -2.116657059,      0.2859876067,      0.4543191663,       3.500284978,       1.394321239,       1.907106963
          0,           0,         749,      -2.135080734,      0.2795665177,      0.4124746819,       3.572894948,       1.394346039,       1.906082672
          0,           0,         750,       -2.15421751,      0.2949529181,      0.3708001679,       3.608607651,       1.394286098,       1.888761553
          0,           0,         751,      -2.148461344,      0.3812616518,      0.4162986025,       3.647524479,       1.394383397,       1.888640908
          0,           0,         752,      -2.094081571,      0.3699012514,      0.4960617597,       3.660881948,       1.394351396,         1.8898218
          0,           0,         753,      -2.079394386,       0.421464438,      0.5388280475,       3.807995224,       1.394313122,       1.890898418
          0,           0,         754,       -2.15380071,      0.3072325478,      0.3890007787,       3.624850783,       1.394197317,       1.877745989
          0,           0,         755,      -2.213021451,      0.2754205773,      0.2154844685,       3.433590263,       1.394247915,        1.87664632
          0,           0,         756,      -2.244572009,      0.2647756902,     0.06333598519,       3.537905576,       1.394320255,       1.874341879
          0,           0,         757,      -2.245012984,      0.2578647411,     0.05846279665,       3.583903926,       1.394314303,       1.864774865
          0,           0,         758,      -2.234200797,      0.2908124651,       0.150661325,       4.074296897,       1.394465212,       1.865087894
          0,           0,         759,      -2.098409455,      0.5830061665,      0.5877088199,       3.714423757,        1.39414707,       1.882366498
          0,           0,         760,       -2.14394086,      0.4845213878,       0.492644093,       3.639573647,       1.393977505,       1.893263443
          0,           0,         761,      -2.229229177,      0.2822165244,      0.1753217826,       3.596472064,       1.394091739,       1.884659364
          0,           0,         762,      -2.223029297,      0.2683314193,      0.1889263021,        3.50946351,        1.39424014,       1.888643472
          0,           0,         763,      -2.169257039,      0.2921512274,      0.3510529761,        4.09952919,       1.394389145,       1.885959584
          0,           0,         764,      -1.911108161,       0.410903867,      0.7567685655,       3.793232903,       1.393644977,       1.878799899
          0,           0,         765,       -1.93298232,      0.3851425079,      0.7282991204,       3.757644941,       1.393639105,       1.849141263
          0,           0,         766,      -2.007102676,      0.3378234344,      0.6290290392,       3.709445221,       1.393671951,       1.846096845
          0,           0,         767,      -2.119657318,      0.2881520267,      0.4505742719,       3.654377457,       1.393708468,        1.85002852
          0,           0,         768,      -2.155331589,      0.2802575861,      0.3795884425,       3.599229268,       1.393748689,       1.860798401
          0,           0,         769,       -2.15002624,       0.291584062,      0.3939349368,       3.588620742,       1.393792529,       1.863904453
          0,           0,         770,      -2.160858386,      0.2852525223,      0.3646274776,       3.538791365,       1.393889672,       1.852056213
          0,           0,         771,      -2.133490088,      0.4159558579,      0.4600800332,       3.808869493,       1.393996044,       1.862290459
          0,           0,         772,      -2.168958861,      0.3364104218,      0.3733123848,       3.628259324,       1.393694658,          1.852837
          0,           0,         773,      -2.206593257,      0.2840113443,      0.2479066788,       3.591020478,       1.393789473,       1.849237464
          0,           0,         774,      -2.210687349,      0.2697113368,      0.2250910513,       3.374124168,       1.393910791,       1.857881616
          0,           0,         775,      -2.205419678,      0.2747507799,      0.2508092664,       3.353993568,       1.393787279,       1.867128745
          0,           0,         776,      -2.232404991,      0.2707326122,      0.1577638053,       3.361611437,       1.393768718,       1.870814468
          0,           0,         777,      -2.249328031,      0.2700329815,     0.07252386613,       3.356053974,       1.393770093,        1.85404883
          0,           0,         778,      -2.253840923,      0.2689333257,     0.05055845417,       3.392832628,       1.393741697,       1.856443428
          0,           0,         779,      -2.256274641,      0.2618794838,      0.0305162619,       3.431474393,       1.393754723,       1.846061816
          0,           0,         780,      -2.260456228,      0.2483055641,    -0.02605535962,       3.436005431,       1.393707337,       1.844293923
          0,           0,         781,        -2.2610392,       0.246614114,    -0.03616781786,       3.548005138,       1.393788085,       1.853816702
          0,           0,         782,      -2.251279446,      0.2801243297,     0.08245798885,       3.553688377,       1.393756451,       1.852692792
          0,           0,         783,      -2.082097916,       0.612328719,      0.6180357958,       3.907817412,       1.393901884,       1.849060841
          0,           0,         784,      -2.150994984,      0.4958353415,      0.4888937324,       3.637562543,       1.393695452,       1.849303094
          0,           0,         785,      -2.219911459,      0.3103951816,       0.238832962,       3.568261183,       1.393553977,       1.872092362
          0,           0,         786,      -2.227834263,       0.288089055,      0.1894476845,       3.330001307,        1.39357117,       1.873970378
          0,           0,         787,      -2.247344511,      0.2724016897,     0.09143579858,       3.362072449,        1.39356343,       1.854594076
          0,           0,         788,      -2.254466133,      0.2647979742,     0.04379752524,       3.283918574,       1.393544782,       1.857188494
          0,           0,         789,      -2.257508607,      0.2610813988,     0.01955141687,       3.268651807,        1.39358903,        1.84532646
          0,           0,         790,      -2.261293526,      0.2498143934,    -0.01882219562,       3.381712481,       1.393615502,       1.851413761
          0,           0,         791,      -2.254271944,      0.2734751961,     0.06543552153,       3.653519782,       1.393700672,       1.858613458
          0,           0,         792,      -2.256570089,       0.267171483,     0.04257858338,       3.572039033,       1.393604543,       1.851958199
          0,           0,         793,       -2.06606897,      0.6418190711,      0.6375743054,         3.6548348,       1.393813667,       1.855402647
          0,           0,         794,      -1.763405301,      0.9941915594,        1.02564215,       3.857874243,       1.393270503,       1.865967435
          0,           0,         795,      -2.095766349,      0.5646226954,      0.5863592789,       3.639745634,       1.393237266,        1.86201277
          0,           0,         796,      -2.214386878,      0.3569739791,      0.2682238389,       3.331856067,       1.393333006,       1.866363806
          0,           0,         797,      -2.232000275,        0.32141384,      0.1779378208,       3.292417777,       1.393367676,       1.860835116
          0,           0,         798,      -2.233516068,      0.3107438338,      0.1652221518,       3.417883714,       1.393422591,       1.859888896
          0,           0,         799,      -2.218970236,      0.3056478445,      0.2218762319,       3.508139655,       1.393444892,        1.86917132
          0,           0,         800,      -2.122627978,      0.3258679553,      0.4522911152,       4.106447517,        1.39359267,       1.874863491
          0,           0,         801,       -1.81658015,      0.4642904866,      0.8650933184,       3.878188794,       1.393044888,       1.882986042
          0,           0,         802,      -1.826301206,      0.4423227528,      0.8516084656,       3.841495996,        1.39326375,       1.927619419
          0,           0,         803,      -1.700977549,      0.5380461859,      0.9867968702,       3.924956645,       1.393593278,       1.971015494
          0,           0,         804,       -1.64736558,       0.667999766,       1.050151769,       4.188156755,       1.393988954,       2.040309444
          0,           0,         805,      -1.620123405,       1.012364017,       1.132054681,       4.029036044,       1.393264989,       2.069198627
          0,           0,         806,      -1.627396508,      0.9480319653,       1.116189905,       4.008460714,       1.393289547,       2.130583499
          0,           0,         807,      -1.661969769,      0.9427879812,       1.077303716,       4.176420895,       1.394544571,       2.191886796
          0,           0,         808,      -1.733480233,      0.8273451016,      0.9765647645,        3.99639784,       1.396181709,       2.297060589
          0,           0,         809,      -1.591353611,      0.8546955599,       1.162540607,       4.016136771,       1.395343247,       2.371189979
          0,           0,         810,      -1.396492399,       1.090046682,       1.375293067,       4.293008015,       1.431983328,       2.471376827
          0,           0,         811,      -1.384470748,       1.067906285,       1.515499574,       4.266603352,       1.429959416,       2.802950084
          0,           0,         812,      -1.334352443,       1.150185451,       1.470373201,       4.281295576,        1.38796686,       3.001054259
          0,           0,         813,      -1.399116863,       1.031270442,       1.376681002,       4.226494394,       1.387859713,       2.933150767
          0,           0,         814,      -1.469211199,      0.9305771698,       1.299583855,       4.162354124,       1.387448019,        2.86025309
          0,           0,         815,      -1.577779394,      0.8361774071,       1.214776079,       4.057709853,       1.387091628,       2.785996979
          0,           0,         816,       -1.65424493,      0.7698007536,       1.160112635,       3.976301847,       1.386836572,       2.717602498
          0,           0,         817,      -1.730741402,      0.7127301772,       1.105542985,       3.917163167,       1.386732568,       2.663884629
          0,           0,         818,      -1.799989173,      0.6623680725,       1.050705589,       4.132316917,       1.386858548,       2.632218277
          0,           0,         819,      -1.874447765,      0.5949367896,      0.9838165004,       3.848358964,       1.386826137,       2.633848963
          0,           0,         820,      -1.927296259,      0.5549280775,      0.9196187709,       3.783269309,       1.386828319,       2.639183659
          0,           0,         821,      -1.768342336,        0.62436719,       0.989648305,       3.813151435,       1.387036193,       2.643968343
          0,           0,         822,      -1.701173656,      0.6695764021,       1.037745737,       4.172200869,       1.386828201,       2.638457281
          0,           0,         823,       -1.54649175,       1.036447152,       1.206154708,       4.100941557,       1.385321736,       2.624092982
          0,           0,         824,      -1.591037302,      0.9855655796,       1.164455762,       4.081234286,        1.38463196,       2.618536916
          0,           0,         825,      -1.582047783,      0.9688867354,       1.164810553,       4.220556441,       1.384042697,        2.66756726
          0,           0,         826,      -1.576023685,      0.9103681878,       1.147173398,       4.144158629,       1.385485179,       2.756798087
          0,           0,         827,      -1.554434243,      0.9317723718,       1.171669947,       4.129469502,        1.38945315,       2.810507517
          0,           0,         828,      -1.474962935,       1.126744008,       1.282677117,       4.271145397,       1.432206737,       2.887657107
          0,           0,         829,       -1.44171203,       1.186376591,       1.305579052,       4.219834499,       1.438034079,       2.833905152
          0,           0,         830,      -1.375309603,       1.376350425,        1.35956093,       4.232368826,       1.456920191,        2.85534242
          0,           0,         831,      -1.293812255,       1.452346808,       1.547775866,       4.380672076,       1.481925692,       2.908031722
          0,           0,         832,      -1.243663511,       1.540047151,        1.60728134,       4.367917807,       1.496203636,       3.176874209
          0,           0,         833,       -1.28082695,       1.545400568,       1.457287911,       4.299037991,       1.491788654,       3.323052637
          0,           0,         834,      -1.337536747,       1.549596654,       1.400798112,       4.334495985,       1.500192802,       3.276924548
          0,           0,         835,      -1.355813591,       1.551545694,       1.356726576,       4.265990474,       1.497060023,       3.174300391
          0,           0,         836,      -1.347727485,          1.564336,       1.333056207,       4.247575977,       1.488740226,       3.078099745
          0,           0,         837,      -1.326713184,       1.560471551,       1.356581742,       4.349473017,       1.494895023,       3.187098335
          0,           0,         838,      -1.279287049,       1.579465484,       1.479328071,       4.344914345,       1.521679815,       3.229411691
          0,           0,         839,      -1.254104494,       1.572955813,       1.549518619,       4.336616217,       1.523258048,       3.228762961
          0,           0,         840,      -1.295770279,       1.570763906,       1.406024225,          4.352325,       1.507356666,       3.248999448
          0,           0,         841,      -1.338540199,       1.566248888,       1.373876624,       4.286766147,       1.507151727,       3.133772563
          0,           0,         842,      -1.281932789,       1.596198931,        1.43498869,        4.31459762,       1.536686784,       2.863896243
          0,           0,         843,      -1.307193689,       1.585828719,       1.384410823,       4.352461439,       1.530120454,       3.011628696
          0,           0,         844,       -1.33397251,        1.57640358,       1.331038507,       4.286093009,       1.508186992,       3.177964892
          0,           0,         845,      -1.295132929,       1.572615745,       1.540421649,       4.308236286,       1.505704603,       3.205872381
          0,           0,         846,      -1.201731081,       1.588551165,       1.630030869,       4.428749596,       1.537447863,       3.190083708
          0,           0,         847,      -1.255976805,       1.584941542,       1.456470661,       4.367954741,        1.53079681,       3.243308593
          0,           0,         848,      -1.322942311,       1.586081501,       1.400773516,       4.295222124,       1.509484165,       3.110905102
          0,           0,         849,      -1.298987791,       1.602671115,       1.420390799,       4.365402422,       1.505281576,       3.021371292
          0,           0,         850,      -1.298184855,       1.597045004,       1.388527544,        4.33318394,       1.526722253,       3.080158724
          0,           0,         851,      -1.315618959,       1.588077892,       1.358865398,       4.286519855,       1.524078139,       3.256111032
          0,           0,         852,      -1.310452958,       1.592672425,       1.382656255,        4.34394456,       1.511260324,       3.321267104
          0,           0,         853,      -1.275229588,       1.591634396,       1.562170875,       4.341992251,       1.503707407,       3.331159261
          0,           0,         854,       -1.19779252,       1.599161461,       1.632944206,       4.386289414,       1.527862339,        3.29093624
          0,           0,         855,      -1.249705144,       1.592978301,       1.467218955,       4.390316905,       1.527077987,       3.268672512
          0,           0,         856,      -1.324878256,       1.582928237,       1.388780155,       4.292513629,       1.505094433,       3.146978899
          0,           0,         857,      -1.350936761,       1.580100346,       1.332264968,       4.253690171,       1.501350946,       3.059292238
          0,           0,         858,      -1.285133551,       1.603888125,        1.41624811,       4.365441603,        1.53175369,       3.085195823
          0,           0,         859,       -1.31447742,       1.595507003,       1.368840341,       4.307391785,       1.527812122,       3.237641834
          0,           0,         860,      -1.345280484,       1.583975951,       1.332929062,       4.260972656,       1.502486884,       3.287027758
          0,           0,         861,      -1.279539019,       1.585620414,       1.539015944,       4.369662271,       1.504862575,       3.266797957
          0,           0,         862,      -1.200658298,       1.595535082,       1.619847563,       4.396948161,       1.532278626,       3.263059874
          0,           0,         863,      -1.267521363,       1.590262841,       1.439197153,       4.330765819,       1.528796288,       3.266219778
          0,           0,         864,      -1.319337527,       1.594181565,       1.399983177,       4.340552384,       1.511205309,        3.12436985
          0,           0,         865,      -1.329214923,       1.589721112,       1.371307414,        4.29101813,       1.508797151,        3.04414183
          0,           0,         866,      -1.293784603,       1.598243196,       1.403505568,       4.298294052,       1.531065067,       3.036467954
          0,           0,         867,       -1.29173324,        1.59537174,       1.401625248,       4.362379732,       1.533033656,       3.161110271
          0,           0,         868,      -1.304887875,        1.58431856,       1.473904247,       4.314177273,       1.513899846,       3.203634852
          0,           0,         869,      -1.267646936,       1.582738976,       1.526931379,       4.331443511,       1.511257484,       3.137119052
          0,           0,         870,      -1.257763886,       1.604043395,       1.475346921,       4.388939233,       1.538666544,       3.235508879
          0,           0,         871,      -1.322832856,       1.595306316,       1.412266062,       4.304867467,       1.536426822,        3.14279678
          0,           0,         872,      -1.352334231,       1.585812108,       1.328984927,       4.255050765,       1.511042693,       2.973719732
          0,           0,         873,      -1.312885885,       1.586324297,       1.360435489,       4.351868604,       1.512917498,       2.981022836
          0,           0,         874,      -1.295659053,       1.593798043,       1.392499434,       4.327854299,       1.539138874,       3.064514228
          0,           0,         875,        -1.2777737,       1.587772642,       1.557877639,       4.323622732,       1.536809792,       3.040119635
          0,           0,         876,      -1.211003874,       1.593859777,       1.617986153,       4.412396888,       1.517771028,       3.130317184
          0,           0,         877,      -1.259507934,       1.589687382,       1.452810785,       4.351896362,       1.517177351,       3.269976665
          0,           0,         878,      -1.289121587,        1.59571697,        1.44238964,       4.316120129,       1.536024217,       3.216300608
          0,           0,         879,      -1.317230467,       1.592554449,       1.390637381,       4.357244435,       1.536368822,       3.118461817
          0,           0,         880,      -1.341308841,       1.582131591,       1.321464839,       4.283704328,       1.517609541,       3.020172145
          0,           0,         881,      -1.313116558,       1.585756984,       1.355453109,       4.294274056,       1.514577849,       3.115136339
          0,           0,         882,      -1.272880279,       1.601094372,       1.445672213,       4.381480151,       1.502797407,       3.143947973
          0,           0,         883,      -1.334283447,       1.489803118,       1.531917488,       4.271923175,       1.418171409,       3.027524778
          0,           0,         884,      -1.397949232,        1.20919635,       1.521443935,       4.199289221,       1.397155528,       2.909544906
          0,           0,         885,      -1.603784166,       1.243355281,       1.190746378,       4.007319778,       1.395430419,       2.707927706
          0,           0,         886,      -1.720819553,       1.135422628,       1.101544739,       3.890348562,       1.397675506,        2.64668225
          0,           0,         887,      -1.677067209,        1.10592683,       1.108467463,       4.115545891,       1.399913405,       2.618193578
          0,           0,         888,      -1.607404473,       1.098886238,        1.14325305,       4.026580889,        1.40177465,       2.628331603
          0,           0,         889,      -1.598563417,       1.085517919,       1.129999037,       4.038792972,       1.403275822,       2.653090112
          0,           0,         890,      -1.626917324,       1.069900263,       1.085121971,       4.165529787,       1.404605626,       2.671406086
          0,           0,         891,      -1.618825989,       1.059477061,       1.079705468,       4.074588468,       1.406271813,       2.695625596
          0,           0,         892,      -1.583977864,       1.070698349,         1.1003071,       4.081311616,       1.408409037,       2.719185179
          0,           0,         893,      -1.551699667,       1.059576339,       1.127145468,       4.208902458,       1.411324594,       2.737316916
          0,           0,         894,      -1.534074575,       1.070416878,        1.14104735,       4.153890342,       1.416325918,       2.787160719
          0,           0,         895,      -1.504733287,       1.127233827,       1.189027249,       4.139709041,       1.420950092,       2.829104219
          0,           0,         896,      -1.469071305,       1.245018245,       1.226505061,       4.255780132,       1.422329868,       2.806090119
          0,           0,         897,      -1.463371319,       1.304335751,       1.247166337,       4.169409915,       1.425130809,       2.625823479
          0,           0,         898,      -1.578943267,        1.13749839,       1.085553064,       4.057189587,       1.417149639,       2.460095782
          0,           0,         899,      -1.605244245,      0.9939174931,       1.058734647,       4.004848049,       1.417440441,       2.419928115
          0,           0,         900,      -1.682467224,      0.9546889439,      0.9314529236,       3.941644769,       1.418070916,       2.396443945
          0,           0,         901,        -1.6738667,      0.9380157852,      0.9504567158,       4.125616167,       1.419108541,       2.374764713
          0,           0,         902,      -1.635202639,      0.9318774216,       1.000524089,       4.013158889,       1.420613249,       2.358113907
          0,           0,         903,      -1.618087153,      0.9297452943,       1.035620194,       3.995396465,       1.422656125,       2.319019468
          0,           0,         904,      -1.604979988,      0.9317117082,       1.060384588,       4.173306485,       1.425926272,       2.285109264
          0,           0,         905,      -1.565726965,      0.9674566109,       1.116477707,       4.124050539,       1.430899599,         2.3169659
          0,           0,         906,      -1.497313748,       1.111898237,       1.226495237,       4.147818231,       1.436687074,       2.357794143
          0,           0,         907,      -1.439298348,       1.172856215,       1.315059338,       4.282356807,       1.459389632,       2.490074782
          0,           0,         908,      -1.424624245,       1.173876191,       1.406473218,       4.258305317,       1.454610769,       2.605991465
          0,           0,         909,      -1.467501158,        1.04365367,       1.453921825,       4.158043157,       1.443985037,       2.620398405
          0,           0,         910,      -1.594759838,      0.9545638698,        1.17531797,       4.033994051,       1.443212762,       2.541528208
          0,           0,         911,      -1.635654623,       0.882685281,       1.121083697,       3.983315058,       1.444026771,       2.495616978
          0,           0,         912,      -1.722559522,      0.8399076811,       1.020391274,        4.10219077,         1.4452151,       2.481599466
          0,           0,         913,      -1.724506336,        0.80999228,      0.9758090301,        3.94515386,       1.447213842,       2.504243624
          0,           0,         914,      -1.752943917,      0.7826824276,      0.9090479841,       3.913297528,       1.448771475,        2.51120125
          0,           0,         915,      -1.642490688,      0.8012264999,        1.03197054,       4.158027734,       1.450986343,       2.582265663
          0,           0,         916,      -1.653200308,      0.8152080792,       1.014454048,       4.055873401,       1.451095325,       2.588602976
          0,           0,         917,      -1.674381856,      0.7954967459,      0.9863903601,       3.970235123,       1.450502228,       2.509221563
          0,           0,         918,      -1.678028053,        0.77486777,      0.9804625523,       3.948949479,       1.450256667,       2.481651246
          0,           0,         919,      -1.741798164,      0.7532375592,      0.8979236678,       3.872635597,       1.450299039,       2.456949162
          0,           0,         920,      -1.816840204,      0.7185205915,      0.7748433423,        3.81112048,       1.450432952,       2.441691636
          0,           0,         921,      -1.819010033,      0.7189661689,      0.7693297003,       3.803601545,       1.450573913,       2.427544538
          0,           0,         922,      -1.819028654,      0.7196282265,      0.7624590007,       3.796014524,        1.45072222,       2.414676708
          0,           0,         923,       -1.82090134,      0.7193850528,      0.7539706739,       3.780188287,       1.450983069,       2.405318164
          0,           0,         924,      -1.831930196,      0.7164646151,      0.7271323254,       3.754641957,       1.451320668,       2.397500287
          0,           0,         925,      -1.859610332,      0.7082077738,      0.6614948086,        4.05291179,       1.451746892,         2.3929799
          0,           0,         926,      -1.885438547,      0.6977072963,       0.604593897,       3.769940136,       1.452341586,       2.393755253
          0,           0,         927,      -1.857300643,      0.7049636741,      0.6810853555,       3.773367323,       1.452982218,       2.401618619
          0,           0,         928,        -1.8689953,      0.7026125912,      0.6566210673,       3.977912202,       1.453762532,       2.417654085
          0,           0,         929,      -1.886452269,      0.6885384846,      0.5863754296,       3.776586972,       1.454769815,       2.441672573
          0,           0,         930,       -1.78960397,       0.709177107,      0.8213484111,        3.83822106,       1.455902299,       2.471965204
          0,           0,         931,       -1.59857787,      0.7924729549,       1.093101773,       4.158070258,       1.457059687,       2.502072031
          0,           0,         932,      -1.643265649,      0.7601133605,       1.040490697,       4.017569063,       1.458467477,       2.538271345
          0,           0,         933,       -1.60684026,      0.9015322842,       1.093680539,       4.026619218,       1.459729148,       2.565793199
          0,           0,         934,      -1.564482328,      0.9965455263,       1.157072656,       4.195916065,        1.46080539,       2.592994333
          0,           0,         935,      -1.594497191,       1.016508102,       1.143772287,       4.116535909,       1.462500542,       2.550303112
          0,           0,         936,      -1.606596516,      0.9355117587,       1.120688533,       4.079108809,       1.463417018,       2.523635077
          0,           0,         937,      -1.473937192,       1.086994537,       1.278232747,       4.260373809,       1.490483607,       2.592208019
          0,           0,         938,      -1.417194214,       1.148060268,       1.396366811,       4.253308459,       1.490153255,       2.626672263
          0,           0,         939,       -1.34419837,       1.166235591,       1.564379975,        4.26869783,       1.502462297,       2.931973669
          0,           0,         940,      -1.304616388,       1.289574689,       1.504502291,       4.343975761,       1.514965055,       3.219995528
          0,           0,         941,       -1.30549956,       1.476944954,       1.467865003,       4.308947115,       1.505466256,       3.308372094
          0,           0,         942,      -1.376502371,       1.419664512,       1.396672658,       4.252079055,       1.460311645,        3.17221514
          0,           0,         943,      -1.495408575,       1.233032624,       1.268616524,        4.11266699,        1.44642601,       2.997882802
          0,           0,         944,      -1.636372767,      0.9605164551,       1.147586616,       4.144864093,       1.446513862,       2.891837463
          0,           0,         945,      -1.611242221,      0.8987135204,       1.138063805,       4.040510772,       1.446568854,       2.856010844
          0,           0,         946,      -1.566122534,      0.8810855777,       1.166457924,       4.061816032,       1.446132381,        2.88787678
          0,           0,         947,      -1.544252841,      0.9116247101,       1.175877142,        4.20482176,       1.445474476,       2.961252895
          0,           0,         948,      -1.540034212,      0.8981984643,       1.166942051,       4.140226775,       1.446525977,       3.042741709
          0,           0,         949,      -1.553371933,      0.8607910363,       1.149439195,       4.124371779,       1.446015037,       3.105488643
          0,           0,         950,      -1.524101964,       1.001315922,       1.205506352,       4.238969619,       1.450832104,       3.146719144
          0,           0,         951,      -1.405941722,       1.150709874,        1.34332977,       4.259339156,       1.486265218,       3.130651119
          0,           0,         952,      -1.386449753,       1.210795868,       1.369274251,       4.269788544,       1.492253112,       3.066761925
          0,           0,         953,      -1.321354546,       1.267998106,       1.571766049,       4.363309171,       1.502690246,       3.096121256
          0,           0,         954,      -1.233028157,       1.368199283,       1.635455344,       4.384766333,       1.514456834,        3.28085097
          0,           0,         955,      -1.271360207,       1.512144185,        1.47201065,       4.331667868,       1.498962967,       3.359640868
          0,           0,         956,      -1.400747369,       1.412909099,       1.384381257,       4.289740482,       1.446134565,       3.183090972
          0,           0,         957,      -1.498846262,       1.204148345,       1.293226415,       4.148796817,       1.434141904,       3.012409141
          0,           0,         958,      -1.564327347,      0.9777547119,       1.227243597,       4.064238712,        1.43503242,       2.913242687
          0,           0,         959,      -1.636216856,       0.908402195,       1.137586946,       4.000594808,       1.435424954,       2.857182821
          0,           0,         960,      -1.623804389,      0.8789616591,       1.104008458,       4.182591789,       1.436266028,       2.849275788
          0,           0,         961,      -1.583131342,      0.8854209624,       1.115866942,       4.102307933,       1.436632524,       2.904147506
          0,           0,         962,      -1.546600198,      0.9009161972,       1.155639148,       4.095841636,       1.438360973,       3.010813174
          0,           0,         963,      -1.495075766,      0.9782122763,       1.211406165,       4.248478018,       1.441097996,       3.119824392
          0,           0,         964,      -1.479297522,       1.022512542,       1.242256778,       4.196130731,       1.449314179,        3.20325035
          0,           0,         965,      -1.434772274,       1.110933945,       1.309183061,       4.196632026,       1.485664853,       3.200684482
          0,           0,         966,      -1.400358492,       1.194387538,       1.345739728,       4.318749549,       1.497170428,       3.170944138
          0,           0,         967,      -1.345451186,       1.317083712,       1.414627346,        4.30926499,       1.490242414,       3.129365428
          0,           0,         968,      -1.386389056,       1.291718495,       1.481603387,       4.242915309,       1.453814443,       2.989255871
          0,           0,         969,      -1.508566153,       1.190685517,       1.223222698,       4.118954717,       1.453879578,       2.926737611
          0,           0,         970,      -1.568083037,       1.208537934,       1.157338683,        4.20500324,       1.451669583,       2.929706265
          0,           0,         971,      -1.519921687,       1.256912978,       1.156366334,       4.159070084,       1.456537029,       2.985950288
          0,           0,         972,      -1.525407668,       1.291582432,       1.166033631,       4.129075562,       1.463240741,       2.965458936
          0,           0,         973,       -1.42618346,       1.426861441,       1.337554557,       4.291982226,       1.492953464,        2.97506536
          0,           0,         974,      -1.304026338,        1.46235597,       1.576696781,       4.323447288,       1.488850931,       2.986802194
          0,           0,         975,      -1.446638454,       1.338765777,       1.278954166,       4.184504813,         1.4597418,       2.908639674
          0,           0,         976,      -1.590042314,       1.081865969,        1.21614894,       4.055287151,       1.459636963,       2.725706723
          0,           0,         977,      -1.603874849,      0.8643758477,       1.155899934,       4.172726653,       1.460108289,       2.688283797
          0,           0,         978,       -1.58078253,      0.9316699905,        1.13999227,       4.105942398,       1.464046124,       2.654838578
          0,           0,         979,      -1.604019281,      0.8707703764,       1.094809968,       4.082068767,       1.465249165,       2.639551845
          0,           0,         980,      -1.551862428,       1.028955982,       1.148111062,        4.22425702,       1.471323213,       2.656199499
          0,           0,         981,      -1.422760568,       1.246981996,       1.304454769,       4.238633219,       1.505908838,       2.809705324
          0,           0,         982,      -1.358819219,       1.374917559,       1.372984432,       4.269156759,       1.516844455,       2.899069311
          0,           0,         983,      -1.341678809,       1.513898766,       1.381634922,        4.34381072,       1.546685308,       2.894252546
          0,           0,         984,      -1.332897453,       1.540722592,       1.370795518,       4.308647768,       1.544276724,       2.855535922
          0,           0,         985,      -1.406104675,       1.448285492,       1.397424469,       4.225181135,       1.489945461,       2.731882286
          0,           0,         986,      -1.460768338,       1.264858187,       1.457673541,       4.126820404,       1.479120925,       2.648449216
          0,           0,         987,      -1.609479682,       0.992865141,       1.161320757,       4.158418311,       1.477760572,       2.524563273
          0,           0,         988,      -1.710580535,      0.9590208585,       1.067419887,       3.929175286,        1.47737456,       2.465626025
          0,           0,         989,      -1.754733358,      0.9412614227,       1.019441788,       3.878182024,       1.478031924,       2.447599394
          0,           0,         990,      -1.764203167,      0.9270364883,      0.9920977497,       3.864247158,       1.478764018,       2.437202616
          0,           0,         991,      -1.770039536,      0.9116615101,      0.9640792511,       4.003706219,       1.479505956,        2.43567909
          0,           0,         992,      -1.773308597,      0.8969569387,      0.9262659578,       3.877940037,       1.480116919,       2.444374917
          0,           0,         993,      -1.789395911,      0.8763238953,      0.8780470519,       3.848061599,       1.480817784,       2.463118421
          0,           0,         994,      -1.744666104,      0.8650329244,      0.9195311904,       4.103401139,        1.48134021,       2.489104666
          0,           0,         995,      -1.644733109,      0.8723259239,       1.034865659,       3.995340293,       1.481464285,       2.514124249
          0,           0,         996,      -1.650082054,      0.8448457965,        1.02782847,       3.988028625,       1.482044676,       2.551111548
          0,           0,         997,      -1.622201911,      0.8396519154,        1.05310417,       4.163683866,       1.482417198,       2.573832943
          0,           0,         998,      -1.615490927,      0.8340305178,       1.061922258,       4.080311129,       1.482612035,        2.59339659
          0,           0,         999,      -1.579560392,      0.8251238591,       1.105949328,       4.082601325,       1.480802517,       2.577896951
          0,           0,        1000,       -1.61326818,      0.8059678345,       1.069984903,       3.998003818,       1.480413691,       2.473828012
          0,           0,        1001,      -1.685530924,      0.7758817105,      0.9791871221,       4.123283865,       1.480202973,       2.407310076
          0,           0,        1002,      -1.794381855,      0.7415661346,      0.8431971836,       3.879344443,       1.479919253,       2.369270296
          0,           0,        1003,      -1.860936702,      0.7304225104,      0.7468831123,       3.825793969,       1.480059994,       2.352672837
          0,           0,        1004,      -1.888800824,      0.7256734111,      0.6910379333,       3.792602933,       1.480250229,       2.337589664
          0,           0,        1005,      -1.900665453,      0.7229097283,       0.662758373,        3.75815963,       1.480508136,       2.325320383
          0,           0,        1006,       -1.87639131,      0.7283332483,      0.7056623641,        4.07312503,       1.480793506,        2.31696263
          0,           0,        1007,      -1.887177149,      0.7260016364,      0.6987108929,       3.802868933,        1.48079843,       2.309338855
          0,           0,        1008,      -1.839138304,      0.8134665964,      0.8183759577,       3.825489124,       1.481291274,       2.305087618
          0,           0,        1009,      -1.804940394,      0.7487224133,      0.8422460247,       4.091336712,       1.481829442,       2.300676245
          0,           0,        1010,      -1.779397271,      0.7391082571,      0.8741808694,       3.909777502,       1.481902985,       2.310451695
          0,           0,        1011,      -1.716520733,      0.7433494272,      0.9477332548,       3.949845883,       1.482753271,       2.315026798
          0,           0,        1012,      -1.613953513,      0.8515111958,        1.08006634,       4.165987554,       1.483604972,       2.304662752
          0,           0,        1013,      -1.520343593,       1.067716191,        1.21286436,       4.139569746,        1.48218571,       2.210593687
          0,           0,        1014,      -1.683884419,      0.7906714646,      0.9915593091,       3.965525222,       1.481766196,       2.187814211
          0,           0,        1015,      -1.781722136,      0.7246459138,      0.8721529673,       3.873816248,       1.481602594,        2.17944858
          0,           0,        1016,      -1.797309158,       0.714037661,      0.8566152144,       3.867046447,       1.481716553,       2.173292587
          0,           0,        1017,      -1.824392893,      0.7014702305,      0.8247935185,       3.821376237,        1.48186602,       2.168453702
          0,           0,        1018,      -1.861637915,       0.688149776,      0.7746660044,        3.78024616,        1.48206437,       2.156133514
          0,           0,        1019,      -1.872419686,      0.6858745932,      0.7543666145,        3.74916824,       1.482334657,          2.154348
          0,           0,        1020,      -1.900971391,      0.6745738327,      0.6986517032,       4.053931958,       1.482673464,        2.11547714
          0,           0,        1021,      -1.886513397,      0.6696311559,      0.7104773874,       3.787427988,       1.482079518,       2.085710677
          0,           0,        1022,      -1.883288774,      0.6679315641,      0.7155626542,       3.757799956,       1.482256976,       2.081832769
          0,           0,        1023,      -1.886651341,      0.6600942446,      0.6974124432,       3.770382668,       1.482494448,       2.086508518
          0,           0,        1024,       -1.90304668,      0.6466456104,      0.6518608084,       3.700136418,       1.482354741,       2.065500563
          0,           0,        1025,      -1.909636254,      0.6439465682,      0.6317648622,       4.043905724,       1.482516402,       2.047540256
          0,           0,        1026,      -1.906586389,      0.6413250198,      0.6276351524,       3.726118516,       1.482225278,       2.031241457
          0,           0,        1027,      -1.914683181,      0.6371883403,      0.6008187264,        3.71329139,       1.482280674,       2.021374596
          0,           0,        1028,      -1.926602551,      0.6323618425,       0.561069072,        3.71249945,       1.482394687,       2.012917069
          0,           0,        1029,      -1.940708597,      0.6274228538,      0.5072770506,        3.68260566,       1.482543452,       2.003050517
          0,           0,        1030,      -1.952374899,      0.6238016165,      0.4527778981,       3.972877382,       1.482724858,       1.988380578
          0,           0,        1031,      -1.959082904,      0.6191352315,      0.4155351796,       3.704280977,       1.482701458,       1.972057005
          0,           0,        1032,      -1.962870934,      0.6146199754,      0.3869508332,       3.696199524,       1.482977522,       1.967168105
          0,           0,        1033,      -1.963799716,      0.6114123317,      0.3785899852,       4.047667499,       1.483287628,        1.99527478
          0,           0,        1034,      -1.950704156,      0.6072963466,      0.4563313697,       3.759094506,       1.483172877,       2.050439362
          0,           0,        1035,      -1.713815652,      0.7983102847,      0.9572612731,       3.916575755,       1.483607435,       2.096438648
          0,           0,        1036,      -1.603641316,      0.8876847751,       1.099594975,        4.14837784,       1.484091114,       2.086637867
          0,           0,        1037,      -1.526420793,       1.024809971,       1.203449002,       4.098281214,       1.482762526,       2.110952653
          0,           0,        1038,      -1.673550592,      0.7678517861,       1.018001074,       3.964302607,       1.482973199,       2.127282759
          0,           0,        1039,      -1.637901468,      0.7606398136,       1.052429158,       3.975948916,       1.483296196,        2.13826726
          0,           0,        1040,      -1.697504573,      0.6861815543,      0.9771863487,       3.903207751,       1.483793171,       2.090053996
          0,           0,        1041,      -1.658934796,      0.7078589167,       1.023413533,       4.132855559,       1.484210155,        2.06180452
          0,           0,        1042,      -1.588981467,      0.7461426168,       1.111388746,       4.055997379,       1.484275956,       2.165329229
          0,           0,        1043,      -1.574874959,      0.7437735901,       1.123652519,       4.062846234,       1.484764905,       2.197607062
          0,           0,        1044,      -1.578117442,      0.7456070957,       1.117722357,       4.191004869,        1.48587511,       2.349597121
          0,           0,        1045,      -1.569993538,      0.9204749659,       1.146457873,        4.11651618,       1.488248124,        2.41939927
          0,           0,        1046,      -1.487650298,       1.087833493,       1.275165248,       4.150522318,       1.484555597,        2.47287207
          0,           0,        1047,      -1.524118379,      0.9882991387,       1.228548431,       4.201746067,       1.482678388,       2.356667329
          0,           0,        1048,      -1.644815564,      0.8265155452,       1.069413453,       4.005666501,       1.479975464,       2.265782445
          0,           0,        1049,      -1.834727386,      0.7137879306,      0.8658621069,       3.872631414,       1.480031071,       2.243021942
          0,           0,        1050,      -1.809494206,      0.6547765178,      0.8656738514,       3.853417436,       1.480157073,       2.232132576
          0,           0,        1051,      -1.691301594,       0.704086168,       1.007730405,       3.924456567,       1.480400455,       2.243115829
          0,           0,        1052,      -1.661524836,       0.677217494,       1.029727254,       4.148566729,        1.48070186,       2.225133171
          0,           0,        1053,      -1.708339105,      0.6348161437,       0.976766883,       3.959573698,        1.48027321,       2.210981887
          0,           0,        1054,      -1.700059369,      0.6209089874,      0.9894112071,        3.93584958,       1.480316676,       2.225453201
          0,           0,        1055,      -1.599428734,      0.7195382004,       1.099441351,       4.184900671,       1.480259293,       2.199955407
          0,           0,        1056,      -1.563604668,      0.7584673164,       1.136070196,       4.118756795,       1.479212877,       2.265854077
          0,           0,        1057,      -1.600173606,      0.7617058565,       1.127860738,       4.100129989,       1.478701336,       2.396712144
          0,           0,        1058,      -1.510805934,      0.9603272172,       1.255883455,       4.241364507,       1.492038089,       2.431860439
          0,           0,        1059,      -1.387084106,       1.143915304,       1.454990972,       4.244313081,       1.481333961,       2.629466817
          0,           0,        1060,      -1.505101154,       1.060981268,       1.257571634,       4.127575576,       1.471085224,       2.550378949
          0,           0,        1061,      -1.641476259,       0.839269535,       1.093152069,       4.005575811,       1.469488443,       2.359405016
          0,           0,        1062,      -1.747904442,      0.7633789574,      0.9994295622,       3.916625179,        1.46930865,       2.298328456
          0,           0,        1063,      -1.758792406,      0.7120794283,      0.9711501777,       3.924166919,       1.469133329,       2.291350829
          0,           0,        1064,      -1.805420332,      0.6536004408,      0.9135962539,        3.86182631,       1.468734146,       2.317827765
          0,           0,        1065,      -1.681128713,      0.6691393451,       1.019681323,        3.91835881,       1.468357313,       2.371028594
          0,           0,        1066,      -1.587575843,      0.7402510082,       1.112111073,       4.030917513,        1.46770001,        2.37014968
          0,           0,        1067,      -1.585092294,      0.7476704658,       1.116017647,       4.186166984,       1.466872031,       2.371736107
          0,           0,        1068,        -1.6404779,      0.6977956809,       1.052974659,       4.054624704,        1.46527326,       2.381871449
          0,           0,        1069,      -1.645838838,      0.7127401842,       1.048509974,       4.043892451,       1.463970326,       2.444226945
          0,           0,        1070,        -1.5635009,      0.7892180748,       1.141802691,       4.215305798,       1.464623211,       2.471853441
          0,           0,        1071,      -1.401967522,       1.163903821,       1.345191469,       4.246037236,       1.488449661,       2.465232596
          0,           0,        1072,      -1.400964174,       1.190009073,       1.362093698,       4.234656382,       1.467064501,       2.561496547
          0,           0,        1073,      -1.537749389,       1.033652847,       1.214397194,       4.205944504,       1.451369507,       2.421398561
          0,           0,        1074,      -1.575392344,      0.8976403156,       1.144690099,       4.069044523,       1.450815373,       2.284323303
          0,           0,        1075,      -1.638328659,      0.7910946005,       1.070870089,       3.995785267,       1.449955631,       2.128543074
          0,           0,        1076,      -1.645818022,      0.7263134695,       1.061225419,       4.161464972,       1.449950257,       2.141055481
          0,           0,        1077,       -1.55158622,      0.7779382362,        1.22098228,       4.124379109,       1.448042125,       2.386843907
          0,           0,        1078,      -1.471888949,      0.8930374967,       1.392243442,       4.167486118,       1.444202752,       2.608689967
          0,           0,        1079,       -1.60152945,      0.7744169246,       1.140966641,       4.045857734,       1.442377326,       2.521172063
          0,           0,        1080,      -1.666232914,      0.6773390493,       1.071660125,       4.144000286,       1.441734621,       2.398299569
          0,           0,        1081,      -1.707611392,      0.6400680651,        1.02638201,       3.946205824,       1.441293133,       2.339918871
          0,           0,        1082,      -1.812166247,      0.5744684105,      0.9149223951,       3.860155226,       1.441419804,       2.298053946
          0,           0,        1083,      -1.832618677,      0.5595655761,      0.8773290412,       3.994022025,       1.441550871,       2.274093503
          0,           0,        1084,      -1.911022561,      0.5130910031,      0.7702117878,       3.806812655,       1.440919308,       2.283846277
          0,           0,        1085,        -1.9276473,      0.5003811838,      0.7265604982,       3.769780957,       1.441222583,       2.279256505
          0,           0,        1086,      -1.862618956,      0.5235989431,      0.7971405431,       4.098129262,       1.441349558,       2.319805642
          0,           0,        1087,      -1.721029651,      0.6210287077,      0.9629486566,       3.990095437,        1.43985616,       2.364163307
          0,           0,        1088,      -1.617432328,       0.702043482,       1.079015758,       4.042658824,        1.43988317,        2.34483844
          0,           0,        1089,      -1.505332489,      0.9711552414,       1.213685099,       4.236088873,       1.437914391,       2.359702838
          0,           0,        1090,      -1.504358292,       1.062505622,       1.236036492,       4.125508131,       1.435401727,        2.27804428
          0,           0,        1091,      -1.680162535,      0.7059936913,       1.018254538,       3.982333835,       1.434876947,       2.236909439
          0,           0,        1092,      -1.797759279,      0.5977823236,      0.8848296484,       3.895600028,       1.434680456,       2.205774619
          0,           0,        1093,      -1.915122446,      0.5443544279,      0.7298462546,       3.795847309,       1.434703149,       2.185968379
          0,           0,        1094,      -1.958061041,      0.5207974663,      0.6694570614,       3.758195874,       1.434738197,       2.170562511
          0,           0,        1095,      -2.012316213,      0.4844649175,      0.5757819378,       3.734792328,       1.434793065,       2.157279585
          0,           0,        1096,      -1.979105833,      0.4771059268,      0.6356700444,       3.728645998,       1.434881182,       2.149001216
          0,           0,        1097,      -1.876159048,      0.5175343441,      0.7796042799,       4.081608551,       1.434973672,       2.144216586
          0,           0,        1098,      -1.885657328,       0.513601383,      0.7709862249,       3.824154648,       1.434303008,       2.140790158
          0,           0,        1099,      -1.915731364,       0.491811246,      0.7358457579,       3.771710342,       1.434407124,       2.138789132
          0,           0,        1100,      -1.781626126,      0.5639765171,      0.8967290529,       3.936607054,       1.434531948,        2.12290674
          0,           0,        1101,      -1.730592143,      0.6064402885,      0.9542766081,       3.922425264,       1.433771304,       2.009486967
          0,           0,        1102,       -1.67623354,      0.6369399262,       1.014402762,       3.959491048,       1.434042596,       2.163330118
          0,           0,        1103,      -1.583260161,      0.7030898366,          1.110742,       4.197897364,       1.433008634,       2.242185988
          0,           0,        1104,      -1.660079411,      0.6331205586,       1.025464013,       3.967073107,       1.431041701,       2.167941935
          0,           0,        1105,      -1.739514699,      0.5755443048,      0.9440460504,       3.903211087,       1.430772465,       2.092520319
          0,           0,        1106,      -1.812558399,      0.5333238825,      0.8594549907,       3.828366343,       1.430730743,       2.065384548
          0,           0,        1107,      -1.874050326,       0.491370738,      0.7842208603,       3.749056405,       1.430775712,       2.040340713
          0,           0,        1108,      -1.893283268,        0.49265687,      0.7626884815,       3.760830171,       1.430841041,       2.018942758
          0,           0,        1109,      -1.987861009,      0.4263514145,      0.6247869024,       3.617025455,       1.430934153,       1.994067965
          0,           0,        1110,      -2.035763026,      0.4465452637,      0.5486440701,       4.059591024,       1.430971441,       1.977580625
          0,           0,        1111,      -1.793819711,      0.9071170684,      0.9557371266,        3.84241879,       1.430329557,       1.935693891
          0,           0,        1112,      -1.865196574,      0.6198005391,      0.8162240602,        3.79554891,       1.429998121,       1.934847562
          0,           0,        1113,      -2.019885327,      0.4451616621,      0.5741716865,       3.655225835,        1.43007366,       1.903367994
          0,           0,        1114,      -2.111851827,      0.4025753351,       0.354721833,       3.535178336,       1.430172362,       1.904820597
          0,           0,        1115,      -2.120277011,      0.3913944387,      0.3193755399,       3.607238156,        1.43006299,       1.919998295
          0,           0,        1116,        -2.1168315,      0.3822013545,      0.3408372008,       4.063646947,       1.430153359,       1.926958275
          0,           0,        1117,      -2.041641572,      0.4028451947,      0.5296833218,       3.783828995,       1.429176008,       1.904442968
          0,           0,        1118,      -1.882581833,      0.4644708102,      0.7713622517,       3.824230626,       1.429266533,       1.927072256
          0,           0,        1119,      -1.723915849,      0.5675787983,      0.9604726697,       4.125858935,       1.428608141,       2.082420658
          0,           0,        1120,      -1.838567793,      0.4826921365,      0.8288069522,       3.818758743,       1.427448845,       2.054396749
          0,           0,        1121,      -1.907037385,       0.452059483,      0.7411642963,       3.742550729,       1.427325388,       1.991665092
          0,           0,        1122,      -1.926524702,       0.440250305,      0.7154545889,       3.714048062,       1.427304854,       1.953118671
          0,           0,        1123,      -1.951498973,      0.4242922741,      0.6790806202,       3.685793036,       1.427289721,       1.918001799
          0,           0,        1124,      -1.974527231,      0.4767850763,      0.6511377865,       3.682374499,       1.427325881,       1.887832513
          0,           0,        1125,      -2.009415544,      0.3919006029,      0.5811728186,       3.640581818,        1.42727414,       1.852448427
          0,           0,        1126,       -2.04028479,      0.3804602943,      0.5210735141,       3.545078676,       1.427321549,       1.832856448
          0,           0,        1127,      -1.993193747,      0.4060013551,      0.6060301678,       3.747988939,       1.427338065,       1.811590885
          0,           0,        1128,      -1.957731369,      0.4680200528,      0.6657008944,       3.685775154,       1.427127431,       1.808923391
          0,           0,        1129,       -1.83275288,      0.8331417512,      0.8956581744,       3.688884472,       1.426946812,       1.779175548
          0,           0,        1130,      -2.037768474,      0.3997879125,      0.4980986291,        3.44145119,       1.426863016,       1.769788189
          0,           0,        1131,      -2.077938661,      0.3705199646,      0.3710535545,       3.447238048,       1.426857064,       1.769876554
          0,           0,        1132,      -2.109390125,       0.357033722,      0.2168591814,       3.550592369,       1.426785491,       1.767336156
          0,           0,        1133,      -2.105295542,      0.3572697546,      0.2359962184,       4.023445571,       1.426814507,       1.814872757
          0,           0,        1134,       -2.09280749,      0.3624045982,      0.3034069086,        3.64821657,       1.426316804,        1.80741144
          0,           0,        1135,      -1.995681305,      0.6350390081,      0.6360442416,       3.718009511,       1.426394098,       1.807860905
          0,           0,        1136,      -1.690995885,       1.001123606,       1.066902228,       3.923821443,       1.426490013,       1.801518858
          0,           0,        1137,      -1.767229329,      0.6628527389,      0.9237744617,       3.866201417,       1.426048171,       1.934348404
          0,           0,        1138,      -1.737724895,       0.637910599,      0.9441429462,       4.078728417,       1.426112299,       1.940508889
          0,           0,        1139,       -1.82254791,      0.5454488736,      0.8335200052,       3.866560751,       1.424090589,       1.928951229
          0,           0,        1140,      -1.865390597,       0.510134518,      0.7824889621,        3.81251339,       1.424081734,       1.843023968
          0,           0,        1141,       -1.69183234,      0.6220328675,      0.9989298841,       3.913084329,         1.4241118,       1.808678425
          0,           0,        1142,      -1.632195565,      0.6844096686,        1.06728532,       3.955696563,       1.424211481,       1.909456163
          0,           0,        1143,       -1.76346049,      0.5143002534,      0.9079309513,       4.122563699,       1.424127557,       2.053301421
          0,           0,        1144,      -1.752120416,      0.5332293605,      0.9250695404,       3.941967475,       1.422878907,        2.05533696
          0,           0,        1145,       -1.65307508,      0.6203843649,       1.037412806,       3.975378234,       1.422594779,       2.197899124
          0,           0,        1146,      -1.686043992,      0.6061173716,      0.9991560213,       4.141381232,       1.422953667,       2.205870532
          0,           0,        1147,      -1.639299905,       1.012662286,       1.115352539,       4.041163254,       1.422232939,       2.246668444
          0,           0,        1148,      -1.523737454,       1.076368846,       1.249749572,       4.111432595,       1.421721312,       2.315474314
          0,           0,        1149,      -1.421085869,       1.121579442,       1.350206541,       4.281551619,       1.431491057,        2.44918021
          0,           0,        1150,      -1.503783542,       1.029515058,       1.235629888,        4.13972006,       1.415519192,       2.413663763
          0,           0,        1151,      -1.619334207,      0.9176751835,        1.10768735,       4.034300098,       1.413370468,       2.255469421
          0,           0,        1152,      -1.648409995,      0.8566884195,       1.067497597,       3.993367568,         1.4128016,       2.192720426
          0,           0,        1153,      -1.749190048,      0.7943890161,      0.9566023663,       3.915911134,       1.412608386,       2.150984565
          0,           0,        1154,      -1.807362359,       0.761407388,      0.8909333902,       3.876240396,       1.412536975,       2.123744309
          0,           0,        1155,      -1.818330076,       0.742183633,      0.8753152552,       3.854903898,       1.412478313,       2.100114772
          0,           0,        1156,      -1.819949536,      0.7281402586,      0.8702717926,        3.84700003,       1.412482171,       2.081080189
          0,           0,        1157,      -1.824067588,      0.7118111399,      0.8645532302,       3.830587472,       1.412497514,       2.062258998
          0,           0,        1158,      -1.851084169,      0.6874643624,      0.8332218478,       3.804933536,       1.412529049,       2.044422288
          0,           0,        1159,      -1.857826677,      0.6704926739,       0.824681473,       4.087678093,       1.412597191,       2.027693484
          0,           0,        1160,      -1.899475262,      0.6405714328,      0.7745566534,       3.803942033,       1.412200613,       2.011623817
          0,           0,        1161,      -1.935995003,      0.6127424006,      0.7186372962,       3.756249283,       1.412249713,       2.005469833
          0,           0,        1162,      -1.821475381,      0.6476494244,      0.8619766403,       3.726997261,       1.412396594,        2.00522239
          0,           0,        1163,       -1.82899185,      0.6462947451,      0.8448604323,       3.776699854,        1.41238325,        1.99224027
          0,           0,        1164,      -1.753818841,      0.6576563777,      0.9223147187,       4.125760542,       1.412483809,       2.031607309
          0,           0,        1165,      -1.619846182,      0.7235440512,       1.074876185,       4.013382945,       1.410082937,       2.112112473
          0,           0,        1166,      -1.666078742,      0.6961147777,       1.026065859,       3.966076599,       1.409455728,       2.093308043
          0,           0,        1167,      -1.720530035,      0.6528549721,      0.9600773535,       3.919637539,       1.409492741,       2.091724757
          0,           0,        1168,      -1.684082141,      0.6744285875,       1.005406072,       3.917967906,       1.409568834,       2.092429723
          0,           0,        1169,      -1.809720066,      0.6145979225,      0.8426399552,       3.832159868,       1.409714462,        2.10483072
          0,           0,        1170,      -1.850357251,      0.5923727706,      0.7903115542,       3.987500863,       1.409904795,       2.090248472
          0,           0,        1171,      -1.790655648,      0.6017282929,      0.8800329337,       3.911003246,       1.409376334,        2.11997719
          0,           0,        1172,      -1.653409865,      0.6858187329,       1.035246353,       4.004654376,       1.409662707,       2.120322503
          0,           0,        1173,      -1.608404363,       0.719164132,       1.083562443,       4.196990248,       1.409934719,       2.122410148
          0,           0,        1174,       -1.58781071,      0.7213634212,       1.106691388,        4.09688895,        1.40888139,       2.042011145
          0,           0,        1175,      -1.573176446,      0.8032566028,       1.127169976,        4.07915694,       1.407059948,       2.201843032
          0,           0,        1176,      -1.553058234,       1.036397298,       1.189107172,       4.042721088,       1.406433886,       2.107421184
          0,           0,        1177,       -1.76474698,      0.6441123487,      0.9210168318,       4.085915704,       1.406191967,       2.017470983
          0,           0,        1178,      -1.860982163,      0.5538630933,      0.8101482453,       3.819165286,       1.405988564,       1.977180906
          0,           0,        1179,      -1.932259728,      0.5179107187,      0.7189644985,       3.777988725,       1.406173766,       1.941082537
          0,           0,        1180,      -1.957297636,      0.4980389424,      0.6846556969,        3.76157134,       1.406413603,       1.896399549
          0,           0,        1181,      -2.009383455,       0.471331241,      0.6034559043,       3.727137113,        1.40635252,       1.877900644
          0,           0,        1182,       -1.94643647,      0.4952962785,      0.7044423651,       3.997101745,       1.406686203,       1.853996637
          0,           0,        1183,      -1.830072763,      0.5688847868,      0.8437586526,       3.845483034,       1.406212489,       1.874711172
          0,           0,        1184,      -1.707999147,      0.6433397872,      0.9827599243,       3.926780484,       1.406745045,        1.86448752
          0,           0,        1185,      -1.721992286,      0.5993906766,      0.9697820371,       4.133548978,       1.406154606,        1.95522922
          0,           0,        1186,       -1.79697104,      0.5304212776,      0.8809820299,       3.853019599,       1.404906225,        1.87955034
          0,           0,        1187,      -1.938232426,      0.4727397767,      0.7154310083,       3.763994302,       1.405077519,       1.778235837
          0,           0,        1188,      -1.962033676,      0.4553091486,      0.6807723262,       3.713201115,        1.40532092,       1.710878084
          0,           0,        1189,      -1.932596982,      0.5173866404,      0.7299526019,       3.719346975,       1.405668592,       1.663694726
          0,           0,        1190,      -1.696589216,       1.007165884,       1.069673231,       4.125048439,       1.406045464,       1.732696111
          0,           0,        1191,      -1.842180971,      0.7284174083,      0.8720675627,        3.83527395,       1.405409786,       1.763020329
          0,           0,        1192,      -1.900022242,      0.5852023274,      0.7401510619,       3.819081453,       1.405946048,       1.767024634
          0,           0,        1193,      -1.671915416,      0.6371943827,       1.008140685,       3.978871744,       1.406656051,       1.892530451
          0,           0,        1194,      -1.618805482,      0.6617878589,       1.071968021,       4.051950204,       1.404943259,       2.007405358
          0,           0,        1195,       -1.72816606,      0.5764373769,      0.9592700493,       3.902137249,       1.404629954,       1.938916796
          0,           0,        1196,      -1.799350117,      0.5579681128,      0.8785414109,       3.810045837,        1.40451485,       1.896480121
          0,           0,        1197,      -1.880766113,      0.5012967913,      0.7776931608,       3.689396338,       1.404502164,       1.862389345
          0,           0,        1198,      -1.960539011,      0.4425528678,      0.6555002821,       3.673178097,       1.404611057,       1.835628919
          0,           0,        1199,      -1.943338676,      0.4469861429,      0.6846991296,        3.73915607,       1.404647304,        1.81677413
          0,           0,        1200,      -1.938173336,      0.4495069574,      0.6932437807,       4.078477103,       1.404862089,       1.787282547
          0,           0,        1201,      -1.856779158,      0.4854537717,      0.8035445164,        3.81002452,       1.404506321,       1.750816302
          0,           0,        1202,      -1.740732891,      0.5714882726,      0.9452253448,       3.875994038,       1.404835256,       1.779720612
          0,           0,        1203,      -1.793236167,      0.5555647134,      0.8917705272,        3.80034102,       1.405283829,       1.802184402
          0,           0,        1204,      -1.859332466,      0.4937496003,      0.8013619576,       4.100352386,       1.405552364,       1.752040673
          0,           0,        1205,      -1.642978347,      0.8758668559,        1.07917367,       3.981720496,       1.404895699,       1.913428159
          0,           0,        1206,      -1.548974481,       1.038205288,       1.197878797,       4.053987442,       1.404270627,       1.894285784
          0,           0,        1207,      -1.701235891,      0.7056464908,      0.9989188714,       3.932370054,        1.40404066,       1.932443684
          0,           0,        1208,      -1.761673399,       0.617551205,      0.9322459556,       3.868370967,       1.404019216,       1.898221217
          0,           0,        1209,      -1.792016521,      0.6040361107,      0.9067348261,       3.774267061,       1.404104226,       1.876187023
          0,           0,        1210,      -1.823869468,      0.5915310359,      0.8739845609,       3.803361871,       1.404168263,       1.851496759
          0,           0,        1211,      -1.947577442,      0.4977878754,      0.7050706175,       3.707274989,       1.404108143,       1.821090405
          0,           0,        1212,      -1.957839005,       0.469768258,      0.6650174417,         3.6753749,       1.404265207,       1.787003834
          0,           0,        1213,      -1.959415591,      0.4604070016,      0.6659892986,        3.67453393,       1.404296149,       1.746233978
          0,           0,        1214,      -1.985789767,      0.4382384562,      0.6311525317,       4.034115474,       1.404274185,       1.745971761
          0,           0,        1215,       -2.01919683,      0.4132532894,      0.5790169728,       3.634604061,        1.40404945,       1.739382256
          0,           0,        1216,      -2.043865725,      0.3928958679,      0.5344259347,       3.614873337,       1.404132648,       1.728886611
          0,           0,        1217,      -2.067985665,      0.3778627036,      0.4876777011,       3.580056691,       1.404221156,        1.70551385
          0,           0,        1218,      -2.078997997,      0.3731184452,      0.4647734609,       3.640955731,       1.404363724,       1.690461289
          0,           0,        1219,      -2.081005679,      0.3869986656,      0.4653104807,       3.625418138,       1.404363257,       1.681504817
          0,           0,        1220,      -2.082373823,      0.3899801615,      0.4617748641,       3.759147975,       1.404601737,       1.694435642
          0,           0,        1221,      -2.087120369,      0.3826641916,      0.4474226664,       3.647082023,       1.404528112,       1.712352673
          0,           0,        1222,      -2.097507919,      0.3697188036,      0.4143350654,       3.492715579,       1.404898958,       1.673936327
          0,           0,        1223,      -2.088705147,      0.3611897794,      0.4253156405,       4.069976699,       1.405160801,       1.814733027
          0,           0,        1224,      -2.098515072,      0.3561794383,       0.397343431,       3.751454573,       1.403813393,       1.812950129
          0,           0,        1225,      -2.083875139,      0.3587327612,      0.4247775187,       3.686853062,       1.404029043,       1.776360702
          0,           0,        1226,      -2.095346921,       0.333427749,      0.3827835877,       3.676816919,       1.403831218,       1.784053819
          0,           0,        1227,      -2.072551907,       0.344433541,      0.4349166469,       3.653122044,       1.403858186,       1.775276726
          0,           0,        1228,      -2.091310432,      0.3365823756,      0.3828214728,       3.639585834,       1.403931233,       1.768306469
          0,           0,        1229,      -2.102450197,      0.3305289047,      0.3436407351,       3.606190362,       1.404077966,       1.748001061
          0,           0,        1230,      -2.108978788,      0.3274883324,      0.3134805324,       3.564097353,       1.404266948,       1.724246685
          0,           0,        1231,      -2.103836987,      0.3282740521,      0.3246211078,       4.042197412,       1.404224524,       1.723570424
          0,           0,        1232,      -2.098172464,      0.3263420085,      0.3436748179,       3.621359691,       1.403996975,        1.70529343
          0,           0,        1233,       -2.09763076,      0.3251966535,        0.34261219,       3.631544402,       1.404076028,       1.706201004
          0,           0,        1234,       -2.10055016,      0.3239058356,       0.329331629,       3.590124283,       1.404160091,       1.708708695
          0,           0,        1235,      -2.105777336,      0.3177965497,      0.3022776704,       3.682531016,       1.404239507,       1.693437235
          0,           0,        1236,      -2.109379116,      0.3198256401,      0.2900162189,       3.613867811,       1.404234848,       1.702235262
          0,           0,        1237,      -2.102914514,      0.3641839344,      0.3276355656,       3.712571342,       1.404422874,       1.709580698
          0,           0,        1238,      -2.049757914,      0.5334233121,      0.5384108053,       3.650026342,       1.404396496,       1.694018631
          0,           0,        1239,      -2.116055927,      0.3267011399,        0.26884007,       3.583952935,        1.40467931,       1.708891333
          0,           0,        1240,      -2.111387747,       0.318870079,      0.2819568551,       3.622286761,       1.404723555,       1.779031264
          0,           0,        1241,       -2.09575268,       0.378458883,      0.3612507827,       4.072967831,       1.405104949,       1.825766233
          0,           0,        1242,      -1.951226405,      0.7113479849,      0.7420372042,       3.771838524,       1.404535221,       1.842737385
          0,           0,        1243,       -1.97764469,      0.5857057419,      0.6775575377,       3.733031957,       1.405026093,        1.89805997
          0,           0,        1244,      -1.722460257,      0.5697788644,      0.9578336198,       3.862824487,        1.40570275,        1.98861155
          0,           0,        1245,      -1.744355958,      0.5421721496,      0.9315133901,       3.883053683,       1.404645013,       2.069172022
          0,           0,        1246,      -1.801409461,      0.5086049701,      0.8755294824,       4.122711089,       1.405061549,       2.060551748
          0,           0,        1247,      -1.780560768,      0.4817748389,      0.8788429375,       3.881795931,       1.404335795,       2.051085551
          0,           0,        1248,      -1.703913105,      0.5554683674,      0.9831650393,       3.918037929,       1.404841118,       2.078800623
          0,           0,        1249,      -1.637271816,      0.6170449947,       1.060187996,       4.118707932,        1.40558066,       2.169689667
          0,           0,        1250,      -1.641129112,      0.7415429139,       1.059873319,          4.011767,       1.405056968,       2.203149249
          0,           0,        1251,      -1.580063267,       1.026038326,       1.167925462,       4.028026936,       1.405528869,       2.272586637
          0,           0,        1252,      -1.635349732,      0.8359767174,       1.074599537,        4.18422461,       1.404194271,       2.331418302
          0,           0,        1253,      -1.747117299,      0.7257557741,       0.924674026,       3.960043224,       1.402183676,       2.226508248
          0,           0,        1254,      -1.822031199,      0.6443899646,       0.851720933,       3.866876309,       1.401755501,       2.131922981
          0,           0,        1255,      -1.866928246,      0.6128167477,      0.8077583816,       3.831397125,        1.40161088,       2.085948583
          0,           0,        1256,      -1.850889367,      0.6040084968,      0.8297233931,        3.83114283,         1.4016462,       2.063618872
          0,           0,        1257,      -1.859908186,      0.5907154467,      0.8235325663,       3.814745833,       1.401682857,       2.045271343
          0,           0,        1258,      -1.883417187,      0.5759335696,      0.8005830293,        3.79108474,       1.401721182,       2.029703865
          0,           0,        1259,       -1.90018755,       0.563670312,      0.7843426039,       3.768991039,       1.401761603,       2.016527699
          0,           0,        1260,      -1.913326385,      0.5536205235,      0.7713920012,        3.76408479,        1.40186272,       2.006024268
          0,           0,        1261,      -1.929006317,      0.5433441125,      0.7545931753,        3.72836437,       1.401861213,       1.992824188
          0,           0,        1262,      -1.934645916,        0.53904416,      0.7484365228,       3.688616104,       1.401911755,       1.981072889
          0,           0,        1263,      -1.929403136,      0.5402014624,      0.7543341511,       3.719762742,        1.40195369,       1.968137339
          0,           0,        1264,      -1.909213195,      0.5481698013,      0.7771448936,       3.718982265,        1.40188867,       1.953351447
          0,           0,        1265,      -1.871555687,      0.5668891005,      0.8196636002,       3.696238642,       1.402003173,        1.94575032
          0,           0,        1266,      -1.801408329,      0.6036628858,       0.897795045,       3.762298841,       1.402024651,       1.936095301
          0,           0,        1267,      -1.745048487,      0.6395161592,      0.9563695576,       4.110626635,       1.402203708,       1.924812255
          0,           0,        1268,       -1.84700473,      0.5804630663,      0.8346781156,       3.762421153,       1.401593154,       1.915163348
          0,           0,        1269,      -1.955725173,      0.5051947725,      0.6649719271,       3.701083465,       1.401694432,       1.899647888
          0,           0,        1270,      -1.954940674,      0.5018480077,      0.6646964799,        3.73192474,       1.401825884,       1.893169085
          0,           0,        1271,      -1.965275223,      0.4862043666,      0.6494644505,       3.691943078,       1.401998952,       1.884624936
          0,           0,        1272,      -2.004038779,      0.4460968693,      0.5781737632,       3.646910858,       1.402225618,       1.882893014
          0,           0,        1273,      -2.004673807,        0.42167513,      0.5478488096,       3.673033022,        1.40224187,       1.888673163
          0,           0,        1274,      -1.743253175,      0.5603008223,      0.9237365481,       4.123743197,       1.402569186,       1.907217883
          0,           0,        1275,      -1.677312262,      0.6225195007,       1.008264091,       3.950057099,       1.402076483,       1.904645981
          0,           0,        1276,      -1.675696072,       0.607884991,       1.008132457,       3.950270254,       1.402458926,       1.911645925
          0,           0,        1277,      -1.619519163,      0.6692620022,       1.075646295,       3.968814245,       1.403046497,       2.011395146
          0,           0,        1278,      -1.642823815,      0.6666135534,       1.038838281,       4.171965037,       1.402226308,       2.018156697
          0,           0,        1279,      -1.736043912,      0.5848649335,      0.9403587228,       3.898375583,       1.400978105,       1.952586433
          0,           0,        1280,      -1.870199235,      0.4951712428,      0.7713830852,       3.800827497,       1.400829988,        1.91297102
          0,           0,        1281,       -1.91085126,      0.4741760845,      0.7209109518,        3.77141148,       1.400867418,       1.898869849
          0,           0,        1282,      -1.898348773,       0.470338023,      0.7433621295,       3.779490156,       1.400910554,       1.898674297
          0,           0,        1283,      -1.912551664,      0.4684376512,      0.7312400421,       3.761911986,        1.40095917,       1.891638418
          0,           0,        1284,      -1.913897142,      0.4721803756,      0.7358931764,       3.758339064,       1.401013147,       1.884492336
          0,           0,        1285,      -1.916780487,      0.4731323629,      0.7367564428,        3.75510324,       1.401130438,       1.878771351
          0,           0,        1286,      -1.919224508,      0.4738102001,      0.7371092603,       3.662216951,       1.401283912,       1.873015734
          0,           0,        1287,      -1.833154584,      0.5504349629,      0.8402303918,       4.101911073,       1.401458443,       1.882623328
          0,           0,        1288,      -1.811800237,      0.6741504996,      0.8803007043,       3.839177513,       1.400786901,       1.889332151
          0,           0,        1289,      -1.791113812,      0.5528985099,      0.8818142636,       3.831134616,        1.40083113,       1.881487139
          0,           0,        1290,      -1.941147012,      0.4458820722,      0.6916222231,       3.722628339,       1.400880922,         1.8730768
          0,           0,        1291,      -1.994580826,      0.4249445095,      0.6241655593,        3.68763656,       1.400993673,       1.871074824
          0,           0,        1292,      -2.023181031,      0.4049234365,      0.5674790092,       3.677827274,       1.401141635,       1.870457035
          0,           0,        1293,      -1.954184224,      0.4489398419,      0.6634378663,       3.739140384,        1.40132701,       1.871279746
          0,           0,        1294,      -1.810529391,      0.5377628294,      0.8606841671,        3.81356241,       1.401285726,       1.876450763
          0,           0,        1295,      -1.846887271,      0.5092917048,      0.8151345067,       3.940602195,       1.401546123,       1.871752775
          0,           0,        1296,       -1.76972754,      0.5697092444,      0.9109814106,       3.871135504,       1.400731251,       1.863461968
          0,           0,        1297,      -1.963406225,      0.4784888382,      0.6656912005,       3.704580827,       1.400679782,       1.839195324
          0,           0,        1298,       -1.97933362,      0.4253487025,      0.6411370579,       3.688141009,       1.400732321,       1.821819639
          0,           0,        1299,       -1.95710785,      0.4385356791,      0.6797589042,       3.671157341,       1.400790407,       1.811567332
          0,           0,        1300,      -1.952194571,      0.4413309344,      0.6899689511,       3.659793466,       1.400853887,        1.80061943
          0,           0,        1301,      -1.954697603,      0.4512173166,      0.6911630421,       3.700060866,       1.400912358,       1.789358555
          0,           0,        1302,      -1.959152545,      0.4374389918,      0.6856036746,       3.687566971,       1.400827549,       1.780896509
          0,           0,        1303,      -1.965965296,      0.4281001288,      0.6769079678,       3.618581137,       1.400948691,       1.768925046
          0,           0,        1304,      -1.973381552,      0.4511873459,      0.6725224062,       3.657223281,       1.400964693,       1.760427721
          0,           0,        1305,      -1.928426254,       0.651855532,      0.7680887042,       4.058860451,        1.40111829,       1.759924376
          0,           0,        1306,      -2.040576689,      0.4021774118,      0.5446838202,       3.694857144,       1.400758846,       1.752600486
          0,           0,        1307,      -1.803591189,      0.5393828257,      0.8634664937,       3.810021188,       1.401002182,       1.756317661
          0,           0,        1308,      -1.770872163,      0.5212521423,      0.9132116019,       3.796660443,       1.401328907,       1.808224413
          0,           0,        1309,      -1.676869504,      0.7679712981,       1.029468807,       3.900704104,       1.400853914,       1.819237104
          0,           0,        1310,       -1.65747082,       1.005580927,       1.098246593,       3.922094979,       1.400626598,       1.772127456
          0,           0,        1311,      -1.852821648,      0.5318141416,      0.8234519655,       3.731298448,       1.400628165,       1.759544678
          0,           0,        1312,       -2.00989665,      0.4000926033,      0.6135602589,        3.56049549,       1.400603425,       1.748447511
          0,           0,        1313,      -2.002809316,      0.4039032869,      0.6289745615,       3.574486307,       1.400615635,       1.733961503
          0,           0,        1314,      -1.991736378,      0.4051654423,      0.6469197795,       3.595686351,       1.400571292,       1.734118595
          0,           0,        1315,      -1.987455901,      0.4032157747,      0.6538604046,       3.660738874,       1.400604127,       1.734547827
          0,           0,        1316,      -2.004698767,      0.3892357515,      0.6286105881,       3.641788506,       1.400525422,       1.726098345
          0,           0,        1317,      -2.043269307,      0.3630299065,       0.563344703,       3.659117073,       1.400584913,       1.730034436
          0,           0,        1318,      -2.097059188,      0.3317499555,      0.4515766645,       3.600342772,       1.400487157,       1.733454894
          0,           0,        1319,      -2.132514042,      0.3165900866,      0.3499224298,        3.49246511,        1.40054888,       1.725386451
          0,           0,        1320,       -2.16048269,      0.3070705323,      0.2602719019,       3.499726122,       1.400490528,       1.726860741
          0,           0,        1321,      -2.184523455,      0.2995551133,      0.1554604309,       3.589899595,       1.400585978,       1.729268504
          0,           0,        1322,      -2.187930276,       0.297037626,      0.1410141057,       3.564868061,       1.400537322,       1.719373433
          0,           0,        1323,      -2.188371242,      0.2943845811,      0.1454213155,       3.823047654,       1.400503747,       1.722776286
          0,           0,        1324,      -2.189909837,      0.2921713354,      0.1466065419,       3.557247039,       1.400387949,       1.715790423
          0,           0,        1325,      -2.191992126,      0.2859350275,      0.1314445354,       3.360843203,       1.400530331,       1.716644577
          0,           0,        1326,      -2.168388708,      0.3677175805,      0.2892737873,       3.782433019,       1.400635426,       1.693515758
          0,           0,        1327,      -2.178102267,      0.3285175814,      0.2397284014,       3.616976483,       1.400124353,         1.7173888
          0,           0,        1328,      -2.185384689,      0.2904371062,      0.1820140456,       3.582305431,       1.400175132,       1.710982997
          0,           0,        1329,      -2.182874802,      0.2896258853,      0.1938677291,       3.561249722,       1.400231872,       1.701141976
          0,           0,        1330,      -2.180633951,      0.2892847975,      0.2031879308,       3.524877029,       1.400290102,       1.670608971
          0,           0,        1331,      -2.178874731,      0.2888465439,       0.211570466,       3.566525244,       1.400206752,       1.667943614
          0,           0,        1332,      -2.170263158,      0.3167792857,      0.2606375566,       3.618456511,       1.400313493,       1.664940414
          0,           0,        1333,       -2.16969371,      0.3113982652,      0.2619839553,       3.573182607,       1.400126553,       1.641592793
          0,           0,        1334,        -2.1726885,      0.2892797513,      0.2357932458,       3.329202829,       1.400183958,       1.639255399
          0,           0,        1335,      -2.171576794,      0.2811196994,      0.2352633743,       3.338181484,       1.400228807,       1.639701658
          0,           0,        1336,      -2.170026167,      0.2784783309,      0.2374321258,       3.377933985,       1.400257256,       1.645483201
          0,           0,        1337,      -2.163990691,      0.2868084745,      0.2590286432,       3.617626481,        1.40014124,       1.616206886
          0,           0,        1338,       -2.15830256,      0.2996679226,      0.2875219958,       3.575480234,       1.400036713,       1.607556229
          0,           0,        1339,      -2.159089048,      0.2881521258,      0.2759987014,       3.478828301,       1.400145722,       1.628356105
          0,           0,        1340,      -2.155553163,      0.2930883541,      0.2863761454,       3.561014729,       1.399997423,       1.622633546
          0,           0,        1341,      -2.154192253,      0.2930666373,      0.2855852751,       3.612704844,       1.400051189,       1.614167028
          0,           0,        1342,      -2.152666382,      0.2932480314,      0.2869160038,       3.587122738,       1.399997921,       1.616004243
          0,           0,        1343,      -2.146172566,      0.3085625734,      0.3112592048,       3.741931369,       1.400127195,       1.627691628
          0,           0,        1344,      -2.118438974,      0.4007301877,       0.420597952,       3.619377845,       1.399985748,       1.632004837
          0,           0,        1345,      -2.141032417,      0.3028023531,      0.3144007436,        3.43533017,       1.400185618,       1.632008584
          0,           0,        1346,      -2.070885054,      0.5013980814,       0.537091452,       3.507055899,       1.400261204,       1.694337228
          0,           0,        1347,       -1.75356141,      0.9895337683,       1.021606968,       3.847245342,       1.400275381,       1.674293407
          0,           0,        1348,      -1.974401468,      0.6334696633,      0.7175446238,       4.101204396,       1.400031012,       1.785882644
          0,           0,        1349,      -2.063580571,       0.450304308,      0.4915936008,       3.665485807,       1.399525512,       1.703509704
          0,           0,        1350,      -2.067745184,      0.4275965194,      0.4716694914,       3.635089621,       1.399741831,       1.689464062
          0,           0,        1351,      -2.053703019,      0.4090784006,      0.4951834109,        3.99588759,        1.39997753,        1.73761058
          0,           0,        1352,      -2.053095373,      0.3966909196,      0.4750563016,       3.751403718,       1.399340294,       1.861870933
          0,           0,        1353,      -1.929331807,       0.399521359,      0.6898224384,       3.747553926,       1.399663232,       1.873233022
          0,           0,        1354,      -1.742302708,      0.5407736124,      0.9396290637,       4.126092834,       1.400111055,       1.919463399
          0,           0,        1355,      -1.542888436,      0.7180593848,       1.161278414,       4.071019563,       1.398052521,       1.961586885
          0,           0,        1356,      -1.682307073,      0.6079038567,       1.010738963,       3.964670849,        1.39757381,       1.869985293
          0,           0,        1357,      -1.712509362,      0.5683992421,      0.9811554606,        3.90559722,       1.397384918,       1.830174775
          0,           0,        1358,      -1.871384967,      0.4774233052,      0.8046057778,       3.801529051,       1.397396146,       1.809884112
          0,           0,        1359,      -1.902854156,      0.4480476165,      0.7621588888,        3.76408098,        1.39740799,       1.796404856
          0,           0,        1360,      -1.964174384,      0.3806064951,      0.6616316289,       3.743722704,       1.397420414,       1.781700285
          0,           0,        1361,       -1.96981399,      0.3759510706,      0.6594372548,       3.714569581,       1.397489249,       1.770450871
          0,           0,        1362,      -1.979269072,      0.3688444524,      0.6521318239,       3.711837883,       1.397572847,        1.76134027
          0,           0,        1363,      -1.992063845,      0.3556123116,      0.6349517314,       3.662011938,       1.397676265,       1.766620587
          0,           0,        1364,      -1.992163267,      0.3879531484,      0.6393233486,       3.557946973,       1.397815382,       1.792059642
          0,           0,        1365,      -2.043445386,      0.3202935245,      0.5600412518,       3.667795926,        1.39791382,       1.809459126
          0,           0,        1366,       -2.04898214,      0.2971086378,      0.5319014237,       3.692873698,        1.39782004,       1.863865161
          0,           0,        1367,      -1.939732806,      0.3640549076,      0.6855121184,       4.000230175,       1.398143542,       1.874588441
          0,           0,        1368,      -1.859211588,      0.5516221916,      0.8181069341,       3.827208789,       1.397766377,       1.905673481
          0,           0,        1369,      -1.574020403,       1.010031318,       1.169257669,       4.019560103,       1.397046979,       1.975710003
          0,           0,        1370,      -1.721002241,      0.6070451103,      0.9737275118,       3.904159517,       1.396760566,       1.852655575
          0,           0,        1371,      -1.678115543,       0.570006907,       1.009944934,       3.909294771,       1.396694581,       1.774265099
          0,           0,        1372,      -1.801331746,      0.4866519613,      0.8767677969,       3.808548507,       1.396641354,       1.748074587
          0,           0,        1373,      -1.997342093,      0.3917010106,      0.6278915535,       3.704845696,       1.396658624,       1.734160648
          0,           0,        1374,      -2.016952988,      0.3785002188,      0.6017527204,       3.671835832,       1.396580572,       1.728622724
          0,           0,        1375,      -2.031298662,      0.3669629376,      0.5836783561,       3.660740589,       1.396671452,       1.740972995
          0,           0,        1376,      -2.047653657,      0.3529174921,      0.5556981392,        3.64026776,       1.396648152,       1.743774877
          0,           0,        1377,      -2.049599919,      0.3439742582,      0.5539224354,       3.944561668,       1.396789163,       1.749229048
          0,           0,        1378,      -2.081754358,      0.3213609772,      0.5051977863,       3.659541567,       1.396581855,       1.735767142
          0,           0,        1379,      -2.096110701,      0.3118568818,      0.4811160087,       3.665234707,       1.396777132,       1.759187902
          0,           0,        1380,      -1.790709065,       0.493192131,      0.8963697762,       4.123558032,       1.397031068,       1.808311198
          0,           0,        1381,      -1.726747736,      0.5093552488,      0.9605284639,       3.925960875,       1.395857769,       1.817828638
          0,           0,        1382,       -1.74067386,      0.4889150323,      0.9462563475,       3.895488056,       1.395642882,       1.758740349
          0,           0,        1383,      -1.949610855,      0.3452829033,      0.6975579911,       3.756330837,       1.395651247,       1.751600603
          0,           0,        1384,      -2.074367049,      0.2932227774,      0.4979567468,        3.67945133,        1.39566365,       1.747865278
          0,           0,        1385,      -2.064799307,      0.2928967633,       0.515757765,       3.657003471,       1.395738084,       1.743861851
          0,           0,        1386,      -2.047614988,      0.2956118215,      0.5465958459,       3.675459715,       1.395834898,       1.740696887
          0,           0,        1387,      -2.052288557,      0.2924095225,      0.5439493301,       3.639892156,       1.395962843,       1.753622594
          0,           0,        1388,      -2.072941212,      0.2807143701,      0.5148219975,       3.563565382,       1.396132572,       1.762376729
          0,           0,        1389,       -2.10350045,      0.2674562342,      0.4620933497,       3.628867237,       1.396139441,       1.786589764
          0,           0,        1390,      -2.078505538,      0.2735007785,      0.4990723824,       4.089746927,       1.396389645,       1.802585413
          0,           0,        1391,      -1.943665025,      0.3347764339,      0.6935914671,       3.782314255,       1.395189155,       1.821570482
          0,           0,        1392,      -1.856794003,      0.5721191435,      0.8296830389,        3.82070251,       1.394969165,       1.799699543
          0,           0,        1393,      -1.910195128,      0.6129858223,      0.7882139817,       3.780315538,       1.394975016,       1.780961594
          0,           0,        1394,      -2.037494294,      0.2918110957,      0.5839066378,       3.698181466,        1.39498515,       1.771886124
          0,           0,        1395,      -2.114864371,      0.2566398972,      0.4544200507,       3.673248563,       1.395057711,       1.769102821
          0,           0,        1396,      -2.188645775,      0.2364304383,      0.2719806208,       3.623118786,       1.395152887,       1.754542865
          0,           0,        1397,      -2.147299071,      0.2463471538,      0.3760375189,       3.619664597,       1.395279348,       1.759234102
          0,           0,        1398,      -2.138852615,       0.306975161,      0.4121350176,       3.749571621,       1.395444595,       1.763362816
          0,           0,        1399,      -1.894881585,      0.5217840629,      0.7880847604,       3.765286293,       1.395314416,        1.74923836
          0,           0,        1400,      -1.801039549,      0.4619953678,      0.8836860464,       3.803411983,       1.395031118,       1.815058522
          0,           0,        1401,      -1.831231907,      0.4108117711,      0.8453664213,       3.816105446,       1.394900248,       1.795901226
          0,           0,        1402,      -1.799040849,      0.4239673097,       0.879644961,       3.821450616,       1.394813658,       1.787282304
          0,           0,        1403,      -2.113656269,      0.2608277809,      0.4519527212,       3.574324104,       1.394848268,       1.769078348
          0,           0,        1404,      -2.120954166,       0.257322896,      0.4293316259,       3.567132148,       1.394828671,       1.752819869
          0,           0,        1405,       -2.10273116,      0.2612744761,      0.4652910531,        3.84462192,        1.39493557,       1.744448898
          0,           0,        1406,      -2.111283244,      0.2500331686,       0.453014805,       3.605887346,       1.394783525,       1.751517573
          0,           0,        1407,      -2.128463711,      0.2717059846,      0.4277704908,       3.588193983,         1.3946161,       1.743421035
          0,           0,        1408,      -2.124232539,      0.2479620207,      0.4277871193,       3.612415873,       1.394708342,         1.7384264
          0,           0,        1409,      -2.083313458,        0.46449976,      0.5496223518,        3.61581672,       1.394668129,       1.739070838
          0,           0,        1410,      -2.116245358,      0.3601926978,      0.4743669239,       3.879776428,       1.394800504,       1.747983553
          0,           0,        1411,      -1.993832071,      0.3211483774,      0.6425080154,       3.717637412,       1.394578443,       1.757659018
          0,           0,        1412,      -1.774778118,      0.4554726459,      0.9105698281,       3.842007856,       1.394778913,       1.755774042
          0,           0,        1413,      -1.833688554,      0.3920133711,      0.8411270426,       4.120368052,       1.394509503,       1.787200843
          0,           0,        1414,       -2.06558637,      0.2752879967,       0.535597384,        3.69599475,       1.393960354,       1.786078685
          0,           0,        1415,      -2.093701996,      0.3139920416,      0.4975567039,       3.644124506,       1.393978977,       1.756709076
          0,           0,        1416,      -2.106889405,      0.2476021197,      0.4637633842,        3.61841714,       1.394003444,       1.756826834
          0,           0,        1417,      -2.107229404,      0.2475388522,      0.4628647114,       3.600253839,       1.394033601,       1.741714899
          0,           0,        1418,      -2.107372856,      0.2497830379,       0.464861864,       3.421798139,       1.394066922,       1.740055611
          0,           0,        1419,       -2.10246953,      0.2483917585,      0.4754380853,       3.461413394,        1.39401605,       1.743082768
          0,           0,        1420,      -2.116847001,      0.2405931778,      0.4516174073,       3.490097778,       1.394009052,       1.743800939
          0,           0,        1421,      -2.121152216,      0.2488213494,      0.4482683396,       3.515924315,       1.393936807,       1.727039173
          0,           0,        1422,      -2.129458164,      0.2307888131,      0.4297598496,       3.590254042,       1.393949777,       1.727146586
          0,           0,        1423,      -2.137063311,      0.2224222962,      0.4131456969,       3.582899573,       1.393847476,       1.734229799
          0,           0,        1424,      -2.132979144,      0.2453197617,      0.4236817439,       3.585485188,       1.393879104,       1.739425291
          0,           0,        1425,      -2.146340152,       0.287987773,      0.4104331446,       3.590006005,       1.393777538,       1.721288025
          0,           0,        1426,      -2.179261719,      0.2267706402,      0.3151913353,       3.610045307,       1.393808489,       1.732712125
          0,           0,        1427,      -2.186254959,      0.2652935201,      0.3136506244,       3.578743921,       1.393698758,       1.735690726
          0,           0,        1428,      -2.172614936,      0.2396650768,      0.3385440412,       3.529410651,       1.393729211,       1.723118234
          0,           0,        1429,      -2.181893737,      0.2161663439,      0.3121406388,       3.543753279,       1.393636234,       1.724641485
          0,           0,        1430,      -2.201417352,      0.1991103332,      0.2590471135,       3.612059117,       1.393658355,       1.735031583
          0,           0,        1431,      -2.226342124,      0.1998811532,       0.174460189,       3.571849733,        1.39354229,        1.73911475
          0,           0,        1432,       -2.23498561,      0.2542737073,      0.1744757173,       3.469855969,       1.393571383,       1.722262736
          0,           0,        1433,      -2.195443692,      0.3950746559,      0.3708971553,        3.50715509,       1.393483734,       1.725098759
          0,           0,        1434,      -2.256931662,      0.2157235673,      0.0276291548,       3.583162519,       1.393497988,       1.732733333
          0,           0,        1435,      -2.261256887,      0.2000351489,    -0.02409193207,       3.541541662,       1.393381388,       1.738364911
          0,           0,        1436,       -2.24047999,       0.279864402,      0.1733903555,       3.475891869,       1.393408867,       1.721910398
          0,           0,        1437,       -2.26500008,      0.1869714021,    -0.06250886087,       3.482864018,       1.393311874,       1.734993032
          0,           0,        1438,      -2.262610333,      0.1979321351,    -0.03538063067,       3.576794592,        1.39338451,        1.73781281
          0,           0,        1439,      -2.262886013,      0.1992673358,    -0.01806785391,       3.545310349,       1.393175004,       1.725654868
          0,           0,        1440,      -2.264774593,      0.1905874405,     -0.0440655751,       3.194961964,       1.393200931,       1.723237566
          0,           0,        1441,      -2.267451336,       0.178903651,    -0.09149408493,       3.200072243,       1.393213983,       1.739758277
          0,           0,        1442,      -2.268462025,       0.174971796,     -0.1057799394,       3.222177231,        1.39322511,       1.742579837
          0,           0,        1443,      -2.264766396,       0.192153445,     -0.0367413852,       3.253379934,       1.393242354,       1.750544816
          0,           0,        1444,      -2.166194435,      0.4625562794,      0.4561597808,       3.429194089,       1.393240221,       1.756510958
          0,           0,        1445,       -2.22421997,      0.2994798186,      0.2564534679,       3.924401935,       1.392903933,       1.796376307
          0,           0,        1446,      -2.251593418,      0.2120945645,     0.08267479925,       3.576259087,       1.392560227,       1.789956287
          0,           0,        1447,      -2.261229974,      0.2013336472,    0.007037281618,       3.545940643,       1.392630945,       1.763643633
          0,           0,        1448,      -2.254889899,      0.2345702041,      0.0922725559,       3.329496635,       1.392724672,       1.790483434
          0,           0,        1449,      -2.263923278,      0.1981001212,    -0.02043062884,       3.690463646,       1.392767703,       1.803905058
          0,           0,        1450,      -2.268097557,      0.1806563011,    -0.06359860281,       3.571528073,        1.39256378,       1.797882487
          0,           0,        1451,      -2.264832317,       0.186828464,     -0.0362476166,       3.354944179,       1.392719754,       1.805858755
          0,           0,        1452,      -1.936329053,      0.8031270594,      0.8173493207,       3.659241446,       1.392684697,       1.857678049
          0,           0,        1453,      -1.757927368,      0.9935706109,       1.033281513,       4.134587685,       1.392187874,       1.880398978
          0,           0,        1454,      -2.095726767,       0.536844417,      0.5702089551,       3.679395993,       1.391356744,       1.852907252
          0,           0,        1455,      -2.210282148,      0.3424483751,      0.2681481516,       3.615586645,       1.391403104,        1.84042891
          0,           0,        1456,      -2.239639895,      0.2866019756,      0.1297574965,       3.585212882,       1.391469472,       1.836346006
          0,           0,        1457,       -2.24561749,      0.2686770155,     0.07689471809,       3.559694588,       1.391564007,       1.838513442
          0,           0,        1458,      -2.233759092,      0.3024947589,      0.1574719675,        3.93148745,       1.391665691,        1.83110429
          0,           0,        1459,      -2.228319234,      0.3064631154,      0.1943889518,       3.651169869,       1.391207436,       1.829336912
          0,           0,        1460,      -2.212869056,      0.2861697031,      0.2490290027,       3.619082608,        1.39134628,       1.870057739
          0,           0,        1461,      -2.084436747,       0.309495481,      0.5168441268,       4.093693775,       1.391484379,       1.896727538
          0,           0,        1462,      -1.744024264,      0.4908425127,      0.9404521223,        3.92398012,       1.389741039,       1.949850423
          0,           0,        1463,      -1.826939844,      0.4105397642,      0.8500407389,        3.85253072,       1.389372302,       1.866494676
          0,           0,        1464,       -2.02193018,      0.2891395965,      0.6075409249,       3.714514249,       1.389293071,       1.825746809
          0,           0,        1465,      -2.124466542,      0.2530942518,       0.438372003,       3.661194995,       1.389267675,       1.809578091
          0,           0,        1466,      -2.123019623,      0.2512344725,       0.441340949,       3.660602179,       1.389245343,       1.815745201
          0,           0,        1467,      -2.101545321,      0.2543288199,      0.4841680713,       3.653604301,       1.389225858,       1.808019283
          0,           0,        1468,      -2.105252776,      0.2508401304,      0.4815963306,       3.643427055,       1.389263531,       1.805949217
          0,           0,        1469,      -2.114740757,      0.2459720433,      0.4683297913,        3.62020764,       1.389312178,       1.809480812
          0,           0,        1470,      -2.131376567,      0.2388936519,      0.4375760513,       3.599717467,       1.389376685,       1.807323918
          0,           0,        1471,      -2.142350442,      0.2330234945,      0.4110406192,        4.08699266,       1.389473202,        1.80022195
          0,           0,        1472,      -2.085016398,      0.2376590785,      0.4989860682,        3.71745736,       1.388987852,       1.810596351
          0,           0,        1473,      -1.893643754,      0.3353384294,      0.7698718218,       3.792613426,       1.389050381,        1.84110771
          0,           0,        1474,      -1.785634474,       0.443594982,      0.8966312806,       3.826062536,       1.388557446,       1.875910704
          0,           0,        1475,      -1.829465382,      0.4131610649,      0.8449414928,       4.119756789,       1.388336442,        1.84935453
          0,           0,        1476,       -2.07080697,      0.2874477131,      0.5340388653,       3.657485478,       1.388043915,       1.835148833
          0,           0,        1477,      -2.092958203,      0.2437013208,      0.4952233365,       3.625885476,       1.388029817,       1.820893073
          0,           0,        1478,      -2.100261401,       0.231600274,      0.4860660726,       3.622748634,       1.388019298,       1.810002431
          0,           0,        1479,      -2.104139885,      0.2364472028,      0.4834764922,       3.543440788,       1.388012372,       1.810826084
          0,           0,        1480,      -2.101955876,      0.2851049785,      0.4979141718,       3.559442113,       1.387899433,       1.824796955
          0,           0,        1481,      -2.079244873,      0.4155235688,      0.5622760832,       3.632839041,       1.387937465,       1.817341517
          0,           0,        1482,      -2.137867893,      0.2406333602,      0.4310685476,       3.593514325,       1.387837109,       1.809360079
          0,           0,        1483,       -2.14435246,      0.2076681548,      0.4049873762,       3.796895254,       1.387905493,       1.805268339
          0,           0,        1484,      -2.122219059,      0.2318876618,      0.4441360764,       3.631984867,       1.387657249,       1.811705817
          0,           0,        1485,      -1.799640339,      0.7463600081,      0.9138145606,       3.814356806,       1.387359743,       1.810424362
          0,           0,        1486,      -1.714179857,      0.9878347677,       1.056355216,       3.963024794,       1.387297379,       1.768224031
          0,           0,        1487,      -2.076428241,      0.3454447717,      0.5458848103,         3.6517606,       1.387109319,       1.765492975
          0,           0,        1488,      -2.191819637,      0.2505724043,      0.3090537423,       3.490484487,       1.387101881,       1.760553184
          0,           0,        1489,      -2.219753234,      0.2300305513,      0.2197367517,       3.562350125,       1.387077426,       1.744644819
          0,           0,        1490,       -2.21648474,      0.2237900262,      0.2307253581,       3.561558711,       1.387001015,       1.737716785
          0,           0,        1491,      -2.237816554,      0.2158404794,      0.1534403152,       3.829623622,       1.387056987,       1.723496412
          0,           0,        1492,      -2.263074553,      0.2061324796,      0.0187039143,       3.573282571,        1.38682672,       1.721194062
          0,           0,        1493,      -2.263540768,      0.2012166654,    0.007695825391,       3.561006354,       1.386906677,       1.715266938
          0,           0,        1494,      -2.258186004,      0.1983532931,     0.04724638061,       4.089499394,       1.386991251,       1.694429109
          0,           0,        1495,      -2.194888058,      0.2147129539,      0.3054559185,       3.657094744,       1.386294137,       1.696400868
          0,           0,        1496,       -1.79763606,      0.4680053488,      0.8923313129,       3.803322039,        1.38573049,       1.734930794
          0,           0,        1497,      -1.791331111,      0.4440616081,      0.8943724225,        3.84173318,       1.385490522,       1.712880884
          0,           0,        1498,       -1.92565024,       0.406486388,      0.7414984453,       3.709306638,       1.385474887,       1.690145377
          0,           0,        1499,      -2.062064382,      0.2993052315,      0.5589989857,       3.596409278,       1.385463438,       1.681818918
          0,           0,        1500,      -2.143605177,       0.229336871,      0.4066395735,        3.59835344,       1.385503774,       1.673412813
          0,           0,        1501,      -2.132778522,      0.2192344691,      0.4257079766,       3.592798488,        1.38539826,       1.652298013
          0,           0,        1502,      -2.121422995,      0.3106325402,      0.4671986374,       3.803205016,       1.385459838,       1.662916388
          0,           0,        1503,      -1.834991281,      0.8871004529,      0.9340158261,       3.784856513,       1.385196521,        1.67909076
          0,           0,        1504,      -2.054022852,      0.5488600823,      0.6366766441,       3.647000187,        1.38489408,       1.697973768
          0,           0,        1505,      -2.087893492,      0.3135053933,      0.5082636296,        3.82727848,       1.384829692,       1.652674376
          0,           0,        1506,      -2.105162928,      0.2862813128,      0.4811863977,        3.62928338,       1.384634674,       1.641780938
          0,           0,        1507,      -2.137967221,      0.2661491069,      0.4230788567,       3.533249603,       1.384624004,       1.642709873
          0,           0,        1508,      -2.170712722,      0.2526785139,      0.3573011121,       3.588252398,       1.384596247,       1.645674608
          0,           0,        1509,      -2.202774215,      0.2408826171,      0.2803568998,       3.574646837,       1.384460894,        1.62301747
          0,           0,        1510,      -2.229738547,      0.2319969397,        0.19470942,       3.584254717,        1.38450347,        1.63079764
          0,           0,        1511,      -2.255114739,      0.2171089141,     0.07834677286,       3.561932602,       1.384392797,        1.63078806
          0,           0,        1512,      -2.261735056,      0.2089510437,     0.03210627181,       3.823163336,       1.384450109,       1.644297799
          0,           0,        1513,      -2.259108358,      0.2036966029,     0.05798387839,       3.594179189,       1.384149692,       1.636387525
          0,           0,        1514,      -2.255957635,      0.1937777974,     0.08066020104,       3.558555456,       1.384231267,       1.639065218
          0,           0,        1515,      -2.146729948,      0.2431477748,      0.4200740841,       4.094139691,       1.384305201,       1.718584531
          0,           0,        1516,      -1.714685841,      0.5403402312,      0.9825813694,       3.883571224,       1.382825499,       1.736810513
          0,           0,        1517,      -1.798537101,      0.4413110236,      0.8868427393,       3.862493711,       1.382532576,       1.752355106
          0,           0,        1518,      -2.145109902,      0.2295407977,      0.4028926217,       3.663186601,       1.382490037,       1.750762516
          0,           0,        1519,       -2.15091388,      0.2263197213,      0.3854933456,       3.623786946,       1.382452131,       1.746047489
          0,           0,        1520,      -2.137171971,      0.2235814437,      0.4139724905,       3.619184413,       1.382418536,       1.720916243
          0,           0,        1521,      -2.130335868,      0.2307358359,      0.4309912477,       3.611424039,       1.382389057,       1.710257009
          0,           0,        1522,      -2.111943713,      0.3426598258,      0.4878106459,       3.607661899,       1.382363609,        1.70739474
          0,           0,        1523,      -2.141488532,      0.2271588874,       0.415036956,       3.587937019,       1.382342207,       1.690499061
          0,           0,        1524,      -2.148354262,      0.2244885922,      0.4000416639,       3.469631097,       1.382324786,       1.688630908
          0,           0,        1525,      -2.159072466,      0.2127488585,      0.3758782898,       3.533441219,       1.382286826,       1.683363648
          0,           0,        1526,      -2.172397487,      0.2526740207,       0.356926521,       3.559277316,       1.382159576,       1.683536601
          0,           0,        1527,      -2.197968873,      0.1980974027,      0.2802308007,       3.591739694,       1.382140533,       1.663257693
          0,           0,        1528,      -2.204964453,      0.1967840258,      0.2569713103,       3.570043159,       1.381999772,       1.658285867
          0,           0,        1529,      -2.184571677,      0.2916976515,      0.3428474879,       3.511134628,       1.381984604,       1.659423614
          0,           0,        1530,      -2.123443947,      0.4691586974,      0.5205497226,       3.569088068,       1.381861737,       1.661412313
          0,           0,        1531,      -2.198073075,      0.2486979366,      0.3056945716,       3.600984951,       1.381838317,       1.639555806
          0,           0,        1532,       -2.22271003,      0.1951515412,      0.2148879187,       3.568385173,       1.381695812,       1.636726514
          0,           0,        1533,      -2.245119339,      0.1722554833,      0.1144535355,       3.497620003,       1.381680948,       1.633555898
          0,           0,        1534,      -2.257310978,      0.1910935289,     0.06678941729,       3.503318147,       1.381607259,       1.636133626
          0,           0,        1535,      -2.268096479,      0.1837413885,    -0.02340041952,       3.798475679,       1.381526484,       1.627871865
          0,           0,        1536,      -2.272727775,      0.1696655375,    -0.07757708867,       3.535484838,       1.381324659,       1.631846858
          0,           0,        1537,      -2.269916162,      0.1835330229,     -0.0316961854,       3.447205732,       1.381308408,       1.614627345
          0,           0,        1538,      -2.268820102,      0.1898702104,   0.0002779145576,       3.540517751,       1.381278081,        1.62682392
          0,           0,        1539,      -2.274311783,      0.1689748883,    -0.08508795575,        3.52909629,       1.381136634,       1.620825573
          0,           0,        1540,      -2.274652469,      0.1701960276,    -0.08376305294,       3.521934571,       1.381122164,       1.609690309
          0,           0,        1541,      -2.270054684,      0.1945685669,    -0.00862842471,       3.527615457,       1.380982518,       1.605964667
          0,           0,        1542,      -2.261017686,      0.2309588324,     0.09554354018,       3.558269605,       1.380967672,       1.624167772
          0,           0,        1543,      -2.270058135,      0.1982221958,   -0.003121622903,       3.534319785,       1.380821712,       1.620753853
          0,           0,        1544,      -2.255133667,      0.2574402909,      0.1354959469,       3.487660654,       1.380807353,       1.608007997
          0,           0,        1545,      -2.254011585,      0.2600879971,      0.1568150932,       3.507697424,        1.38072589,       1.610793245
          0,           0,        1546,      -2.271412558,      0.1955340582,    -0.01637327144,       3.806196758,       1.380760177,       1.640942522
          0,           0,        1547,       -2.27125801,       0.199223684,    0.001181392393,       3.569845009,       1.380316622,       1.644819172
          0,           0,        1548,      -2.275674654,      0.1797082254,    -0.07637575858,       3.535888732,       1.380295996,       1.636104451
          0,           0,        1549,      -2.278752246,       0.164596869,     -0.1322487263,       3.421986755,       1.380280288,       1.636919632
          0,           0,        1550,      -2.279000418,       0.162791119,     -0.1380791009,       3.530069495,       1.380299417,       1.643476894
          0,           0,        1551,      -2.275131117,      0.1812230494,    -0.04894006203,       3.532946764,       1.380067076,       1.629478911
          0,           0,        1552,      -2.279917864,      0.1588319177,     -0.1570755175,       3.223360666,       1.380052603,       1.623916386
          0,           0,        1553,      -2.282228506,      0.1480865406,     -0.2194093879,       3.261930279,       1.380007432,       1.642166084
          0,           0,        1554,      -2.281074648,      0.1531880166,     -0.1854928846,        3.46249214,       1.379998106,        1.63564188
          0,           0,        1555,      -2.277175961,      0.1715079391,    -0.08971390766,       3.542628383,       1.379872297,       1.671327234
          0,           0,        1556,      -2.213902836,      0.3691730389,      0.3390117286,       4.088777652,       1.379912966,       1.680386283
          0,           0,        1557,      -2.234094376,      0.2829895823,      0.2362376896,        3.65083084,       1.378903066,       1.699702636
          0,           0,        1558,      -2.260088352,      0.1948499771,     0.06007533573,       3.620281883,       1.378801571,        1.65182092
          0,           0,        1559,      -2.237895558,      0.3079349482,      0.2380459812,       3.602380651,       1.378813564,        1.64708551
          0,           0,        1560,      -2.273075046,      0.1835997315,    -0.04256081785,       3.580639827,       1.378720184,       1.654654847
          0,           0,        1561,      -2.275773981,      0.1798080227,    -0.07146195646,       3.555600098,        1.37874404,       1.673019224
          0,           0,        1562,      -2.276472808,      0.1775744561,    -0.08282925273,       3.538401282,       1.378780004,       1.681744651
          0,           0,        1563,      -2.216598284,      0.3717990454,      0.3231571424,       3.495903642,       1.378828271,       1.669358204
          0,           0,        1564,      -1.801928654,      0.9536967176,      0.9834658675,       3.804855809,       1.378675355,       1.678491978
          0,           0,        1565,      -2.136420214,      0.5218166099,       0.543046228,       4.095505545,       1.378378128,       1.719646044
          0,           0,        1566,      -2.237679381,      0.3091788114,      0.2066987232,       3.599730399,       1.377929154,       1.719542498
          0,           0,        1567,      -2.247344771,      0.2826343758,       0.145757485,       3.572344161,       1.377901485,        1.71581732
          0,           0,        1568,      -2.253060118,      0.2655345954,      0.1092093326,       3.559098205,       1.377929928,         1.6831402
          0,           0,        1569,      -2.256675448,       0.253818605,     0.08617185447,        3.36923165,       1.377970738,       1.696326687
          0,           0,        1570,      -2.259484928,      0.2443618047,     0.06845173273,       3.784591982,       1.377970983,       1.679055884
          0,           0,        1571,      -2.262700284,      0.2320259424,     0.05317251387,       3.585040928,       1.377382537,       1.706881835
          0,           0,        1572,      -2.264531332,      0.2258074575,     0.04221451272,       3.550512506,       1.377409013,       1.703852845
          0,           0,        1573,      -2.266401265,      0.2185761733,     0.02952388926,       3.517995149,       1.377448572,       1.708051032
          0,           0,        1574,      -2.268038169,      0.2105251033,     0.01447589442,         4.0416163,        1.37748579,       1.683174814
          0,           0,        1575,      -2.269906186,      0.2038943908,    0.003218985432,       3.613922077,       1.377009967,       1.682594085
          0,           0,        1576,      -2.270343285,      0.1920347615,  -0.0009384975057,       3.592554444,        1.37704472,       1.687224703
          0,           0,        1577,      -2.242274536,       0.192959332,      0.1546334881,        3.36683658,       1.377116028,       1.693505826
          0,           0,        1578,      -2.027344665,      0.2903212977,       0.610026332,       4.095716157,       1.377029871,       1.775067113
          0,           0,        1579,      -1.711888598,      0.5437537553,        0.98494984,       3.943294616,       1.375355626,       1.793100345
          0,           0,        1580,      -1.843268983,      0.4072078337,      0.8289527659,       3.850144118,       1.374945108,       1.795699409
          0,           0,        1581,      -2.046855836,      0.2638093484,      0.5648323338,       3.719940086,       1.374840744,       1.779094073
          0,           0,        1582,      -2.054588857,      0.4503626821,      0.5848062993,       3.718721894,        1.37479253,       1.770141176
          0,           0,        1583,      -2.101051951,      0.2560791646,      0.4799238646,       3.667099243,       1.374747458,       1.760954702
          0,           0,        1584,      -2.103815119,      0.2473598941,      0.4772819213,       3.652758678,       1.374705376,       1.736252085
          0,           0,        1585,      -2.112961073,      0.2438979507,      0.4639216385,       3.634254535,       1.374666278,       1.714165323
          0,           0,        1586,      -2.117580008,       0.232187233,      0.4575981683,       3.627405154,       1.374680743,       1.710428898
          0,           0,        1587,      -2.125668308,      0.2286655109,      0.4483879671,        3.62462535,       1.374701167,       1.686942403
          0,           0,        1588,      -2.095647326,       0.435457198,      0.5414951322,        3.46153832,       1.374544199,        1.67025496
          0,           0,        1589,      -1.892356638,      0.8205498337,      0.8685914753,       3.663365049,       1.374481412,       1.666736709
          0,           0,        1590,      -2.140535803,      0.3430706429,      0.4622950157,       3.454401734,       1.374383085,       1.661466804
          0,           0,        1591,      -2.170898871,      0.2343701052,      0.3747478028,       3.475112145,         1.3743333,        1.63669339
          0,           0,        1592,      -2.183003229,      0.2137684401,      0.3421438414,        3.49707138,       1.374216673,       1.629829589
          0,           0,        1593,      -2.192149386,      0.2077304942,      0.3170911228,       3.578325468,       1.374184901,       1.623067869
          0,           0,        1594,      -2.196344684,      0.2027925184,      0.3051284355,       3.587176672,        1.37404974,       1.622574381
          0,           0,        1595,      -2.203407289,      0.1968637409,      0.2830127387,        3.52609979,       1.374029248,       1.598496894
          0,           0,        1596,      -2.207672721,      0.1879369208,       0.266017766,       3.537582373,       1.373902371,       1.596412815
          0,           0,        1597,      -2.202279637,      0.2282335536,      0.2934066458,        3.58303696,       1.373929412,       1.599760964
          0,           0,        1598,      -2.215151551,      0.1867561053,      0.2406272935,       3.568200531,       1.373820702,        1.58284559
          0,           0,        1599,      -2.228121151,       0.171574187,      0.1904775481,       3.812971074,       1.373865712,       1.577585303
          0,           0,        1600,       -2.19135091,        0.35887976,      0.3657699987,       3.617544176,        1.37359516,       1.586436676
          0,           0,        1601,      -1.777460911,      0.9765141153,        1.00920467,       3.827744124,       1.373283193,       1.569415418
          0,           0,        1602,      -2.217178693,       0.340648916,      0.3170321118,       3.733545694,       1.373218217,       1.573062252
          0,           0,        1603,      -2.247229143,      0.2372235238,      0.1571493814,       3.564649542,       1.373045241,        1.58226039
          0,           0,        1604,      -2.256494552,      0.2154739859,     0.09827724197,        3.31504613,        1.37307914,       1.554500746
          0,           0,        1605,      -2.265257275,      0.2057369358,     0.04408676717,       3.450726532,       1.373072938,       1.583130214
          0,           0,        1606,      -2.271439443,      0.1984082448,    0.001857248119,        3.54607068,       1.372965541,       1.608535415
          0,           0,        1607,      -2.273415743,      0.1926138987,      -0.017551121,       4.090456551,       1.373017242,       1.613382437
          0,           0,        1608,      -2.275337573,      0.1780487016,    -0.03351567721,       3.636094596,       1.372078684,       1.584108129
          0,           0,        1609,      -2.272153446,      0.1857514952,   -0.004502890885,       3.604129688,       1.372088396,       1.589304114
          0,           0,        1610,      -2.270448114,      0.1804233573,     0.00778296562,       3.590270747,       1.371924796,        1.56561287
          0,           0,        1611,      -2.278724931,       0.167180309,     -0.0729066399,       3.565342629,       1.371895635,       1.576647256
          0,           0,        1612,      -2.280063385,       0.167614046,    -0.08616097467,       3.549401246,       1.371871389,       1.564839318
          0,           0,        1613,      -2.279585221,      0.1707101699,    -0.07919809869,       3.531681184,       1.371902922,       1.568769619
          0,           0,        1614,       -2.28207197,      0.1582167987,     -0.1249885831,       3.200514657,       1.371833443,       1.585847021
          0,           0,        1615,       -2.28027336,       0.167533827,    -0.08674037861,       3.193967334,       1.371818188,       1.559595212
          0,           0,        1616,      -2.283303778,      0.1533947457,     -0.1471963938,       3.232284499,        1.37178249,       1.593812931
          0,           0,        1617,      -2.273393868,      0.1970950053,    0.006566530582,       3.427089585,       1.371768554,       1.609363834
          0,           0,        1618,      -2.276173953,      0.1754266074,     -0.0363380291,       3.547748593,       1.371642491,       1.617868667
          0,           0,        1619,       -2.18844159,      0.4072249849,      0.3979991452,        4.09301328,       1.371705565,       1.594021114
          0,           0,        1620,      -1.750950364,      0.9876881585,       1.032012572,       3.867301605,       1.370567526,       1.616360535
          0,           0,        1621,      -2.050442847,      0.4920728077,      0.6241562647,       3.716775699,       1.370386249,       1.606468693
          0,           0,        1622,      -2.200343577,      0.2847179341,      0.3220717382,       3.627127225,       1.370346361,       1.594365235
          0,           0,        1623,      -2.223087497,      0.2440548219,      0.2438562097,       3.590878763,       1.370311575,       1.598217078
          0,           0,        1624,      -2.231276138,      0.2286583087,      0.2100970939,       3.571220839,       1.370281637,       1.595855611
          0,           0,        1625,      -2.239920319,       0.219155588,      0.1744489165,       3.565612829,       1.370256399,       1.569286275
          0,           0,        1626,      -2.245216745,      0.2128067218,      0.1517479268,       3.547955426,       1.370235832,       1.567512187
          0,           0,        1627,      -2.251839831,      0.2071549089,      0.1217238524,       3.538428315,       1.370219997,       1.576614506
          0,           0,        1628,      -2.259919912,      0.2019025517,     0.08070858564,       3.457957682,       1.370207925,       1.583182506
          0,           0,        1629,      -2.266384882,      0.1957145677,     0.04339329816,       3.478179262,       1.370093086,       1.556410933
          0,           0,        1630,      -2.267880405,       0.192294337,     0.03163424888,       3.547880922,       1.370123847,       1.556889694
          0,           0,        1631,      -2.267605812,      0.1868735522,     0.03359525846,        3.53608573,       1.370023194,       1.561605518
          0,           0,        1632,      -2.270649698,      0.1828448588,     0.01132455231,        3.81288851,       1.370077812,       1.580536506
          0,           0,        1633,      -2.280061014,      0.1614640188,    -0.07566540512,       3.581465193,       1.369514985,       1.587289121
          0,           0,        1634,      -2.279049999,      0.1728839765,    -0.05823150444,        3.55115065,       1.369494845,       1.550087315
          0,           0,        1635,      -2.281524785,      0.1634451504,    -0.09526619187,       3.526952816,       1.369479898,        1.54546994
          0,           0,        1636,      -2.281501406,      0.1638190816,    -0.09774343612,       3.190092315,       1.369469405,       1.554858295
          0,           0,        1637,      -2.280724917,      0.1678110291,    -0.08583969838,       3.233550661,       1.369413329,       1.549348931
          0,           0,        1638,      -2.282868584,      0.1580761694,     -0.1218064253,       3.262920616,       1.369326453,       1.557736727
          0,           0,        1639,      -2.283058251,      0.1571003238,     -0.1229725061,       3.351998147,       1.369330999,       1.537749571
          0,           0,        1640,      -2.274344511,      0.1969246226,    0.008582871045,       3.462735601,       1.369151132,        1.54048264
          0,           0,        1641,      -2.281586979,      0.1646625115,    -0.09907002851,       3.532180977,       1.369132618,       1.546712992
          0,           0,        1642,      -2.285084791,      0.1484619651,     -0.1635989436,       3.519901271,       1.368999215,       1.556925673
          0,           0,        1643,      -2.284164647,      0.1520539901,     -0.1508465823,       3.485763668,       1.368991367,       1.527806471
          0,           0,        1644,      -2.271913979,      0.2068548132,     0.03316963128,       3.502291765,       1.368866144,       1.537156683
          0,           0,        1645,      -2.279217683,      0.1751669373,    -0.06128627477,       3.540886872,       1.368855035,       1.552175974
          0,           0,        1646,      -2.283003805,      0.1577860651,     -0.1217013116,       3.519043215,       1.368719581,       1.527648818
          0,           0,        1647,      -2.282406772,      0.1597749046,     -0.1161420542,       3.472828811,       1.368761745,       1.532353911
          0,           0,        1648,      -2.285111645,      0.1475062235,     -0.1651618263,       3.519764423,       1.368556197,        1.55497382
          0,           0,        1649,      -2.284788188,      0.1488445238,     -0.1697298538,       3.385983186,       1.368549639,       1.564936955
          0,           0,        1650,      -2.278346269,      0.1794161591,    -0.03241153297,       3.423842375,       1.368438639,       1.527142271
          0,           0,        1651,      -2.280376982,      0.1702338282,    -0.07158555367,       3.526602479,       1.368416764,       1.556203001
          0,           0,        1652,      -2.283412135,      0.1572196361,     -0.1164695145,       3.522638678,       1.368283631,        1.56620035
          0,           0,        1653,       -2.28432688,      0.1518156879,     -0.1430916073,       3.534040754,       1.368277562,       1.530954364
          0,           0,        1654,      -2.284955838,      0.1500534152,     -0.1483114579,        3.52007813,       1.368141588,        1.55473538
          0,           0,        1655,      -2.272922589,      0.2031584469,     0.02747942168,       3.508464493,       1.368135991,       1.565816532
          0,           0,        1656,      -2.246724796,      0.2918374468,      0.2238234562,       3.522558181,       1.368005237,       1.539531043
          0,           0,        1657,      -2.270916964,      0.2086818098,     0.04897580358,       3.547792172,       1.368046112,       1.545544022
          0,           0,        1658,      -2.278498598,        0.18028855,    -0.02721012477,        3.52807466,       1.367935987,       1.556323625
          0,           0,        1659,      -2.278750464,      0.1761749119,    -0.02172748281,        3.82344172,       1.367813817,       1.565415025
          0,           0,        1660,      -2.281996318,       0.164622532,    -0.08900926041,       3.532405464,       1.367600592,       1.546146036
          0,           0,        1661,      -2.286146017,      0.1438195782,     -0.1664890251,       3.473441908,       1.367594349,       1.548677221
          0,           0,        1662,      -2.284159363,       0.153112002,     -0.1354442443,       3.538835031,       1.367581696,       1.571771171
          0,           0,        1663,      -2.273764603,      0.2002988167,      0.0266294413,       3.523116516,       1.367441969,       1.577157449
          0,           0,        1664,      -2.217626276,      0.3689449075,      0.3422867236,       3.510524136,       1.367485852,       1.558540824
          0,           0,        1665,      -2.266686216,      0.2246296508,     0.09563155953,        3.53877862,       1.367387626,       1.568082491
          0,           0,        1666,      -2.273048069,      0.2018853436,     0.03866494748,         3.9609392,       1.367440444,       1.570464807
          0,           0,        1667,      -2.280484463,      0.1671341626,    -0.04037580043,       3.594585276,       1.366743936,       1.560003565
          0,           0,        1668,       -2.28175819,      0.1643796946,    -0.08126001625,       3.565128043,       1.366721057,       1.585682723
          0,           0,        1669,      -2.282735419,      0.1618316972,     -0.0969065967,       3.546697115,       1.366704639,       1.595913149
          0,           0,        1670,      -2.284105025,      0.1551075342,      -0.108565389,        3.53435541,       1.366694375,       1.561121922
          0,           0,        1671,       -2.28302945,      0.1600218275,     -0.1011146385,       3.400764187,       1.366738908,       1.596479342
          0,           0,        1672,      -2.259662316,      0.2536986581,      0.1445455153,       3.702023676,       1.366765758,        1.61410419
          0,           0,        1673,      -1.946613861,      0.7892722429,      0.8169311459,       3.700599002,       1.366382913,       1.592897723
          0,           0,        1674,      -2.245897235,       0.290761116,      0.2298734709,       3.542896237,       1.366376009,       1.583242223
          0,           0,        1675,      -2.276343114,      0.1885351751,   0.0009277159841,       3.245744503,       1.366372591,        1.59058827
          0,           0,        1676,      -2.280370353,      0.1722550462,    -0.05820385959,       3.296735345,       1.366280729,       1.587389307
          0,           0,        1677,      -2.281341557,      0.1678419739,    -0.07541718595,        3.37762717,       1.366241283,       1.594113351
          0,           0,        1678,      -2.282012485,      0.1650352707,    -0.08393155885,       3.415032723,       1.366129634,        1.58362895
          0,           0,        1679,      -2.282773622,      0.1610412488,    -0.09742205343,       3.511171989,        1.36615689,       1.590746296
          0,           0,        1680,      -2.220007278,      0.3689414088,      0.3285681802,       3.545371049,       1.366050175,       1.590534517
          0,           0,        1681,       -2.28324564,      0.1582144809,     -0.1006967108,       3.879792342,       1.366107639,       1.600081179
          0,           0,        1682,      -2.280527193,      0.1662601009,    -0.05996967715,       3.581000685,       1.365753066,        1.61184679
          0,           0,        1683,      -2.269077563,      0.1515548608,     0.02621956764,       3.556021347,       1.365838654,       1.631037101
          0,           0,        1684,      -2.121148707,      0.2761834755,      0.4794802899,       4.098560103,       1.365911508,       1.682000768
          0,           0,        1685,      -1.594518286,       1.004980924,        1.15379284,       3.995613847,       1.364485734,       1.756807078
          0,           0,        1686,      -1.786716737,      0.6199747891,      0.9189181767,       3.877532615,       1.364212617,       1.678935464
          0,           0,        1687,       -2.12438104,      0.3201994995,      0.4636830118,       3.681207655,       1.364225136,       1.666188855
          0,           0,        1688,      -2.126315826,      0.2743165037,       0.444278863,       3.658064029,       1.364246802,       1.660536037
          0,           0,        1689,      -2.104292477,      0.2692816889,      0.4846969531,       3.646177244,       1.364281838,       1.651967356
          0,           0,        1690,      -2.113357808,      0.2559979173,      0.4748639768,       3.621083163,       1.364337432,       1.674674038
          0,           0,        1691,      -2.134524319,      0.2339916904,      0.4361717831,       3.427571459,        1.36442457,       1.699482336
          0,           0,        1692,      -2.151825299,      0.2147781595,      0.4016579745,       3.464947645,       1.364358355,       1.709144565
          0,           0,        1693,      -1.928323499,      0.3079060355,      0.7277539071,       4.116914067,       1.364356046,       1.768421357
          0,           0,        1694,      -1.720291083,      0.5272033191,      0.9756242954,        3.93165033,       1.363630615,       1.786158152
          0,           0,        1695,      -1.756406977,       0.468755684,      0.9328656822,       3.897253102,       1.363558443,       1.904201879
          0,           0,        1696,      -1.644114406,      0.8844386727,       1.077670881,         3.9588554,       1.363639734,       1.915782088
          0,           0,        1697,      -1.661401201,       1.015935331,       1.105833465,       4.189626717,       1.364273386,       1.957001852
          0,           0,        1698,      -1.672479293,      0.8419234125,       1.054862685,       4.003351501,       1.363879497,       2.037801778
          0,           0,        1699,      -1.560445103,      0.8233537022,       1.146287643,        4.05761393,       1.363103605,       2.169792652
          0,           0,        1700,       -1.53739045,      0.8329250764,       1.189251179,       4.221701165,       1.370284479,       2.268702967
          0,           0,        1701,      -1.493209911,      0.8958703199,       1.251118305,       4.158815209,       1.379306082,       2.383706905
          0,           0,        1702,       -1.40265463,       1.166770005,       1.459762229,        4.18779579,       1.414960202,       2.699339696
          0,           0,        1703,      -1.365588646,       1.179864975,       1.476814276,       4.298058158,       1.426968242,        2.96155091
          0,           0,        1704,      -1.313906782,       1.315813684,       1.471805988,        4.30188852,       1.362598576,       3.124639577
          0,           0,        1705,      -1.350287609,       1.250077453,       1.428291117,       4.270885698,       1.363800844,       3.054929346
          0,           0,        1706,       -1.38578572,       1.168027173,        1.38804639,       4.239968778,       1.365408102,       2.975004072
          0,           0,        1707,      -1.474781277,       1.022119215,       1.299352001,       4.158416102,       1.364272505,       2.888309137
          0,           0,        1708,      -1.535963978,      0.9377594241,        1.24885658,       4.100855154,       1.363432687,       2.802841883
          0,           0,        1709,      -1.636183693,      0.8430634514,       1.171780014,       4.014562171,       1.362980095,       2.730518722
          0,           0,        1710,      -1.652308204,       0.788121637,       1.153599648,        3.97327764,       1.362430665,       2.683504171
          0,           0,        1711,      -1.703942841,      0.7199569067,       1.102286987,       3.927399337,       1.361477255,       2.666687881
          0,           0,        1712,      -1.790435879,      0.6472337279,       1.035202966,       3.855838629,       1.360079526,       2.668727096
          0,           0,        1713,       -1.70290185,      0.6803118075,       1.065132118,       3.925417569,       1.358663575,        2.67660557
          0,           0,        1714,       -1.64781456,      0.7007491839,       1.090933723,       4.183611804,       1.357678987,       2.661091447
          0,           0,        1715,       -1.61905068,       0.700322459,       1.113445655,       4.073922191,       1.358103042,       2.717509806
          0,           0,        1716,      -1.685204884,      0.6402423744,       1.040390691,       4.028254616,       1.357324774,       2.775793124
          0,           0,        1717,       -1.57047763,      0.7420169474,       1.131308498,       4.217948858,       1.357218907,       2.886441196
          0,           0,        1718,      -1.515774192,      0.8620533503,       1.195112854,       4.162270655,        1.36168688,        2.95637463
          0,           0,        1719,      -1.460196757,       1.075990425,       1.271701427,       4.171800533,       1.368708768,       3.010249879
          0,           0,        1720,      -1.395350215,       1.233916187,       1.369091697,       4.298767928,       1.413589128,       3.031070146
          0,           0,        1721,      -1.460408625,       1.201527623,       1.302388376,       4.194933673,        1.42172188,       3.044505753
          0,           0,        1722,      -1.329533615,       1.342771262,       1.539100908,       4.262831065,       1.441454498,       3.024988567
          0,           0,        1723,      -1.264486219,       1.425389605,       1.574253768,        4.39356777,       1.464583415,       3.067422735
          0,           0,        1724,       -1.29933446,       1.530951429,       1.479079731,       4.319208011,       1.482887131,       3.173158717
          0,           0,        1725,      -1.332204542,       1.531055527,       1.413841943,       4.262764212,        1.48844193,       3.190730139
          0,           0,        1726,      -1.288042232,       1.582575504,       1.452717864,       4.365959175,       1.498735551,       3.143062756
          0,           0,        1727,      -1.314125231,       1.560562883,       1.379509366,       4.300543339,       1.494994178,       3.118305913
          0,           0,        1728,      -1.302282613,       1.566259796,       1.408052205,       4.293186649,       1.495142681,       3.092131356
          0,           0,        1729,      -1.278081435,       1.563932192,       1.539082222,       4.368610886,       1.506588285,       3.050169429
          0,           0,        1730,      -1.219310543,       1.573394558,       1.597351079,       4.375642542,       1.526944211,       3.213461289
          0,           0,        1731,      -1.285292015,       1.567055387,       1.453261152,       4.306962365,       1.524780571,       3.147167348
          0,           0,        1732,      -1.339064282,       1.566055898,       1.364647122,       4.340340805,       1.519037979,       2.910118831
          0,           0,        1733,       -1.33977995,       1.566563554,       1.342040762,       4.306671443,       1.521085241,       2.923690996
          0,           0,        1734,      -1.325062279,       1.578940191,       1.358660677,       4.275709277,       1.546137772,        3.09967671
          0,           0,        1735,      -1.312468244,       1.579199647,       1.441821674,       4.336306586,        1.54289211,       3.204379242
          0,           0,        1736,      -1.250236738,       1.577289885,       1.582273028,        4.34774464,       1.531510192,        3.20620501
          0,           0,        1737,      -1.237730882,       1.582361242,         1.5060547,       4.351177115,       1.528869133,       3.173973724
          0,           0,        1738,      -1.273698769,       1.596064208,       1.475198824,       4.376448139,       1.549747698,       3.152947201
          0,           0,        1739,      -1.306857672,       1.591791366,       1.424289192,       4.325444143,       1.540245928,       3.034030187
          0,           0,        1740,       -1.33368612,       1.584700506,       1.354834472,       4.281530985,       1.520215231,       2.992048171
          0,           0,        1741,      -1.325797263,       1.581034484,       1.343704901,         4.3446391,       1.520076332,       3.191879569
          0,           0,        1742,      -1.306378433,         1.5898674,       1.373800252,       4.323838681,       1.544743026,       3.303902022
          0,           0,        1743,      -1.283539584,       1.585303176,       1.553657506,       4.315965076,       1.538400611,       3.257934067
          0,           0,        1744,      -1.210418585,       1.592673824,       1.622782442,       4.412484022,       1.521386649,       3.215336597
          0,           0,        1745,       -1.25952801,       1.588685807,       1.453948491,       4.353047918,       1.518400065,       3.251315157
          0,           0,        1746,       -1.28464665,       1.604167293,       1.450923351,       4.304934868,       1.538815178,       3.160010425
          0,           0,        1747,      -1.310104546,       1.596219679,       1.400471809,       4.337941983,        1.53631482,       3.006986477
          0,           0,        1748,       -1.31294035,       1.586537906,       1.355668037,       4.302066117,       1.518614456,       3.058037987
          0,           0,        1749,      -1.323290026,       1.581694228,       1.325969628,       4.284267329,       1.518427867,       3.196297884
          0,           0,        1750,      -1.291352316,       1.593243654,        1.40617475,       4.367761115,       1.546042504,       3.242298914
          0,           0,        1751,      -1.263467907,       1.599303328,       1.565951059,       4.348659799,       1.542545584,       3.209985461
          0,           0,        1752,      -1.229732415,       1.586503482,       1.598818155,       4.354980187,       1.524967989,       3.250790269
          0,           0,        1753,      -1.287242015,       1.583395976,       1.410462185,       4.364510663,       1.526990385,       3.263227325
          0,           0,        1754,      -1.284764138,       1.603895233,       1.440579167,       4.328102932,       1.553250617,       3.168806038
          0,           0,        1755,      -1.281368379,       1.606580627,       1.435013993,       4.326199849,       1.549755774,       3.062660303
          0,           0,        1756,      -1.350290941,       1.586951183,       1.306456272,       4.329880688,       1.533310924,       3.014171905
          0,           0,        1757,       -1.32779526,       1.590542994,       1.354520294,       4.292077709,       1.535613512,       3.137381146
          0,           0,        1758,      -1.245254194,       1.596801038,       1.563408323,        4.34918695,       1.559819365,        3.16490356
          0,           0,        1759,      -1.228853288,       1.591083265,       1.558576428,       4.400900382,       1.558822062,       3.161905123
          0,           0,        1760,      -1.306916296,       1.585499462,        1.41579716,       4.303870431,         1.5454496,       3.237012306
          0,           0,        1761,      -1.321148317,       1.587135228,       1.389343154,       4.285540855,       1.544267842,       3.147482439
          0,           0,        1762,      -1.295221616,       1.602526048,       1.409670402,        4.36029682,       1.564383414,       3.021088691
          0,           0,        1763,      -1.315301525,       1.594668652,       1.370230356,       4.316988987,       1.563542244,       3.019228939
          0,           0,        1764,      -1.319227029,       1.588842573,       1.352278213,       4.291670425,       1.549355013,        3.09199605
          0,           0,        1765,       -1.28611521,       1.586824213,       1.550943332,       4.365034994,       1.550294038,       3.102904468
          0,           0,        1766,       -1.20477594,       1.596420176,       1.623751898,       4.396718162,        1.57111962,       3.141862349
          0,           0,        1767,      -1.267646257,       1.590177162,       1.445139842,       4.333166168,       1.569318498,        3.27600252
          0,           0,        1768,        -1.3087017,       1.594673833,       1.415865185,       4.343530962,       1.558487028,       3.220153918
          0,           0,        1769,      -1.331533414,       1.588522349,       1.363956576,       4.290755538,       1.556231686,       3.117224062
          0,           0,        1770,      -1.307480448,       1.596764051,       1.381634367,       4.284133456,       1.572639527,       3.049431301
          0,           0,        1771,      -1.307470903,       1.593319878,       1.376211743,        4.34776409,       1.572597869,       3.109736902
          0,           0,        1772,      -1.307188288,       1.588753915,       1.388396715,        4.30631148,       1.557569274,       3.129073513
          0,           0,        1773,      -1.283375014,       1.588193738,       1.528784838,        4.31580394,       1.555650856,       3.108522897
          0,           0,        1774,      -1.202600328,       1.603930144,        1.62186057,       4.428321601,       1.544305734,       3.216559208
          0,           0,        1775,      -1.373271251,       1.493256036,       1.405553168,       4.258404242,        1.46960942,       3.094847839
          0,           0,        1776,      -1.541110121,       1.204165816,       1.270641551,       4.104724934,       1.452302007,       2.931344097
          0,           0,        1777,      -1.578101819,       1.314499433,       1.224397593,       4.028833055,       1.455405887,       2.842955948
          0,           0,        1778,      -1.614153789,       1.077254533,       1.160139215,       4.143107388,       1.457170673,       2.798137549
          0,           0,        1779,      -1.613005883,        1.27462656,       1.115351317,        4.04960364,       1.458815615,       2.763217674
          0,           0,        1780,      -1.547571048,       1.235807194,        1.13327122,       4.091134852,       1.459720103,       2.730709902
          0,           0,        1781,       -1.46658124,       1.271605166,        1.21795722,       4.246032556,        1.46284284,       2.743185185
          0,           0,        1782,      -1.481345396,       1.392020405,       1.164160301,        4.17707551,       1.469140082,       2.844008323
          0,           0,        1783,      -1.482720874,       1.409178082,       1.128430004,       4.181318931,       1.462279788,       2.946048966
          0,           0,        1784,      -1.617661047,       1.190072333,       1.010246796,       4.162907996,       1.450763461,       2.861879653
          0,           0,        1785,      -1.639852172,       1.174296845,       1.008065559,       4.013111431,       1.450536007,       2.811187757
          0,           0,        1786,       -1.70589027,      0.9604240182,      0.9232943017,       3.944920064,       1.450882577,        2.77529065
          0,           0,        1787,       -1.67487012,       1.115571462,      0.9407907688,       4.126711523,       1.452401471,       2.773706256
          0,           0,        1788,      -1.534815097,       1.178870396,       1.173943229,        4.10459657,       1.454131796,          2.756295
          0,           0,        1789,      -1.478032096,       1.249187487,       1.233755708,       4.162374863,       1.458198658,       2.782593751
          0,           0,        1790,       -1.51812477,       1.336380281,       1.137515271,        4.23701785,       1.464614337,       2.789531886
          0,           0,        1791,      -1.509632279,       1.350994097,       1.120905547,        4.19772542,       1.474141074,       2.767974375
          0,           0,        1792,      -1.373871021,        1.47895364,       1.324626775,       4.257737601,       1.515119668,       2.764611993
          0,           0,        1793,      -1.348284733,       1.512553909,        1.34238002,       4.328288957,       1.492181749,       2.710173146
          0,           0,        1794,       -1.46638302,       1.353028659,       1.299974595,       4.178986247,       1.451703683,       2.596043181
          0,           0,        1795,      -1.610944896,        1.28910901,        1.15895914,       4.029266588,       1.450767784,        2.54164617
          0,           0,        1796,      -1.574883743,       1.025079885,       1.140096653,       4.035309422,       1.450871626,       2.598858203
          0,           0,        1797,      -1.551016616,       1.217018338,       1.133800211,       4.201758439,        1.45376204,       2.664675171
          0,           0,        1798,      -1.515875651,       1.281399069,       1.161775911,       4.162150421,       1.456766968,       2.647007158
          0,           0,        1799,       -1.47943264,       1.304833685,       1.331316817,       4.173778297,       1.461022865,       2.760380193
          0,           0,        1800,      -1.356259709,       1.438530542,       1.551675643,       4.325650119,       1.454537521,       2.880978561
          0,           0,        1801,       -1.47074086,       1.345013777,       1.305313659,       4.165678863,       1.439652615,       2.849689769
          0,           0,        1802,      -1.700654916,      0.8371020724,       1.101697135,       3.991504106,       1.435855003,       2.714701069
          0,           0,        1803,      -1.700295334,      0.8459308612,       1.078699417,       3.952669176,        1.43561324,        2.65010591
          0,           0,        1804,      -1.764106861,      0.8273994653,       1.003548882,       3.882832901,       1.435376966,       2.616333261
          0,           0,        1805,      -1.755312525,      0.7962684944,      0.9751151446,       4.093288246,       1.435095118,       2.603777108
          0,           0,        1806,      -1.567302553,      0.8536681846,       1.144411536,       4.062761422,       1.434539571,       2.622459265
          0,           0,        1807,      -1.604415244,      0.8207611632,       1.105286965,       4.031713074,        1.43395773,       2.623003651
          0,           0,        1808,       -1.67498036,      0.7874963462,       1.018584792,       4.145989612,       1.433387997,       2.650434946
          0,           0,        1809,        -1.6623504,      0.7822509498,       1.033797031,       4.070756754,       1.432477714,       2.655258082
          0,           0,        1810,       -1.58894498,      0.8319614554,       1.109929778,        4.11544721,       1.427385949,       2.703811422
          0,           0,        1811,      -1.545242214,       0.886308388,       1.165225848,       4.180032467,       1.425081172,       2.607797859
          0,           0,        1812,      -1.575267179,       1.054404089,       1.170207006,       4.058577503,       1.423961236,       2.559172046
          0,           0,        1813,      -1.945066966,      0.7053593758,       0.678545373,       3.837884768,       1.423405759,       2.523926327
          0,           0,        1814,      -1.970091704,      0.6833849168,      0.6335765568,       3.808493124,       1.423337555,       2.511222687
          0,           0,        1815,      -1.942729474,      0.6799456641,      0.6748681476,       3.794805456,        1.42325562,       2.497776372
          0,           0,        1816,      -1.980731732,      0.6699268818,      0.6207579778,       3.777904391,        1.42315942,       2.492985927
          0,           0,        1817,      -1.994430424,      0.6642923138,      0.6055623975,       3.941837009,       1.423044132,       2.487117083
          0,           0,        1818,      -1.954376223,       0.667879668,      0.6725928059,       3.774528419,       1.422824107,        2.49048584
          0,           0,        1819,      -2.017723685,      0.6521768427,       0.570355466,       3.738968826,       1.422623461,       2.495967541
          0,           0,        1820,      -1.979471725,      0.6548660783,      0.6251656519,       4.040853473,       1.422369521,       2.510794885
          0,           0,        1821,      -1.790868969,      0.6949281951,      0.8810701796,       3.894861049,       1.421902893,       2.523305291
          0,           0,        1822,      -1.706126075,      0.7110705876,      0.9767074458,       3.928473927,       1.421448965,       2.547618069
          0,           0,        1823,      -1.579043967,      0.9802739178,       1.138547535,       4.173541902,       1.420876474,       2.584221425
          0,           0,        1824,      -1.523883563,       1.067178687,       1.221979015,       4.137703681,       1.420034504,        2.61960462
          0,           0,        1825,      -1.569543596,      0.8957277576,       1.135635054,       4.120657683,       1.418749622,       2.591569313
          0,           0,        1826,      -1.552807588,      0.8731765358,       1.147571972,       4.208682471,       1.418211425,       2.567933738
          0,           0,        1827,      -1.545148675,      0.8611582487,       1.159888947,       4.151791824,       1.419158989,       2.598298776
          0,           0,        1828,      -1.476307859,       1.058656321,       1.275420413,       4.169970076,       1.450667187,       2.525287247
          0,           0,        1829,       -1.40348122,       1.197384161,       1.352969455,       4.303509823,       1.447425445,       2.607021095
          0,           0,        1830,      -1.344932554,       1.281286369,       1.522538411,       4.290804999,       1.465689761,       2.865679415
          0,           0,        1831,      -1.265224246,       1.372036183,        1.61029217,       4.324250552,       1.484040738,        3.16227053
          0,           0,        1832,      -1.263069709,       1.528813386,       1.504485969,       4.382768031,       1.471706956,       3.348290916
          0,           0,        1833,      -1.418996112,       1.429132428,       1.396913581,       4.207740512,       1.404265943,       3.248808625
          0,           0,        1834,      -1.511182953,       1.196416725,       1.303794468,       4.110698075,        1.38879985,       3.047572917
          0,           0,        1835,      -1.621844338,       1.041300007,       1.214567515,        4.01210095,       1.391034583,       2.946724608
          0,           0,        1836,      -1.624793329,      0.9252555233,        1.16364801,       4.140724231,       1.390421634,       2.898765853
          0,           0,        1837,      -1.627937228,      0.8959671268,       1.123772367,       4.044635538,       1.389168746,       2.898445395
          0,           0,        1838,      -1.615361223,      0.8528278529,       1.109553504,       4.045425487,       1.386128707,       2.945055694
          0,           0,        1839,      -1.640913582,      0.8450100222,       1.065651475,       4.164879533,       1.383426122,       3.034536257
          0,           0,        1840,      -1.530562037,      0.8931380762,       1.183914818,       4.136292292,        1.38036432,       3.130509915
          0,           0,        1841,       -1.52834457,      0.9735056603,       1.182649021,       4.121235248,       1.381597217,       3.196303602
          0,           0,        1842,      -1.419645834,       1.234966699,       1.324007106,       4.290763357,       1.425896584,        3.20355283
          0,           0,        1843,      -1.385694621,       1.327101058,       1.350808028,        4.28482424,       1.437520791,       3.167727555
          0,           0,        1844,      -1.328488489,       1.513445408,       1.442130859,       4.302373069,       1.463151496,       3.156233542
          0,           0,        1845,      -1.262223271,       1.542518001,        1.56857724,       4.389382195,       1.483225736,       3.208750901
          0,           0,        1846,      -1.255757034,       1.556813249,       1.501384386,       4.363190067,       1.446743028,       3.318069079
          0,           0,        1847,      -1.400255897,       1.443652703,       1.379400322,       4.231025051,       1.338910482,       3.210870467
          0,           0,        1848,      -1.571353686,       1.159499795,       1.238564533,       4.054568907,       1.321384213,       3.049459352
          0,           0,        1849,      -1.586487033,       1.095834031,       1.202273566,       4.016531259,        1.32544663,       2.932579306
          0,           0,        1850,      -1.634484133,      0.9755666796,        1.13060487,       4.132912176,       1.324525057,       2.870175945
          0,           0,        1851,      -1.606891694,      0.9735410137,       1.113498736,       4.039483839,       1.321090837,       2.841080273
          0,           0,        1852,       -1.56359769,      0.9420455585,       1.142087522,       4.084696302,       1.317093606,       2.859367167
          0,           0,        1853,      -1.515486857,      0.9632417972,       1.190512106,       4.227261712,       1.312097835,       2.930517483
          0,           0,        1854,      -1.521974562,      0.9458143867,       1.169716057,       4.178591172,        1.31056207,       3.025675945
          0,           0,        1855,      -1.537880512,       1.025187638,       1.167960095,       4.130756654,       1.314009328,       3.106319817
          0,           0,        1856,      -1.477402348,       1.182392428,       1.230273311,       4.264785151,       1.327916651,       3.128971043
          0,           0,        1857,       -1.35544715,        1.38275618,       1.391269856,       4.299682001,       1.402280597,       3.090469511
          0,           0,        1858,      -1.300604959,       1.512902292,       1.570662245,       4.330483065,       1.391573437,       3.029443159
          0,           0,        1859,      -1.307117972,       1.408947758,       1.571616908,       4.362174435,       1.291938507,       3.044255988
          0,           0,        1860,      -1.564571093,        1.13887168,       1.274701055,       4.093991945,       1.289541582,       2.969264021
          0,           0,        1861,      -1.611119367,       1.251382351,        1.15517396,       4.042547545,       1.286375326,        2.96036635
          0,           0,        1862,      -1.527293026,       1.258902851,        1.17791056,       4.221853452,       1.287165522,       2.959704987
          0,           0,        1863,      -1.495875958,       1.307467156,       1.190535017,       4.190309927,       1.299627382,        2.91963315
          0,           0,        1864,      -1.440950688,       1.433372204,       1.236936399,       4.208646559,        1.33769222,       2.805582134
          0,           0,        1865,      -1.387136422,       1.476202356,        1.30986717,       4.313961246,       1.373753309,       2.693597165
          0,           0,        1866,      -1.306288861,       1.543447646,       1.522690964,       4.329382238,       1.445541408,       2.853656969
          0,           0,        1867,       -1.22037271,       1.556219472,       1.628840118,       4.382130028,       1.463002464,       3.084743812
          0,           0,        1868,      -1.238397917,       1.563133542,       1.515068832,       4.412022457,       1.419945868,        3.23610706
          0,           0,        1869,      -1.424772672,       1.449772637,       1.378312408,       4.233787659,       1.296077694,       3.144701273
          0,           0,        1870,      -1.554282135,       1.159737359,       1.271119198,        4.10356586,       1.289221317,        2.93009235
          0,           0,        1871,      -1.528572608,       1.308125309,       1.221355812,       4.202702571,       1.296729892,       2.888075204
          0,           0,        1872,      -1.493545163,         1.3264103,       1.210616803,       4.189120156,       1.296162264,       2.837771911
          0,           0,        1873,      -1.491197122,       1.358875912,        1.18318659,       4.197933718,       1.312904281,       2.930846618
          0,           0,        1874,      -1.380517529,       1.509629147,       1.323911337,       4.320450801,       1.339708403,       3.089476464
          0,           0,        1875,       -1.35068114,       1.526851917,       1.337525332,       4.304286115,       1.378087597,       3.201515967
          0,           0,        1876,      -1.331851477,       1.556733898,       1.354128894,       4.294748515,       1.383184074,       3.174764823
          0,           0,        1877,        -1.4491426,       1.446757021,       1.254915324,       4.269053801,       1.293758271,       3.033479547
          0,           0,        1878,      -1.556302756,       1.149897161,       1.176907957,        4.09798872,       1.272796524,        2.88112671
          0,           0,        1879,      -1.628397496,       1.142057528,       1.094887379,       4.023281038,        1.27013772,       2.775726882
          0,           0,        1880,       -1.66700876,        1.05482102,       1.051275737,        3.94935687,       1.269914559,       2.708505771
          0,           0,        1881,      -1.715426904,       1.032678675,        1.00412349,       3.895191689,        1.27067732,       2.678345301
          0,           0,        1882,      -1.731813345,       1.012880194,      0.9829885084,       3.886065079,       1.271652882,       2.652976674
          0,           0,        1883,       -1.76793427,      0.9925281119,      0.9381252502,       4.056717897,       1.272779496,       2.636655575
          0,           0,        1884,      -1.806955027,      0.9731036911,      0.8822220759,       3.849289309,       1.273492202,       2.633548571
          0,           0,        1885,      -1.856584969,      0.9519858952,      0.7982967748,       3.792068112,       1.274978342,       2.645765301
          0,           0,        1886,      -1.869841301,      0.9341003926,      0.7473136134,       4.046342216,       1.276423774,         2.6732399
          0,           0,        1887,      -1.827764756,      0.9173265042,      0.8049758563,       3.863886225,        1.27696439,       2.712669236
          0,           0,        1888,      -1.645743829,      0.9276363277,       1.025791262,       4.004864646,       1.278525083,       2.757525822
          0,           0,        1889,      -1.604628536,      0.9264282572,       1.079707494,       4.163127123,        1.27982177,       2.802180568
          0,           0,        1890,      -1.678873662,      0.9024141205,      0.9795499753,       4.045672509,       1.280127537,       2.839129296
          0,           0,        1891,      -1.643354311,      0.8931365612,       1.032072776,        4.05222223,       1.279991632,       2.861044761
          0,           0,        1892,      -1.532860017,       0.936460995,       1.165111349,       4.211789496,       1.280082189,       2.863459707
          0,           0,        1893,      -1.491025283,       1.006757195,       1.219651379,       4.189284609,       1.283743859,       2.835793777
          0,           0,        1894,      -1.476996109,       1.106174353,       1.228365856,       4.179167349,        1.29439971,       2.784097875
          0,           0,        1895,       -1.39520081,       1.346597272,        1.34848395,       4.288492574,       1.332801597,       2.688094774
          0,           0,        1896,      -1.450218288,       1.326338322,       1.320464651,       4.174463605,       1.278954766,       2.513297515
          0,           0,        1897,      -1.551727097,       1.085421593,       1.168320333,       4.075805945,       1.263696397,       2.330908358
          0,           0,        1898,      -1.663182904,      0.8960272159,       1.052244428,       4.002693701,        1.26221938,       2.320076277
          0,           0,        1899,      -1.683498117,      0.8347506949,       1.000981739,        3.93670215,       1.260763567,       2.319068271
          0,           0,        1900,      -1.682602936,       0.809055469,       1.004103229,       3.968185082,       1.259123273,       2.295878552
          0,           0,        1901,      -1.583355836,      0.8285354617,       1.109427775,       4.168277562,        1.25818066,       2.294127404
          0,           0,        1902,      -1.620621794,      0.8047535053,       1.064554422,       4.079067119,       1.257189292,       2.288838074
          0,           0,        1903,      -1.617388421,      0.7910007412,       1.077845265,       4.068520177,       1.256061723,       2.326668314
          0,           0,        1904,      -1.581328274,      0.8149286514,       1.120325188,       4.211931577,       1.254362607,        2.38113213
          0,           0,        1905,       -1.61731997,      0.7773686312,        1.08736847,       4.035595852,       1.251236701,       2.303999994
          0,           0,        1906,      -1.718924241,      0.6900921583,      0.9756065652,       3.945840776,       1.250756237,       2.229886258
          0,           0,        1907,      -1.780844867,      0.6695912738,       0.911881404,       3.889839795,       1.250895113,       2.215782131
          0,           0,        1908,      -1.804646623,      0.6431825183,      0.8719770824,        3.85247755,       1.251137058,       2.214024591
          0,           0,        1909,      -1.838063475,       0.641527997,      0.8199856705,       4.050766164,       1.251525894,       2.221756995
          0,           0,        1910,      -1.815204769,      0.6415163172,       0.859802437,       3.886357581,       1.251365636,       2.212921288
          0,           0,        1911,      -1.638371054,       1.027416054,       1.113630613,       3.979013109,        1.25198164,       2.228409591
          0,           0,        1912,      -1.656648223,      0.8774848002,       1.070815329,       4.125091694,       1.252963463,       2.235253948
          0,           0,        1913,      -1.610797368,      0.7956940757,       1.095838931,       4.040713374,       1.253341797,       2.265667419
          0,           0,        1914,       -1.63716299,      0.7290091983,       1.063861005,       3.998907447,       1.252017643,       2.259506763
          0,           0,        1915,      -1.755494159,      0.6423857278,      0.9276748952,       3.855319011,        1.25170052,       2.193864508
          0,           0,        1916,      -1.801132007,      0.6160713783,      0.8789724079,       3.835622965,       1.251387143,       2.146716916
          0,           0,        1917,      -1.824334762,      0.6070146099,      0.8577412041,       3.740121594,       1.251483938,       2.124387882
          0,           0,        1918,      -1.835359945,      0.5956652806,      0.8474541312,       3.697628888,       1.251548293,       2.107551898
          0,           0,        1919,      -1.859709196,      0.5822772975,      0.8212849902,       3.650149232,       1.251616628,       2.092657696
          0,           0,        1920,      -1.888759951,      0.5687972106,      0.7879557602,       3.629354967,       1.251670425,       2.079744555
          0,           0,        1921,      -1.918457843,      0.5563382119,      0.7517408727,       3.626116952,       1.251817123,       2.070189129
          0,           0,        1922,      -1.971134575,       0.536516599,      0.6823660378,        3.65334393,        1.25193424,       2.061253382
          0,           0,        1923,      -2.045230502,      0.5180824729,      0.5687642863,       4.010207762,        1.25219929,       2.041634021
          0,           0,        1924,      -2.099267371,      0.5091417773,      0.4624213209,       3.692385518,       1.252052584,       2.027817747
          0,           0,        1925,      -2.093999495,      0.5103068258,      0.4722353601,       3.667538192,       1.252391027,       2.035843034
          0,           0,        1926,      -2.048605327,      0.5198503875,      0.5416476895,       4.015548462,       1.252755135,       2.010549603
          0,           0,        1927,      -1.957746228,      0.5458005641,      0.6883931464,       3.814002491,         1.2523733,       1.984111679
          0,           0,        1928,      -1.888114552,      0.5676236207,      0.7819087082,       3.815301292,       1.252515755,       2.008221697
          0,           0,        1929,      -1.715289011,      0.6402172529,      0.9785636001,       4.101907802,       1.252542467,       2.042748062
          0,           0,        1930,      -1.662187628,       0.679649428,       1.031479351,       4.008642619,       1.251383033,       2.053226835
          0,           0,        1931,      -1.598821954,      0.9343786576,       1.124965254,       4.031346099,       1.249742851,       2.057584449
          0,           0,        1932,      -1.550803293,       1.040785138,       1.197994448,       4.183303742,       1.248227828,       2.171813149
          0,           0,        1933,      -1.565187644,       0.958014785,       1.167903487,       4.104359135,        1.24628929,       2.257418096
          0,           0,        1934,      -1.547833626,       0.921250664,       1.175988136,       4.103939901,       1.250799742,       2.313352166
          0,           0,        1935,      -1.506229946,      0.9180460247,       1.302631931,       4.238030078,       1.255586902,       2.455728301
          0,           0,        1936,       -1.39168879,       1.086812497,       1.479416946,       4.253961037,        1.28359621,       2.679354271
          0,           0,        1937,       -1.48419246,       1.047882202,       1.293297943,       4.173726005,       1.230837259,       2.785492011
          0,           0,        1938,      -1.597855798,      0.8798858288,       1.180819762,       4.026591419,       1.221525351,       2.601179289
          0,           0,        1939,      -1.717221213,       0.728148556,       1.087713205,       3.881461984,       1.219544568,       2.525770528
          0,           0,        1940,      -1.719317973,      0.6901633546,       1.076160565,       3.886918362,       1.219022203,       2.499249277
          0,           0,        1941,      -1.794799808,      0.6388622556,       1.016503416,       4.056704121,       1.218470361,       2.480849548
          0,           0,        1942,      -1.795871369,      0.5976555474,       0.999077712,       3.876988606,       1.217958728,       2.468799612
          0,           0,        1943,      -1.923012257,      0.5440481137,      0.8869912829,       3.790834051,       1.216544058,       2.462782908
          0,           0,        1944,      -1.880730245,      0.5288647577,        0.88431666,       4.046326624,       1.215018583,       2.489555074
          0,           0,        1945,      -1.677648376,      0.8077940056,       1.053899393,       3.980697769,       1.213748198,       2.489088383
          0,           0,        1946,      -1.589998082,       1.030000889,       1.169186113,       4.027772165,       1.211244321,        2.50101286
          0,           0,        1947,      -1.727056693,      0.7841675712,       1.002301284,       4.102228197,       1.208558364,       2.524951927
          0,           0,        1948,      -1.804433931,      0.6879392405,      0.9043073922,       3.924348961,       1.207027188,         2.5330059
          0,           0,        1949,      -1.621664734,      0.7060292149,       1.079756533,       3.996051486,        1.20304516,       2.561751145
          0,           0,        1950,      -1.602614659,      0.7368852594,       1.103990573,       4.165217947,       1.202667149,       2.589358915
          0,           0,        1951,      -1.460704735,       1.091511677,       1.289609914,       4.187391786,       1.239027276,         2.5459335
          0,           0,        1952,      -1.476428994,       1.044226306,       1.277292233,         4.2055617,        1.21112875,       2.640648127
          0,           0,        1953,      -1.565729446,      0.9219304407,       1.174610751,       4.180994063,       1.184201543,       2.519343632
          0,           0,        1954,      -1.692723416,        0.75835562,       1.040164723,       4.005758743,       1.184183269,       2.403842976
          0,           0,        1955,      -1.630262003,      0.7165911808,       1.075718414,        4.02938089,       1.182176954,       2.297340367
          0,           0,        1956,      -1.606406041,      0.7368689245,       1.107449031,       4.168814228,       1.181500933,         2.2773551
          0,           0,        1957,      -1.572068269,       0.750479187,       1.144968421,       4.106400361,       1.177911064,       2.400592282
          0,           0,        1958,      -1.499038228,      0.7610291803,       1.449768746,       4.147060037,       1.177847424,       2.609307191
          0,           0,        1959,      -1.430479508,      0.9744838777,       1.424891968,       4.271242594,       1.206889986,        2.80489241
          0,           0,        1960,      -1.400782457,       1.189510163,       1.408422721,       4.256561772,       1.217571924,       2.974859945
          0,           0,        1961,      -1.382927286,       1.303212869,       1.393989678,       4.253935229,       1.230852394,       3.006688436
          0,           0,        1962,      -1.513494959,       1.232097171,        1.25351401,       4.213264593,       1.158821026,       2.807414895
          0,           0,        1963,      -1.591998203,       1.034318526,       1.177689025,         4.0476564,       1.145392249,       2.666821663
          0,           0,        1964,      -1.646816329,      0.8547515435,        1.12054203,       3.984355145,       1.146622435,       2.592492141
          0,           0,        1965,      -1.742167726,      0.7506541526,       1.018152625,        3.90289376,       1.146358085,       2.521182839
          0,           0,        1966,      -1.720201225,      0.7003931264,      0.9824803894,       4.109902298,        1.14464968,       2.480727327
          0,           0,        1967,      -1.678451577,      0.7059315764,       1.012844837,        4.02544046,       1.141418223,       2.523740457
          0,           0,        1968,      -1.602063348,      0.7422934952,       1.094913539,       4.074724214,       1.137781061,       2.594111482
          0,           0,        1969,      -1.590143074,       0.750422563,       1.111264101,       4.193118371,       1.135080773,       2.721025503
          0,           0,        1970,       -1.55601358,      0.7816226362,       1.148957793,       4.136083562,       1.130734242,       2.773953712
          0,           0,        1971,      -1.574841243,      0.7918117405,       1.131940091,       4.111732414,       1.132948192,       2.813567968
          0,           0,        1972,      -1.487402986,       1.036391851,       1.256116526,       4.251806756,        1.23066951,       2.808542046
          0,           0,        1973,      -1.410584943,       1.204514881,       1.347239031,       4.249462419,       1.178219185,       2.753783672
          0,           0,        1974,      -1.511407494,       1.142917791,       1.253088478,       4.136298219,       1.123337246,       2.636995784
          0,           0,        1975,      -1.636926161,      0.8915799629,       1.070924823,       4.016026587,        1.11977951,        2.55428006
          0,           0,        1976,      -1.662974866,      0.7899895863,       1.043515129,       4.131982544,       1.112112929,        2.47436561
          0,           0,        1977,      -1.589980068,      0.7651409685,        1.11505846,       4.093301289,        1.11072841,       2.488456968
          0,           0,        1978,       -1.58570232,      0.7767839574,       1.127370132,       4.093247058,       1.101822848,       2.575297989
          0,           0,        1979,      -1.535055417,      0.8381039877,       1.404469317,       4.220915647,       1.099866749,       2.714358799
          0,           0,        1980,      -1.494288157,      0.9948871903,        1.36920708,        4.16328833,       1.103178947,        2.86765489
          0,           0,        1981,      -1.638611462,       0.975672481,       1.173903505,       4.026767196,       1.092664641,       2.841623845
          0,           0,        1982,       -1.70500225,      0.6583366844,       1.077538788,       3.944116844,       1.086507605,       2.728635986
          0,           0,        1983,      -1.769122915,      0.5649609523,       1.020409457,       3.866621411,       1.085353405,       2.673256479
          0,           0,        1984,      -1.779986581,      0.5501192762,       1.000215176,       3.792284861,       1.085049275,       2.648660273
          0,           0,        1985,      -1.796026634,      0.5369336309,      0.9758612519,       3.780567455,       1.084793456,       2.625666181
          0,           0,        1986,      -1.833881342,      0.5190221984,       0.928382888,       3.873351667,       1.084164409,       2.595284802
          0,           0,        1987,       -1.84821329,      0.5100158266,      0.9040228584,       3.798329544,       1.084070461,       2.582355757
          0,           0,        1988,      -1.831861551,      0.5361777419,      0.9097043331,       3.744223668,       1.083988577,       2.569866353
          0,           0,        1989,      -1.867593827,      0.5184707749,      0.8560156051,       3.739761493,       1.083942149,       2.558602153
          0,           0,        1990,      -1.880206414,      0.4931676381,      0.8174032935,       4.026426266,       1.083978802,       2.549308349
          0,           0,        1991,       -1.90646722,      0.5073805053,      0.7681904165,        3.77926713,       1.084086254,       2.542694599
          0,           0,        1992,      -1.691519557,       1.002790991,        1.06995649,       3.910322664,       1.084431217,       2.539138718
          0,           0,        1993,      -1.800016737,      0.7415853124,      0.9117281479,       4.058924592,       1.085061555,       2.552757154
          0,           0,        1994,      -1.681236292,      0.6728518024,       1.021729588,       3.959623257,       1.086228474,       2.566052009
          0,           0,        1995,      -1.641025359,       0.664120793,       1.066859217,       3.987328589,       1.088051998,       2.587884292
          0,           0,        1996,      -1.711050391,      0.5972312102,      0.9974766794,        4.09711038,       1.090300492,       2.621448386
          0,           0,        1997,      -1.566071441,      0.7313590331,        1.15181764,       4.068845289,       1.094492476,       2.650096453
          0,           0,        1998,      -1.555770549,      0.7515570954,       1.144274877,       4.079807941,       1.092865964,       2.650613452
          0,           0,        1999,      -1.666472593,      0.6338213614,        1.03879609,       4.115740866,       1.093069422,       2.568033342
          0,           0,        2000,      -1.814506921,      0.5689358127,      0.8526757998,       3.891347092,       1.092565397,       2.521692011
          0,           0,        2001,      -1.748899367,      0.7562741219,       0.959192901,       3.900800343,       1.093243457,       2.506368562
          0,           0,        2002,      -1.888546871,      0.4818324175,      0.7838067963,       3.772659727,       1.094151565,       2.495359486
          0,           0,        2003,      -1.789177744,      0.5479837692,      0.9102977573,       3.792348376,       1.095320307,       2.491275508
          0,           0,        2004,      -1.841774501,      0.5390476263,      0.8523565524,       3.839358583,       1.096349761,       2.487019545
          0,           0,        2005,      -1.779055295,      0.5447273011,      0.9127330568,       4.067243573,       1.097827071,       2.500792772
          0,           0,        2006,      -1.668117293,      0.7796393646,       1.048117965,       3.973870163,       1.096981441,       2.497790096
          0,           0,        2007,      -1.652478833,       1.008597918,       1.107797253,       3.972301825,       1.097031708,       2.471842051
          0,           0,        2008,      -1.910173005,      0.5101577654,      0.7690014172,       3.784046891,       1.097256072,       2.457437818
          0,           0,        2009,       -1.97959157,      0.4442597906,      0.6687133479,       3.718197238,       1.097523878,       2.442133303
          0,           0,        2010,      -1.963183377,      0.4483620417,      0.6903077654,       3.712658614,       1.097901997,       2.435415345
          0,           0,        2011,      -1.959368599,      0.4481459992,       0.698126301,       3.715135018,       1.098399698,       2.429866881
          0,           0,        2012,      -1.989435284,      0.4252928701,      0.6606343696,       4.001420844,       1.098981498,        2.40871497
          0,           0,        2013,      -1.993057172,      0.4149545929,      0.6594675956,       3.749364803,       1.098972913,       2.413663016
          0,           0,        2014,      -1.956027731,      0.4228761282,      0.7065012515,       3.742475555,       1.099787093,       2.421902952
          0,           0,        2015,      -1.937806864,      0.4593777359,      0.7279356015,       4.022837436,       1.100635245,        2.40533164
          0,           0,        2016,      -1.741397346,      0.5620749109,       0.949233927,       3.911512803,         1.0998242,       2.419579331
          0,           0,        2017,      -1.638896478,      0.6410600628,       1.058437638,       3.982669035,       1.099861016,        2.41018295
          0,           0,        2018,      -1.753210151,      0.5623931674,      0.9355163233,       3.885634755,       1.100028449,       2.399067635
          0,           0,        2019,      -2.000293332,      0.3927175961,      0.6459289478,       3.714206602,       1.100210933,       2.393832878
          0,           0,        2020,      -2.015770462,      0.3916783291,      0.6299530783,       3.707966414,       1.100409524,       2.390470359
          0,           0,        2021,      -2.004624483,      0.4116238904,      0.6481787428,       3.668931304,       1.100625094,       2.388862833
          0,           0,        2022,      -2.015838205,      0.3825487767,      0.6302840564,       3.649424428,       1.100849488,       2.380466099
          0,           0,        2023,      -2.029205823,      0.3741127331,      0.6120116416,       3.652423082,       1.100857742,       2.375492923
          0,           0,        2024,      -2.039643656,      0.3863420672,      0.5995324765,       3.836742982,       1.101077985,        2.37253417
          0,           0,        2025,      -2.044725792,      0.4051896504,      0.5977106979,       3.656544744,       1.100960542,       2.370491708
          0,           0,        2026,      -2.047543213,      0.3607254108,      0.5844275191,       3.603867184,       1.101176347,       2.363917839
          0,           0,        2027,      -2.044432245,      0.3600600258,      0.5877131385,       3.810562215,       1.101355435,       2.359166642
          0,           0,        2028,      -2.051212053,      0.3499404919,      0.5758854313,       3.657464974,       1.101233055,       2.356606807
          0,           0,        2029,      -2.059145819,      0.3552694135,      0.5638283906,       3.564608866,       1.101496156,        2.35235156
          0,           0,        2030,      -2.067122103,      0.3773388198,      0.5550070315,       3.894842802,       1.101724988,       2.349620385
          0,           0,        2031,      -2.026445841,      0.3454726674,      0.5972929159,       3.727012018,       1.101514732,       2.351753079
          0,           0,        2032,      -2.118699765,      0.3822703911,      0.4623948853,       3.651170912,        1.10195757,       2.350739533
          0,           0,        2033,      -1.805273994,      0.9088411097,      0.9579310078,       4.055372481,       1.102392061,       2.348165245
          0,           0,        2034,      -1.940138229,      0.6005897601,      0.7491082163,       3.793030572,       1.101729075,       2.366122099
          0,           0,        2035,      -1.998556647,       0.467221134,      0.6455899746,       3.740542135,       1.102209266,       2.366335958
          0,           0,        2036,      -1.726149606,      0.5591895143,      0.9624891187,       4.079567993,       1.102542119,       2.374707928
          0,           0,        2037,      -1.601311488,      0.6678376119,       1.101727682,       4.018223651,       1.101634709,       2.444569643
          0,           0,        2038,       -1.60721011,      0.6764915166,       1.099275478,       4.007156292,       1.101528609,       2.509620142
          0,           0,        2039,       -1.60345156,      0.6781969216,       1.094498228,       4.142473012,       1.102072073,       2.500365501
          0,           0,        2040,      -1.531476717,      0.9351337514,       1.182382105,       4.097278813,       1.102022322,       2.407189202
          0,           0,        2041,      -1.549592599,       1.030606061,       1.196405928,       4.066802961,       1.100527379,       2.376171239
          0,           0,        2042,      -1.750047877,      0.6817414312,      0.9472851794,       3.886209219,       1.099979972,        2.30713422
          0,           0,        2043,      -1.931939584,      0.5232292753,      0.7185300288,       3.771003405,       1.099778824,       2.270236996
          0,           0,        2044,      -1.970276699,      0.4794900543,      0.6702861723,       3.736877064,       1.099687903,       2.249775142
          0,           0,        2045,      -1.987661507,      0.4428606789,       0.661210053,       3.737003026,       1.099580726,       2.230010069
          0,           0,        2046,      -1.964752432,      0.4393704184,      0.7089909544,       3.703688615,       1.099517069,       2.212501141
          0,           0,        2047,      -1.991451026,      0.4128862582,      0.6887659778,       3.716649975,       1.099358278,       2.198802681
          0,           0,        2048,      -2.020479992,      0.3896826811,       0.657938277,       4.008061507,        1.09946256,        2.22053161
          0,           0,        2049,      -1.974332179,      0.4046761302,      0.7271126823,       3.786395331,        1.09944774,       2.248431772
          0,           0,        2050,      -2.031777753,      0.3861703696,      0.6414648639,       3.740766638,       1.099344993,       2.243787616
          0,           0,        2051,      -1.760172758,       0.569314716,      0.9323025715,       4.074954534,       1.099827744,       2.232058393
          0,           0,        2052,      -1.719151868,      0.5631896556,      0.9765065795,       3.940696509,       1.100645839,       2.267843856
          0,           0,        2053,      -1.667908187,      0.6010300953,       1.033275759,       3.975093315,       1.100584366,       2.313015411
          0,           0,        2054,      -1.606624643,      0.6794820647,       1.094460243,       4.151609115,       1.102349126,       2.390494109
          0,           0,        2055,      -1.538331716,      0.9536047515,       1.180772655,       4.099649716,       1.104324674,       2.343306725
          0,           0,        2056,      -1.542886757,       1.028446067,       1.205453941,       4.068368922,       1.102864776,        2.23076641
          0,           0,        2057,      -1.720659371,      0.6653321612,      0.9868199545,       3.924561386,       1.102306269,        2.16778156
          0,           0,        2058,      -1.903312963,      0.5095537701,      0.7903855626,       3.798202147,       1.102321668,       2.152452574
          0,           0,        2059,      -1.996451495,      0.4183817468,      0.6855397694,       3.741765028,       1.102360608,       2.144263897
          0,           0,        2060,      -2.034512837,      0.3872226402,      0.6312948539,       3.753394195,       1.102580601,       2.140245484
          0,           0,        2061,      -1.979733882,      0.3996622282,        0.70280416,        3.77081474,       1.102939778,        2.13820176
          0,           0,        2062,      -1.843473355,      0.5050636405,      0.8476163335,       4.043137619,       1.103548928,       2.136728023
          0,           0,        2063,       -1.88314431,      0.4665808889,      0.8055615134,        3.89442165,       1.104889435,       2.096600222
          0,           0,        2064,       -1.70472442,      0.6087005944,      0.9995613824,       3.988476298,       1.105287468,       2.082255148
          0,           0,        2065,      -1.702927263,      0.6040949375,      0.9954789986,       4.135864843,       1.107000389,       2.180931952
          0,           0,        2066,      -1.665191848,      0.5954853658,       1.036111433,       4.042943726,       1.108694087,       2.232496592
          0,           0,        2067,      -1.795424052,      0.4841101546,      0.9033443228,       3.908521095,       1.107975207,       2.195999493
          0,           0,        2068,      -1.859687698,       0.438657199,      0.8422274289,        3.85976861,       1.108220976,        2.16994014
          0,           0,        2069,      -1.887838097,      0.4043423412,      0.7931287908,       3.847672346,       1.108512513,       2.156192992
          0,           0,        2070,      -1.950381274,      0.3919610017,      0.7380248707,       3.849832763,       1.109069552,       2.125126968
          0,           0,        2071,      -1.688274844,      0.9952151564,       1.078284821,        3.94841342,       1.109863491,       2.131050028
          0,           0,        2072,      -1.647953783,       0.871167528,       1.088427853,         3.9605053,       1.110634745,        2.12939042
          0,           0,        2073,      -1.672551159,      0.7112856053,       1.034417821,       3.988665512,       1.111919403,       2.174630907
          0,           0,        2074,      -1.666580582,      0.6174421868,       1.031379669,       4.144794748,       1.113682675,       2.212716347
          0,           0,        2075,      -1.596982786,      0.7641416311,       1.117622407,        4.09601942,       1.116806231,       2.258787539
          0,           0,        2076,      -1.620386817,      0.7798113707,       1.102220857,       4.084500884,        1.11509895,       2.264606199
          0,           0,        2077,      -1.636463827,      0.6948659126,       1.073458049,       4.134627878,       1.115249392,        2.13661741
          0,           0,        2078,      -1.785898783,      0.5762842558,      0.9258909208,       3.892748431,       1.114983389,       2.081354882
          0,           0,        2079,      -1.922324463,      0.4929961804,      0.7837718314,       3.816586038,       1.115409155,        2.05866263
          0,           0,        2080,      -1.887606173,      0.4604314778,      0.8165079801,       3.802951667,       1.115957702,       2.040026939
          0,           0,        2081,      -1.912949944,      0.4557454401,      0.7839634567,       4.028245667,       1.116646278,       2.029983199
          0,           0,        2082,      -1.891998694,       0.456575722,      0.8094208029,        3.84865804,       1.117111427,       2.021962253
          0,           0,        2083,      -1.947317101,      0.4398851691,      0.7412231582,       3.792548126,        1.11790669,       2.025461734
          0,           0,        2084,      -1.829247482,      0.4907981846,      0.8663625107,       4.062766793,       1.119034923,       2.021909194
          0,           0,        2085,      -1.757000274,      0.5077535382,      0.9389556409,       3.941225949,       1.120356953,        2.02698265
          0,           0,        2086,      -1.680455013,      0.5715691353,       1.021124392,       3.983359522,       1.119630394,       1.987089785
          0,           0,        2087,      -1.765304906,      0.5166094817,      0.9256283721,       3.870302525,       1.119621204,       1.955632096
          0,           0,        2088,      -1.836367254,      0.4756863277,       0.855097935,       3.796081564,       1.119536715,       1.856562569
          0,           0,        2089,      -1.850105375,      0.4636056636,      0.8395052441,       3.918602799,       1.119819997,       1.813589419
          0,           0,        2090,      -1.870891683,      0.4468201743,       0.813406887,       3.760165174,       1.119930395,       1.784377297
          0,           0,        2091,      -1.916102311,      0.4166587027,      0.7513480002,       3.684552764,       1.120374893,       1.772941397
          0,           0,        2092,      -1.950969689,      0.5160408538,      0.7115560167,       4.013175373,       1.120893834,       1.802812178
          0,           0,        2093,      -1.676348431,       1.001665558,       1.084680906,       3.939449613,        1.12109658,       1.793810768
          0,           0,        2094,       -1.75889444,      0.6367416614,      0.9341670759,       3.857854288,       1.121117182,       1.760963815
          0,           0,        2095,       -1.78633286,      0.5183522157,      0.8959878381,       3.819445584,       1.121577401,       1.742178593
          0,           0,        2096,      -1.830703286,      0.5061651624,      0.8645710675,       4.052734667,       1.122113392,       1.725017311
          0,           0,        2097,       -1.86547199,      0.4913527337,      0.8301194215,       3.828274405,       1.122285886,       1.717676423
          0,           0,        2098,      -1.861769852,      0.4620253626,      0.8161791797,       3.808766116,       1.123099142,       1.751937799
          0,           0,        2099,      -1.706600609,      0.5740541462,      0.9953627914,       4.093751576,       1.124113561,       1.745536639
          0,           0,        2100,      -1.636394875,      0.6565436945,       1.075068672,       4.009530703,       1.124814139,       1.751435376
          0,           0,        2101,      -1.716790515,      0.5331715918,      0.9849946687,       3.945539318,        1.12450829,        1.86195177
          0,           0,        2102,      -1.773985978,      0.4811604955,      0.9295141615,       3.817115684,       1.125292684,       1.727923911
          0,           0,        2103,      -1.763124582,      0.4887897959,      0.9361477861,       4.066842981,       1.125251929,       1.679778427
          0,           0,        2104,      -1.827237581,      0.4304282041,      0.8621266776,       3.839820133,       1.125303383,         1.7400869
          0,           0,        2105,      -1.921546276,      0.3638684506,      0.7720059734,       3.760554307,       1.125930063,       1.772021169
          0,           0,        2106,      -1.903488192,      0.5112900245,      0.8053108437,       4.039317649,       1.126704668,       1.783346951
          0,           0,        2107,      -1.697771846,      0.9943596132,       1.076798805,       3.958452201,       1.126996781,       1.767725309
          0,           0,        2108,      -1.721500922,      0.7747674758,       1.017743081,       3.942953621,       1.127904172,       1.872389169
          0,           0,        2109,      -1.726447724,      0.6493266954,      0.9811102852,       4.121290563,         1.1278752,        1.89291574
          0,           0,        2110,      -1.912586552,      0.4899314065,      0.7722146888,       3.838815154,       1.127170731,       1.849695574
          0,           0,        2111,      -1.961954596,      0.4519600199,      0.7251405026,       3.749419703,       1.127243897,       1.829381939
          0,           0,        2112,      -2.006225064,      0.4227198936,       0.677779583,        3.70835343,       1.127483405,       1.822443951
          0,           0,        2113,      -1.974649767,      0.4218326039,      0.7138036944,       3.719688971,       1.127797166,       1.809559287
          0,           0,        2114,      -1.977633578,      0.4060731973,      0.7131991242,       4.020733601,       1.128183009,       1.801816509
          0,           0,        2115,      -2.004179786,      0.3759146151,      0.6868608544,       3.747061399,       1.127708192,       1.783583096
          0,           0,        2116,      -2.022876952,      0.3579504512,      0.6663407375,       3.690161973,        1.12791448,       1.774885292
          0,           0,        2117,      -2.050415589,       0.332195439,      0.6323198451,       3.681506408,       1.128185672,       1.779080317
          0,           0,        2118,      -2.033457431,      0.3343168545,      0.6453459954,       3.567310445,       1.128546015,       1.781855862
          0,           0,        2119,      -2.087066117,      0.2927870381,      0.5679101967,       4.000258397,       1.128900978,       1.807911216
          0,           0,        2120,      -1.903296394,      0.3912425459,      0.7845198008,       3.801277096,       1.128868502,       1.824279576
          0,           0,        2121,      -1.799147571,      0.4757889627,      0.9025847233,       3.852758586,       1.128695889,       1.818589848
          0,           0,        2122,      -1.906874655,      0.4372477023,      0.7961321773,       3.761083965,       1.128734806,        1.80725526
          0,           0,        2123,      -2.076341448,      0.2811553667,      0.5883774971,       3.869480653,       1.128874625,       1.788089892
          0,           0,        2124,      -2.031085029,      0.3144092915,      0.6406380702,       3.693861474,       1.128849494,       1.780734737
          0,           0,        2125,      -1.997291736,      0.3373041262,      0.6784258828,       3.597792829,       1.129110786,       1.777796007
          0,           0,        2126,      -1.990178101,      0.3400495773,      0.6828303756,       3.975232648,       1.129357259,       1.774104008
          0,           0,        2127,      -2.023429284,      0.3068735007,      0.6308323366,       3.704946603,       1.128856999,       1.769208948
          0,           0,        2128,      -2.052727508,      0.2748602283,      0.5836627327,        3.66698377,       1.129023037,        1.75922193
          0,           0,        2129,      -2.081155049,      0.2430539058,      0.5307506938,       3.653905779,       1.129244607,        1.76009107
          0,           0,        2130,      -2.072319026,      0.2459810761,      0.5344125023,       3.416489573,       1.129541193,       1.760287509
          0,           0,        2131,      -2.032381577,      0.2752208895,      0.5851968859,        3.69362929,       1.129774552,       1.773238908
          0,           0,        2132,      -2.062928561,      0.2471500725,      0.5174424505,       3.665944424,       1.129837695,       1.802509813
          0,           0,        2133,      -2.036327159,      0.4399212911,      0.5853294426,        4.00898419,       1.130286567,       1.826381897
          0,           0,        2134,      -1.644869493,       1.003380933,       1.111213999,       3.978088383,       1.130336226,       1.896719017
          0,           0,        2135,      -1.757770205,      0.7064912822,      0.9610790256,       3.892349954,       1.129669521,       1.923968573
          0,           0,        2136,      -1.879627029,      0.4792764371,      0.7908717331,       3.809291553,       1.129451331,       1.899789237
          0,           0,        2137,      -1.954302314,      0.4395989306,      0.7004457074,       3.937064863,       1.129613985,       1.881449867
          0,           0,        2138,      -2.001248104,      0.4057289054,      0.6343659037,       3.713101087,       1.129510916,       1.875477443
          0,           0,        2139,      -1.993193811,      0.3876162793,      0.6323328926,       3.705833594,       1.129712513,       1.875384174
          0,           0,        2140,      -2.008524319,      0.3584306503,      0.6013240844,       4.012334787,       1.129998247,       1.871829678
          0,           0,        2141,       -1.98744739,      0.3505490893,        0.63462389,       3.740659834,       1.129804522,       1.880214646
          0,           0,        2142,      -1.767529052,      0.5086275201,      0.9279910102,       3.857642225,       1.129989209,         1.9375614
          0,           0,        2143,      -1.714933796,      0.5374999904,      0.9899855404,       4.092873672,        1.13037182,       1.978003384
          0,           0,        2144,      -1.583916432,      0.6893611509,       1.124215471,       4.036519278,       1.129478271,       2.012943518
          0,           0,        2145,      -1.709334051,      0.5575278187,      0.9980464455,       3.944418431,       1.128831601,       1.928761271
          0,           0,        2146,      -1.733384399,      0.5527785561,      0.9823110013,       3.898077532,       1.128616488,       1.891644912
          0,           0,        2147,      -1.916508199,      0.3750925223,      0.7878753695,        3.78820171,       1.128547975,       1.880413748
          0,           0,        2148,      -2.023823641,      0.2451915007,      0.6474877628,       3.709609046,       1.128484407,       1.875772075
          0,           0,        2149,      -2.084965843,      0.2086372862,      0.5525938238,       3.694109215,       1.128483817,       1.878091421
          0,           0,        2150,      -2.191654809,      0.1765424487,      0.3591361505,       3.564656693,       1.128492253,       1.882770558
          0,           0,        2151,      -2.143661777,      0.1840411672,      0.4523545116,       4.001783856,       1.128534282,       1.893351124
          0,           0,        2152,      -2.173697828,      0.1652692451,      0.4317795816,       3.683100615,       1.128414654,       1.904782047
          0,           0,        2153,      -2.145561647,      0.1877860632,      0.4953779938,       3.677911129,       1.128356856,       1.895010213
          0,           0,        2154,      -1.927003113,      0.3887700783,      0.7638089719,       4.036086399,       1.128446376,       1.936199644
          0,           0,        2155,      -1.836860543,      0.5264517885,      0.8759335667,       3.848486501,       1.128443799,       1.958336847
          0,           0,        2156,      -1.740884707,       0.566178565,      0.9742485252,       3.910874955,       1.128007346,       1.987703288
          0,           0,        2157,      -1.755299902,      0.5350148523,      0.9478896071,       4.088363539,       1.128042887,        2.04213452
          0,           0,        2158,      -1.651787252,      0.7579588034,       1.063723518,       4.013136078,       1.127509516,       2.097707486
          0,           0,        2159,      -1.564156709,       1.019684976,       1.186421655,       4.050570272,       1.126211701,       1.982796901
          0,           0,        2160,      -1.727185409,      0.6190348308,      0.9831953887,       3.918311949,       1.125631924,       1.916044832
          0,           0,        2161,      -1.822940935,      0.5107844446,       0.879134688,       3.844019439,       1.125439366,        1.89752582
          0,           0,        2162,      -1.967798148,      0.3831417428,       0.710977924,       3.748850771,       1.125248309,       1.886063418
          0,           0,        2163,      -1.889942629,      0.4151236701,      0.7955838477,       3.764943935,       1.125109979,       1.890160307
          0,           0,        2164,      -2.060044305,      0.3141476975,      0.5724096359,       3.690889453,       1.124832465,       1.881903072
          0,           0,        2165,      -2.071191035,      0.3037413507,      0.5650326382,       3.536352453,       1.124723833,       1.880265193
          0,           0,        2166,      -2.105901237,      0.2818526325,      0.5298023457,       3.656743636,       1.124575212,       1.877513283
          0,           0,        2167,      -2.036177186,      0.3181177709,      0.6264593005,       4.009675369,       1.124463295,       1.867412341
          0,           0,        2168,      -2.079874663,      0.2795977532,      0.5871183568,       3.722223128,       1.124341687,       1.876797392
          0,           0,        2169,      -1.938327523,      0.3455680643,      0.7529678153,       3.777606128,       1.124006706,       1.854295447
          0,           0,        2170,      -1.801787703,      0.4682710892,      0.9000800654,       4.058624355,       1.123801386,          1.854884
          0,           0,        2171,      -1.801165288,      0.4991028041,      0.9013392978,       3.889398082,       1.123160701,       1.866132651
          0,           0,        2172,      -1.951343071,      0.3528338094,      0.7330534569,       3.777837817,       1.122842674,       1.791523332
          0,           0,        2173,      -2.017416657,      0.2959977319,      0.6663192386,       3.730653252,       1.122457557,       1.772503514
          0,           0,        2174,      -1.859531504,      0.4425444859,      0.8431885571,       3.724294744,       1.122085801,       1.815354051
          0,           0,        2175,      -1.654666336,      0.9213353617,       1.091708176,       3.952474277,       1.121612773,       1.860892039
          0,           0,        2176,      -1.647640405,      0.8174008125,       1.082789373,       4.131401671,       1.120439131,       1.880740107
          0,           0,        2177,      -1.783712746,       0.572335167,      0.9256895474,       3.879227644,       1.119561704,       1.837759705
          0,           0,        2178,      -1.875399116,      0.4783076318,      0.8277768749,       3.744363982,       1.119441147,       1.805770795
          0,           0,        2179,      -1.870472547,      0.4707184748,      0.8285931903,       3.787502371,       1.119316123,       1.788940999
          0,           0,        2180,      -2.010888425,      0.3930941344,      0.6781399348,       4.024449077,       1.118911912,       1.769106161
          0,           0,        2181,      -2.037437248,       0.363243078,      0.6521819901,       3.697583255,       1.118607516,       1.737364829
          0,           0,        2182,      -2.071378231,      0.3264438706,       0.614329062,       3.656706808,       1.118532124,       1.728689429
          0,           0,        2183,      -2.124660537,      0.2704442597,      0.5490429514,       3.998369509,       1.118440637,       1.709926233
          0,           0,        2184,       -2.04514874,      0.2999659964,      0.6404585549,       3.722916725,       1.118098873,        1.70342531
          0,           0,        2185,      -1.862341532,      0.4144207514,      0.8367553833,       3.802092153,       1.117899025,       1.688908315
          0,           0,        2186,      -1.905763347,      0.3502024925,      0.7863973567,       4.033902673,       1.117657101,       1.650087983
          0,           0,        2187,      -1.984582986,       0.303718928,      0.7052372223,       3.777077829,       1.117129203,       1.684739272
          0,           0,        2188,      -1.956517772,      0.3415812326,      0.7406074171,       3.730880509,       1.116525935,       1.732745859
          0,           0,        2189,      -1.892975473,      0.4138559255,      0.7988959973,       4.046585274,       1.115905416,       1.840764323
          0,           0,        2190,      -1.618869107,      0.6415686183,       1.086559802,       4.013875174,       1.114606119,        1.83894864
          0,           0,        2191,      -1.695904764,      0.5487705529,       1.007536794,       3.954510451,       1.113416588,       1.711365356
          0,           0,        2192,      -1.758257766,      0.5034647524,      0.9397808007,        3.87742851,       1.112915035,       1.703323033
          0,           0,        2193,      -1.819312476,      0.3940452096,      0.8781353707,       3.851173509,       1.112654041,       1.694590885
          0,           0,        2194,      -1.866653986,      0.3587246926,      0.8269705306,       3.810673266,       1.112445061,       1.693235464
          0,           0,        2195,      -2.083797097,      0.2011356249,      0.5715161258,       3.708932837,       1.112192218,       1.700994187
          0,           0,        2196,      -2.077534143,       0.431113017,      0.6094834979,       3.513277605,        1.11190371,       1.701234631
          0,           0,        2197,      -1.750362702,      0.9859209435,       1.036567683,       3.973691419,       1.111555255,       1.705901778
          0,           0,        2198,      -2.021542746,      0.4753049922,      0.6954283938,       3.744079777,       1.110753198,       1.737100027
          0,           0,        2199,      -2.149081997,      0.2623976522,      0.5209927903,       3.703772059,       1.110412605,       1.714407518
          0,           0,        2200,       -2.13689656,      0.2412689792,      0.5326083711,       3.665542928,       1.110222223,       1.705999397
          0,           0,        2201,      -2.106684761,      0.2513999332,      0.5662564496,       3.506663594,       1.110000962,       1.703706366
          0,           0,        2202,      -2.128517836,      0.2341370666,      0.5386141882,       3.752822443,       1.109707974,       1.682547843
          0,           0,        2203,      -2.202206722,      0.1796328988,      0.4420037966,       3.664219358,        1.10925391,       1.671825887
          0,           0,        2204,      -2.263000448,       0.136350866,      0.3465782489,        3.49055142,       1.108804158,       1.667592708
          0,           0,        2205,      -2.125902097,      0.2215272972,      0.5359689988,       3.661231848,       1.108120842,       1.677251689
          0,           0,        2206,      -2.010202252,      0.2406091521,      0.6598388818,       4.028734801,       1.107424926,       1.608725254
          0,           0,        2207,      -1.750327525,      0.4765158395,      0.9478715082,       3.916018614,       1.106541019,       1.750666488
          0,           0,        2208,      -1.677576235,      0.5457825537,        1.02499663,       3.957431591,       1.104750231,       1.778400335
          0,           0,        2209,      -1.614465185,      0.7257412927,       1.097510433,       4.136867721,       1.102206963,       1.911935299
          0,           0,        2210,      -1.654098525,       1.007074718,       1.109518387,       3.973672745,       1.100599253,       1.682079054
          0,           0,        2211,      -1.775377587,      0.5632430368,      0.9284070055,       3.892437484,        1.09990904,       1.543055139
          0,           0,        2212,      -1.876090611,      0.4702418519,      0.8265361475,       3.834394929,       1.099628211,       1.540607485
          0,           0,        2213,      -2.010142736,      0.3192138849,      0.6671155711,       3.752571402,       1.099359397,        1.55585133
          0,           0,        2214,      -2.011412729,      0.3168200087,      0.6652254386,       3.747182787,       1.099103818,        1.57570645
          0,           0,        2215,      -2.018409418,      0.3109266866,      0.6643365334,       3.657205872,       1.098897657,       1.594035844
          0,           0,        2216,      -2.022857845,      0.3015935902,      0.6659001411,       3.721790858,       1.098446769,       1.614243582
          0,           0,        2217,      -2.035312286,      0.2851885297,      0.6559695866,        3.75789408,       1.098207519,       1.624494287
          0,           0,        2218,      -2.054793309,      0.2609674761,      0.6366549124,       3.692415596,       1.097835677,       1.624574994
          0,           0,        2219,      -2.074135394,      0.2380644692,      0.6165831604,       3.465931969,       1.097592964,       1.605577479
          0,           0,        2220,      -2.092348216,      0.2169388147,      0.5969722826,       3.432395669,        1.09732971,       1.610598584
          0,           0,        2221,      -2.092161735,      0.2116379214,      0.5988310632,       3.511899068,       1.096995685,       1.603595607
          0,           0,        2222,      -2.094604761,      0.1992467375,      0.5900209171,       3.496753541,       1.096579846,       1.576616023
          0,           0,        2223,      -2.110197215,      0.1794397113,      0.5638792635,       3.578072273,       1.096031434,       1.596616261
          0,           0,        2224,      -2.160497234,       0.148099184,      0.4929384105,       4.014391317,       1.095420875,       1.607392157
          0,           0,        2225,      -2.147515117,       0.149649147,      0.4896109997,       3.712511681,       1.094073415,       1.574940578
          0,           0,        2226,      -2.192680399,      0.1077466272,      0.4174180803,       3.668789059,       1.093612927,        1.56698089
          0,           0,        2227,      -2.117336808,      0.1751276387,       0.511553106,       3.679514764,       1.093076498,       1.563700455
          0,           0,        2228,      -2.092981624,       0.136306667,      0.5327550164,       3.568002825,       1.092469347,       1.590874071
          0,           0,        2229,       -2.11208742,      0.4503768235,      0.5620874918,       3.875608396,       1.091581025,       1.596229385
          0,           0,        2230,      -1.725746704,      0.9896873097,       1.051338149,       3.903457119,       1.090032897,       1.595298097
          0,           0,        2231,      -1.976143658,      0.4023707186,      0.7038096114,       3.741041733,       1.089286772,       1.554122575
          0,           0,        2232,      -2.064022406,      0.2792231493,      0.5808885757,       3.702256895,       1.088962965,       1.549273101
          0,           0,        2233,      -2.138534768,      0.2295292927,      0.4665932226,       3.641393953,       1.088652723,       1.537081155
          0,           0,        2234,      -2.162718984,      0.2136692147,      0.4188330936,       3.565436132,       1.088385506,       1.531930914
          0,           0,        2235,      -2.163598754,      0.2026016874,        0.41135884,       3.998136838,       1.088046402,       1.525994977
          0,           0,        2236,      -2.197328775,      0.1745336445,       0.336478141,       3.681844375,        1.08741458,       1.530891604
          0,           0,        2237,      -2.214209136,      0.1451145793,      0.2858131948,       3.635520714,       1.086831177,       1.532289441
          0,           0,        2238,      -2.201534127,      0.1318191018,      0.3123942712,       4.004444545,       1.086161067,       1.565184763
          0,           0,        2239,       -2.20883594,       0.136048111,       0.310180928,       3.721162334,       1.085155054,       1.668702617
          0,           0,        2240,      -2.158851499,      0.1477062457,      0.4366527019,       3.682286273,       1.083789956,       1.722736883
          0,           0,        2241,      -1.871237268,      0.3341714322,      0.8143399114,        4.05311589,       1.082410996,       1.761846584
          0,           0,        2242,      -1.823363926,      0.6686036314,      0.8874439683,       3.891856426,       1.080825234,       1.888902845
          0,           0,        2243,      -1.678544306,       0.994388284,       1.088299518,       3.947600855,        1.07924655,       1.753351954
          0,           0,        2244,      -1.933379082,      0.4225788588,      0.7577071922,       3.796989048,       1.078531124,       1.683802081
          0,           0,        2245,      -1.845834552,      0.4244499685,        0.85307596,       3.835764159,       1.078120184,       1.677146698
          0,           0,        2246,      -1.828349689,       0.410821043,      0.8712119497,       3.827745933,       1.077605334,       1.688115329
          0,           0,        2247,      -1.914254989,      0.3271658165,      0.7733269433,         3.7716996,       1.076971617,       1.727423636
          0,           0,        2248,      -2.087834211,      0.2162055034,      0.5644007317,        4.01283627,       1.076141821,       1.741783725
          0,           0,        2249,      -2.124571737,      0.1853932841,      0.5176038836,       3.671337586,       1.075731004,       1.745584168
          0,           0,        2250,      -2.148795866,      0.1664457624,      0.4909403513,       3.644644967,       1.075335207,       1.745864568
          0,           0,        2251,      -2.180265572,      0.1436541753,      0.4449038655,       3.421194798,       1.074957018,       1.739211438
          0,           0,        2252,      -2.204816973,      0.1211183632,       0.404041684,       3.325691794,       1.074586887,       1.731560968
          0,           0,        2253,      -2.243319508,     0.09785776765,      0.3385405619,       3.412316279,       1.074130049,       1.739185807
          0,           0,        2254,      -2.260177855,      0.0836768411,      0.3018894565,       3.422831407,       1.073555753,       1.736567111
          0,           0,        2255,      -2.168211551,      0.1060358605,       0.454697376,       3.872083449,       1.072888848,       1.744438366
          0,           0,        2256,      -2.197499752,     0.07366930787,      0.4307821898,       3.677270928,       1.072024143,       1.763451057
          0,           0,        2257,      -2.186806433,     0.08762825039,      0.4476146886,       3.650821767,       1.070891977,       1.798564157
          0,           0,        2258,      -1.900430124,      0.7313516639,       0.843866766,       4.048702597,        1.06971951,       1.789816868
          0,           0,        2259,      -1.640640277,       1.001498805,        1.12442114,       3.991485694,       1.068410802,       1.800504583
          0,           0,        2260,      -1.731217641,      0.6856085748,      0.9833840505,       3.917389735,       1.065326953,       1.920496287
          0,           0,        2261,      -1.937351019,      0.4937198853,      0.7492368607,       3.751679848,       1.064035882,       1.786446238
          0,           0,        2262,      -2.064732339,      0.4268173543,      0.5996814639,       3.705769509,       1.063452746,       1.716535458
          0,           0,        2263,      -2.008792768,      0.4069237786,      0.6690295147,       4.021581468,       1.062714579,       1.703733019
          0,           0,        2264,      -2.094216125,      0.3729963785,      0.5771745565,       3.679733122,         1.0622364,       1.707419532
          0,           0,        2265,      -2.116556372,      0.3534664081,      0.5547990639,        3.65355669,        1.06187553,       1.718289015
          0,           0,        2266,      -2.134330722,      0.3355152453,      0.5362545044,       3.421479375,        1.06153341,       1.723279221
          0,           0,        2267,      -2.139147105,      0.3205949736,      0.5299101477,       3.445866691,       1.061143039,       1.730957884
          0,           0,        2268,      -2.140951086,      0.3075296759,      0.5278507737,       3.590166409,       1.060806071,       1.736599942
          0,           0,        2269,      -2.151974056,      0.2887265449,      0.5152671669,       3.640217354,       1.060262665,         1.7317391
          0,           0,        2270,      -2.165420569,      0.2737334019,      0.4993093542,       3.689682077,       1.059962171,       1.722416256
          0,           0,        2271,      -2.177090012,      0.2564286582,      0.4846540743,       3.651156062,        1.05945456,       1.732184513
          0,           0,        2272,      -2.187113663,      0.2369142148,      0.4670440982,       3.773419748,       1.058979471,       1.726523123
          0,           0,        2273,      -2.174656122,      0.2186742246,      0.4767286969,       3.662308133,       1.058194069,       1.737446507
          0,           0,        2274,      -2.047902856,      0.2419715028,      0.6157064447,       3.569105667,       1.057433972,       1.746012394
          0,           0,        2275,       -1.85295643,      0.3502765243,      0.8369102106,       3.849872876,       1.056373917,        1.71565565
          0,           0,        2276,      -2.023035112,      0.2385087186,       0.658642289,       3.740128446,       1.054969993,       1.731242806
          0,           0,        2277,      -1.766461357,      0.4371508988,      0.9307485295,        4.00342544,       1.053397484,       1.781906335
          0,           0,        2278,      -1.777330188,      0.4086155963,      0.9182107081,       3.919782211,       1.051535341,       1.885935497
          0,           0,        2279,      -2.047278188,      0.2066174361,      0.6154616646,       3.748885452,        1.04995135,       1.704520828
          0,           0,        2280,       -2.06835197,      0.1873742521,      0.5950448038,       3.727842106,       1.049342598,        1.60223735
          0,           0,        2281,      -2.146364259,       0.151071279,      0.4994559879,       3.690001194,       1.048617314,       1.599234976
          0,           0,        2282,      -1.963530043,      0.2364813955,      0.7143812388,       3.734009089,       1.047827998,       1.645202751
          0,           0,        2283,      -2.103753098,      0.3903244982,      0.5880009543,       3.677602825,       1.046572875,       1.700027097
          0,           0,        2284,      -2.233034191,      0.0869044746,      0.3994248868,       3.634080001,       1.045985928,       1.634159769
          0,           0,        2285,      -2.165891559,      0.1233187792,      0.4903416473,       3.713520598,       1.045680132,       1.637857929
          0,           0,        2286,      -2.168980831,        0.11870786,      0.4879892637,       3.659351941,       1.045219946,       1.649564101
          0,           0,        2287,      -2.190486815,      0.1136671579,      0.4598381966,       3.660532714,       1.044746016,       1.634989049
          0,           0,        2288,      -2.158972266,       0.418411092,      0.5410032781,       3.669515309,        1.04405975,       1.625409531
          0,           0,        2289,      -1.757191051,      0.9879051201,       1.034573766,       4.065752751,       1.043347155,       1.644553669
          0,           0,        2290,      -1.875174584,        0.53747702,        0.83268448,       3.842128749,       1.042350154,       1.667195815
          0,           0,        2291,      -1.907015711,       0.353924941,      0.7813191429,       3.806854762,       1.041761262,       1.559915885
          0,           0,        2292,      -2.051582941,      0.2576875532,        0.62073032,       3.715638648,       1.041063923,       1.526549458
          0,           0,        2293,      -1.915283344,      0.3350728405,      0.7792448738,        3.75222742,       1.040283635,        1.57643769
          0,           0,        2294,      -1.792562021,      0.4294160604,      0.9072005145,       4.073500599,       1.039488479,       1.590719285
          0,           0,        2295,      -1.855280258,      0.3554181088,      0.8374498692,       3.852873627,        1.03826793,       1.556290148
          0,           0,        2296,      -2.075246637,      0.1941151924,       0.593001387,       3.745031072,       1.037370856,       1.506775556
          0,           0,        2297,       -2.14025674,      0.1538920549,      0.5189266176,       3.692378443,       1.036982844,       1.485465103
          0,           0,        2298,      -2.171892315,       0.132376952,      0.4797112449,       3.665727854,       1.036643642,       1.502515247
          0,           0,        2299,      -2.191761786,      0.1178625404,      0.4504274273,       3.633458677,       1.036240431,       1.503249086
          0,           0,        2300,      -2.170167064,      0.1260259973,      0.4781196729,       3.730103898,       1.035795611,       1.498399863
          0,           0,        2301,      -2.171764861,      0.1177158301,      0.4789430143,         3.6801586,       1.034993957,       1.537821231
          0,           0,        2302,      -2.179561797,      0.1120725016,      0.4703960956,       3.630856556,       1.034661516,       1.515899236
          0,           0,        2303,      -2.203149849,     0.09752247095,      0.4394873897,       3.349615285,        1.03438753,       1.525290755
          0,           0,        2304,      -2.183132562,      0.1040289454,      0.4635299916,       3.399976988,       1.034028789,       1.509416477
          0,           0,        2305,      -2.182676901,     0.09527249892,      0.4600543103,       3.574286409,       1.033422342,       1.509168045
          0,           0,        2306,      -2.192489516,     0.08840437103,      0.4452392576,        3.82357689,       1.033170183,       1.493911795
          0,           0,        2307,      -2.168837928,     0.08858578116,      0.4714608199,       3.664964978,       1.032764042,       1.499957338
          0,           0,        2308,      -2.105371849,      0.1146396357,      0.5516356225,       3.532805916,       1.032366607,       1.482397098
          0,           0,        2309,      -2.121979282,      0.1142550517,      0.5357280357,       4.014236322,       1.031862029,       1.445169682
          0,           0,        2310,      -2.199309183,      0.2236186369,      0.4556030078,       3.698896627,       1.031299402,        1.50053453
          0,           0,        2311,      -2.090741098,      0.1636688907,      0.5778962173,         3.6848234,       1.030355754,       1.544641139
          0,           0,        2312,      -1.783250278,      0.4208166443,      0.9139456024,       4.052294007,        1.02945863,       1.687101983
          0,           0,        2313,       -1.74305909,      0.7883535296,      0.9840060344,       3.931243587,       1.028614409,       1.706173748
          0,           0,        2314,      -1.668673939,      0.9968023495,       1.100693083,       3.952958192,       1.027397596,       1.657794914
          0,           0,        2315,      -2.092623623,      0.4031197553,      0.5940006142,       3.718669722,        1.02690084,       1.622609739
          0,           0,        2316,       -2.13642034,      0.2247936621,      0.5159546265,       3.697231374,       1.026527804,       1.603382687
          0,           0,        2317,      -2.128546299,       0.209721391,       0.530400952,       3.680212893,       1.026169196,       1.585270805
          0,           0,        2318,      -2.156523518,      0.1870991861,      0.5004595761,        3.66940205,       1.025827109,       1.562272601
          0,           0,        2319,      -2.187418549,      0.1667467042,      0.4636607094,       3.631503621,       1.025504024,       1.534713767
          0,           0,        2320,      -2.178947632,      0.1672950783,      0.4760280986,       3.744410145,       1.025212742,       1.519404202
          0,           0,        2321,      -2.182596121,      0.1558212719,      0.4737041036,       3.640872233,       1.024909043,       1.534943661
          0,           0,        2322,      -2.186913437,      0.1489892268,       0.469984048,       3.379003989,       1.024617963,       1.535141387
          0,           0,        2323,      -2.194631413,      0.1398304472,      0.4613265304,       3.409776334,        1.02433073,        1.53350508
          0,           0,        2324,      -2.203659534,      0.1298171281,      0.4503324679,       3.466327354,       1.024078659,       1.546165554
          0,           0,        2325,      -2.217353869,      0.1175893627,      0.4322000451,        3.87054799,       1.023803555,       1.545939964
          0,           0,        2326,      -2.183990759,      0.1154289483,       0.470978342,        3.65374376,       1.023279339,        1.53924564
          0,           0,        2327,      -2.188773912,      0.1081430781,      0.4634988721,       3.641521373,       1.022990777,       1.526183233
          0,           0,        2328,      -2.211637555,     0.09174801632,      0.4292905348,       3.591341069,       1.022724022,         1.5242272
          0,           0,        2329,      -2.196983876,     0.08914749973,      0.4403708822,       3.845974686,       1.022479321,       1.505560584
          0,           0,        2330,      -2.156786329,     0.09760235384,      0.4900390641,       3.668528533,       1.022219962,       1.495182696
          0,           0,        2331,      -2.178307693,     0.08370996601,      0.4649301185,       3.504123366,       1.021965431,       1.492412511
          0,           0,        2332,      -2.243770661,     0.05594043214,       0.375467029,       3.875848111,       1.021650765,       1.468999382
          0,           0,        2333,      -2.355261853,      0.0165692949,      0.1786304726,       3.657907628,       1.021230918,       1.430149166
          0,           0,        2334,      -2.279553177,      0.2825925025,      0.3653413108,       3.622024403,       1.020714013,        1.49938914
          0,           0,        2335,      -1.770836814,      0.9829169987,       1.023468644,       4.070971253,       1.019796134,       1.481968419
          0,           0,        2336,      -2.150135357,      0.3122354059,      0.5328006651,       3.681173796,       1.019128398,       1.476640166
          0,           0,        2337,      -2.282380592,      0.1629795299,      0.3340903971,       3.630548933,       1.018908378,       1.479248351
          0,           0,        2338,      -2.341000396,      0.1134677285,      0.2290708966,       3.359180447,        1.01871288,       1.441842205
          0,           0,        2339,      -2.368685994,     0.09017812276,      0.1737115282,       3.580842337,       1.018549061,       1.456738677
          0,           0,        2340,      -2.388071769,     0.07001728547,      0.1344354874,       3.601076356,        1.01826525,       1.459123123
          0,           0,        2341,      -2.381549925,     0.05861133686,      0.1473645656,       3.998313126,        1.01804009,       1.442483244
          0,           0,        2342,      -2.375791665,     0.05186573028,      0.1548261843,       3.653519667,       1.017624686,       1.424788373
          0,           0,        2343,      -2.316747115,     0.05467333282,       0.259727949,       3.628893319,       1.017163754,       1.502497623
          0,           0,        2344,      -2.216444934,     0.08040915452,      0.4195299539,       4.009983305,       1.016702802,        1.54154385
          0,           0,        2345,      -1.955757192,      0.2569973339,      0.7268192355,       3.806116065,       1.016497399,       1.654164862
          0,           0,        2346,      -1.768570963,      0.5647945324,       0.934955658,       3.889687121,       1.015261773,       1.832880836
          0,           0,        2347,      -1.563743641,       1.016990576,       1.184227632,       4.155446958,       1.013477986,       1.905713815
          0,           0,        2348,       -1.78827105,      0.5753763445,      0.9164855376,       3.890649711,       1.012569454,       1.759295644
          0,           0,        2349,       -1.85179744,      0.4406469695,      0.8400783482,       3.839688785,       1.012110185,       1.713909319
          0,           0,        2350,      -2.046748678,      0.3226855401,      0.6081604272,       3.732799856,       1.011897337,       1.693207903
          0,           0,        2351,      -2.087189462,       0.297784049,      0.5575768677,       3.694867407,       1.011705622,       1.678933804
          0,           0,        2352,      -2.052584471,       0.293610743,      0.6072178632,       3.693228544,        1.01153677,        1.66474748
          0,           0,        2353,      -2.078766328,      0.2731094194,      0.5826203325,       3.729643145,       1.011393939,        1.65427169
          0,           0,        2354,      -2.099626329,      0.2535961818,      0.5637525334,       3.681729245,       1.011152255,       1.641468533
          0,           0,        2355,      -2.114728406,      0.2386521951,      0.5510896442,        3.48796378,        1.01101285,       1.608087431
          0,           0,        2356,       -2.12741164,        0.22347301,      0.5405074799,       3.497121098,       1.010818686,       1.610646278
          0,           0,        2357,      -2.145075363,      0.2080943252,      0.5244515449,       3.633135397,       1.010664193,       1.608716581
          0,           0,        2358,      -2.156743975,      0.1943009984,      0.5138695006,       3.636256326,       1.010436382,       1.583308085
          0,           0,        2359,      -2.170425132,      0.1816335937,      0.4991753996,        3.67430786,       1.010369369,       1.589154423
          0,           0,        2360,      -2.189246579,      0.1643443215,      0.4775459994,       3.646424334,       1.010148414,       1.593136303
          0,           0,        2361,      -2.212982451,      0.1459657278,      0.4479151995,       3.835691293,       1.010039182,       1.566682254
          0,           0,        2362,      -2.250163565,      0.1164969191,      0.3977977214,       3.663796041,       1.009707086,       1.556038871
          0,           0,        2363,      -2.248838732,     0.09486875656,      0.3882780766,       3.605964228,       1.009500081,       1.582892052
          0,           0,        2364,      -2.160799881,      0.1137408095,      0.4766309092,       4.025398169,       1.009318429,       1.563733082
          0,           0,        2365,      -1.934146913,      0.2846530528,      0.7511180415,       3.808370034,       1.008417438,       1.529508638
          0,           0,        2366,      -1.777404532,      0.4431774127,      0.9211120074,       3.880831667,       1.007777132,       1.491108713
          0,           0,        2367,      -1.814143387,      0.3877200373,      0.8809585879,       3.843500829,       1.007578536,       1.466438328
          0,           0,        2368,      -1.872063352,       0.322196539,      0.8160795293,       3.797728889,       1.007400255,       1.466602492
          0,           0,        2369,       -2.17498232,     0.09247941224,      0.4714815845,       3.644993573,       1.007243419,       1.467954742
          0,           0,        2370,      -2.221861926,     0.06821468883,      0.4132190531,       3.606861253,       1.007162424,       1.462027692
          0,           0,        2371,      -2.214621837,     0.07524764169,      0.4248340788,       4.004211966,       1.007094789,       1.465200085
          0,           0,        2372,      -2.248927297,     0.02997399865,      0.3745318514,       3.663359266,        1.00670255,       1.483864376
          0,           0,        2373,      -2.261656083,      0.1993244675,      0.3761871317,       3.634185997,       1.006592424,       1.460466562
          0,           0,        2374,      -2.316041531,     0.01109972926,      0.2626886721,       3.611771424,       1.006482996,       1.461916964
          0,           0,        2375,      -2.368956077,   -0.006601282532,      0.1457303572,       3.837809289,       1.006399356,        1.47119982
          0,           0,        2376,      -2.133195764,      0.5641268916,      0.6015149799,       3.690991431,       1.006182059,       1.471236912
          0,           0,        2377,      -1.766506378,      0.9864546578,       1.029206598,       3.856015569,       1.005582713,       1.470101137
          0,           0,        2378,      -2.296685288,      0.2516361678,      0.3473809513,       4.005267122,       1.005430564,       1.464491357
          0,           0,        2379,      -2.397425683,      0.1136328179,      0.1232866099,       3.622946515,       1.005253564,       1.467955999
          0,           0,        2380,      -2.410830548,      0.0692631766,      0.0669227779,       3.597570099,       1.005183689,       1.460881426
          0,           0,        2381,      -2.419450933,     0.05367543666,      0.0359662018,       3.997909532,       1.005140034,       1.463449657
          0,           0,        2382,      -2.429532899,     0.03961452614,    0.009638390497,       3.643931946,       1.004967467,       1.490706106
          0,           0,        2383,      -2.386328373,     0.03785375335,      0.1376198098,       3.628087973,       1.004735554,       1.506414333
          0,           0,        2384,      -2.115760245,      0.1800863444,       0.555923898,       4.009697303,        1.00463053,       1.530294962
          0,           0,        2385,       -1.83284379,       0.384154247,      0.8677960046,       3.857307997,       1.004310596,       1.647972553
          0,           0,        2386,      -1.894638424,      0.2969847756,      0.7975573469,       3.811942695,        1.00367551,       1.567292258
          0,           0,        2387,      -2.055460407,      0.1894644182,      0.6209961696,        3.73060892,       1.003482174,         1.5469022
          0,           0,        2388,      -2.215023846,     0.06560780639,      0.4165823386,       3.658447462,       1.003304658,       1.520368788
          0,           0,        2389,      -2.205887826,     0.06348459824,      0.4273640332,       3.632622912,       1.003195782,       1.514659331
          0,           0,        2390,       -2.16951939,      0.2714188846,      0.4974592145,       3.628577927,       1.003081686,        1.51567365
          0,           0,        2391,      -2.070117507,      0.5478740562,      0.6610937817,       4.011071876,       1.003026971,       1.529021173
          0,           0,        2392,      -2.184956141,      0.1393010219,       0.460662587,        3.69451541,       1.002743085,       1.548176245
          0,           0,        2393,      -2.229150102,     0.07110625974,      0.3922825157,       3.672485178,        1.00257472,       1.531141076
          0,           0,        2394,      -2.220701107,     0.05499916305,      0.3996927386,       3.654094559,       1.002475464,       1.539461041
          0,           0,        2395,       -2.19233285,     0.05997913315,      0.4428848667,       3.640656285,       1.002373419,       1.529488148
          0,           0,        2396,      -2.221288636,     0.04380363332,      0.4100200649,       4.006733584,       1.002330053,       1.534980978
          0,           0,        2397,      -2.306026206,     0.05861320186,      0.2916544376,       3.666511977,        1.00205845,       1.520106472
          0,           0,        2398,      -2.409211504,    -0.02716990828,     0.04961043114,       3.630311734,       1.001950183,        1.50626114
          0,           0,        2399,      -2.431824122,     -0.0677910902,    -0.05765037685,       3.612700941,       1.001833166,       1.518383754
          0,           0,        2400,      -2.396829104,     0.03667850933,      0.1016591595,       3.516725017,       1.001728594,       1.502507377
          0,           0,        2401,      -2.442061602,    -0.02769908589,    -0.06992982068,       4.001567045,       1.001696647,       1.481715647
          0,           0,        2402,      -2.399999557,      0.1510887695,      0.1461513362,       3.659998845,       1.001780102,       1.548616029
          0,           0,        2403,      -1.783381812,      0.9783299154,       1.014367913,        3.85832401,       1.000948785,       1.580820934
          0,           0,        2404,      -2.206945567,      0.3105299157,      0.4772052516,       3.616462198,       1.000676575,       1.546042251
          0,           0,        2405,      -2.327423085,      0.1429425616,      0.2722766378,        3.83335447,       1.000660586,        1.52537935
          0,           0,        2406,      -2.362035415,     0.08300118924,      0.1919306566,        3.61298358,        1.00057662,       1.526545841
          0,           0,        2407,      -2.358794684,     0.06504512356,       0.191320368,       3.422663127,       1.000520348,       1.471439038
          0,           0,        2408,      -2.365694294,     0.02826273137,      0.1718766141,       4.000169258,       1.000498176,       1.524479782
          0,           0,        2409,      -2.293089323,     0.06162193995,       0.305950428,       3.687623297,       1.000594406,       1.542476737
          0,           0,        2410,      -2.033537363,      0.1881536351,        0.64009579,       3.714366329,       1.000279058,       1.609074704
          0,           0,        2411,      -1.711321341,      0.5157052491,      0.9922552687,       4.080354113,       1.000249407,        1.58323779
          0,           0,        2412,      -1.717647972,      0.5040220406,      0.9814225661,       3.945914541,       1.001337216,       1.654929008
          0,           0,        2413,      -1.620737354,      0.9923600867,       1.131376834,       3.997287567,       1.000034629,       1.716425014
          0,           0,        2414,      -1.765357314,      0.8980726378,       1.001680688,       4.086043961,       1.000335348,       1.907025032
          0,           0,        2415,      -1.858245793,      0.6834160141,      0.8397591444,       3.900130508,       1.005282902,       1.956150005
          0,           0,        2416,      -1.585473411,      0.7370384202,       1.117036638,       4.029507514,       1.001205894,       1.983423725
          0,           0,        2417,      -1.523712263,      0.8407431123,       1.189236329,       4.199829769,       1.004765752,       2.087445291
          0,           0,        2418,      -1.491445365,      0.9657670025,        1.23561626,       4.143680167,       1.044105279,       2.232956324
          0,           0,        2419,      -1.451350557,      0.9697970489,       1.449647449,       4.155130365,       1.059137703,       2.529250515
          0,           0,        2420,      -1.359935214,       1.091902396,       1.504968474,       4.297445178,      0.9976719231,       2.761464697
          0,           0,        2421,      -1.421835698,       1.051891066,       1.388922427,       4.248652251,       1.001966011,       2.686247167
          0,           0,        2422,      -1.522715507,       0.867021568,       1.255934366,       4.073013772,       1.000868549,       2.615843888
          0,           0,        2423,      -1.601898717,      0.7785407715,       1.166569753,       4.139334795,      0.9993112493,       2.553394499
          0,           0,        2424,        -1.6396021,      0.7345502026,       1.126987011,       3.980755666,      0.9971571198,       2.505495425
          0,           0,        2425,      -1.732235568,      0.6649786922,       1.050494831,       3.875578505,      0.9964848723,       2.479286774
          0,           0,        2426,      -1.766009296,      0.6019423393,       1.020285361,       4.072156721,      0.9961357479,       2.477295634
          0,           0,        2427,       -1.84032949,      0.5548222153,      0.9508307444,       3.839134166,      0.9948097553,        2.49073034
          0,           0,        2428,      -1.887894333,      0.4855185059,      0.8866767455,        3.79905124,      0.9946139085,       2.500668936
          0,           0,        2429,      -1.714543127,      0.6035817319,       1.012052423,       4.104280242,      0.9945469024,       2.497751307
          0,           0,        2430,       -1.69308961,      0.6047325367,        1.03004668,       3.994651915,       0.994270693,       2.499820816
          0,           0,        2431,      -1.687479808,      0.6322028889,       1.023712283,       3.968080078,      0.9938273134,        2.48658263
          0,           0,        2432,      -1.555495347,        1.03057868,       1.195599494,       4.181727029,      0.9948803918,       2.500985222
          0,           0,        2433,      -1.610741666,      0.9813854746,       1.151088586,       4.081247352,       1.005721527,        2.49734136
          0,           0,        2434,      -1.586186129,       0.974510943,       1.168668347,       4.082373902,       1.011572675,       2.599791388
          0,           0,        2435,      -1.436383049,       1.095868082,       1.310489361,       4.277934368,       1.171897861,       2.660147524
          0,           0,        2436,      -1.490406655,        1.06520913,       1.253699539,       4.189937242,        1.17357029,       2.762485248
          0,           0,        2437,      -1.472192397,       1.200697329,       1.292539456,       4.154834143,       1.237530697,       2.693693048
          0,           0,        2438,      -1.375386533,       1.312425724,       1.378189513,       4.314981754,       1.297534055,       2.796681483
          0,           0,        2439,      -1.293082208,       1.493380217,        1.56862642,       4.324268067,       1.339414682,       2.896134448
          0,           0,        2440,      -1.230236218,       1.520436312,       1.628340442,       4.350061258,       1.358179038,       3.166831499
          0,           0,        2441,      -1.231302973,       1.550731347,       1.533505942,        4.39301096,       1.082744268,       3.296708032
          0,           0,        2442,      -1.292289279,       1.506605502,       1.453715503,       4.343703128,       1.089980505,       3.227624195
          0,           0,        2443,      -1.353942091,       1.451469298,       1.405226218,       4.272931773,       1.098409079,       3.150051154
          0,           0,        2444,      -1.439320202,       1.366475526,       1.346255966,       4.166176046,       1.097729092,       3.065935574
          0,           0,        2445,       -1.47106006,       1.260607476,       1.344437224,       4.136254322,       1.101657702,       2.979038112
          0,           0,        2446,      -1.513840823,       1.128242359,       1.326377559,       4.198092757,       1.104903212,       2.896523118
          0,           0,        2447,      -1.600528366,       1.042610436,       1.272577618,       4.013596927,       1.105365317,       2.830105694
          0,           0,        2448,      -1.646720538,       1.026850349,       1.231317983,        3.95731376,       1.108986952,       2.786996438
          0,           0,        2449,      -1.688647281,      0.9917693106,       1.179243358,        4.09773601,       1.111178769,       2.767726344
          0,           0,        2450,      -1.705277839,      0.9432734279,       1.134666377,       3.947775063,       1.107609132,       2.767541823
          0,           0,        2451,       -1.65388555,      0.9210030152,       1.127993651,       3.966926048,       1.105649984,        2.78389707
          0,           0,        2452,      -1.596808473,      0.9212782128,       1.147127037,        4.16505145,       1.098708253,       2.818167205
          0,           0,        2453,      -1.599510261,      0.8979310473,       1.112394734,       4.097535148,       1.088126819,       2.883744214
          0,           0,        2454,      -1.553838451,      0.8934491555,       1.146208009,       4.119532641,       1.076634583,        2.98337792
          0,           0,        2455,       -1.64215886,      0.8470049171,       1.047110761,       4.183618581,       1.072662622,       3.086552916
          0,           0,        2456,       -1.50698314,       0.913394697,       1.197452162,       4.174193459,       1.085193575,       3.189399819
          0,           0,        2457,      -1.395648912,       1.147111976,       1.344667294,       4.222407441,       1.226514426,       3.218113381
          0,           0,        2458,      -1.393998226,       1.249930228,       1.358149611,       4.310884239,       1.246139028,       3.222994929
          0,           0,        2459,      -1.417714867,       1.395019783,       1.316937075,       4.244619115,       1.308241286,       3.219754438
          0,           0,        2460,      -1.355437513,       1.471633274,       1.357448748,       4.254473751,       1.354539423,        3.20444208
          0,           0,        2461,      -1.311923015,       1.547262681,       1.425747669,       4.354923142,       1.377360948,       3.142361061
          0,           0,        2462,      -1.289585939,       1.537700681,       1.580500269,       4.325825309,       1.374161696,       3.037221853
          0,           0,        2463,      -1.247317432,       1.547103799,       1.551507063,       4.338832449,       1.381913048,       3.192114206
          0,           0,        2464,      -1.294482847,       1.547665291,       1.452462714,       4.351153559,       1.381641432,       3.273080079
          0,           0,        2465,      -1.335542983,       1.564641798,       1.397104531,       4.291159287,       1.358212421,       3.241164565
          0,           0,        2466,      -1.342991663,       1.558353369,       1.354684587,       4.272365299,       1.367691875,       3.186556522
          0,           0,        2467,      -1.322082795,       1.571393136,        1.36034682,       4.344871245,       1.402128529,       3.181954731
          0,           0,        2468,      -1.337892604,         1.5622589,        1.36013386,       4.282186462,       1.397127351,       3.189135428
          0,           0,        2469,      -1.283155459,       1.564256174,       1.532722707,       4.305344385,       1.360909779,       3.224864328
          0,           0,        2470,      -1.238258396,        1.56520035,       1.581820134,       4.390726857,       1.380340165,       3.257743771
          0,           0,        2471,      -1.274377381,       1.589476146,       1.457595138,       4.337685104,       1.413364804,       3.238757936
          0,           0,        2472,      -1.302297601,       1.592640471,       1.437827492,        4.30269575,       1.405896738,       3.011849597
          0,           0,        2473,      -1.340614349,       1.585029292,       1.368373339,       4.330807286,       1.368465267,       2.944426711
          0,           0,        2474,      -1.366281112,       1.573523118,        1.29626568,       4.281428733,       1.379840881,       3.068629648
          0,           0,        2475,      -1.322693686,       1.583168752,       1.403915591,       4.280273349,       1.414621998,       3.225783501
          0,           0,        2476,      -1.250157354,       1.579559805,       1.585649838,       4.383694034,       1.410138937,       3.215846455
          0,           0,        2477,      -1.224666712,       1.587689136,       1.548407914,       4.372991388,       1.372800454,       3.185171469
          0,           0,        2478,      -1.301403623,       1.581145534,       1.441498416,        4.30451838,       1.384594331,       3.214942336
          0,           0,        2479,      -1.315033179,       1.587722083,       1.411523302,       4.352793829,       1.414941509,       3.071821666
          0,           0,        2480,      -1.321478565,        1.58312198,       1.364548816,       4.314636075,       1.408014495,       3.015731819
          0,           0,        2481,      -1.316195641,       1.590598071,       1.370964898,       4.291376219,       1.367199509,       3.180850447
          0,           0,        2482,      -1.326329506,       1.586830138,        1.34469509,        4.34311832,       1.371632699,       3.272840015
          0,           0,        2483,      -1.266822051,       1.598973284,       1.542516776,         4.3492698,       1.410907776,        3.29964047
          0,           0,        2484,      -1.216259266,       1.598412566,       1.628715552,       4.375935503,        1.40897896,       3.220094732
          0,           0,        2485,      -1.261407237,       1.585911011,       1.469941584,       4.373437522,        1.36571115,       3.257420556
          0,           0,        2486,      -1.310413529,       1.582951365,       1.418243995,         4.3087182,        1.36134832,       3.206503926
          0,           0,        2487,      -1.308520026,       1.588773867,       1.405583418,       4.306855762,       1.403945373,       3.108223985
          0,           0,        2488,      -1.314335413,        1.58588854,       1.370014259,       4.346493455,       1.403300963,       3.076552955
          0,           0,        2489,      -1.314492095,       1.591800056,       1.361585962,       4.304306989,        1.36286376,       3.206111646
          0,           0,        2490,      -1.330792803,       1.585552284,       1.341558084,        4.27190561,       1.368429871,       3.281961547
          0,           0,        2491,      -1.277275906,       1.589913334,       1.561903389,       4.364623997,       1.403767137,       3.263950021
          0,           0,        2492,      -1.214955138,       1.585442252,       1.619620961,       4.387908929,       1.395875767,       3.227371441
          0,           0,        2493,      -1.284105401,       1.578594818,        1.41514033,       4.318144547,       1.355738568,       3.274661204
          0,           0,        2494,      -1.341016922,       1.579358845,        1.36932824,       4.334187281,       1.359826754,       3.198128715
          0,           0,        2495,      -1.325974269,       1.586801235,       1.373714964,        4.30607615,       1.399827835,       3.108913609
          0,           0,        2496,      -1.280184112,       1.602470131,       1.424472142,       4.320244081,       1.398551575,       3.055868734
          0,           0,        2497,      -1.305666527,       1.596306655,       1.384804515,       4.351827078,       1.355081534,       3.168460011
          0,           0,        2498,      -1.329800925,       1.582775551,       1.361186709,       4.300682906,       1.351136339,       3.204974221
          0,           0,        2499,      -1.260072183,       1.589765026,       1.561613175,       4.344338401,       1.394815113,       3.179921106
          0,           0,        2500,       -1.21806942,       1.588221829,       1.610766094,       4.411256513,       1.394441231,       3.247956761
          0,           0,        2501,      -1.291441511,       1.578998222,       1.410288314,        4.32565345,        1.35395785,       3.277519107
          0,           0,        2502,      -1.332786175,       1.580352009,       1.375410542,       4.288404385,       1.363728404,       3.185187753
          0,           0,        2503,      -1.322538343,       1.586914746,        1.37533668,        4.34162313,       1.400801298,       3.074681663
          0,           0,        2504,      -1.299540962,       1.597276123,       1.394582312,       4.318852102,        1.39354052,       2.998655948
          0,           0,        2505,      -1.300037536,       1.593277382,       1.397584226,         4.3027295,       1.354845095,       3.104979253
          0,           0,        2506,      -1.267500739,       1.589055468,       1.550300351,       4.377390131,       1.359303463,       3.136587852
          0,           0,        2507,      -1.224298318,       1.595813432,       1.566331868,        4.38305716,       1.400560354,       3.162114763
          0,           0,        2508,      -1.285588058,       1.590642629,        1.45758538,       4.316887448,       1.401364418,       3.236763493
          0,           0,        2509,      -1.351445169,       1.578079591,       1.357922472,       4.316360969,       1.359921075,       3.145057617
          0,           0,        2510,      -1.352987939,       1.577205144,       1.312900287,       4.284708738,       1.355990689,       3.031261978
          0,           0,        2511,      -1.308442307,       1.586204329,       1.375270822,       4.299096896,       1.400270667,       3.026405666
          0,           0,        2512,      -1.291569289,       1.593285735,       1.399860344,       4.362469134,       1.400934117,       3.099903221
          0,           0,        2513,      -1.265470148,       1.590541345,       1.568728639,       4.345610413,       1.361105809,       3.134974712
          0,           0,        2514,      -1.220513029,       1.587311029,       1.611188471,       4.365884683,       1.370377457,       3.153249591
          0,           0,        2515,      -1.269716522,       1.588474068,       1.450213903,       4.376504625,       1.405767906,        3.25450976
          0,           0,        2516,      -1.328181985,       1.583717738,         1.3936732,       4.302842266,       1.398472537,       3.167810312
          0,           0,        2517,      -1.357112642,       1.576395513,       1.322108339,        4.25397773,       1.361143723,       3.064442055
          0,           0,        2518,      -1.335354546,       1.578253281,       1.325011522,       4.334338584,       1.364260168,       3.015794952
          0,           0,        2519,      -1.300265941,       1.589489697,       1.382839528,       4.321481726,       1.403390817,       3.111231379
          0,           0,        2520,      -1.283868824,       1.601829912,       1.443696193,       4.311259828,       1.343966956,        3.13829797
          0,           0,        2521,      -1.322298288,       1.493163178,       1.523110984,       4.319955363,       1.115360818,       2.993134376
          0,           0,        2522,      -1.397442089,        1.41262981,       1.521131445,       4.211865636,       1.076925254,       2.919940085
          0,           0,        2523,      -1.543547042,        1.27202439,       1.234351111,       4.100167044,       1.079069521,       2.837047862
          0,           0,        2524,      -1.519437451,       1.353830385,       1.184427728,        4.22405535,       1.105903212,       2.882240556
          0,           0,        2525,      -1.499758136,       1.450246259,       1.127078456,       4.186462347,       1.150400529,       2.888339834
          0,           0,        2526,      -1.431846235,       1.483734596,       1.191204062,       4.194583709,       1.201964848,       2.870815565
          0,           0,        2527,       -1.37201265,       1.533994279,        1.26973179,       4.314137046,       1.268220805,       2.814321163
          0,           0,        2528,      -1.343781131,       1.564360318,       1.300862452,       4.286349398,       1.339550541,       2.893625556
          0,           0,        2529,      -1.311670055,       1.588250801,       1.379105135,        4.28498952,        1.41731528,       2.873426037
          0,           0,        2530,      -1.275691158,        1.59145712,       1.541768887,       4.382261205,       1.409167234,       2.845143205
          0,           0,        2531,      -1.237140846,       1.583643069,         1.5710494,       4.389948372,       1.348501903,       3.026563577
          0,           0,        2532,      -1.393702099,       1.471489135,       1.368666237,       4.236029223,       1.109220647,       3.086714034
          0,           0,        2533,      -1.526124866,       1.184380414,        1.27309916,       4.187275809,       1.088820981,       2.962773348
          0,           0,        2534,       -1.57098784,       1.333215703,       1.151450491,       4.094502678,       1.116298775,       2.974626172
          0,           0,        2535,      -1.535969627,       1.359103866,       1.123898517,       4.097578719,       1.107556629,       2.936929271
          0,           0,        2536,      -1.493699164,       1.401046678,       1.156414431,       4.234085223,       1.150416515,       2.930834136
          0,           0,        2537,      -1.410134679,       1.488619583,       1.230407166,       4.266402368,       1.197007295,       3.010908803
          0,           0,        2538,      -1.356805229,       1.531834703,       1.300397889,       4.286339103,       1.253511857,       3.033030521
          0,           0,        2539,      -1.310644026,       1.577297672,       1.423478639,       4.365498331,       1.301672888,       2.957494996
          0,           0,        2540,      -1.270890533,       1.568016132,        1.58283157,       4.357164957,       1.267172842,       2.916340986
          0,           0,        2541,      -1.375581763,       1.447723827,       1.360649313,       4.244198214,        1.10447073,       2.954824913
          0,           0,        2542,      -1.557857507,       1.392419965,       1.253608059,       4.165490637,       1.071019358,       2.822584167
          0,           0,        2543,      -1.580623935,       1.228714287,       1.169933992,       4.097056543,       1.075246047,       2.852621724
          0,           0,        2544,      -1.536000304,       1.323453248,       1.155219522,       4.134367304,       1.100050962,       2.877707983
          0,           0,        2545,      -1.487412829,       1.432104788,       1.150037038,          4.238715,       1.151158803,       2.783552685
          0,           0,        2546,      -1.426603739,       1.464625851,       1.215215979,       4.225132975,       1.153838215,       2.694415632
          0,           0,        2547,      -1.527759876,       1.307003688,       1.151018194,       4.113050156,       1.053194292,        2.67586785
          0,           0,        2548,      -1.616962984,       1.213864025,       1.063212444,       4.004640154,       1.028250644,       2.596032166
          0,           0,        2549,      -1.730753648,      0.9950622531,      0.9485124064,       3.925416402,       1.027262133,       2.556407563
          0,           0,        2550,      -1.789630443,      0.9739329526,      0.8832964079,       4.028382318,       1.028535153,       2.537585498
          0,           0,        2551,      -1.794030645,      0.9574516844,      0.8762681582,       3.890824505,       1.030195315,       2.526015071
          0,           0,        2552,      -1.877717231,      0.9386194312,      0.7597671055,        3.79457636,       1.032784288,       2.528632299
          0,           0,        2553,      -1.943009419,      0.9219611824,      0.6438114533,        3.99583694,       1.036176371,       2.550857901
          0,           0,        2554,      -1.900483762,      0.9179785203,      0.7099080524,       3.824585634,       1.039641848,        2.53960081
          0,           0,        2555,       -1.83146472,      0.9030963753,      0.8028645293,        3.83889078,       1.045250562,       2.566300037
          0,           0,        2556,      -1.786909543,      0.8932206033,      0.8550328463,       4.049588366,       1.051330783,       2.547859186
          0,           0,        2557,      -1.634167976,      0.9322630237,       1.054159999,       3.999463528,       1.056549071,       2.560358907
          0,           0,        2558,      -1.496851636,       1.106765682,       1.239216518,       4.102233999,       1.065234451,       2.613725724
          0,           0,        2559,        -1.5073359,       1.085053078,       1.227336346,        4.19696272,       1.073302357,       2.669813833
          0,           0,        2560,      -1.511612389,       1.067402575,       1.216259792,       4.141466946,        1.07882272,       2.630355399
          0,           0,        2561,      -1.501525581,       1.054944699,       1.210235964,       4.152303548,       1.092424805,       2.564635566
          0,           0,        2562,      -1.427935638,       1.177747071,       1.310296343,       4.286354684,         1.2391526,       2.547788184
          0,           0,        2563,      -1.402242269,       1.294336908,       1.330572298,        4.26700848,        1.26498859,       2.544311469
          0,           0,        2564,      -1.343264608,        1.47423904,       1.461847504,       4.266515627,        1.33759992,       2.783341647
          0,           0,        2565,      -1.278858979,       1.520482472,         1.5200359,       4.361709622,        1.39406012,       3.054525185
          0,           0,        2566,      -1.292955918,       1.545196479,       1.450544699,       4.329141652,       1.359341266,       3.177217477
          0,           0,        2567,      -1.450825812,       1.426578132,       1.327105167,       4.191341263,       1.183714644,       3.151965523
          0,           0,        2568,        -1.4929599,       1.206287061,       1.293359076,       4.190877145,       1.186048796,       3.007799611
          0,           0,        2569,      -1.618073707,       1.288138323,       1.107066828,       4.055299267,       1.187324195,       2.959835138
          0,           0,        2570,      -1.493748782,       1.322078835,       1.206261124,       4.134345744,       1.186584313,       2.943556591
          0,           0,        2571,      -1.441500123,       1.366307761,       1.259457786,       4.277535052,       1.213665758,       3.006497669
          0,           0,        2572,      -1.408631687,       1.466999777,        1.28093543,       4.278828511,       1.238029091,       3.045675506
          0,           0,        2573,       -1.40009398,       1.484867068,       1.273576343,       4.255517536,       1.280198105,       3.049407688
          0,           0,        2574,      -1.338819763,       1.527829579,       1.505042792,       4.347806392,        1.27254822,       3.008053524
          0,           0,        2575,      -1.369715534,        1.42190357,       1.447450941,       4.261807303,       1.159658766,       2.952260857
          0,           0,        2576,      -1.580305281,       1.091706676,       1.225721379,        4.08620623,       1.134812897,       2.912134509
          0,           0,        2577,       -1.53673136,       1.289922973,       1.206372632,       4.187060792,       1.145423904,        2.89321369
          0,           0,        2578,      -1.551375926,       1.290865724,       1.143609454,       4.154970344,       1.151510033,       2.872002596
          0,           0,        2579,      -1.567948559,       1.328287863,       1.084951622,       4.134789759,       1.171445195,       2.837629224
          0,           0,        2580,       -1.46024657,       1.448513246,       1.197965194,       4.277608764,       1.211823191,       2.774743467
          0,           0,        2581,      -1.364298079,       1.489890684,       1.420415607,       4.289317859,       1.328789292,       2.783375994
          0,           0,        2582,      -1.256909983,       1.547539547,       1.606571152,       4.358429775,       1.347026606,        2.98467393
          0,           0,        2583,      -1.246170476,       1.552827276,       1.537661108,       4.406601861,       1.299305364,       3.189550825
          0,           0,        2584,      -1.420660848,       1.443864702,       1.372287413,       4.230370374,       1.150855977,       3.163870096
          0,           0,        2585,      -1.549893602,       1.382673911,       1.259531007,       4.112744572,       1.131056494,       2.910886791
          0,           0,        2586,      -1.602585457,       1.184330007,       1.172106779,       4.150416174,       1.123143416,       2.876343091
          0,           0,        2587,      -1.542689903,       1.287062597,       1.169982958,       4.155718023,       1.135069736,       2.852796319
          0,           0,        2588,      -1.472842176,       1.411710824,       1.207917487,       4.175002263,       1.165045195,        2.92625345
          0,           0,        2589,       -1.43063016,       1.439751975,       1.232339582,       4.275502199,       1.218539605,       3.059808331
          0,           0,        2590,      -1.348280983,       1.528665917,       1.335562948,       4.294590189,       1.359176529,       3.156133528
          0,           0,        2591,       -1.33941272,        1.55154931,       1.329559393,       4.296224214,       1.332031102,       3.110753813
          0,           0,        2592,       -1.45422079,       1.433343635,       1.221249648,        4.26449925,       1.214711456,       2.987509349
          0,           0,        2593,      -1.402332078,        1.47810833,       1.400878742,       4.238944198,       1.241935307,       3.001805144
          0,           0,        2594,      -1.312420623,       1.530683213,       1.503546813,       4.290438291,       1.325441801,       3.097656619
          0,           0,        2595,      -1.301636112,       1.558278313,        1.43543293,       4.361605224,       1.328810658,       3.207383252
          0,           0,        2596,      -1.434320368,       1.455335724,        1.33152882,       4.215758274,       1.154242372,       3.133926121
          0,           0,        2597,      -1.567103055,       1.384557192,       1.208944006,       4.100329718,       1.129234605,        3.00541405
          0,           0,        2598,       -1.56457443,       1.191130404,       1.170663738,       4.169658761,        1.12289749,       2.926885434
          0,           0,        2599,      -1.541982493,            1.2938,       1.158769398,       4.146486429,       1.139245691,       2.918659056
          0,           0,        2600,      -1.490131195,       1.399291043,       1.166078153,       4.172729417,       1.166564625,       2.938480412
          0,           0,        2601,      -1.416214008,       1.452070931,       1.262996373,        4.29320748,       1.213266727,       3.034505093
          0,           0,        2602,      -1.401259705,       1.509259859,       1.262882999,       4.269131519,       1.263551866,       3.092182584
          0,           0,        2603,      -1.366448283,       1.532304635,       1.406379437,       4.293029206,       1.257996051,       3.074645422
          0,           0,        2604,      -1.357650944,       1.428331808,       1.543885381,       4.311379518,       1.155071729,       2.980456353
          0,           0,        2605,      -1.574566354,        1.37046604,       1.210501572,       4.087729814,       1.119430626,       2.823613844
          0,           0,        2606,        -1.6333873,      0.9720112381,        1.15849953,        4.01439897,       1.118678905,       2.687630593
          0,           0,        2607,      -1.646283455,       1.040856811,       1.107937963,         4.1073594,       1.122613044,       2.638765538
          0,           0,        2608,      -1.680152814,      0.9297658636,       1.044444451,       4.009947768,       1.124698494,       2.638646916
          0,           0,        2609,      -1.648776551,      0.9646790153,        1.04988551,       4.017664602,       1.129742201,       2.684289163
          0,           0,        2610,      -1.664692018,      0.8999023861,       1.020180588,        4.15030101,       1.134387007,       2.709756492
          0,           0,        2611,      -1.565085071,        1.00882128,       1.134254362,       4.129897966,       1.139657098,       2.711973147
          0,           0,        2612,      -1.461501935,        1.10369604,       1.249839351,       4.198110867,       1.147552954,       2.704446546
          0,           0,        2613,       -1.49504071,       1.233180238,        1.19172683,       4.260199727,       1.185864976,       2.705843199
          0,           0,        2614,      -1.402461463,       1.462814187,       1.303953069,       4.268832642,       1.259068036,       2.718334302
          0,           0,        2615,      -1.323166295,       1.515744912,       1.387723425,       4.308455606,       1.378861549,       2.737808498
          0,           0,        2616,      -1.304494802,       1.552991685,       1.436390861,       4.357324327,       1.408829267,       2.696994762
          0,           0,        2617,      -1.258819565,       1.545783837,       1.596988176,       4.370546823,       1.350830305,       2.845872934
          0,           0,        2618,      -1.343945608,       1.435363255,       1.415337254,       4.275899589,       1.192722208,       2.932900682
          0,           0,        2619,      -1.505214732,       1.373895795,        1.28782205,       4.193149308,       1.161622131,       2.819932314
          0,           0,        2620,      -1.597936548,      0.9833527087,       1.208719852,       4.067876654,       1.170707962,       2.725993454
          0,           0,        2621,      -1.672274741,        1.03425999,       1.107040025,       3.977562039,       1.172634396,       2.742057837
          0,           0,        2622,      -1.612983425,       0.929390796,       1.114818617,       4.138945387,       1.165798689,       2.743845847
          0,           0,        2623,      -1.625762714,      0.9672880839,       1.082630388,       4.053049068,       1.160557559,        2.70628557
          0,           0,        2624,      -1.550281804,      0.9386112813,       1.148118648,       4.121016135,       1.153827363,       2.672732953
          0,           0,        2625,      -1.563253694,        1.04620051,       1.136815211,       4.210402889,       1.150931227,       2.701894829
          0,           0,        2626,      -1.523264137,       1.192499283,       1.168909136,       4.194638082,       1.162157803,       2.812021606
          0,           0,        2627,      -1.394455942,       1.344731126,       1.331366852,       4.260476785,       1.254178831,       2.904224821
          0,           0,        2628,      -1.362196105,       1.494166209,       1.356566299,       4.338204557,       1.249737749,       2.861311694
          0,           0,        2629,      -1.471591915,       1.372933013,       1.245074131,       4.195873912,       1.145516864,       2.742739708
          0,           0,        2630,      -1.659823288,       1.020855535,       1.081598418,       4.019342377,       1.139272444,       2.592603368
          0,           0,        2631,      -1.581868211,       1.170356832,       1.127421681,       4.146411983,       1.134611603,        2.52827067
          0,           0,        2632,      -1.556837548,       1.091581905,       1.151946731,       4.124837024,       1.138875458,       2.524901701
          0,           0,        2633,      -1.454042942,       1.209642361,       1.444462826,       4.191694416,       1.141736143,       2.616645055
          0,           0,        2634,      -1.408135749,       1.346059853,        1.41909192,        4.30457801,       1.146574982,       2.822387518
          0,           0,        2635,      -1.541321365,       1.217658103,       1.245684553,       4.112874377,        1.12298681,       2.841431699
          0,           0,        2636,      -1.698585161,      0.7328570875,       1.100015223,       3.992348111,       1.119718511,       2.753143248
          0,           0,        2637,      -1.780858387,      0.6550950366,       1.043862849,        3.91358453,       1.120037528,       2.707629093
          0,           0,        2638,       -1.77909117,      0.6429973739,       1.019904494,       4.055423795,       1.120482696,       2.680816165
          0,           0,        2639,      -1.753543748,      0.6487941315,        1.01729473,       3.943127451,       1.120213879,       2.665361673
          0,           0,        2640,      -1.759425641,      0.6748325372,      0.9897079194,       3.922617811,       1.120981395,        2.65327734
          0,           0,        2641,      -1.598632487,       1.029356048,        1.16290189,       4.126782164,       1.122485045,       2.651202901
          0,           0,        2642,       -1.60054495,      0.8854910664,       1.132374998,       4.074217836,       1.123026208,       2.652090414
          0,           0,        2643,      -1.578636927,      0.8277056552,       1.135151168,       4.098899981,       1.124109619,       2.641275181
          0,           0,        2644,      -1.616930217,      0.7504735641,       1.085462816,       4.187055662,       1.125652658,       2.657196649
          0,           0,        2645,      -1.635763822,      0.8154913414,       1.080916779,       4.091744118,       1.129118216,       2.695196977
          0,           0,        2646,      -1.491265258,       1.034052888,       1.255313095,       4.160170675,       1.142426252,        2.70751029
          0,           0,        2647,      -1.404140673,       1.129369111,       1.343252044,       4.288710008,       1.255951188,       2.668504602
          0,           0,        2648,      -1.417595874,       1.160103307,       1.317188971,       4.242909403,       1.215737734,       2.727021004
          0,           0,        2649,      -1.550958047,       1.123804339,       1.161471898,       4.122828956,          1.142334,       2.576159011
          0,           0,        2650,      -1.645567597,      0.9291713838,       1.080311345,       4.099644162,       1.137002109,       2.466452368
          0,           0,        2651,      -1.721089433,       0.683094613,      0.9907725566,       3.954649295,       1.136813368,       2.373509081
          0,           0,        2652,      -1.814885116,      0.6368883264,      0.9034302947,       3.887309342,       1.136361928,       2.326635627
          0,           0,        2653,      -1.813982053,      0.6274722189,      0.9035340032,        3.87062257,       1.136329797,       2.302029796
          0,           0,        2654,      -1.832138192,      0.6154187608,       0.882825046,        3.85019566,       1.136284242,        2.27980619
          0,           0,        2655,       -1.84994428,      0.6048858272,       0.860805135,       3.839074441,       1.136220657,        2.25893036
          0,           0,        2656,      -1.890532474,      0.5859069282,      0.8102971947,       3.836950058,       1.136157545,       2.239341526
          0,           0,        2657,      -1.944258696,      0.5644040058,      0.7371118501,       3.794378087,       1.136206526,       2.222115948
          0,           0,        2658,      -1.993781425,       0.548233765,      0.6501314822,       3.917361972,       1.136081055,       2.203876867
          0,           0,        2659,      -2.002094085,      0.5425451368,      0.6123350636,        3.77628527,       1.136108702,       2.185429749
          0,           0,        2660,      -2.007195839,      0.5384003152,      0.6142524115,       3.747076287,       1.135733754,        2.16756416
          0,           0,        2661,      -1.929836526,      0.5647782076,      0.7118596697,       3.992630874,       1.135252221,       2.151569141
          0,           0,        2662,      -1.863721247,      0.5776121677,      0.7975595965,       3.852063769,       1.134935362,        2.14517782
          0,           0,        2663,      -1.783705199,       0.614429452,      0.8983538146,       3.889125086,        1.13398511,       2.138573761
          0,           0,        2664,      -1.769009926,      0.7073807506,      0.9278611321,       4.054096111,       1.133193968,       2.184118744
          0,           0,        2665,       -1.55928056,         1.0341874,       1.186211316,       4.069702217,       1.133077794,       2.194666496
          0,           0,        2666,      -1.602720219,      0.8180332337,       1.115809195,       4.032695549,       1.132467831,       2.277782256
          0,           0,        2667,      -1.620700133,       0.758541878,       1.083413674,       4.130710566,       1.132626806,       2.292869589
          0,           0,        2668,      -1.655237027,      0.6800776844,       1.045569423,       4.013250113,       1.133222564,       2.421896345
          0,           0,        2669,      -1.621506767,      0.7113658183,       1.082349462,       3.991450098,       1.135427045,       2.340874071
          0,           0,        2670,      -1.532447272,       0.914402682,       1.196584559,       4.181943867,       1.144921436,       2.362200283
          0,           0,        2671,      -1.486735137,      0.9156773112,       1.415114051,       4.163440114,       1.162976943,       2.579550883
          0,           0,        2672,       -1.38740631,       1.071225348,       1.481487004,       4.214896334,       1.262400029,        2.89388387
          0,           0,        2673,      -1.384219666,       1.208532551,       1.421532697,       4.311936701,       1.227102401,       3.099699004
          0,           0,        2674,      -1.482601031,       1.199748945,       1.335041782,       4.162786195,       1.140679902,       2.998043013
          0,           0,        2675,       -1.57378884,      0.9961811015,       1.206576409,       4.057216414,       1.147576291,       2.874348529
          0,           0,        2676,      -1.631667923,      0.9086522234,       1.108570049,       4.132262451,       1.137769012,       2.826284163
          0,           0,        2677,       -1.54714296,      0.9551507463,       1.189436848,        4.13417522,        1.13903166,        2.76874805
          0,           0,        2678,      -1.637879347,      0.7711247367,       1.091862239,       4.047284152,       1.135259257,       2.728989025
          0,           0,        2679,      -1.711346857,      0.6902413282,       0.996885029,       3.969828778,       1.136409309,       2.731916365
          0,           0,        2680,      -1.681706483,      0.7015310518,       1.019674275,       4.019096872,       1.134537599,        2.75754687
          0,           0,        2681,      -1.686836004,      0.7448180648,       1.019264679,       4.132333766,       1.142047424,       2.867502215
          0,           0,        2682,      -1.534633161,      0.9260001991,       1.188557788,       4.144553597,       1.170737675,       2.900514299
          0,           0,        2683,       -1.48409423,       1.001774547,       1.237058043,       4.169954244,        1.17905384,       2.921488345
          0,           0,        2684,      -1.456454775,       1.172747796,       1.287163219,       4.265866629,       1.258862871,       2.886485934
          0,           0,        2685,      -1.445845996,       1.312951771,       1.300439616,         4.2317518,       1.278719631,       2.884069189
          0,           0,        2686,      -1.373534557,       1.484076674,       1.392646315,       4.258500357,       1.283020959,       2.827872192
          0,           0,        2687,      -1.422352291,       1.371726212,       1.321077843,        4.28084572,       1.184350172,       2.784190114
          0,           0,        2688,      -1.531711638,       1.151363741,       1.216598674,       4.109191696,       1.159596624,       2.689166081
          0,           0,        2689,      -1.630308686,      0.9465817735,       1.113835517,       4.014656571,       1.165155568,       2.600481578
          0,           0,        2690,      -1.636703511,      0.8795253569,       1.086436949,       4.099302544,       1.165377319,       2.535620362
          0,           0,        2691,      -1.575334236,      0.8508273495,       1.130701883,       4.074219007,       1.163257197,       2.532069845
          0,           0,        2692,      -1.562498673,      0.8243267263,       1.142867617,       4.079383841,       1.162784704,        2.55034517
          0,           0,        2693,       -1.54943897,      0.8164648976,       1.148975988,       4.185670836,       1.163414451,       2.549594746
          0,           0,        2694,      -1.592580178,      0.7715005233,       1.104040522,       4.111558706,        1.16285692,       2.562644016
          0,           0,        2695,      -1.582191106,      0.7774418703,       1.115944085,       4.107991226,       1.166557158,       2.564943486
          0,           0,        2696,      -1.482639549,      0.9963818731,       1.255496019,       4.252906867,       1.215855507,       2.554854705
          0,           0,        2697,      -1.404964007,       1.144449449,       1.359880119,       4.255917304,       1.242840914,       2.562532062
          0,           0,        2698,      -1.340011128,       1.248355693,       1.475068314,       4.288522602,       1.261282662,        2.62904642
          0,           0,        2699,      -1.470321373,       1.207349852,       1.293203728,        4.25423639,       1.191115413,       2.641159726
          0,           0,        2700,      -1.590364677,       1.088663307,        1.18614087,       4.049323212,       1.174834435,        2.46726927
          0,           0,        2701,      -1.636371312,      0.8552326288,       1.132242857,       4.015235634,       1.177476963,       2.378504842
          0,           0,        2702,      -1.647730456,      0.7588020172,       1.086558741,       4.109339411,       1.177121032,       2.372790396
          0,           0,        2703,      -1.672791258,      0.7102726601,       1.044532661,       4.018608964,       1.174895619,        2.38221255
          0,           0,        2704,      -1.688111315,      0.6822392171,       1.016892638,        3.98397259,       1.174337006,       2.365634586
          0,           0,        2705,      -1.679175603,      0.6824821247,       1.021511023,        4.12728152,       1.175400087,       2.375887408
          0,           0,        2706,      -1.608927415,      0.7180994489,       1.092446591,       4.102281165,       1.176228877,       2.428842158
          0,           0,        2707,      -1.629745196,      0.7278144504,       1.066774718,       4.084736437,       1.178612102,       2.442491575
          0,           0,        2708,      -1.676738405,      0.7281484305,        1.03804373,       4.130916497,       1.180093923,       2.395949959
          0,           0,        2709,      -1.593373175,      0.8033892481,       1.111435745,       4.098705144,       1.181084811,       2.417342533
          0,           0,        2710,      -1.726604876,      0.6193050917,      0.9701904816,       3.965454168,       1.179258988,        2.33448692
          0,           0,        2711,      -1.784881721,      0.5629298938,      0.8987905174,       3.906877415,       1.179602923,       2.330165938
          0,           0,        2712,      -1.854310206,       0.534994209,      0.8159027811,       4.012470677,       1.180053475,       2.339957296
          0,           0,        2713,      -1.819457298,      0.5334877989,      0.8454714628,        3.89093248,       1.180473727,       2.308172889
          0,           0,        2714,      -1.789579261,      0.5949555677,       0.878873218,       3.898840206,       1.180700614,       2.336365328
          0,           0,        2715,      -1.706711216,      0.6249803537,      0.9692446682,       4.077237399,       1.181461953,       2.382646913
          0,           0,        2716,       -1.54214493,      0.8062685045,        1.16791065,       4.104724654,       1.182008406,        2.42194383
          0,           0,        2717,      -1.508453778,       1.054946228,       1.233644125,       4.140767153,       1.181752197,       2.401705736
          0,           0,        2718,       -1.56517942,      0.9119591363,       1.159864271,       4.211313794,       1.182845304,       2.325532762
          0,           0,        2719,      -1.537354466,      0.8749239679,       1.189058458,       4.159448954,       1.189306107,       2.330808993
          0,           0,        2720,      -1.527799964,      0.8629814728,       1.279174332,       4.143874218,       1.205386744,       2.495752518
          0,           0,        2721,      -1.389089541,       1.052992285,       1.530115699,       4.292778649,       1.245147346,        2.77967592
          0,           0,        2722,      -1.525952718,      0.9369332905,        1.24436036,       4.130863334,       1.193845739,       2.779425386
          0,           0,        2723,      -1.613841864,        0.81185623,       1.160925585,       4.035740605,       1.190445843,       2.654131084
          0,           0,        2724,      -1.698552189,      0.6776228396,       1.082013156,       3.960405315,       1.190815167,       2.584779717
          0,           0,        2725,      -1.788986351,      0.6046590778,       1.011305737,       4.024260975,       1.191300616,       2.557574783
          0,           0,        2726,      -1.774472232,      0.5669045526,       1.005274426,       3.924065376,       1.191498623,       2.536962556
          0,           0,        2727,      -1.883325749,      0.5036314504,      0.9107518235,       3.825982892,       1.191983391,       2.530365103
          0,           0,        2728,      -1.873586844,      0.4760909117,      0.8908170483,       4.020481253,       1.192418035,       2.532620224
          0,           0,        2729,       -1.92410122,      0.4665826262,      0.8221034521,       3.835155755,       1.192098714,       2.551114071
          0,           0,        2730,      -1.785005484,      0.5527238889,      0.9387332019,       3.885792141,       1.192378173,       2.568867863
          0,           0,        2731,      -1.664983217,      0.6229036672,       1.047331857,       4.107626709,       1.192814286,       2.568775896
          0,           0,        2732,      -1.706671706,      0.7392214031,       1.018648378,       3.977492253,       1.192733052,       2.565474483
          0,           0,        2733,      -1.565737651,       1.031359608,       1.187043539,       4.065985468,       1.193687143,        2.54565894
          0,           0,        2734,      -1.612086989,      0.8500880553,       1.117307426,       4.168043761,        1.19554224,        2.55439557
          0,           0,        2735,      -1.538937387,      0.8225840684,       1.171252885,       4.173032492,         1.1974521,       2.551969541
          0,           0,        2736,      -1.524737243,       0.848861029,       1.191387607,       4.154691822,       1.207960801,        2.59246644
          0,           0,        2737,      -1.491355134,      0.9838022958,       1.239981258,          4.250282,       1.213287582,       2.649267007
          0,           0,        2738,      -1.587803421,      0.9610890587,       1.156239238,       4.077750991,       1.203403593,       2.459915186
          0,           0,        2739,      -1.723033571,      0.7593696597,      0.9974483566,       3.965076386,       1.200494062,       2.425437178
          0,           0,        2740,       -1.77638684,      0.6591393329,      0.9411238037,        3.88497911,       1.200733216,       2.371529506
          0,           0,        2741,      -1.863839409,      0.6081738981,      0.8559517862,       4.010509938,       1.200991018,        2.35586456
          0,           0,        2742,      -1.861229629,      0.5883862475,      0.8577174872,       3.838362403,        1.20105444,       2.347812704
          0,           0,        2743,       -1.90111278,      0.5565133837,      0.8152729674,       3.809154598,       1.201326501,       2.338376849
          0,           0,        2744,      -1.940073723,      0.5243413419,      0.7699622103,       4.000224555,       1.201643595,       2.326719377
          0,           0,        2745,      -2.010196344,      0.4722115252,      0.6790478743,       3.777443605,       1.201686222,       2.318949426
          0,           0,        2746,      -2.038803736,      0.4366396831,      0.6367756327,       3.746785798,       1.202066916,       2.310836329
          0,           0,        2747,      -1.975730346,      0.4400506172,      0.6964045886,       3.994259495,       1.202579947,       2.314571969
          0,           0,        2748,      -1.822070462,      0.5131816958,       0.868960218,       3.877646908,       1.202637089,       2.306855394
          0,           0,        2749,      -1.816665185,      0.5273748859,      0.8820558132,       3.861278027,       1.203336937,       2.314516801
          0,           0,        2750,      -1.874270427,      0.4671116914,      0.8074437377,       4.030679429,       1.204443992,        2.32817851
          0,           0,        2751,      -1.721690897,      0.5555134589,      0.9697825418,       3.974797946,       1.205102907,       2.331374519
          0,           0,        2752,      -1.575576257,      0.6953246532,       1.125303398,       4.045985216,       1.205990325,       2.362447026
          0,           0,        2753,       -1.63007537,       0.658572742,        1.07793988,       4.103940585,       1.206887129,       2.265442509
          0,           0,        2754,      -1.762692591,      0.5495058692,      0.9404961754,       3.899528676,       1.206894637,       2.208275424
          0,           0,        2755,       -1.93493693,      0.4144951268,      0.7545980406,       3.782463925,       1.207150879,       2.181460475
          0,           0,        2756,      -2.102530883,       0.326974314,      0.5294710459,       3.591710978,       1.207400776,       2.161857741
          0,           0,        2757,       -2.09875641,      0.3276016511,      0.5396835821,       3.656057061,       1.207595628,       2.147444984
          0,           0,        2758,      -2.054118769,      0.3773462168,      0.6077003117,       3.961507479,        1.20793957,       2.134424828
          0,           0,        2759,      -2.021270203,      0.5054115911,      0.6712845195,       3.768187612,       1.208035206,       2.117324886
          0,           0,        2760,       -2.17858568,      0.2998781723,      0.4198508727,        3.68502137,        1.20827415,       2.106231755
          0,           0,        2761,      -2.140281808,      0.3158254715,       0.480306025,       3.683283578,       1.208554775,       2.100697566
          0,           0,        2762,      -2.018988462,      0.3678817677,       0.649825653,       3.973975753,        1.20891375,       2.098877817
          0,           0,        2763,      -2.018907581,      0.4032312689,      0.6560892456,       3.752598103,       1.209018417,       2.086408968
          0,           0,        2764,      -2.122903187,      0.3593175358,      0.5047939298,       3.672749172,       1.209287305,       2.090228444
          0,           0,        2765,      -2.245066293,      0.2737616419,       0.281498393,       3.565720968,       1.209639813,       2.088361715
          0,           0,        2766,      -2.122745342,      0.3326789428,      0.5132904807,        3.95306941,       1.210055602,       2.090773932
          0,           0,        2767,      -2.023754004,      0.4696618557,      0.6630397845,       3.779549417,       1.210318438,       2.114490336
          0,           0,        2768,      -1.979151478,      0.3960087355,      0.7021431446,       3.761301635,       1.210935365,       2.121219935
          0,           0,        2769,      -1.929639179,      0.4316135758,      0.7591906418,       3.997191601,       1.211717702,       2.133186482
          0,           0,        2770,      -1.885142201,      0.4593308845,      0.8082306784,         3.8653369,       1.212126832,       2.201444307
          0,           0,        2771,      -1.743123511,      0.5512696914,      0.9588856574,       3.909016592,       1.212999657,       2.214803462
          0,           0,        2772,      -1.671434852,      0.7301040374,       1.039210284,       4.098276298,       1.214125076,       2.217196466
          0,           0,        2773,      -1.557399727,         1.0214018,       1.185438322,       4.075926663,       1.214474852,       2.269822076
          0,           0,        2774,      -1.636651071,       0.846904285,       1.092346533,       3.996133307,       1.215077536,       2.320505974
          0,           0,        2775,      -1.589078037,      0.7992544336,       1.117722408,       4.142389291,       1.216510687,       2.409247713
          0,           0,        2776,       -1.59215104,      0.7352059569,       1.113423093,       4.059356334,       1.217601478,       2.378489205
          0,           0,        2777,      -1.595559642,      0.7661279217,       1.117995701,       4.039599752,       1.227571816,        2.32377755
          0,           0,        2778,      -1.468738968,       1.075498753,       1.276361683,       4.229338193,       1.241022529,       2.373096217
          0,           0,        2779,      -1.388021489,       1.128105557,       1.499757002,       4.242938119,       1.275744364,       2.532639054
          0,           0,        2780,      -1.456694988,       1.056519478,       1.365591677,       4.175893142,       1.227148294,       2.595096749
          0,           0,        2781,       -1.63743003,       0.868625982,       1.160591161,       4.095750711,       1.221737072,       2.491406991
          0,           0,        2782,      -1.672386201,      0.7638081215,       1.101621672,       3.980945815,       1.222225965,       2.408553027
          0,           0,        2783,      -1.736759457,      0.7096249982,       1.050245157,       3.917519599,       1.222211828,       2.392830424
          0,           0,        2784,      -1.743558665,      0.6630197551,       1.030113991,       3.890265744,       1.222200608,       2.385426942
          0,           0,        2785,      -1.841191097,      0.6062208146,      0.9408552442,       3.997772101,       1.222235126,       2.380845415
          0,           0,        2786,      -1.829801306,      0.5732634658,      0.9262731003,       3.886691783,       1.222652715,       2.380861005
          0,           0,        2787,      -1.874190052,      0.5375491919,      0.8509646321,       3.832372581,       1.222150956,       2.377683686
          0,           0,        2788,      -1.740212569,      0.5835776516,      0.9612758001,       4.056770502,       1.221999462,       2.374534848
          0,           0,        2789,      -1.648355087,      0.6447739917,       1.061580055,       4.006324122,       1.222340934,       2.371895722
          0,           0,        2790,      -1.630396202,      0.6687711983,       1.080625999,       4.027612497,       1.221776436,       2.417703541
          0,           0,        2791,      -1.635753152,      0.6708092339,       1.069873239,       4.156467022,       1.222428681,       2.419269063
          0,           0,        2792,      -1.763046835,      0.5674911634,      0.9402282759,       3.917887125,       1.222343399,       2.357701123
          0,           0,        2793,      -1.773985912,      0.5313768285,      0.9312622271,       3.880060332,       1.222312724,       2.346824271
          0,           0,        2794,      -1.912715265,       0.447561827,      0.7795318912,       3.992352545,       1.222267811,       2.353838623
          0,           0,        2795,      -1.892584392,      0.6446808505,      0.8131009014,        3.84045888,       1.222086945,       2.346064365
          0,           0,        2796,      -1.681684383,       1.008979791,       1.087601688,       3.964169159,       1.222039411,          2.357767
          0,           0,        2797,      -1.674646776,      0.7283740239,       1.035459731,        4.11867482,       1.221868097,       2.390931631
          0,           0,        2798,      -1.600394525,      0.7371709672,       1.106556998,        4.08977109,       1.221327489,       2.429231476
          0,           0,        2799,      -1.703838588,      0.6413903268,       1.001075632,       4.013847163,       1.221271651,       2.437197405
          0,           0,        2800,      -1.674148007,      0.6221507714,       1.014039235,       4.149117734,       1.221980353,       2.503632997
          0,           0,        2801,      -1.631022739,      0.7410496214,       1.073710373,        4.07659457,       1.224380206,       2.440425786
          0,           0,        2802,      -1.496667813,      0.8516226733,       1.238372368,       4.140717283,       1.225492053,       2.545876668
          0,           0,        2803,      -1.533635868,      0.9819128757,       1.212664322,       4.187191205,       1.224485037,       2.427906672
          0,           0,        2804,      -1.658999471,       1.013984553,       1.116574938,       4.006804483,       1.222507597,       2.356757331
          0,           0,        2805,      -1.833384489,      0.5554379783,      0.8666120575,       3.861168394,       1.222657457,       2.288181737
          0,           0,        2806,      -1.942816135,      0.4727922679,       0.749855231,       3.781607144,       1.222658262,       2.259164873
          0,           0,        2807,       -2.03407336,      0.3849714656,      0.6443109958,       3.979770879,       1.222619332,       2.230511562
          0,           0,        2808,      -2.065542666,      0.3591504481,      0.5953502416,       3.758590915,       1.222240802,       2.204839632
          0,           0,        2809,      -1.994504179,      0.3802269286,      0.6955607737,       3.757164358,       1.222038991,       2.184677672
          0,           0,        2810,       -1.95501652,      0.4177928356,      0.7329266135,       4.004931085,       1.221696365,       2.172766291
          0,           0,        2811,      -2.021382318,      0.3702766775,      0.6600701217,       3.798612214,       1.220642089,       2.170806169
          0,           0,        2812,      -1.814932005,      0.4974470689,      0.8905149214,       3.868998634,       1.219868442,       2.156486665
          0,           0,        2813,      -1.769255408,      0.5429257126,      0.9353481233,       4.056833431,        1.22020833,       2.181889227
          0,           0,        2814,      -1.885716613,       0.435382016,      0.7963704399,       3.836172399,         1.2197224,       2.118146156
          0,           0,        2815,      -1.919982391,      0.4121411993,      0.7632665121,       3.754395074,       1.219512159,       2.089755689
          0,           0,        2816,      -1.952548465,      0.3898015698,      0.7308515658,       3.970057532,        1.21924379,       2.064204381
          0,           0,        2817,       -1.99700614,      0.3590140018,      0.6806502428,       3.740481357,       1.218534617,       2.044079124
          0,           0,        2818,      -2.074455979,      0.3020056131,      0.5787471236,       3.711710975,       1.218172477,        2.07904747
          0,           0,        2819,      -1.999080953,      0.3550869621,      0.6677570563,       3.986945472,       1.217762554,       2.061841173
          0,           0,        2820,      -1.805486221,      0.5175040607,      0.8948613482,       3.873101089,        1.21667148,       2.046212511
          0,           0,        2821,      -1.730703395,       0.693045656,       0.982321352,       3.934243967,       1.216259931,       2.123087732
          0,           0,        2822,      -1.568218561,       1.021415821,       1.184651405,       4.131889521,       1.216054488,       2.158741279
          0,           0,        2823,      -1.575643514,      0.8433845118,       1.149137967,       4.070704366,       1.214925739,       2.282487732
          0,           0,        2824,        -1.6259955,      0.7406125977,       1.080701773,       4.010953296,       1.215065165,       2.159014194
          0,           0,        2825,      -1.711698594,      0.6514147679,       0.994890978,       4.084773866,       1.215632817,       1.996241114
          0,           0,        2826,      -1.827652465,      0.5782931076,      0.8740447255,        3.87847382,       1.215369381,       1.900768413
          0,           0,        2827,      -1.838447071,      0.5777000635,      0.8696322455,       3.837157654,       1.215365389,       1.880288421
          0,           0,        2828,      -1.897250364,      0.5097724332,      0.8016582547,       3.993960507,       1.215378462,       1.872747133
          0,           0,        2829,      -1.891956974,      0.5130673017,       0.814651915,       3.813243097,       1.215076496,       1.884376408
          0,           0,        2830,      -1.871443343,      0.5175265774,      0.8310449843,       3.816312346,       1.215050662,       1.882609999
          0,           0,        2831,      -1.927472625,      0.4636020293,      0.7646654082,       3.981790646,       1.215070406,       1.857062193
          0,           0,        2832,       -1.95170736,       0.426232874,      0.7285943363,       3.771100348,       1.214502648,       1.893091023
          0,           0,        2833,       -1.81934155,      0.5097617957,      0.8737389928,        3.85309731,       1.214305365,       1.943828701
          0,           0,        2834,      -1.600581322,      0.6801881261,       1.108972936,       4.122433222,       1.214239489,       1.997503684
          0,           0,        2835,      -1.570231399,      0.6756911832,       1.137163271,       4.083802484,        1.21309498,       2.175377291
          0,           0,        2836,      -1.654915108,      0.6477292788,       1.048702458,       4.040410724,       1.211967216,       2.228236921
          0,           0,        2837,      -1.561662083,      0.9599718229,       1.167781811,       4.205464519,       1.211521388,       2.256674138
          0,           0,        2838,      -1.500187433,       1.075619349,       1.252016595,        4.16660487,       1.212583941,       2.263057585
          0,           0,        2839,       -1.57472433,      0.8944594781,       1.152368131,       4.103285877,       1.213715156,       2.319521596
          0,           0,        2840,      -1.553843989,      0.8777734827,       1.170714104,       4.168634205,       1.214211966,         2.2344885
          0,           0,        2841,      -1.687132706,      0.7319701571,       1.029254603,       3.981829047,       1.211449421,       2.079525564
          0,           0,        2842,      -1.806381884,      0.6299554854,      0.9124260822,       3.883496453,       1.211672583,       2.009464892
          0,           0,        2843,       -1.85578703,      0.6032544916,      0.8681971504,       3.840146228,       1.211785877,        1.97926603
          0,           0,        2844,      -1.871853772,      0.5846009982,       0.853298959,       4.008476682,       1.211858363,       1.957194632
          0,           0,        2845,      -1.906376005,      0.5622815258,      0.8192266386,       3.826260218,       1.211781828,       1.937847743
          0,           0,        2846,      -1.941513739,      0.5405230869,       0.782697787,       3.805108182,       1.211835119,       1.921063572
          0,           0,        2847,      -1.963184994,       0.525032702,      0.7589228014,       3.919052877,       1.211891317,        1.90619498
          0,           0,        2848,      -1.983664693,      0.5105599927,      0.7354744352,       3.798328333,       1.211809344,       1.893022963
          0,           0,        2849,      -2.000629661,      0.4987294914,      0.7159846663,       3.767323378,       1.211806671,       1.882573672
          0,           0,        2850,      -1.993252569,      0.4974875127,      0.7243431244,       3.983146423,       1.211780318,       1.874145618
          0,           0,        2851,       -1.96684627,      0.5004388968,      0.7490801959,       3.807789234,       1.211509613,       1.863671448
          0,           0,        2852,      -1.973539048,         0.4919756,      0.7365305472,       3.758214325,       1.211398254,       1.860879109
          0,           0,        2853,      -1.986292717,      0.4806909131,      0.7127896358,       3.986948565,        1.21123932,       1.838734317
          0,           0,        2854,      -1.929019999,      0.5101924289,      0.7709948051,       3.837780722,       1.210550683,       1.812292892
          0,           0,        2855,      -1.988827629,       0.459897037,      0.6794300978,       3.758224645,       1.210088149,       1.808591907
          0,           0,        2856,      -1.813771619,      0.5508434386,      0.8638813906,       4.031709724,       1.210474939,       1.818353799
          0,           0,        2857,      -1.803211559,      0.5380801954,       0.884756017,       3.871222343,       1.210171399,       1.685588616
          0,           0,        2858,      -1.829348621,      0.5205721561,      0.8525425447,       3.841203013,         1.2101674,       1.664084557
          0,           0,        2859,      -2.098997811,      0.3790642486,      0.4987675473,       3.701506761,       1.210136514,       1.636917908
          0,           0,        2860,      -2.083231698,      0.3845754719,      0.5261846568,       3.694600434,       1.209927307,       1.623061021
          0,           0,        2861,      -2.052598232,      0.4052108701,      0.5742054979,       3.950300255,       1.209944397,       1.623174581
          0,           0,        2862,      -2.036261059,      0.4120520716,      0.5938650036,       3.700924056,       1.209724662,       1.634375091
          0,           0,        2863,      -2.031280128,      0.4130833151,      0.5948637908,       3.710032024,       1.209624021,       1.648406286
          0,           0,        2864,      -2.033315628,       0.411069123,       0.583472739,       3.951624551,       1.209496038,        1.65998816
          0,           0,        2865,      -2.041229889,      0.4073700925,      0.5599100358,       3.726089134,        1.20929723,       1.648454496
          0,           0,        2866,      -2.045795885,      0.4055185613,      0.5454071587,       3.694501713,       1.209241563,       1.636381366
          0,           0,        2867,       -2.04882891,       0.404942065,      0.5327856667,       3.695763087,       1.209144792,       1.642658768
          0,           0,        2868,      -2.051235192,       0.404860378,      0.5191503537,        3.95094949,       1.209025126,       1.625525212
          0,           0,        2869,      -2.053465048,      0.4048989142,      0.5026873149,       3.716265885,       1.208607034,       1.636968834
          0,           0,        2870,      -2.055583449,      0.4042763744,      0.4829039448,       3.684609822,       1.208419898,       1.616751618
          0,           0,        2871,      -2.046555987,      0.4055152489,      0.4864169488,       3.965679689,       1.208204012,       1.609584791
          0,           0,        2872,      -2.052014281,      0.4049081336,      0.4566310702,       3.740257592,       1.207455537,       1.594824105
          0,           0,        2873,      -2.050163695,      0.4045271922,      0.4442004289,       3.724145332,        1.20712161,       1.582114877
          0,           0,        2874,      -2.054284776,      0.4018843977,      0.4253756864,       3.985850814,       1.206808928,       1.645093019
          0,           0,        2875,      -2.018405005,      0.4333810563,      0.5138007279,       3.805060498,       1.205599856,       1.614667737
          0,           0,        2876,      -1.673263037,        1.00919127,       1.077927237,       3.934350386,       1.204837751,       1.740432028
          0,           0,        2877,      -1.644747062,      0.9100976924,       1.088747414,       4.111262334,       1.204448527,       1.890205375
          0,           0,        2878,      -1.529622643,      0.8413565611,       1.180003958,       4.104183852,        1.20412084,       2.082310625
          0,           0,        2879,      -1.593113596,      0.7640674358,       1.118033526,       4.030406962,        1.20295971,       1.922227121
          0,           0,        2880,      -1.595381909,       0.699102062,       1.110471295,       4.114295541,       1.202461352,       1.969685559
          0,           0,        2881,      -1.601907653,      0.6931007445,       1.105553568,       4.052573274,       1.202353653,        1.97987811
          0,           0,        2882,      -1.654182108,      0.6467534646,       1.048408296,       3.991714106,       1.199742848,       2.052717546
          0,           0,        2883,      -1.579393839,      0.6974451933,       1.143135161,        4.15737527,       1.199178202,       2.249002621
          0,           0,        2884,      -1.525629318,      0.8508020381,       1.297192281,        4.15386305,       1.200954249,       2.333620491
          0,           0,        2885,      -1.682072599,      0.6297914448,       1.052892105,       4.015803495,       1.199273286,       2.350608697
          0,           0,        2886,      -1.739383948,      0.5762059475,       1.010038346,       3.934273265,       1.198802355,       2.201162891
          0,           0,        2887,      -1.779827197,      0.5445629974,      0.9799283713,       4.017223455,       1.198728053,        2.12386459
          0,           0,        2888,      -1.798751782,      0.5271504915,      0.9648422647,        3.87270872,       1.198752511,       2.088184703
          0,           0,        2889,       -1.82781739,      0.5130592054,       0.940760748,       3.860670353,       1.198556932,       2.064617439
          0,           0,        2890,      -1.785296766,      0.5218118876,        0.96861671,       4.010772106,       1.198352857,       2.046478665
          0,           0,        2891,      -1.878293857,      0.4714147687,      0.8812629953,       3.840634433,       1.198257517,       2.037425167
          0,           0,        2892,      -1.897712969,      0.4490878147,      0.8435576867,       3.815479259,        1.19787416,       2.035251352
          0,           0,        2893,      -1.990921526,      0.3904918981,      0.7343535267,       3.983232143,       1.197519201,       2.033162437
          0,           0,        2894,      -1.967483139,      0.4718215417,      0.7367712911,         3.8113446,       1.197292377,       2.023233317
          0,           0,        2895,      -1.746255842,      0.8999016494,        1.00299866,       3.916077711,       1.196661469,       2.018215251
          0,           0,        2896,      -1.705921985,      0.7085500657,        1.00987765,        4.07538132,       1.196841929,       1.949266543
          0,           0,        2897,      -1.918025308,      0.4731669944,      0.7812036596,       3.806827936,       1.196517244,       1.904726571
          0,           0,        2898,      -1.925842307,       0.434521136,      0.7735464519,       3.974282705,       1.196206216,       1.933976874
          0,           0,        2899,      -1.901633538,      0.4382854474,      0.7953411445,       3.873744748,       1.195887456,       1.893209755
          0,           0,        2900,      -1.837732946,      0.4593871563,      0.8603519012,       3.901658259,       1.195375622,       1.887651774
          0,           0,        2901,      -1.671278884,      0.6097690303,       1.029442963,        4.12197562,        1.19487493,       1.945879433
          0,           0,        2902,      -1.628162177,      0.6272196202,        1.07558359,       4.068625596,       1.194151593,       2.077619334
          0,           0,        2903,      -1.640806638,      0.6055412096,       1.065688744,       4.044063257,       1.193605702,       2.101377974
          0,           0,        2904,      -1.724394223,      0.7745518301,       1.005927601,       4.123502043,       1.193931846,       2.153538813
          0,           0,        2905,       -1.52557353,       1.030299236,       1.227203389,       4.135630896,       1.194791102,       1.965559018
          0,           0,        2906,      -1.436948742,         1.0394486,       1.461980721,        4.17845738,       1.198564064,       2.329868437
          0,           0,        2907,      -1.520023442,       0.912484191,       1.245109614,       4.189032119,       1.196379922,       2.380153718
          0,           0,        2908,        -1.5659329,      0.8701253801,         1.1841881,       4.149607652,       1.196110773,       2.299315315
          0,           0,        2909,      -1.627066104,      0.8127607298,       1.117137329,       3.996498598,        1.19591321,       2.213404787
          0,           0,        2910,      -1.738427755,      0.7528870147,       1.010209693,       4.048889248,       1.196006921,       2.125867424
          0,           0,        2911,      -1.769642434,      0.7126263674,      0.9807653435,       3.909528916,       1.195717478,       2.048680877
          0,           0,        2912,      -1.870295217,      0.6492564836,       0.885352267,       3.820463051,       1.195766504,       2.008358073
          0,           0,        2913,      -1.916428181,      0.5929581556,      0.8416586603,       4.000211623,       1.195695147,       2.025915647
          0,           0,        2914,      -2.049529553,      0.5007352145,      0.7209164904,       3.764656752,       1.194739172,       2.072813713
          0,           0,        2915,      -2.006071948,      0.4807985105,      0.7395558974,       3.743373819,       1.194282182,       2.111981487
          0,           0,        2916,      -1.749136143,       0.608701471,      0.9744045445,       4.069236198,       1.193454766,       2.194216898
          0,           0,        2917,      -1.615061843,      0.6860471455,        1.09921832,       4.030856058,       1.191105716,       2.265468465
          0,           0,        2918,      -1.587128057,      0.7118339418,       1.123660937,       4.032342694,       1.189661851,       2.223479003
          0,           0,        2919,      -1.664847941,      0.6807636541,       1.042806596,       4.122041492,       1.188683484,         2.1345303
          0,           0,        2920,      -1.617986211,      0.7040880762,       1.078922338,       4.081181789,       1.186644978,       2.230377723
          0,           0,        2921,       -1.60085775,      0.7714196991,       1.107876358,       4.081453825,       1.192497636,       2.245584742
          0,           0,        2922,      -1.578095278,      0.9862382643,       1.166051496,       4.217671146,        1.20892398,       2.424798056
          0,           0,        2923,      -1.393045437,       1.203289698,       1.369545683,       4.251542574,       1.296335825,       2.357829824
          0,           0,        2924,       -1.32201013,       1.246252821,       1.557294412,       4.280670789,       1.305984977,       2.683958046
          0,           0,        2925,      -1.278238143,       1.310502013,       1.580467249,       4.366502619,       1.339839757,       3.005979097
          0,           0,        2926,      -1.310245081,       1.392099915,       1.498726956,        4.31654342,       1.370353711,        3.21673301
          0,           0,        2927,      -1.360497849,        1.51748609,        1.41520843,       4.250945464,       1.386722947,       3.235335209
          0,           0,        2928,      -1.346494952,        1.52969822,       1.392574242,       4.308325297,       1.395460413,       3.166239558
          0,           0,        2929,      -1.322573043,       1.544817717,       1.387192284,       4.297975374,       1.406717121,       3.083306981
          0,           0,        2930,      -1.301561919,       1.538635423,        1.42154299,       4.293163601,       1.395497152,       2.985850969
          0,           0,        2931,       -1.29927741,       1.548126522,       1.521118289,       4.338257635,       1.405091834,       3.029736844
          0,           0,        2932,      -1.241177925,       1.569281836,        1.58886718,        4.35307022,       1.407960004,        3.20513089
          0,           0,        2933,      -1.296790233,        1.56935448,       1.456080756,       4.315522811,        1.20406144,       3.146510095
          0,           0,        2934,      -1.331023928,       1.529264754,       1.424734175,       4.259669175,       1.207392795,       3.082552108
          0,           0,        2935,       -1.39822475,       1.469360087,       1.374516173,        4.21109251,       1.210977809,       3.007471613
          0,           0,        2936,      -1.469705895,       1.388887874,       1.324880982,       4.140307872,       1.214421533,       2.921565854
          0,           0,        2937,      -1.524120917,       1.276311116,       1.294468716,       4.140735917,       1.217258687,       2.827083915
          0,           0,        2938,      -1.593682086,       1.146372761,       1.248911736,       4.025307272,       1.218504379,       2.736154585
          0,           0,        2939,      -1.631052796,       1.078044183,       1.221660616,       3.974124659,       1.218642772,        2.65305246
          0,           0,        2940,      -1.681968369,       1.082001966,       1.177270528,       4.060497909,       1.218315591,       2.589683526
          0,           0,        2941,       -1.69093499,       1.057165192,       1.144767369,       3.950266422,       1.216787023,        2.56150539
          0,           0,        2942,      -1.593736591,       1.035553839,       1.187981625,       4.021464926,       1.214245603,       2.571675237
          0,           0,        2943,      -1.614359088,       1.002897568,       1.146787046,       4.112032848,       1.210171556,       2.609492434
          0,           0,        2944,      -1.551372757,      0.9970818888,       1.179177052,       4.067240144,       1.203833038,       2.675898291
          0,           0,        2945,      -1.533365364,       0.985998352,       1.186729716,       4.088136495,        1.20056234,       2.780403133
          0,           0,        2946,      -1.544031032,      0.9683562234,        1.15269783,       4.203166524,       1.198444116,       2.907728061
          0,           0,        2947,      -1.566635718,      0.9545407869,       1.138443384,       4.156230212,       1.198408902,       3.041340519
          0,           0,        2948,      -1.509813209,      0.9858765716,       1.196445725,       4.159220943,       1.205244951,        3.10336413
          0,           0,        2949,      -1.448144354,       1.090659455,       1.275966888,         4.2602133,       1.262203724,       3.132655573
          0,           0,        2950,      -1.446136823,       1.199077152,       1.271969854,       4.239699659,       1.288968846,       3.118280823
          0,           0,        2951,      -1.415270177,       1.394943964,       1.298801569,       4.220896915,        1.36012468,       3.157989559
          0,           0,        2952,      -1.375657018,       1.471799549,       1.309961937,       4.295905322,       1.401682983,       3.130313364
          0,           0,        2953,      -1.310891314,       1.565136716,       1.431598507,       4.314985321,        1.41799341,         3.0338406
          0,           0,        2954,       -1.25821259,       1.552112716,       1.599796005,       4.339400633,       1.403086375,       2.946241673
          0,           0,        2955,      -1.238784973,        1.55744192,       1.563478654,       4.390318183,       1.412225626,        3.19045165
          0,           0,        2956,      -1.287599452,       1.550412903,       1.464900716,       4.320136729,       1.403018179,       3.291619819
          0,           0,        2957,      -1.322014054,       1.555700934,       1.406867285,       4.282455178,       1.393186633,       3.261451537
          0,           0,        2958,      -1.335776751,       1.550447169,        1.35683953,       4.338299399,       1.401178297,       3.184787001
          0,           0,        2959,      -1.311252458,       1.575068603,       1.387721594,        4.31375351,       1.416856645,       3.181580688
          0,           0,        2960,      -1.362903271,       1.564721676,        1.35938348,       4.238723598,       1.413327784,       3.153453557
          0,           0,        2961,      -1.301106328,       1.562843181,       1.530369397,       4.347802839,       1.395599981,       3.186317434
          0,           0,        2962,      -1.217282574,       1.573457114,       1.600572771,       4.391208347,       1.397007979,       3.245096697
          0,           0,        2963,       -1.25985511,       1.583019333,       1.475861631,       4.343342434,       1.430194897,       3.235830627
          0,           0,        2964,      -1.315383086,       1.575791299,       1.410812665,       4.341861435,       1.429726128,       2.982751748
          0,           0,        2965,      -1.317864565,       1.581935401,       1.398913701,       4.311903458,       1.419704743,       2.916188273
          0,           0,        2966,      -1.346616659,       1.574710898,       1.335824495,       4.274978927,       1.405736601,        3.02792382
          0,           0,        2967,      -1.324237766,       1.576759074,       1.407996775,       4.343576002,       1.422131501,       3.194295841
          0,           0,        2968,      -1.269879517,       1.572244072,       1.572086852,       4.335147978,       1.418044727,       3.136613335
          0,           0,        2969,      -1.252991261,       1.568513997,       1.522077727,        4.34209241,       1.394372504,        3.16338851
          0,           0,        2970,       -1.29435654,       1.570099756,       1.436468735,       4.361208437,       1.392049904,       3.227005078
          0,           0,        2971,      -1.277366627,       1.594281559,       1.459649735,       4.339611961,       1.423554938,       3.098722041
          0,           0,        2972,      -1.283883405,       1.601506609,       1.442572765,       4.320116784,       1.418949586,       2.996552531
          0,           0,        2973,      -1.332897005,       1.589112063,        1.37215904,       4.330162398,       1.396910553,        3.14282842
          0,           0,        2974,      -1.317728635,       1.585681744,       1.369560518,       4.309353153,       1.389951689,       3.227289263
          0,           0,        2975,      -1.286158163,         1.5850061,       1.524162443,       4.314747204,       1.411073531,       3.251755899
          0,           0,        2976,      -1.221367236,       1.580072578,       1.615952269,       4.405933761,       1.409624293,       3.205090748
          0,           0,        2977,      -1.273989873,       1.571277305,       1.443638967,       4.338932077,       1.374542533,       3.303165804
          0,           0,        2978,      -1.325807248,       1.574218016,       1.395928957,        4.28417833,        1.37330244,       3.266794583
          0,           0,        2979,      -1.305429459,       1.582917096,       1.408361458,       4.351358618,       1.413498522,       3.151884874
          0,           0,        2980,       -1.33673742,       1.577924465,        1.34279165,       4.292441155,       1.410113872,       3.078274483
          0,           0,        2981,       -1.34494239,       1.577196728,       1.323547027,       4.271666695,       1.379561688,       3.199749476
          0,           0,        2982,      -1.302543975,       1.597616228,       1.394471511,       4.350758752,       1.379047129,       3.251973874
          0,           0,        2983,      -1.250874816,       1.597116798,       1.587342548,       4.354534247,        1.40570451,       3.244270131
          0,           0,        2984,      -1.199926301,       1.588194987,       1.634228789,       4.389397473,       1.402339499,        3.20710063
          0,           0,        2985,      -1.272439692,        1.57840404,       1.435350737,       4.368082994,       1.374033509,       3.298320235
          0,           0,        2986,      -1.344550228,       1.574586307,       1.371126612,       4.288134564,       1.372047232,       3.234777791
          0,           0,        2987,      -1.318251139,       1.582156314,       1.383624243,       4.291901946,       1.406481895,        3.13834457
          0,           0,        2988,      -1.300019187,       1.592006443,       1.397107845,       4.346449716,       1.406534372,       3.081129319
          0,           0,        2989,      -1.338722934,       1.581898011,       1.333662931,       4.296568059,       1.375713935,       3.157129887
          0,           0,        2990,      -1.342542753,        1.58425616,       1.345255952,       4.266881707,       1.374101128,        3.19201031
          0,           0,        2991,      -1.248686673,       1.595734479,       1.579324312,       4.372281866,       1.404996599,       3.170077343
          0,           0,        2992,      -1.204715624,       1.587600541,       1.620358201,       4.397284167,       1.404233184,       3.249295291
          0,           0,        2993,      -1.283869759,       1.575847063,       1.419963427,       4.320047261,       1.373122777,       3.296213762
          0,           0,        2994,      -1.357605962,        1.57375496,       1.348125419,       4.308167799,       1.373659195,       3.221836118
          0,           0,        2995,      -1.307211674,       1.592702175,       1.408269057,       4.312622832,       1.406921149,       3.114030822
          0,           0,        2996,      -1.311092821,       1.595827146,       1.393695776,       4.283791356,         1.4046644,       3.025342374
          0,           0,        2997,      -1.347830877,       1.580047063,       1.322686123,       4.288646891,       1.383057227,       3.110123753
          0,           0,        2998,      -1.312803797,       1.582120036,       1.392092676,       4.313349363,       1.379304916,       3.152053537
          0,           0,        2999,      -1.258143378,       1.585279501,       1.553633453,       4.338872247,       1.405291727,       3.125708152
