"Time_Iter","Outer_Iter","Inner_Iter",    "rms[Rho]"    ,    "rms[RhoU]"   ,    "rms[RhoV]"   ,    "rms[RhoE]"   ,     "rms[k]"     ,     "rms[w]"     
          0,           0,           0,     0.05107596859,       2.850070731,       2.285763158,       5.515034759,       3.542877878,       4.011649675
          0,           0,           1,     -0.1129689587,       2.693326323,       2.116668846,        5.35948572,       3.442975685,       3.636839863
          0,           0,           2,     -0.2747976139,       2.539414686,       1.966931111,       5.208642147,       3.335803146,        3.35433671
          0,           0,           3,     -0.4135734744,       2.398897225,       1.862698032,       5.080475296,       3.227579655,        3.22537262
          0,           0,           4,     -0.5202902062,       2.278263066,       1.795233208,       4.979150641,       3.128425037,       3.158974035
          0,           0,           5,     -0.5981886271,       2.174660822,       1.760458602,       4.907911731,       3.049140647,        3.11613061
          0,           0,           6,     -0.6578503182,       2.089487797,       1.719677404,       4.840547795,       2.993959864,       3.151535786
          0,           0,           7,     -0.7177786635,       2.016123683,       1.673642803,       4.781779206,       2.958019318,       3.218399848
          0,           0,           8,     -0.7791943974,        1.94796875,        1.65021064,       4.708360636,       2.926878327,       3.247683293
          0,           0,           9,      -0.845157179,       1.878740994,       1.654088076,       4.651849319,       2.902811775,       3.320404675
          0,           0,          10,     -0.9175391824,       1.816152774,        1.56356664,       4.636725085,       2.883420757,       3.159200274
          0,           0,          11,     -0.9782377322,       1.764435159,       1.528642462,        4.68596728,       2.867224784,       3.187284865
          0,           0,          12,      -1.029854105,       1.730400019,       1.506750242,       4.711753309,       2.855774387,       3.290877997
          0,           0,          13,      -1.064417297,       1.709654089,        1.48462978,        4.69125714,       2.847836702,       3.345055484
          0,           0,          14,       -1.06532933,       1.693838887,       1.590973322,       4.681611803,       2.841110302,        3.31367494
          0,           0,          15,      -1.045712782,       1.686501094,       1.630353288,       4.695642858,       2.835614679,       3.328098316
          0,           0,          16,      -1.069764797,       1.687752438,       1.501847629,       4.699832089,        2.83281207,        3.38998139
          0,           0,          17,      -1.070784261,       1.700468376,       1.495496135,       4.709018676,       2.835784275,       3.396560029
          0,           0,          18,       -1.06363768,       1.703841571,        1.48665151,       4.742063536,         2.8451913,       3.408556413
          0,           0,          19,      -1.045255554,       1.702701761,       1.471608374,       4.733827464,       2.857961279,       3.368549626
          0,           0,          20,      -1.027458006,       1.699598264,       1.486341151,       4.714864506,       2.870448918,       3.287529476
          0,           0,          21,     -0.9937902934,         1.7010558,       1.637024256,       4.717256269,       2.880983295,       3.211038579
          0,           0,          22,     -0.9639297266,       1.707703919,       1.618713814,       4.758865502,       2.890811086,       3.194740115
          0,           0,          23,     -0.9798246195,       1.713684692,       1.546215891,       4.764275202,       2.900165357,       3.189483479
          0,           0,          24,     -0.9978134709,       1.710031898,       1.538557702,       4.741883997,       2.906920407,       3.156832683
          0,           0,          25,      -1.019823327,       1.692695811,       1.495526366,       4.708592872,       2.908460521,       3.344824219
          0,           0,          26,      -1.040271064,       1.672918245,       1.477715252,       4.675861317,        2.90716926,       3.538176754
          0,           0,          27,     -0.9995998132,       1.712863235,       1.672740183,        4.68427746,       2.905888123,       3.641309991
          0,           0,          28,      -1.011614678,       1.693204574,       1.702132697,       4.644867081,       2.900680164,       3.680858124
          0,           0,          29,      -1.016882774,       1.665658773,       1.681014857,       4.626559994,       2.892929817,       3.617768714
          0,           0,          30,      -1.058457778,       1.624455648,       1.536380962,       4.602008115,       2.886402071,        3.52546528
          0,           0,          31,       -1.09080891,       1.605022815,       1.479268567,       4.570642117,       2.881408696,       3.348896623
          0,           0,          32,      -1.095620431,       1.595159099,       1.441140163,       4.611798616,       2.878564563,       3.264736663
          0,           0,          33,      -1.074689974,        1.61323193,       1.470325248,       4.547235369,       2.878583337,       3.242818783
          0,           0,          34,      -1.033249953,       1.659461961,       1.589506617,       4.542604538,       2.882495719,       3.333425121
          0,           0,          35,      -1.038391206,       1.658643571,       1.545319193,       4.538520833,       2.887408199,       3.363347443
          0,           0,          36,      -1.032163803,       1.645558071,        1.62432859,       4.536277857,       2.894127827,       3.310406353
          0,           0,          37,      -1.012114047,       1.647400021,       1.656769936,       4.544227532,       2.902803734,       3.280889029
          0,           0,          38,      -1.034824208,        1.65213007,       1.483591756,       4.528402881,       2.912177245,       3.341888685
          0,           0,          39,      -1.044461618,       1.661289932,       1.445414626,       4.572653804,       2.922043712,       3.330058298
          0,           0,          40,       -1.03904108,       1.671278187,       1.410380274,       4.623354033,       2.930963156,       3.270353211
          0,           0,          41,      -1.018152317,         1.6919147,       1.462993331,       4.685648684,       2.939616756,       3.165931838
          0,           0,          42,      -1.004076777,       1.702687364,       1.475860469,       4.701630996,       2.947047657,       3.134325834
          0,           0,          43,     -0.9958824149,       1.715190004,       1.465852186,        4.77203513,       2.953899173,       3.127648439
          0,           0,          44,     -0.9822625716,       1.720272557,       1.611552903,       4.752311314,        2.96012631,       3.112725629
          0,           0,          45,     -0.9750437123,       1.707577468,        1.64626281,       4.773020103,        2.96479915,        3.26980265
          0,           0,          46,     -0.9799815367,       1.706937611,        1.53604472,       4.770801134,       2.968670474,       3.367645476
          0,           0,          47,     -0.9925438644,       1.698925958,       1.494272455,        4.75799413,       2.972465189,       3.322904478
          0,           0,          48,     -0.9928644695,       1.693352587,        1.46692852,       4.742541006,       2.977570121,       3.221539056
          0,           0,          49,     -0.9911731059,       1.681636561,       1.442694327,       4.729826338,       2.982883509,       3.074726905
          0,           0,          50,     -0.9596447282,       1.708438627,       1.575471653,        4.73591929,       2.991418195,       3.125573936
          0,           0,          51,     -0.9691314419,        1.69282249,       1.572152475,       4.738341591,       2.999735996,       3.160355329
          0,           0,          52,     -0.9522523456,       1.689686903,       1.630462116,        4.73904653,       3.009542944,       3.123764614
          0,           0,          53,     -0.9508567656,       1.668313329,       1.641514052,       4.771899833,       3.019657923,       3.263774012
          0,           0,          54,     -0.9621921351,       1.666584889,       1.495219771,       4.732108265,       3.031699852,         3.3458642
          0,           0,          55,     -0.9625541398,       1.655603358,        1.47742992,       4.712862726,       3.043194961,       3.275529994
          0,           0,          56,     -0.9347408355,       1.694788514,       1.597364426,       4.699195603,       3.056062893,       3.201402656
          0,           0,          57,     -0.9393552248,       1.677088711,       1.538325293,       4.697846054,       3.067085328,       3.074675702
          0,           0,          58,     -0.9394505595,       1.676136399,       1.514935733,        4.69154717,        3.07795705,       3.096850354
          0,           0,          59,     -0.9191244524,       1.687649249,       1.647249422,       4.677803881,       3.087968236,       3.090033526
          0,           0,          60,      -0.896912305,       1.695501623,       1.687583559,       4.690063649,       3.097839869,       3.203887009
          0,           0,          61,     -0.9146365882,       1.680419028,       1.579200137,        4.67696368,       3.105112124,       3.334003226
          0,           0,          62,      -0.924990968,       1.668340551,       1.521300002,       4.714577034,       3.111415397,       3.274728112
          0,           0,          63,     -0.9240524317,       1.711100037,       1.456026333,       4.681767867,       3.115778544,       3.159200998
          0,           0,          64,     -0.9164125196,       1.705387892,       1.447678443,       4.670003579,         3.1191196,       3.124810853
          0,           0,          65,     -0.9169235927,       1.701992187,       1.440830268,       4.652645375,       3.120456517,       3.079783719
          0,           0,          66,     -0.9093867412,       1.706567455,       1.598773924,       4.666139525,       3.120814384,       3.013767953
          0,           0,          67,     -0.8926485843,       1.714250664,       1.646387585,       4.722970198,       3.119101841,       3.187013638
          0,           0,          68,     -0.8978963411,       1.723867029,       1.515263504,       4.679796221,       3.116318873,       3.344209718
          0,           0,          69,     -0.9031964351,       1.734845969,        1.50461623,        4.66435208,        3.11147421,       3.321659667
          0,           0,          70,     -0.9032198916,       1.743662181,       1.496703577,       4.658542586,       3.105785277,       3.241722373
          0,           0,          71,     -0.9056178553,       1.739479875,       1.465886924,       4.651387884,        3.09854963,       3.163993454
          0,           0,          72,     -0.9076846591,       1.734040123,        1.44772741,       4.697891136,       3.090626046,       3.136189088
          0,           0,          73,     -0.9029568043,       1.731065425,       1.495748338,       4.666534889,       3.081246685,       3.066852381
          0,           0,          74,     -0.9045532192,       1.724829102,       1.563389607,       4.681413854,       3.071523345,       3.030978901
          0,           0,          75,     -0.9032866485,         1.7175621,       1.615748118,       4.680423143,       3.060637315,       3.248880453
          0,           0,          76,     -0.9105612843,       1.717709111,        1.50431328,       4.664546094,       3.049603217,       3.315543453
          0,           0,          77,     -0.9182827399,        1.70753291,       1.483928927,       4.699883109,       3.037813389,       3.258172872
          0,           0,          78,     -0.9210161299,       1.701895249,       1.466735072,       4.665189361,       3.026147842,       3.172743365
          0,           0,          79,     -0.9214042221,       1.699663576,       1.456812126,        4.65676806,       3.013871046,       3.074977111
          0,           0,          80,     -0.9226282914,       1.691952686,       1.500095262,       4.640007549,       3.001777265,        3.07671475
          0,           0,          81,     -0.9077848574,       1.690963991,       1.632756132,       4.649561583,       2.989534736,       3.129157763
          0,           0,          82,     -0.9045726113,       1.698919807,       1.570943081,       4.699434225,       2.977927161,       3.220022746
          0,           0,          83,      -0.911922661,       1.708769273,       1.523867963,       4.658243984,        2.96635328,       3.289368186
          0,           0,          84,     -0.9182833094,       1.710935664,       1.499490268,       4.632270086,       2.955315088,       3.185732475
          0,           0,          85,     -0.8963666717,       1.748063887,        1.60608897,       4.660797258,       2.944938285,       3.049755604
          0,           0,          86,     -0.9133970513,       1.733765325,       1.517200523,       4.653933428,       2.935004081,       3.124891236
          0,           0,          87,     -0.9189213149,       1.728513059,       1.467726452,       4.703756828,        2.92544244,       3.204779934
          0,           0,          88,     -0.9206778974,        1.72488949,       1.586653845,       4.652437336,       2.916920431,        3.18789064
          0,           0,          89,     -0.8965856042,       1.743597626,       1.697164148,       4.659787936,       2.909028395,       3.164712281
          0,           0,          90,     -0.9156420988,       1.739401287,       1.567952907,        4.64369326,        2.90194134,       3.295561162
          0,           0,          91,     -0.9387370319,       1.719569822,       1.501868643,       4.642219679,        2.89518199,       3.278010424
          0,           0,          92,      -0.948605249,       1.715990631,       1.470229192,        4.67544212,       2.888801823,       3.181747795
          0,           0,          93,     -0.9512282048,       1.719877066,       1.485728425,       4.633176451,       2.882308657,       3.119872491
          0,           0,          94,     -0.9563790931,       1.713352359,       1.479611636,       4.615512563,       2.875809342,       3.169012013
          0,           0,          95,     -0.9386100446,       1.734402203,       1.586331614,       4.646085011,       2.869376556,       3.213414355
          0,           0,          96,     -0.9516307578,       1.714194645,       1.631154701,       4.610444527,       2.860754744,       3.219467553
          0,           0,          97,     -0.9391194147,       1.710304288,       1.667162387,       4.666830002,       2.851294573,       3.273671911
          0,           0,          98,     -0.9605109814,       1.704572036,       1.506938509,       4.618224705,       2.841751018,       3.320408957
          0,           0,          99,     -0.9782589119,       1.704036532,       1.472069909,       4.610385974,       2.831843018,       3.266192674
          0,           0,         100,     -0.9738333435,       1.710313814,       1.482655832,       4.604844744,       2.821579938,       3.159793818
          0,           0,         101,     -0.9749245834,       1.710563494,       1.469693701,       4.597165098,       2.810961653,       3.073379707
          0,           0,         102,     -0.9824908342,       1.702915034,       1.414647439,       4.604317349,       2.800805789,       3.169704054
          0,           0,         103,     -0.9843346287,        1.70029448,       1.414390574,       4.658155928,       2.790497925,       3.240205945
          0,           0,         104,     -0.9666364142,       1.705973376,       1.590699939,       4.613905002,       2.780455965,       3.225247322
          0,           0,         105,     -0.9554665436,       1.697144876,       1.628863084,       4.610662306,       2.769694666,       3.259875612
          0,           0,         106,     -0.9648188851,       1.699064894,        1.47244099,       4.600805811,       2.761535503,          3.300779
          0,           0,         107,      -0.953887329,       1.712941584,       1.527384454,       4.628855669,       2.754867173,       3.197085347
          0,           0,         108,     -0.9725602775,       1.700882296,       1.440821064,       4.584497006,       2.748793333,       3.092920622
          0,           0,         109,     -0.9778589045,       1.697274337,        1.39584161,       4.576462148,       2.744466015,       3.049001623
          0,           0,         110,     -0.9697503037,       1.706424186,       1.444341868,       4.594662431,        2.74198173,        3.17199786
          0,           0,         111,     -0.9683324806,        1.70506553,       1.474623415,       4.658417394,       2.737641375,       3.214805055
          0,           0,         112,     -0.9722367642,       1.691451136,       1.547719483,       4.568916346,        2.73753831,        3.06442911
          0,           0,         113,     -0.9797660972,       1.680971484,       1.556537862,       4.525706522,       2.738055663,       2.894670955
          0,           0,         114,     -0.9980101511,       1.676456971,       1.319308819,        4.46550798,       2.739008772,       2.715603285
          0,           0,         115,      -1.003070916,       1.671967191,        1.27746569,       4.469042515,       2.740031743,        2.69229276
          0,           0,         116,      -1.004633983,       1.668234849,       1.273418529,       4.475771152,       2.741110406,       2.740241675
          0,           0,         117,      -1.010445032,       1.663657581,       1.240029054,        4.48044587,       2.742338345,       2.778570375
          0,           0,         118,      -1.013585526,       1.660289556,       1.230608593,       4.568815937,       2.743684599,       2.787942707
          0,           0,         119,      -1.015985007,       1.657599127,       1.226419938,       4.523987158,       2.745343016,       2.838674575
          0,           0,         120,      -1.010729988,       1.657871866,       1.295949591,       4.537688287,       2.747360095,       2.860090387
          0,           0,         121,      -1.002780901,       1.664158031,       1.369134662,       4.563987771,       2.749915244,       2.892471393
          0,           0,         122,      -0.997049392,       1.676033052,       1.416048219,       4.578235808,       2.753072936,       2.898572199
          0,           0,         123,     -0.9879961092,       1.688101241,       1.598000632,       4.582770705,       2.755649284,       2.865150918
          0,           0,         124,     -0.9650439359,       1.696427087,       1.652467258,       4.581305695,       2.758178778,       3.077427733
          0,           0,         125,     -0.9697701713,       1.703332294,        1.49609685,       4.633672788,       2.758880725,       3.279888051
          0,           0,         126,     -0.9981461594,       1.699836124,       1.421971985,       4.545197252,       2.761069746,       3.174493955
          0,           0,         127,       -1.00204754,       1.694448527,       1.376247633,        4.50782143,       2.762835108,       3.038811453
          0,           0,         128,      -1.007310136,       1.690974967,       1.341068956,       4.512251491,       2.764716199,       3.008854243
          0,           0,         129,      -1.011596848,       1.688368729,        1.32505777,       4.515150715,       2.767137908,       3.021551992
          0,           0,         130,      -1.005797983,       1.689780057,        1.36648697,       4.556039235,       2.770195484,       3.094003934
          0,           0,         131,      -1.010556613,       1.691401891,       1.348351404,        4.54316224,       2.774186123,       3.168979527
          0,           0,         132,      -1.014879035,       1.694654184,       1.316971393,         4.5416344,       2.777702416,       3.217810999
          0,           0,         133,      -1.021149342,       1.692624864,       1.269562794,        4.51786957,       2.780740839,       3.002031485
          0,           0,         134,      -1.020409865,         1.6914467,       1.280762688,       4.558884157,       2.782589652,       2.854412012
          0,           0,         135,      -1.022735228,       1.690134057,        1.26528925,       4.491893784,       2.783581166,       2.785271624
          0,           0,         136,       -1.01239047,        1.70451382,       1.366080243,       4.483861202,       2.784629094,        2.74659745
          0,           0,         137,      -1.018331715,       1.695453342,       1.326352084,       4.490097057,       2.785831139,       2.734262171
          0,           0,         138,      -1.026484067,       1.688931214,       1.259997247,       4.480167736,       2.787199952,       2.758792939
          0,           0,         139,      -1.025388077,       1.687420175,       1.272695443,       4.567552419,       2.788807385,       2.817630988
          0,           0,         140,      -1.022809388,       1.688031806,       1.298571256,       4.526819505,       2.790764254,       2.892733391
          0,           0,         141,      -1.020914974,        1.68851833,       1.311924798,       4.526032285,       2.793177481,       2.953480535
          0,           0,         142,      -1.019322193,       1.689222154,       1.319594155,       4.525911797,        2.79609739,       2.994341382
          0,           0,         143,      -1.017617557,        1.69417566,       1.328501762,       4.548398882,        2.79949315,       3.046666996
          0,           0,         144,      -1.003603742,       1.709228711,       1.414693838,       4.551186797,        2.80318867,       3.005881091
          0,           0,         145,     -0.9871166562,       1.719392085,       1.516439944,       4.570946999,       2.806962396,       2.897915954
          0,           0,         146,     -0.9629404704,       1.725823635,       1.613393101,       4.637775138,       2.810572926,       3.074256178
          0,           0,         147,     -0.9570428649,       1.730007139,        1.55786547,       4.610370972,       2.816440552,       3.250130538
          0,           0,         148,     -0.9844853883,       1.722090546,       1.432869369,       4.547354982,       2.821136926,       3.208928163
          0,           0,         149,      -0.993800983,       1.717786969,       1.347523795,       4.500378129,         2.8240111,       3.057987523
          0,           0,         150,      -0.994726665,       1.715647134,       1.324777236,       4.503738529,       2.825580656,       2.932942974
          0,           0,         151,     -0.9981562782,       1.714394803,       1.296241389,       4.480217617,       2.826122682,       2.871080143
          0,           0,         152,     -0.9985588834,       1.713226856,       1.286745069,       4.480209361,       2.826714043,       2.829266258
          0,           0,         153,       -1.00145739,       1.711734585,       1.261331034,       4.476274625,       2.827350337,       2.814710984
          0,           0,         154,      -1.002626847,       1.710044261,       1.251183493,       4.544858744,       2.828022911,       2.830820774
          0,           0,         155,      -1.001006341,       1.708205221,       1.269309639,       4.491448668,       2.828731578,       2.874945559
          0,           0,         156,     -0.9969497355,       1.706549701,       1.313470809,       4.508150271,       2.829525019,       2.940268319
          0,           0,         157,     -0.9998389735,       1.703789763,       1.309137462,       4.506463366,       2.830388735,        3.01449904
          0,           0,         158,      -1.006953243,       1.699632275,       1.277977938,       4.508921119,       2.831495635,       3.075904647
          0,           0,         159,      -1.010731527,        1.69557405,       1.266471171,       4.513637752,       2.832783934,       3.123413765
          0,           0,         160,      -1.012441406,        1.69529425,       1.277411831,       4.583850742,       2.834274529,       3.107445349
          0,           0,         161,      -1.005773459,       1.693828185,       1.325198136,       4.535009333,       2.835991864,       3.033043725
          0,           0,         162,     -0.9963975457,       1.694208654,       1.357508175,        4.55223999,       2.837708797,       3.029854257
          0,           0,         163,     -0.9719420272,        1.72270895,       1.550013361,       4.576501248,        2.83972907,       3.060865754
          0,           0,         164,     -0.9545458491,       1.726349954,       1.654519537,       4.628445016,       2.843844932,       3.166755699
          0,           0,         165,     -0.9762554917,       1.711773393,       1.443404973,       4.542838484,       2.847487936,       3.175650301
          0,           0,         166,     -0.9903666241,       1.705553604,       1.367660857,       4.495086434,       2.849689042,       3.004547152
          0,           0,         167,     -0.9958856893,       1.699835588,       1.321884783,       4.483243132,       2.849973698,       2.940318553
          0,           0,         168,      -1.000483561,       1.696068887,       1.281720144,       4.470937351,       2.850193935,       2.918042554
          0,           0,         169,      -1.002151921,       1.692915058,       1.261270993,       4.475889777,       2.850325474,       2.883790068
          0,           0,         170,      -1.002213046,       1.690174842,       1.267476436,        4.54117356,       2.850421096,       2.856853306
          0,           0,         171,      -1.005398637,       1.687032175,       1.255081039,       4.492756569,       2.850390559,       2.794098305
          0,           0,         172,      -1.004964708,       1.684567119,       1.280424292,       4.497015735,       2.850295617,       2.825939061
          0,           0,         173,      -1.002153398,       1.683265058,       1.318801877,       4.520728231,       2.850158324,       2.894383644
          0,           0,         174,     -0.9962799902,       1.685048959,       1.359278205,       4.591714957,       2.849724188,       2.957521814
          0,           0,         175,     -0.9890784535,       1.694590535,       1.403881735,       4.556077405,       2.848552923,       2.967210828
          0,           0,         176,     -0.9839184671,       1.704690633,          1.420322,       4.554197175,       2.847247859,       2.949375772
          0,           0,         177,     -0.9753288696,       1.706168027,       1.550923893,       4.554034717,       2.845299111,       2.892206506
          0,           0,         178,     -0.9617212885,       1.709822039,        1.59792847,       4.613441411,       2.842787613,       3.091448673
          0,           0,         179,     -0.9632027997,       1.712433986,        1.53476286,       4.576995429,       2.843371815,       3.271534322
          0,           0,         180,     -0.9806248125,        1.70795814,       1.441259702,       4.534714903,       2.844814497,       3.219387506
          0,           0,         181,      -0.994254223,       1.698840045,       1.353697089,       4.489034668,       2.845773871,       3.044420506
          0,           0,         182,     -0.9994833823,       1.695186066,       1.314457718,       4.473443473,       2.844917122,        2.95977093
          0,           0,         183,      -1.003743478,       1.692215825,       1.283931924,       4.468207069,       2.843827114,       2.919418527
          0,           0,         184,       -1.00839195,       1.688868215,       1.255279806,       4.538687475,       2.842427576,       2.914088991
          0,           0,         185,      -1.009887343,        1.68574928,       1.262231617,       4.493514491,       2.840724914,        2.94620164
          0,           0,         186,      -1.012290348,       1.682681923,       1.267724368,       4.496181515,       2.838609145,       3.008402176
          0,           0,         187,      -1.012144789,       1.680879887,       1.300174365,       4.490772415,       2.836104642,       3.073528687
          0,           0,         188,      -1.009343564,       1.680002461,       1.347060866,        4.56274897,       2.833032691,       3.133051585
          0,           0,         189,      -1.004632773,       1.688419111,       1.397702739,       4.533950628,       2.829319437,       3.147363794
          0,           0,         190,     -0.9905890836,        1.69470643,       1.546700388,       4.550254426,       2.824377441,       3.111555203
          0,           0,         191,     -0.9809633703,       1.696490923,       1.581561931,       4.558354073,       2.823114358,       3.120973253
          0,           0,         192,      -1.001415385,       1.692198607,       1.443635023,       4.558873914,       2.822939491,       3.142035272
          0,           0,         193,      -1.011629708,       1.686140926,       1.376585374,       4.490389212,       2.822934402,       3.031057844
          0,           0,         194,      -1.014753431,       1.683545234,        1.34228683,       4.469128745,        2.82306729,       2.923318168
          0,           0,         195,      -1.024431665,       1.681699321,       1.289826954,       4.448589079,       2.822372211,       2.874371575
          0,           0,         196,      -1.025291626,       1.680542736,       1.281487901,       4.445188317,       2.821542081,       2.835887142
          0,           0,         197,      -1.029329602,       1.679181895,       1.253468051,       4.450271988,       2.820544374,       2.809338758
          0,           0,         198,      -1.029660142,       1.677984513,       1.247349834,       4.442970968,       2.819312679,       2.794788626
          0,           0,         199,      -1.030589606,       1.676651344,       1.245462762,       4.512856664,       2.817861203,       2.788106532
          0,           0,         200,      -1.030153515,       1.675297482,       1.259160593,       4.468403929,       2.816137461,       2.801424044
          0,           0,         201,      -1.030593128,       1.673583382,       1.270534688,       4.466329713,       2.813999382,       2.805557746
          0,           0,         202,      -1.026178789,       1.672505256,       1.315778673,        4.47659425,       2.811382245,       2.864232765
          0,           0,         203,      -1.028841478,       1.671006428,       1.317856158,       4.540732287,       2.808350882,       2.909290123
          0,           0,         204,      -1.025423616,       1.675118205,       1.348760802,       4.503121683,       2.804667511,       2.911390782
          0,           0,         205,      -1.027866836,       1.675107724,       1.348877788,       4.504192031,       2.800175281,       2.931558001
          0,           0,         206,      -1.022873667,       1.681548485,       1.411428747,       4.514829601,       2.794525423,        2.88326621
          0,           0,         207,      -1.002658685,       1.685281548,       1.592873433,       4.585266241,       2.787719253,       2.942868054
          0,           0,         208,     -0.9827860386,       1.692804741,       1.582725828,       4.560589975,       2.784153714,       3.142178045
          0,           0,         209,      -1.009679429,       1.688249366,       1.433680032,       4.502281726,       2.783093134,       3.148356925
          0,           0,         210,      -1.022923538,       1.681342198,        1.36605477,       4.469199682,       2.782820814,       2.983012222
          0,           0,         211,      -1.029472526,       1.678404836,       1.318800544,       4.446859201,       2.782770461,        2.90835959
          0,           0,         212,      -1.032498826,       1.677080528,       1.296420631,       4.429387543,       2.782033946,       2.859492578
          0,           0,         213,      -1.034621379,       1.675712231,       1.277870434,       4.426486096,       2.781122343,         2.8138657
          0,           0,         214,      -1.036635086,       1.674102973,       1.260244199,       4.430130925,        2.78109012,       2.761703888
          0,           0,         215,      -1.039464786,       1.673196968,       1.238372896,       4.432568916,        2.78108457,       2.715224905
          0,           0,         216,      -1.040785102,       1.672756967,        1.22769871,       4.413826803,       2.780957047,       2.689213148
          0,           0,         217,      -1.041382261,       1.672436403,       1.222909955,       4.407068657,       2.780793262,       2.669349947
          0,           0,         218,      -1.041282726,       1.672189022,        1.22491532,       4.421274557,       2.780629355,       2.651045147
          0,           0,         219,      -1.041421158,       1.671931399,       1.223252307,       4.402758466,       2.780383361,       2.636014677
          0,           0,         220,      -1.041970335,       1.671526355,       1.219278802,       4.399054275,       2.780076213,       2.621185984
          0,           0,         221,      -1.042555227,        1.67106133,       1.215237022,       4.428957648,       2.779695328,       2.608499561
          0,           0,         222,      -1.043536692,       1.670466066,       1.208098745,       4.405658868,       2.779217402,       2.601078147
          0,           0,         223,      -1.044721488,       1.669752833,       1.201198991,       4.413649756,       2.778627454,       2.603324991
          0,           0,         224,      -1.044359269,       1.669144178,       1.209002986,       4.479790768,       2.777894335,       2.620327385
          0,           0,         225,      -1.042184854,       1.668405985,       1.232794496,       4.427621296,       2.776983076,       2.656435337
          0,           0,         226,      -1.045860504,       1.667055628,       1.209252528,       4.439980784,       2.775861521,       2.712063157
          0,           0,         227,      -1.045236955,       1.666062009,       1.226276181,       4.431325018,       2.774524735,       2.781487487
          0,           0,         228,      -1.041644788,       1.664960734,       1.255275699,       4.504623522,       2.772908317,       2.854868381
          0,           0,         229,      -1.045441554,       1.663170804,       1.235391242,       4.448889841,        2.77272402,       2.899367753
          0,           0,         230,      -1.050398272,       1.661685779,       1.202100739,       4.411830544,       2.772661963,       2.893487831
          0,           0,         231,      -1.051808442,       1.661078533,       1.194811155,       4.403570004,       2.772113469,       2.871390153
          0,           0,         232,      -1.055097921,        1.66026172,       1.173125646,       4.386220598,       2.771441829,       2.864726348
          0,           0,         233,      -1.049622448,       1.660426525,       1.231642054,       4.408333063,       2.770618188,       2.865999886
          0,           0,         234,      -1.051208591,       1.659323575,       1.226159954,       4.424855763,       2.770561036,       2.859506292
          0,           0,         235,      -1.051598585,       1.658777202,       1.224424765,       4.406702867,       2.770542805,       2.836621224
          0,           0,         236,       -1.05505574,        1.65825258,       1.195841333,        4.38526213,       2.770406311,       2.823131921
          0,           0,         237,      -1.059323684,       1.657689967,       1.157029455,       4.369969624,       2.770175475,       2.813906702
          0,           0,         238,      -1.059823079,       1.657409891,       1.155328951,       4.369074993,       2.769888912,       2.804882448
          0,           0,         239,      -1.059812222,       1.657124378,       1.159670949,       4.386196422,       2.769535567,       2.796863447
          0,           0,         240,      -1.056778828,       1.657076818,       1.189580041,       4.392254544,       2.769096168,       2.790863652
          0,           0,         241,      -1.059991521,       1.656367863,       1.160938025,       4.388592931,       2.768555622,       2.788096528
          0,           0,         242,      -1.060852555,       1.655816129,       1.156465468,        4.38602697,       2.767880516,        2.79013896
          0,           0,         243,      -1.061125315,       1.655901878,       1.162274352,       4.468954347,       2.767069519,       2.791065586
          0,           0,         244,      -1.052975393,       1.666286832,       1.264919939,       4.416518858,       2.766076906,        2.82066066
          0,           0,         245,      -1.052514979,       1.665734283,       1.278215845,       4.419476259,       2.764850815,       2.821949675
          0,           0,         246,      -1.056940505,       1.655648786,       1.224847502,       4.415755599,       2.763403888,       2.837122573
          0,           0,         247,       -1.04182995,       1.655744133,       1.320802197,       4.503132912,       2.761665726,       2.887972155
          0,           0,         248,      -1.053619674,       1.652725729,       1.245056662,       4.447991434,       2.759552862,       2.897493998
          0,           0,         249,        -1.0617951,       1.651328935,       1.187958529,       4.426228811,       2.757153523,       2.947006472
          0,           0,         250,       -1.05794083,       1.652211489,        1.21808569,       4.418514306,       2.754346193,       2.934356729
          0,           0,         251,       -1.04763906,       1.661823978,       1.289565189,       4.510471733,       2.753173634,       2.897150887
          0,           0,         252,      -1.033903817,       1.666061568,       1.367376627,       4.461555404,       2.752869326,       2.750101958
          0,           0,         253,      -1.049793057,       1.654570677,       1.247316176,       4.412754405,       2.752766145,       2.630366983
          0,           0,         254,      -1.059312422,        1.65264895,       1.167449306,       4.385084681,       2.752729696,       2.580947682
          0,           0,         255,      -1.060308687,       1.652178936,       1.157450817,       4.378410732,       2.752473259,       2.558408587
          0,           0,         256,      -1.061111927,       1.651761757,       1.149362514,        4.37532875,       2.752152892,        2.53781552
          0,           0,         257,      -1.061640925,       1.651322727,       1.143798202,       4.373629943,       2.751754938,       2.520754842
          0,           0,         258,      -1.061332968,       1.651017621,       1.147443845,       4.381564109,       2.751261111,       2.509497363
          0,           0,         259,      -1.061577076,       1.650603437,       1.145437419,       4.373746981,       2.750649842,       2.507310136
          0,           0,         260,      -1.061612329,       1.650067819,       1.145043269,       4.383382024,       2.749910825,       2.513737981
          0,           0,         261,      -1.060669059,       1.649738652,       1.154345251,       4.378219126,       2.748995802,       2.530959518
          0,           0,         262,       -1.04954636,       1.650802274,       1.244184039,       4.406044238,       2.747909448,       2.560209689
          0,           0,         263,      -1.045023214,       1.651318605,       1.272783312,       4.434311135,       2.746599957,       2.581091099
          0,           0,         264,      -1.040079441,       1.652162738,       1.295224843,       4.514000141,       2.745098791,       2.584672745
          0,           0,         265,      -1.038247729,       1.653077226,       1.304313126,       4.450538382,       2.743312035,        2.64026435
          0,           0,         266,      -1.038503019,       1.657332711,       1.299202328,       4.449184156,       2.741212298,       2.681909065
          0,           0,         267,      -1.029449327,       1.666314938,       1.358072209,       4.456825828,       2.738580391,       2.659454435
          0,           0,         268,      -1.022073503,       1.671865322,       1.400889528,       4.540205024,       2.737118855,       2.626356821
          0,           0,         269,        -1.0401969,       1.660197418,       1.282521671,       4.440489274,       2.736761163,       2.494114959
          0,           0,         270,      -1.044719528,       1.657612844,       1.243661904,       4.413222213,       2.735963976,        2.39386199
          0,           0,         271,      -1.039150067,       1.656843915,        1.25776575,       4.425943799,       2.734978834,       2.429358305
          0,           0,         272,      -1.043272805,       1.655625418,       1.228872079,       4.420123429,       2.733719895,       2.390311693
          0,           0,         273,      -1.041746462,       1.655059281,       1.242177284,       4.499085074,        2.73213168,       2.448266767
          0,           0,         274,      -1.028908792,       1.656471229,       1.491687076,       4.468287415,       2.730398383,       2.498032696
          0,           0,         275,      -1.017244304,       1.660149422,       1.481856796,        4.48703948,       2.728430953,       2.764550092
          0,           0,         276,      -1.021374553,       1.663269817,       1.416941555,       4.477604364,        2.72707287,       2.943728905
          0,           0,         277,      -1.034748934,        1.65933488,        1.32360776,       4.513230267,        2.72677385,         2.8406483
          0,           0,         278,      -1.037185325,       1.657407436,       1.279372784,       4.422643204,       2.726234863,       2.724147205
          0,           0,         279,      -1.043034116,       1.655831885,       1.237884308,       4.410680709,        2.72554085,       2.681521129
          0,           0,         280,      -1.037219938,       1.655883834,       1.262162601,       4.428898702,        2.72469108,       2.656949979
          0,           0,         281,      -1.030763563,        1.66578903,       1.316127746,       4.518230501,       2.723627169,       2.634076353
          0,           0,         282,       -1.03088041,       1.666594677,       1.319664915,       4.475084551,       2.722402405,       2.686653575
          0,           0,         283,      -1.029660581,       1.664799693,       1.305941274,       4.473032066,       2.721653208,       2.706078077
          0,           0,         284,      -1.033356065,        1.66209732,        1.26265999,       4.428558958,       2.721508872,       2.644044989
          0,           0,         285,      -1.033395137,         1.6601069,       1.261667183,       4.417379379,       2.721300423,       2.613657871
          0,           0,         286,      -1.036987421,        1.65845252,       1.238134348,        4.42944863,       2.721009792,       2.593014468
          0,           0,         287,      -1.041315325,       1.657083364,       1.193669756,       4.410786653,       2.720587157,       2.616141061
          0,           0,         288,      -1.037296551,       1.657200644,       1.232419157,       4.420575469,       2.720025006,       2.616423343
          0,           0,         289,      -1.031476114,       1.658279803,       1.273352595,       4.514150742,       2.719356899,       2.676465378
          0,           0,         290,      -1.030960921,       1.659296057,       1.270441733,        4.45854718,       2.718621079,       2.690618738
          0,           0,         291,      -1.027808422,       1.661131818,       1.285603685,       4.463515861,       2.717736451,       2.675001086
          0,           0,         292,      -1.022507209,       1.664094806,       1.309793316,       4.475150592,       2.716498375,       2.677849622
          0,           0,         293,      -1.007146828,       1.674555282,        1.53385468,        4.55037589,       2.714989579,       2.756800727
          0,           0,         294,      -0.991679609,       1.685259656,       1.553733218,       4.523279167,       2.712688493,       2.976506385
          0,           0,         295,      -1.009920203,       1.680717937,       1.423641673,       4.477119779,       2.712244919,       3.014527174
          0,           0,         296,      -1.021587286,         1.6726729,       1.318949404,       4.452435883,       2.712240381,       2.920770815
          0,           0,         297,      -1.025814388,       1.670128759,       1.278867755,       4.429874751,       2.712282257,       2.848019875
          0,           0,         298,      -1.028738186,       1.669032176,       1.254813409,       4.418894238,       2.712316546,       2.813276729
          0,           0,         299,      -1.029771328,        1.66852883,       1.244986677,       4.415953269,       2.712356768,       2.792564482
          0,           0,         300,      -1.030129506,       1.668155691,       1.240049704,       4.414183985,       2.712396208,       2.775024349
          0,           0,         301,      -1.030630468,       1.667804017,       1.234042725,       4.412577865,       2.712434136,       2.758722168
          0,           0,         302,      -1.031106744,       1.667471515,       1.228224133,       4.410954416,       2.712470649,       2.743474361
          0,           0,         303,       -1.03152475,       1.667156682,       1.222940123,       4.414396572,       2.712505825,        2.72925409
          0,           0,         304,      -1.032012152,       1.666858806,       1.217069909,       4.407969579,       2.712548827,       2.717540407
          0,           0,         305,      -1.032611159,       1.666490383,       1.209908027,         4.4058337,       2.712597328,       2.705835046
          0,           0,         306,      -1.032902031,       1.666103336,       1.205403926,       4.415613301,       2.712650565,       2.694685122
          0,           0,         307,       -1.03336472,        1.66560856,       1.199460239,       4.403742858,       2.712706738,       2.684770728
          0,           0,         308,      -1.033803193,       1.665020531,       1.193990077,       4.407899348,       2.712765181,       2.677077032
          0,           0,         309,       -1.03442473,       1.664341007,        1.18569524,       4.480108392,       2.712817903,       2.672796896
          0,           0,         310,      -1.035744315,       1.663544563,       1.169876043,        4.42240017,         2.7128696,       2.672739605
          0,           0,         311,      -1.034894542,       1.663008619,       1.175749957,       4.423024943,         2.7128786,       2.679373802
          0,           0,         312,      -1.030177436,        1.66284676,       1.222049538,       4.434032305,       2.712793683,       2.670173015
          0,           0,         313,      -1.030812489,       1.662372324,       1.221660615,       4.418863601,       2.712780486,       2.637955683
          0,           0,         314,      -1.034377012,       1.661832704,        1.19216529,       4.403362769,       2.712794116,       2.615238477
          0,           0,         315,       -1.03684204,       1.661430109,       1.166985669,       4.397707695,        2.71282132,       2.604602714
          0,           0,         316,      -1.038868722,       1.661081314,       1.146926753,       4.392181344,        2.71284886,       2.593740254
          0,           0,         317,      -1.039031735,       1.660875793,       1.146585699,       4.391210371,       2.712876802,       2.587818294
          0,           0,         318,      -1.039287019,       1.660599886,       1.146602578,       4.389530731,       2.712904881,       2.578396082
          0,           0,         319,      -1.039591038,       1.660330536,       1.146034919,        4.38838697,       2.712933187,        2.57757509
          0,           0,         320,      -1.039965755,       1.660057237,       1.144775229,       4.386733914,        2.71296151,       2.574453131
          0,           0,         321,      -1.040383317,       1.659786562,       1.143044192,       4.385906566,       2.712990006,       2.572509264
          0,           0,         322,      -1.040804286,       1.659513261,       1.141420749,       4.384930905,       2.713018493,       2.572422162
          0,           0,         323,      -1.041114692,       1.659256666,       1.140922999,       4.384452898,       2.713047165,       2.570113749
          0,           0,         324,      -1.041454064,       1.659003092,       1.140102606,       4.383624664,       2.713075897,       2.574524992
          0,           0,         325,      -1.041911304,        1.65874627,       1.138254739,       4.383168838,       2.713104879,        2.57331209
          0,           0,         326,      -1.042288879,       1.658501805,       1.137300823,       4.382407346,        2.71313406,       2.578201071
          0,           0,         327,      -1.042330969,       1.658288619,       1.139881013,       4.386008831,       2.713163639,       2.579708369
          0,           0,         328,      -1.042838943,       1.658066893,       1.137200859,       4.382193974,        2.71319292,       2.583051873
          0,           0,         329,      -1.043187412,       1.657843713,       1.136181104,       4.396138363,       2.713236539,       2.587875061
          0,           0,         330,      -1.043612003,       1.657586737,         1.1345716,       4.382263415,       2.713287097,       2.595504013
          0,           0,         331,      -1.044156527,       1.657253324,       1.132821022,       4.389759674,       2.713296638,       2.597087533
          0,           0,         332,      -1.044511104,       1.657043126,       1.131538832,       4.381341405,       2.713326082,       2.598552612
          0,           0,         333,      -1.044835528,       1.656829129,       1.130752824,       4.382569158,       2.713356279,       2.599611793
          0,           0,         334,      -1.045135686,       1.656623003,       1.130159724,       4.379602289,       2.713386387,       2.600324558
          0,           0,         335,      -1.045419043,       1.656415682,       1.129799445,       4.383011514,       2.713417044,       2.600696457
          0,           0,         336,      -1.045697947,       1.656217178,       1.129396596,       4.379832819,       2.713447751,       2.600744414
          0,           0,         337,      -1.045976019,       1.656007759,       1.129004898,         4.3790896,       2.713478978,       2.600494494
          0,           0,         338,      -1.046251915,       1.655804802,       1.128746307,       4.387263099,       2.713510343,       2.599978242
          0,           0,         339,      -1.046522062,       1.655613352,       1.128406697,       4.380272852,       2.713542263,       2.599215559
          0,           0,         340,        -1.0467953,        1.65541437,       1.128182821,       4.378561873,        2.71357442,       2.597832816
          0,           0,         341,      -1.047064129,       1.655217563,       1.127967773,       4.377207429,       2.713607133,        2.59590368
          0,           0,         342,      -1.047335381,       1.655020326,       1.127762869,       4.378153623,       2.713640139,        2.59359891
          0,           0,         343,      -1.047600498,       1.654831108,       1.127505973,       4.377318302,       2.713673745,       2.591020283
          0,           0,         344,      -1.047867979,       1.654636251,       1.127326636,        4.37557992,        2.71370769,       2.588251149
          0,           0,         345,      -1.048131883,       1.654446377,       1.127102733,       4.375330239,       2.713742244,       2.585347223
          0,           0,         346,      -1.048395832,       1.654258243,       1.126920828,       4.375220275,       2.713777191,        2.58259238
          0,           0,         347,      -1.048656375,       1.654067096,       1.126727136,       4.384209367,       2.713812736,       2.580243046
          0,           0,         348,      -1.048912278,       1.653891702,       1.126590161,        4.37656654,       2.713866591,       2.580061578
          0,           0,         349,      -1.049206802,       1.653692332,       1.126697678,       4.375401548,       2.713932607,       2.581554102
          0,           0,         350,      -1.049626467,       1.653379186,       1.126285514,       4.383531265,       2.714012905,       2.585112024
          0,           0,         351,      -1.050110381,       1.653052687,       1.125994657,       4.395089045,       2.714110811,       2.591088442
          0,           0,         352,       -1.05070878,       1.652667329,       1.125952246,       4.379583224,       2.714228134,       2.599691069
          0,           0,         353,      -1.050051673,       1.654093081,       1.150198757,       4.386665488,       2.714372176,       2.611376026
          0,           0,         354,      -1.036883655,       1.672605844,       1.310917349,       4.493408127,       2.714339349,       2.606313222
          0,           0,         355,      -1.046157195,       1.660390884,       1.227130885,       4.389510121,       2.714336345,       2.590910756
          0,           0,         356,      -1.052817509,        1.65134716,       1.129912023,       4.377533846,       2.714382166,       2.581115353
          0,           0,         357,      -1.053179988,       1.650980635,       1.127841781,       4.376012871,       2.714427803,       2.574326363
          0,           0,         358,      -1.053478233,       1.650696758,       1.126870931,       4.374801864,       2.714473203,       2.568164377
          0,           0,         359,      -1.053749575,       1.650452951,       1.126334286,       4.373408695,       2.714518311,       2.564621308
          0,           0,         360,      -1.054007893,       1.650225729,       1.126000145,       4.371770247,       2.714563078,       2.561252034
          0,           0,         361,      -1.054256066,       1.650008521,       1.125759737,       4.370714727,       2.714607461,       2.555840178
          0,           0,         362,      -1.054498833,       1.649796191,       1.125582897,       4.370277608,        2.71465142,       2.550958029
          0,           0,         363,      -1.054738428,       1.649586703,       1.125453651,       4.367065828,       2.714694895,       2.546499995
          0,           0,         364,      -1.054982327,       1.649376245,       1.125295118,       4.366933207,        2.71473755,       2.542923804
          0,           0,         365,      -1.055221954,       1.649168134,       1.125168639,       4.366329715,       2.714779813,       2.547915893
          0,           0,         366,      -1.055462799,       1.648960491,       1.125018968,       4.365793312,       2.714821339,       2.539453935
          0,           0,         367,      -1.055695856,       1.648756346,       1.124877797,       4.365483845,       2.714862403,        2.53578636
          0,           0,         368,      -1.055928074,       1.648552602,       1.124762303,       4.365284318,       2.714924602,       2.538146517
          0,           0,         369,      -1.056209086,       1.648303545,       1.124676465,        4.36523323,        2.71499878,       2.541800714
          0,           0,         370,      -1.056529787,       1.648036607,       1.125095872,        4.36569363,       2.715005059,        2.53589124
          0,           0,         371,      -1.056743885,       1.647844171,       1.125114468,        4.36470002,       2.715043082,        2.53204987
          0,           0,         372,      -1.056961795,       1.647646058,       1.124903812,       4.364120199,       2.715080076,       2.530803789
          0,           0,         373,      -1.057177761,       1.647445842,        1.12471254,       4.364051128,       2.715116575,       2.529027608
          0,           0,         374,      -1.057397972,       1.647242819,       1.124542473,       4.363520448,        2.71515208,       2.526442383
          0,           0,         375,      -1.057615205,       1.647041638,       1.124384846,       4.363258589,       2.715187022,       2.524188937
          0,           0,         376,      -1.057830641,       1.646843517,        1.12424279,       4.362822068,       2.715242169,       2.523642774
          0,           0,         377,      -1.058104686,       1.646586399,       1.123903965,       4.363346859,       2.715307434,       2.525327456
          0,           0,         378,      -1.058428733,       1.646294732,       1.123807908,       4.364592647,        2.71538289,       2.528661988
          0,           0,         379,      -1.058831376,       1.645924596,       1.123642633,       4.408557182,       2.715355167,        2.52432936
          0,           0,         380,      -1.059044098,       1.645738775,       1.123586495,       4.366378788,       2.715383982,       2.518354464
          0,           0,         381,      -1.059250952,       1.645540463,       1.123431932,       4.364788572,       2.715413033,       2.514447125
          0,           0,         382,      -1.059452914,       1.645348682,       1.123340663,       4.363667422,       2.715461533,       2.514078408
          0,           0,         383,      -1.059704117,       1.645113094,        1.12314613,       4.365677909,       2.715518234,       2.515305282
          0,           0,         384,      -1.060011362,        1.64482761,       1.123101853,       4.364672293,        2.71558258,       2.517887161
          0,           0,         385,      -1.060343302,       1.644537815,       1.123529949,       4.369196512,       2.715546897,       2.512582174
          0,           0,         386,      -1.060568969,        1.64430572,       1.122978348,       4.362626573,       2.715569971,        2.50635486
          0,           0,         387,      -1.060756761,       1.644119772,       1.122861417,        4.36551045,        2.71559275,       2.501889502
          0,           0,         388,      -1.060953406,       1.643927732,       1.122545984,        4.36037263,        2.71561446,       2.498473008
          0,           0,         389,      -1.061133986,       1.643753822,       1.122608086,       4.359403653,        2.71563535,        2.49529427
          0,           0,         390,      -1.061319681,        1.64356917,       1.122483737,       4.358896571,       2.715674259,       2.494012925
          0,           0,         391,      -1.061561871,       1.643331502,       1.122155704,       4.358934614,       2.715677562,       2.490063852
          0,           0,         392,      -1.061756476,       1.643134591,       1.121846892,       4.357808763,       2.715714267,       2.489070329
          0,           0,         393,      -1.061957044,       1.642948956,       1.122158567,       4.357537881,       2.715756508,       2.490574451
          0,           0,         394,      -1.061455749,       1.643756114,       1.135685013,       4.359017595,       2.715803675,        2.49410762
          0,           0,         395,      -1.048893804,       1.660819896,       1.287693096,       4.392752457,       2.715854462,       2.502771504
          0,           0,         396,      -1.057144347,       1.650005637,       1.211791301,       4.381636735,       2.715905396,       2.512029972
          0,           0,         397,      -1.063229059,       1.641824667,        1.12453143,       4.416369737,       2.715952145,       2.529043975
          0,           0,         398,      -1.063776167,       1.641157434,       1.125216751,       4.378605095,       2.715982146,       2.548041249
          0,           0,         399,       -1.06208981,       1.640571547,       1.149352407,       4.386273269,       2.715796258,       2.555826457
          0,           0,         400,      -1.063132115,       1.640134409,        1.14082892,       4.372293122,       2.715718807,       2.537333586
          0,           0,         401,      -1.064520741,       1.639847847,       1.129318901,       4.365437691,       2.715709865,       2.514934373
          0,           0,         402,      -1.064686491,       1.639660331,       1.129566329,       4.363529888,       2.715712578,       2.496889047
          0,           0,         403,      -1.065001285,       1.639463809,       1.127823459,       4.360873655,       2.715714448,       2.480465844
          0,           0,         404,      -1.065527531,       1.639265109,       1.123507177,       4.358857078,       2.715715402,       2.465821217
          0,           0,         405,      -1.065593992,       1.639096619,       1.123282289,       4.357758466,       2.715715286,       2.452959165
          0,           0,         406,      -1.065916135,       1.638915214,       1.121593731,       4.355826754,       2.715714567,       2.441801238
          0,           0,         407,      -1.066152034,       1.638757704,        1.12075349,       4.354893663,       2.715712849,       2.432218692
          0,           0,         408,      -1.066328119,       1.638621678,        1.12053111,       4.354741547,       2.715710528,       2.426001932
          0,           0,         409,       -1.06647482,       1.638471835,       1.120504564,       4.354410278,       2.715707264,        2.41855942
          0,           0,         410,      -1.066611821,       1.638318659,       1.120423494,       4.353872119,       2.715717449,       2.414336266
          0,           0,         411,      -1.066780079,       1.638124511,       1.120273481,       4.353761619,       2.715695917,       2.408531275
          0,           0,         412,      -1.066923113,       1.637966609,       1.120125924,       4.353036117,       2.715690417,       2.403279471
          0,           0,         413,      -1.067067961,       1.637809721,       1.119949119,       4.352569342,        2.71569755,       2.400928435
          0,           0,         414,      -1.067239058,       1.637620267,        1.11976235,       4.352971328,       2.715673809,       2.399621061
          0,           0,         415,      -1.067375776,       1.637467925,       1.119625341,       4.352384568,       2.715665784,       2.395083598
          0,           0,         416,      -1.067508094,       1.637318508,       1.119462556,       4.352001226,       2.715657298,       2.390599418
          0,           0,         417,      -1.067640776,       1.637169312,       1.119313737,         4.3517297,       2.715647908,       2.386430054
          0,           0,         418,      -1.067771234,       1.637021289,       1.119139947,       4.351541342,       2.715638029,       2.382733844
          0,           0,         419,      -1.067900897,       1.636876351,       1.119016227,       4.351294045,       2.715627296,       2.381960277
          0,           0,         420,      -1.068025811,       1.636736297,       1.118916317,       4.351106424,       2.715616062,       2.379423399
          0,           0,         421,      -1.068152629,       1.636594374,       1.118795262,       4.350855854,       2.715604011,       2.383462733
          0,           0,         422,      -1.068275818,       1.636455401,       1.118671123,        4.35068431,       2.715591454,       2.381951749
          0,           0,         423,      -1.068399375,       1.636316225,       1.118551602,       4.350582459,       2.715578111,       2.377389232
          0,           0,         424,      -1.068519294,       1.636180351,       1.118442379,       4.350405458,       2.715564259,       2.372351108
          0,           0,         425,      -1.068640219,       1.636042901,       1.118322535,       4.350249246,       2.715549647,       2.367221293
          0,           0,         426,      -1.068758198,       1.635906774,       1.118208409,       4.350141893,       2.715534526,       2.362299343
          0,           0,         427,      -1.068876378,         1.6357706,       1.118097627,       4.349979399,        2.71551867,       2.357832283
          0,           0,         428,      -1.068990994,       1.635637409,       1.118000589,       4.349938405,       2.715502304,       2.353944001
          0,           0,         429,      -1.069106567,       1.635503413,       1.117890157,       4.349754454,       2.715485226,       2.353788789
          0,           0,         430,      -1.069218315,        1.63537242,       1.117793563,       4.349746338,       2.715467637,       2.351342172
          0,           0,         431,      -1.069331994,       1.635240148,       1.117672593,       4.349530239,       2.715449357,       2.348537693
          0,           0,         432,       -1.06943984,        1.63511315,       1.117622403,       4.349585422,       2.715441395,        2.35231023
          0,           0,         433,      -1.069577587,       1.634952201,         1.1174685,       4.349526183,       2.715428598,       2.354003697
          0,           0,         434,      -1.069640012,       1.634903985,       1.119199022,       4.350694862,       2.715408625,        2.35630797
          0,           0,         435,      -1.064783569,       1.641774231,       1.192743863,       4.361559192,       2.715377321,       2.370430505
          0,           0,         436,      -1.061437792,       1.646290346,       1.237500525,       4.454461631,       2.715329699,       2.381727448
          0,           0,         437,      -1.061168679,       1.646206774,       1.242952018,       4.386544481,       2.715254174,       2.386539216
          0,           0,         438,      -1.069648674,       1.634939121,       1.133768821,       4.378288944,       2.715145505,       2.418870669
          0,           0,         439,      -1.069467554,       1.633988241,        1.13634563,        4.37258459,       2.714983645,        2.44026194
          0,           0,         440,      -1.068598916,       1.633391453,       1.147900075,       4.403736551,        2.71474909,       2.434937145
          0,           0,         441,      -1.058344805,       1.634026431,       1.233615358,       4.406471617,       2.714384187,       2.488477878
          0,           0,         442,      -1.055176009,       1.634229776,       1.255114271,       4.423004887,       2.713846853,       2.515275812
          0,           0,         443,       -1.04525642,       1.640848056,       1.322088667,       4.509233941,       2.713102221,       2.521804431
          0,           0,         444,      -1.033495846,        1.64916954,       1.384733282,       4.469557031,       2.712136717,       2.456095323
          0,           0,         445,      -1.033062721,       1.651615406,        1.38317488,       4.468630676,       2.710714662,       2.599251866
          0,           0,         446,      -1.046704205,       1.641864859,       1.286324113,       4.440555756,       2.708635861,       2.699465624
          0,           0,         447,      -1.041402942,       1.640232316,       1.487426683,       4.532145421,       2.705925048,       2.739103357
          0,           0,         448,      -1.018596589,       1.645030731,       1.527780802,       4.502460252,       2.702987004,        3.00483367
          0,           0,         449,      -1.018293204,        1.65635821,        1.46351806,       4.485894552,       2.698704996,       3.221097267
          0,           0,         450,      -1.016595774,       1.664121972,       1.437713228,       4.490526762,       2.693444538,       3.258948814
          0,           0,         451,      -1.007105803,       1.672882251,       1.440008802,       4.572972344,       2.689341744,       3.164336356
          0,           0,         452,      -1.003824891,       1.674577474,       1.426312669,        4.52220609,       2.686788029,       3.061155129
          0,           0,         453,      -1.000062372,       1.675166626,       1.465190718,       4.506369302,        2.68456266,       2.952521992
          0,           0,         454,      -1.001111618,        1.67502487,       1.438571459,       4.508867627,        2.68236956,       2.896258688
          0,           0,         455,      -1.002027381,       1.671977225,       1.579718151,        4.55951835,       2.680819555,       2.861553414
          0,           0,         456,     -0.9851221062,        1.66969666,        1.58911856,       4.526592259,       2.680096081,       3.172293284
          0,           0,         457,     -0.9954058861,       1.664700919,       1.452578893,       4.502053467,       2.679276883,       3.274081514
          0,           0,         458,     -0.9972924168,       1.663389801,       1.405927817,       4.501467299,       2.678074481,       3.213590515
          0,           0,         459,     -0.9934083343,       1.661681488,       1.399963698,       4.559804195,        2.67719211,       2.918678975
          0,           0,         460,     -0.9848701862,       1.659829349,        1.56529528,       4.528983395,       2.676808105,        2.97257512
          0,           0,         461,     -0.9659225538,       1.667286173,       1.615755762,       4.539071526,       2.676346742,       3.269534182
          0,           0,         462,     -0.9763229062,       1.674253079,       1.523952145,       4.521262253,       2.675218466,       3.154188047
          0,           0,         463,     -0.9832908795,       1.669386082,       1.491321671,        4.56732113,       2.674161259,        2.85052048
          0,           0,         464,     -0.9856772153,       1.719686225,       1.456290815,       4.526865369,       2.672880495,        2.94485404
          0,           0,         465,     -0.9864373228,       1.711307511,       1.412321783,       4.518423961,       2.671245861,       3.095068678
          0,           0,         466,     -0.9925101809,       1.671538296,        1.44428445,       4.507247554,       2.668692489,       3.255602401
          0,           0,         467,     -0.9786556936,       1.660920224,       1.598557162,       4.572684702,       2.666111794,       3.258712717
          0,           0,         468,     -0.9686841586,       1.661668699,       1.570337624,       4.550355467,       2.662927169,       3.231756873
          0,           0,         469,     -0.9838700534,       1.665895906,       1.497124343,       4.520579603,       2.659084302,       3.235753476
          0,           0,         470,     -0.9942625768,        1.66822438,       1.451005625,       4.502844878,       2.654201229,       3.128948256
          0,           0,         471,     -0.9960360563,        1.68940934,       1.429859766,       4.560809695,        2.64917166,       3.062351852
          0,           0,         472,      -1.002327983,       1.681378984,       1.424080791,       4.512331897,       2.643318593,       3.199556722
          0,           0,         473,      -1.012238171,       1.682920516,       1.397023241,       4.491509605,       2.636665632,       3.288063731
          0,           0,         474,      -1.002685372,       1.681133771,       1.546041616,       4.498658576,       2.629106846,       3.313621974
          0,           0,         475,     -0.9856057593,       1.688140639,       1.635455097,       4.574305376,       2.621056635,       3.220808498
          0,           0,         476,      -0.994930703,       1.687694452,       1.501967815,       4.524070541,       2.612126481,       3.247800167
          0,           0,         477,      -1.018021277,       1.683702987,       1.438841442,       4.483208924,       2.602097608,       3.211023139
          0,           0,         478,      -1.016073424,       1.691993864,       1.446447142,       4.485708085,       2.591290745,       3.123432851
          0,           0,         479,      -1.017217139,       1.692789459,       1.443606542,       4.554954026,       2.580820849,       3.108864441
          0,           0,         480,       -1.02687818,       1.683384178,       1.398931468,       4.501174813,       2.570259751,       3.256595332
          0,           0,         481,      -1.032118941,       1.685418255,       1.393356379,       4.484019916,       2.559415043,       3.340490934
          0,           0,         482,      -1.023979472,       1.681840478,       1.583077464,        4.47978475,       2.548108947,       3.331557585
          0,           0,         483,      -1.001587142,       1.678475248,       1.643283203,       4.570208502,       2.536318646,       3.275551176
          0,           0,         484,      -1.021716602,       1.676571744,        1.46681686,       4.506545581,       2.524051795,       3.275638834
          0,           0,         485,      -1.041632091,       1.677213877,       1.418326876,       4.468584067,        2.51182579,       3.187538974
          0,           0,         486,      -1.040846564,       1.675471182,       1.402800275,       4.463845054,        2.50004722,       3.098385216
          0,           0,         487,      -1.041899013,       1.672887582,       1.386644952,       4.540457386,       2.489660583,       3.076808653
          0,           0,         488,      -1.043195376,       1.677881768,       1.390313591,       4.490103998,       2.480246024,       3.213397685
          0,           0,         489,      -1.045018331,       1.673039753,       1.411771781,        4.46867213,       2.471291616,       3.264041074
          0,           0,         490,      -1.037031382,       1.672961013,       1.556487203,       4.472828861,       2.463027331,       3.233151026
          0,           0,         491,      -1.017769768,       1.669457247,       1.610856284,       4.557388263,        2.45607465,       3.264458839
          0,           0,         492,      -1.031209424,       1.672124521,       1.448700784,       4.498898652,       2.450195203,       3.271481399
          0,           0,         493,       -1.03757921,       1.679792063,       1.455569003,        4.47945954,       2.445079824,       3.170327363
          0,           0,         494,      -1.040661701,       1.686285247,       1.441029843,       4.468039053,       2.440518047,       3.057218064
          0,           0,         495,      -1.043123134,       1.678525779,       1.410042365,       4.536638779,        2.43633788,       3.013619807
          0,           0,         496,      -1.040933374,       1.681247983,       1.423780163,       4.491461083,       2.432652406,       3.145985096
          0,           0,         497,      -1.034401561,       1.671726617,       1.576075802,       4.482988009,       2.429167871,       3.182493181
          0,           0,         498,      -1.024930102,       1.670272393,       1.562698574,       4.489178494,       2.426029997,       3.195588176
          0,           0,         499,      -1.048579398,        1.66186542,        1.45001866,       4.534334425,        2.42308761,       3.246890265
          0,           0,         500,       -1.05684713,        1.66002796,       1.437719598,         4.4796987,       2.420462164,       3.150364751
          0,           0,         501,      -1.067190936,        1.64749233,       1.386649796,        4.45321988,       2.417960797,       3.038853946
          0,           0,         502,      -1.069727104,       1.636498064,       1.378692712,       4.446260099,       2.415716908,       3.076785461
          0,           0,         503,      -1.065102675,       1.638311776,       1.415284287,       4.527170665,       2.409784161,       3.143351959
          0,           0,         504,      -1.090478874,       1.576126263,       1.425425731,       4.435010512,       2.407512335,       3.061671898
          0,           0,         505,      -1.099797497,       1.548829924,       1.465897001,       4.395139122,       2.406736525,       2.937579682
          0,           0,         506,      -1.122738469,       1.541964871,       1.243508243,       4.354951943,       2.406419374,       2.799320631
          0,           0,         507,      -1.127951138,        1.53899115,       1.215755938,       4.334320356,       2.406281515,       2.731457975
          0,           0,         508,      -1.129701882,       1.537732822,       1.205466774,       4.329197366,        2.40625992,       2.685228425
          0,           0,         509,       -1.13111406,        1.53691255,        1.19679422,       4.324489051,       2.406315992,       2.655901939
          0,           0,         510,      -1.132382024,       1.536133206,       1.188559592,       4.318769668,       2.406370791,       2.629811337
          0,           0,         511,      -1.133517689,       1.535395937,        1.18115538,       4.318669673,       2.406424299,       2.607793233
          0,           0,         512,      -1.134542691,         1.5346894,       1.174182129,        4.31655713,       2.406476604,        2.59034285
          0,           0,         513,      -1.135472914,       1.534022803,       1.167716983,       4.315576897,       2.406527645,       2.577487488
          0,           0,         514,      -1.136325296,       1.533381494,        1.16170265,       4.313751796,       2.406577467,       2.568478717
          0,           0,         515,      -1.137296993,       1.532745993,       1.154814637,       4.311230068,       2.406626061,        2.56221103
          0,           0,         516,      -1.138242422,       1.532128192,       1.148023331,       4.309615486,       2.406673462,       2.557786049
          0,           0,         517,      -1.139131028,       1.531532141,       1.141624063,       4.306644799,       2.406719667,       2.554572777
          0,           0,         518,      -1.139961224,       1.530953806,       1.134353663,       4.306069838,       2.406764729,       2.552111393
          0,           0,         519,      -1.140723861,       1.530397153,       1.127643814,        4.30512763,       2.406808648,       2.549990497
          0,           0,         520,      -1.141422369,       1.529857455,       1.121639908,       4.302337681,       2.406851459,       2.547983684
          0,           0,         521,      -1.142116372,       1.529323543,       1.115892852,       4.298952301,       2.406893066,       2.545960411
          0,           0,         522,      -1.142945537,       1.528762333,       1.109215672,       4.298421476,       2.406979612,       2.546131284
          0,           0,         523,      -1.143784481,       1.528116041,       1.103016302,       4.298820514,        2.40708387,       2.548042491
          0,           0,         524,      -1.144834302,       1.527302729,       1.095351753,       4.298281137,       2.407207789,       2.552497087
          0,           0,         525,      -1.145263075,       1.526483138,       1.095819672,       4.316906677,       2.407353806,       2.560284641
          0,           0,         526,      -1.143115311,       1.525764695,       1.121965776,       4.308170385,        2.40719314,        2.55717038
          0,           0,         527,      -1.148032763,       1.524665835,       1.083619354,       4.295371645,        2.40718998,       2.547987862
          0,           0,         528,      -1.148376763,       1.524234391,       1.083291889,       4.296479777,       2.407220978,       2.541047469
          0,           0,         529,      -1.149348114,       1.523739172,       1.077872636,       4.293966612,       2.407251119,       2.534708919
          0,           0,         530,       -1.15011073,       1.523269743,       1.074978761,       4.304106962,       2.407280525,       2.529007105
          0,           0,         531,      -1.150975227,       1.522794578,       1.070862887,       4.287253764,       2.407308317,       2.523732733
          0,           0,         532,      -1.151539815,       1.522347687,       1.069367649,       4.287094451,       2.407335231,       2.519031965
          0,           0,         533,      -1.152077942,       1.521908125,       1.068335288,       4.290630404,       2.407361456,       2.514497471
          0,           0,         534,      -1.152618191,       1.521478054,       1.067358682,       4.286433808,       2.407386543,       2.510785411
          0,           0,         535,      -1.153167173,       1.521039881,       1.066261557,       4.297848112,        2.40741101,       2.506203168
          0,           0,         536,      -1.153705248,       1.520615833,       1.065266531,       4.285193711,       2.407479952,       2.507505387
          0,           0,         537,      -1.154367083,       1.520097757,       1.064080136,       4.284170521,       2.407562836,       2.507164285
          0,           0,         538,      -1.155150078,       1.519508319,       1.062762972,        4.28884855,       2.407662019,       2.513463938
          0,           0,         539,      -1.156069451,       1.518802471,       1.061695961,       4.284324041,       2.407777066,       2.519404746
          0,           0,         540,      -1.156431388,       1.518035769,       1.068780459,       4.297112327,       2.407912997,       2.540767276
          0,           0,         541,      -1.151309789,       1.517686863,       1.123181659,       4.347047236,       2.408066107,       2.561599069
          0,           0,         542,      -1.156636285,       1.516115244,       1.087600322,       4.296591129,       2.408222142,       2.572093384
          0,           0,         543,      -1.152158254,       1.515546305,       1.141152664,       4.307473655,       2.408396903,       2.605583141
          0,           0,         544,      -1.145088515,       1.515537026,       1.203506353,       4.331141417,       2.408575786,       2.647303933
          0,           0,         545,      -1.147540448,       1.513895824,       1.202817482,       4.333319738,       2.408751956,       2.686599802
          0,           0,         546,      -1.150121808,       1.511823685,       1.199242911,       4.431120446,       2.408875136,       2.706669525
          0,           0,         547,      -1.153950287,        1.51012946,       1.184062991,       4.351455537,         2.4089328,       2.745365849
          0,           0,         548,      -1.153508276,        1.51267415,       1.203806143,       4.348108598,       2.408941734,       2.786445226
          0,           0,         549,      -1.135409649,       1.531646776,        1.31361592,       4.369569448,       2.408803751,       2.819844065
          0,           0,         550,      -1.126723991,       1.536516459,         1.3522943,       4.464599559,       2.408270355,       2.796942247
          0,           0,         551,      -1.125215087,       1.537161912,       1.345918652,       4.417822798,       2.407105113,        2.74073589
          0,           0,         552,      -1.121923778,       1.539103226,       1.363610303,        4.41876587,       2.405296224,       2.712252123
          0,           0,         553,      -1.120847574,       1.537655614,       1.343287749,       4.400115767,       2.402124814,       2.777814617
          0,           0,         554,      -1.101821361,       1.537242602,       1.547412576,       4.496466543,       2.397903051,       3.004647236
          0,           0,         555,      -1.065457107,       1.537994431,       1.635363902,       4.480834931,       2.389704252,        3.21347886
          0,           0,         556,      -1.111748902,       1.540191509,       1.438430034,       4.419398198,       2.386643315,       3.184797372
          0,           0,         557,       -1.14608064,       1.522494167,       1.310208469,       4.350010353,       2.387724389,       3.051406703
          0,           0,         558,       -1.14887789,        1.51668676,       1.259105122,       4.340509805,       2.388920232,       2.997463884
          0,           0,         559,      -1.152536093,       1.511162901,       1.220170073,       4.430700555,       2.390217924,       2.978099106
          0,           0,         560,      -1.144632198,       1.510315605,       1.266312682,       4.382100204,       2.391758765,       2.961955525
          0,           0,         561,       -1.13146861,       1.511447215,        1.33118034,        4.39470357,       2.393394584,       2.983530689
          0,           0,         562,      -1.132951931,        1.51285402,       1.333360901,       4.411666599,        2.39540454,       3.020293258
          0,           0,         563,      -1.120356475,       1.550482492,       1.394596725,       4.498964892,       2.395012141,       2.958594314
          0,           0,         564,      -1.105557755,       1.544719864,       1.576101401,       4.442268102,       2.394222776,       2.955455952
          0,           0,         565,      -1.067219356,       1.537905197,       1.639491986,       4.456732786,       2.393076604,       3.171609585
          0,           0,         566,       -1.07211173,       1.541609767,       1.498562252,       4.451210175,       2.384920651,       3.333978397
          0,           0,         567,      -1.119664245,       1.529475012,       1.418857106,       4.464586281,       2.381913814,        3.21220863
          0,           0,         568,      -1.146144932,       1.515928191,       1.303812253,        4.35074143,         2.3840231,       3.045431357
          0,           0,         569,       -1.14292145,        1.51007104,       1.286599272,        4.34359297,       2.385977651,       2.999059187
          0,           0,         570,      -1.141400418,       1.505288525,       1.279691373,       4.365870866,       2.387877519,       2.979242435
          0,           0,         571,      -1.140568814,       1.505890558,       1.294670054,       4.468434399,       2.389295925,       3.047953825
          0,           0,         572,      -1.141880135,       1.500997492,       1.295130551,        4.42385732,       2.390498667,       3.161896641
          0,           0,         573,      -1.131666285,        1.51705246,       1.354337698,       4.425545477,       2.391109663,       3.241695422
          0,           0,         574,      -1.123003016,       1.524320541,       1.395656498,       4.422136788,       2.388640983,       3.179753268
          0,           0,         575,      -1.123829602,        1.52725546,       1.392644578,       4.493134007,       2.384638462,       3.140075146
          0,           0,         576,      -1.117932378,       1.522382918,       1.513603914,        4.44532453,       2.380295235,       3.131710704
          0,           0,         577,      -1.105175153,       1.512517485,       1.534112167,       4.441982733,       2.375476951,       3.208046267
          0,           0,         578,      -1.087970863,       1.685130776,       1.458658016,       4.447037555,       2.358917616,       3.287164523
          0,           0,         579,      -1.066808166,       1.645660901,       1.373278679,       4.513641012,       2.350535084,       3.210353323
          0,           0,         580,      -1.139198239,        1.52191539,       1.299848821,       4.374922624,        2.34717492,       3.060074802
          0,           0,         581,      -1.155641142,       1.502528972,       1.234481832,        4.34101811,       2.347046339,       2.958433414
          0,           0,         582,      -1.166935162,       1.495254584,       1.180697278,       4.322845752,       2.347317986,       2.920986338
          0,           0,         583,      -1.164346952,       1.492310059,       1.208888194,       4.323998934,       2.347995783,       2.923377984
          0,           0,         584,      -1.160436418,       1.508729278,       1.279180664,       4.338528901,       2.348902427,       2.973189947
          0,           0,         585,       -1.16483729,       1.507057284,       1.301177196,       4.340444344,       2.349734424,       3.045353574
          0,           0,         586,      -1.172382784,       1.494489577,       1.275139774,       4.345482711,       2.350195793,       3.117494839
          0,           0,         587,      -1.184020324,       1.477428939,       1.227539272,       4.439531057,       2.350033322,       3.157796003
          0,           0,         588,       -1.16036731,       1.478028812,       1.323685995,       4.392701211,       2.348828613,       3.151469754
          0,           0,         589,      -1.156812461,       1.472549913,       1.343383622,       4.384689973,       2.345954188,       3.089361956
          0,           0,         590,      -1.144141132,        1.47686878,        1.55025454,       4.398054557,       2.339650467,       3.079683143
          0,           0,         591,       -1.10809158,       1.477814694,       1.612791352,       4.505009991,       2.331806863,       3.268365924
          0,           0,         592,      -1.132121732,       1.477146992,       1.421739406,       4.425036922,       2.319954196,       3.362395745
          0,           0,         593,      -1.178015645,       1.466316917,       1.357756851,       4.346524607,       2.315089324,       3.181129242
          0,           0,         594,      -1.176690938,       1.467072079,       1.326213374,       4.322586333,       2.315324815,        3.03334066
          0,           0,         595,      -1.157900751,       1.503780947,       1.390641833,       4.350745625,        2.31484612,       2.964858714
          0,           0,         596,      -1.169362426,       1.477218801,       1.349700742,       4.437954657,       2.313723447,       2.949513036
          0,           0,         597,      -1.179145851,       1.456427341,       1.295138614,       4.370046084,       2.311584701,       3.062027357
          0,           0,         598,      -1.177490036,       1.449118572,       1.304407595,       4.359329146,       2.308034386,        3.18547248
          0,           0,         599,      -1.162005716,        1.46883539,       1.365771194,       4.383414706,       2.302575141,        3.27922963
          0,           0,         600,      -1.165228293,       1.461988841,       1.369739967,       4.467281881,       2.294366621,       3.209863679
          0,           0,         601,      -1.160116923,       1.457899366,       1.446905253,       4.401351624,       2.283494454,       3.148647976
          0,           0,         602,        -1.1593064,       1.448476422,        1.43198415,       4.370610825,       2.278932127,       3.030447135
          0,           0,         603,      -1.205539288,       1.427784449,       1.255834046,       4.300104026,       2.277153872,       2.972163513
          0,           0,         604,      -1.221541464,       1.422094628,       1.180077536,       4.270589552,       2.277314077,       2.893339348
          0,           0,         605,      -1.226689684,         1.4169932,       1.140398291,       4.245871581,       2.277247413,       2.876830692
          0,           0,         606,      -1.221503758,       1.413271252,        1.14680717,       4.379080034,       2.276910673,       2.891364032
          0,           0,         607,       -1.22470269,       1.409002846,       1.126951353,       4.290911692,       2.274962598,       2.872240668
          0,           0,         608,      -1.215174048,       1.408171962,       1.182199223,       4.287363265,        2.27406402,       2.788220279
          0,           0,         609,      -1.239210181,       1.402809086,       1.041884714,       4.241366559,       2.273648302,       2.722883994
          0,           0,         610,      -1.244986721,        1.40167994,       1.004307618,       4.223100943,       2.273678479,       2.686219243
          0,           0,         611,      -1.242171821,        1.40094863,       1.030049391,       4.225584195,       2.273699719,       2.656229232
          0,           0,         612,      -1.249670872,       1.399409704,      0.9806301961,       4.221145752,       2.273704513,       2.633324014
          0,           0,         613,      -1.236445644,       1.400040751,       1.091892116,       4.234605153,       2.273671377,       2.620005955
          0,           0,         614,      -1.247609177,       1.397380504,       1.022930372,       4.223916456,       2.273119022,        2.60319358
          0,           0,         615,       -1.25182413,       1.396074423,      0.9864430158,       4.196658557,       2.273110687,       2.590882805
          0,           0,         616,      -1.253598536,       1.394990504,       0.976134266,       4.205411862,       2.273083561,       2.583249338
          0,           0,         617,      -1.255816123,       1.393687691,      0.9623166775,       4.270946795,       2.273017465,        2.58248099
          0,           0,         618,      -1.257301423,       1.392071096,      0.9576657586,       4.219784329,         2.2729012,       2.589117751
          0,           0,         619,      -1.257678139,       1.390629161,      0.9661110384,       4.220117242,       2.272690695,       2.602074252
          0,           0,         620,      -1.246303417,       1.390475996,       1.075139399,       4.232997664,       2.272371601,       2.618933284
          0,           0,         621,      -1.220491237,       1.423100622,       1.242231894,       4.383130687,       2.271129158,       2.615384432
          0,           0,         622,      -1.234598016,       1.401250775,       1.182701852,       4.253854485,       2.270548714,       2.572367902
          0,           0,         623,      -1.251505291,       1.386508793,       1.079495091,       4.219869612,       2.270291437,       2.540446872
          0,           0,         624,      -1.265225329,       1.383440918,      0.9745603005,       4.191185974,       2.270224859,       2.522234913
          0,           0,         625,      -1.268551575,       1.382566366,      0.9492570265,       4.186357444,       2.270199193,       2.507257927
          0,           0,         626,      -1.269416306,       1.381909568,      0.9419393241,       4.191602701,       2.270162173,       2.492333345
          0,           0,         627,      -1.270108217,       1.381238917,      0.9449504597,       4.183710894,       2.270107282,       2.478304597
          0,           0,         628,      -1.261854659,        1.38182791,       1.024516971,       4.193971114,       2.270027997,       2.466298293
          0,           0,         629,      -1.259432282,       1.381216277,       1.038363684,       4.210650851,       2.269912771,       2.457311305
          0,           0,         630,      -1.268191067,       1.379050678,      0.9726352385,        4.20929577,        2.26974327,       2.452395699
          0,           0,         631,      -1.270606937,       1.377605595,      0.9647526494,       4.194949652,       2.269496262,       2.453177766
          0,           0,         632,      -1.271076129,       1.376201449,      0.9838254791,       4.203009084,        2.26914643,       2.455961275
          0,           0,         633,      -1.260180235,       1.376321508,       1.070427745,       4.300037753,       2.268628322,        2.46622654
          0,           0,         634,      -1.236244705,       1.379257874,       1.191612925,       4.264253269,       2.267203925,        2.41650201
          0,           0,         635,      -1.257975153,       1.373828068,       1.084703252,       4.230703278,        2.26654428,        2.33076026
          0,           0,         636,      -1.272706653,       1.371711805,      0.9969333151,       4.194066232,       2.266439282,       2.298438856
          0,           0,         637,      -1.277997306,       1.370610333,      0.9613517352,          4.189793,       2.266300446,       2.279340618
          0,           0,         638,      -1.275234511,       1.370078041,      0.9923666182,       4.186432821,       2.266105608,       2.279236824
          0,           0,         639,      -1.280782106,       1.368453075,      0.9551228883,       4.182406235,       2.265843982,       2.284582124
          0,           0,         640,      -1.278943156,       1.367810978,      0.9824021986,       4.189913314,       2.265478686,       2.315993513
          0,           0,         641,      -1.267145685,       1.370241118,       1.072454358,       4.210005719,       2.264985836,       2.383905372
          0,           0,         642,      -1.220910629,       1.410907977,       1.284822513,        4.38792681,       2.264309286,       2.370164975
          0,           0,         643,      -1.218516062,       1.420777576,       1.304095395,       4.305033561,       2.262526977,       2.371513258
          0,           0,         644,      -1.241787706,       1.378102533,       1.193594423,       4.264748149,       2.261695698,        2.35552154
          0,           0,         645,      -1.268323953,       1.371080608,       1.076542339,       4.217429931,       2.261548806,        2.32878602
          0,           0,         646,      -1.279279315,       1.366665004,       1.008906928,       4.191858455,          2.261345,       2.303819071
          0,           0,         647,      -1.277862441,       1.364161227,        1.02087475,       4.205522807,       2.261060312,       2.294438022
          0,           0,         648,      -1.276538978,       1.363386326,       1.035197112,       4.205632147,       2.260662764,       2.308922324
          0,           0,         649,      -1.271811266,       1.362808709,        1.06810374,       4.209677591,       2.260114589,       2.342820352
          0,           0,         650,       -1.27908562,       1.360618775,       1.018111411,        4.35056173,       2.259355372,       2.407956083
          0,           0,         651,      -1.266738059,        1.36312948,       1.098816475,       4.244120104,       2.258307051,       2.471165098
          0,           0,         652,      -1.254817956,       1.362848084,       1.150111447,       4.253367873,       2.256839762,       2.517682346
          0,           0,         653,      -1.254878169,       1.362785949,       1.150430276,       4.256255966,       2.254815075,       2.454136744
          0,           0,         654,      -1.230910728,       1.403152453,       1.268648748,        4.39716286,       2.252073159,       2.450256933
          0,           0,         655,       -1.21552715,       1.420322563,       1.326357404,       4.336487217,        2.24848025,       2.502427042
          0,           0,         656,      -1.207119054,       1.415024897,       1.339904546,       4.332004649,       2.243419328,       2.627702491
          0,           0,         657,       -1.21708009,       1.408992138,       1.317011097,       4.321355195,       2.237216472,       2.763049526
          0,           0,         658,      -1.191585046,       1.401406486,       1.537354267,       4.439125521,       2.229983628,       2.939419182
          0,           0,         659,      -1.138265404,       1.403139022,       1.620852584,       4.426911286,         2.2190364,       3.223221413
          0,           0,         660,      -1.209479179,       1.386739282,       1.406903563,       4.322954452,       2.214486456,       3.193451957
          0,           0,         661,      -1.249048649,       1.377237412,       1.284238314,        4.25295786,       2.212614631,       3.020564547
          0,           0,         662,      -1.250340444,       1.373854768,       1.254221365,       4.244822005,       2.212394096,       2.903370646
          0,           0,         663,      -1.261789311,       1.369295276,       1.185711744,       4.218953104,       2.212044691,       2.858729673
          0,           0,         664,      -1.270295777,       1.365274055,       1.131432192,       4.351843109,       2.211526813,       2.842190307
          0,           0,         665,      -1.264827756,       1.363993766,       1.136135179,       4.255994058,       2.210915602,       2.848603362
          0,           0,         666,      -1.242701626,       1.366877523,       1.220395479,       4.266575734,       2.210013235,       2.894457293
          0,           0,         667,      -1.246987421,       1.364680957,       1.211509505,       4.275354984,       2.208955019,        2.96444795
          0,           0,         668,      -1.225984315,        1.40357511,       1.301632753,        4.40700326,       2.207408948,       3.062688316
          0,           0,         669,       -1.21535631,       1.426453969,       1.348596285,       4.345047278,       2.202878073,       3.057521473
          0,           0,         670,      -1.239177599,       1.392584494,       1.252069161,       4.285100669,       2.200836822,       2.950988822
          0,           0,         671,      -1.258909586,       1.376693487,        1.18056564,        4.24483782,       2.200975441,       2.847011532
          0,           0,         672,      -1.265602781,        1.36923086,       1.152887882,       4.231266991,       2.200843598,       2.805147583
          0,           0,         673,      -1.262919566,       1.402038286,        1.15985298,       4.232517377,       2.201246095,        2.75839354
          0,           0,         674,      -1.284228405,       1.392570612,       1.061672147,       4.354597204,       2.200797755,       2.770311056
          0,           0,         675,      -1.248874034,       1.405233735,       1.211939487,       4.300788859,       2.200760284,       2.794523534
          0,           0,         676,      -1.224680088,       1.424124383,       1.301692795,       4.319470737,       2.199361964,       2.864443908
          0,           0,         677,      -1.233321559,       1.419819484,       1.316743393,       4.302270511,       2.198233039,       2.932298736
          0,           0,         678,      -1.205116418,       1.429481816,       1.507836584,         4.4257993,       2.195431937,       3.012690417
          0,           0,         679,      -1.146578895,       1.463560671,        1.60220796,       4.417979414,       2.191688189,       3.242915933
          0,           0,         680,      -1.167239966,       1.444946996,       1.445134232,       4.389156945,       2.182254179,        3.34715077
          0,           0,         681,      -1.230357672,       1.429316968,       1.355365327,       4.294945147,        2.17800643,       3.177000283
          0,           0,         682,      -1.227212938,       1.432375173,       1.345710713,       4.385683838,       2.176758211,       3.020818685
          0,           0,         683,      -1.259122606,       1.400969593,       1.234068635,       4.240085776,       2.176152783,       2.904575278
          0,           0,         684,      -1.266538868,       1.381841402,       1.205666954,       4.222581277,       2.175915936,       2.827992054
          0,           0,         685,      -1.270495052,       1.366142679,       1.190198857,       4.209851203,       2.176058512,       2.791550422
          0,           0,         686,      -1.273824642,       1.365032862,       1.172012099,       4.201436141,       2.176243858,       2.758360879
          0,           0,         687,      -1.277960197,        1.36223239,        1.14847721,       4.197104106,       2.176453648,       2.733387993
          0,           0,         688,      -1.282077232,       1.360998217,       1.121718174,       4.190441364,       2.176696182,       2.722921392
          0,           0,         689,      -1.286809546,       1.358286244,        1.08723175,       4.183401582,       2.176951369,       2.734068048
          0,           0,         690,      -1.285763995,        1.37051284,       1.076178415,       4.179022948,       2.177301186,       2.771381097
          0,           0,         691,      -1.284002067,       1.387030935,       1.071327284,       4.189369468,       2.177542621,       2.833512796
          0,           0,         692,      -1.275836138,       1.387616907,       1.099637115,        4.34685043,       2.177787344,       2.912732808
          0,           0,         693,      -1.266623164,       1.388366434,       1.139276018,       4.253733644,       2.177934412,       2.997355337
          0,           0,         694,      -1.269297878,       1.389322438,       1.140579108,       4.242808932,       2.177995293,       3.075937871
          0,           0,         695,      -1.262192199,       1.392513201,       1.181135953,       4.253455627,       2.178056876,       3.154618275
          0,           0,         696,      -1.244515237,       1.395876971,       1.246581881,       4.391963875,       2.174901342,       3.159749416
          0,           0,         697,      -1.268107844,       1.354757905,       1.176488648,        4.24552194,       2.173786316,       3.026047401
          0,           0,         698,      -1.282351516,       1.378456533,       1.119236478,       4.216078227,       2.173973834,        2.97125556
          0,           0,         699,      -1.279691955,       1.375972826,       1.155718637,       4.212565925,       2.174142379,       2.938660255
          0,           0,         700,      -1.296009338,       1.353446785,       1.102554437,       4.203632469,       2.174344678,       2.944102586
          0,           0,         701,      -1.276796793,       1.365831138,        1.19229981,        4.23043694,        2.17447112,       2.925898996
          0,           0,         702,       -1.28457073,       1.363947825,       1.145723859,       4.357911404,       2.174427341,       2.944389578
          0,           0,         703,      -1.266235835,       1.368428893,       1.207460048,        4.28285985,        2.17431702,       2.967324894
          0,           0,         704,      -1.257361331,       1.346614919,       1.236991794,       4.283687325,       2.171350903,       2.934577611
          0,           0,         705,      -1.287638744,       1.340571407,       1.136361734,       4.218729956,       2.169970058,       2.789731043
          0,           0,         706,      -1.299316285,       1.349637679,       1.082710104,       4.186030785,       2.169328457,       2.683456552
          0,           0,         707,      -1.310421698,       1.354646733,       1.038045409,       4.157846131,       2.169369777,       2.641990523
          0,           0,         708,      -1.313209149,       1.335780413,       1.022992239,       4.158944467,       2.169388097,       2.613724092
          0,           0,         709,       -1.31702623,       1.330496647,       1.004910949,       4.313172827,       2.169399083,       2.602824876
          0,           0,         710,      -1.319086357,       1.332600785,      0.9847042251,       4.162563252,       2.168739777,       2.586877053
          0,           0,         711,      -1.328102051,       1.331480838,      0.9327318971,       4.143964559,       2.168414038,       2.564535425
          0,           0,         712,      -1.330193789,       1.331497077,      0.9138605719,        4.13179151,       2.168427592,       2.556597283
          0,           0,         713,      -1.329285299,        1.33196847,       0.920217372,       4.133313981,       2.168298246,       2.544713201
          0,           0,         714,      -1.330470803,       1.332229754,      0.9110894461,       4.130197746,       2.168308162,        2.53982862
          0,           0,         715,      -1.331320323,       1.332620712,      0.9049608261,       4.126252806,       2.168315944,       2.536881002
          0,           0,         716,      -1.332161167,       1.333041711,         0.8997143,       4.126800122,       2.168114308,       2.528143299
          0,           0,         717,      -1.332700131,       1.333151714,      0.8963862774,       4.121702941,       2.168065055,       2.523536742
          0,           0,         718,       -1.33287896,       1.333203366,      0.8964980563,       4.121028376,       2.168068697,       2.522125676
          0,           0,         719,      -1.332310778,       1.333105609,      0.9035156306,       4.121090281,       2.167947343,       2.517539951
          0,           0,         720,      -1.332468763,       1.332557779,      0.9034869418,       4.119113376,       2.167893942,       2.515209119
          0,           0,         721,      -1.334148221,       1.331262768,      0.8890640503,       4.115522919,        2.16789346,       2.515870828
          0,           0,         722,      -1.335868709,       1.328729868,      0.8746130234,       4.113499891,       2.167888075,       2.518909286
          0,           0,         723,      -1.335821698,       1.324378314,      0.8797579284,       4.127061806,        2.16787253,       2.525368725
          0,           0,         724,      -1.335720463,       1.321726777,      0.8843921887,        4.11994989,       2.167838217,        2.53641934
          0,           0,         725,       -1.33388427,       1.341236354,      0.8909134736,       4.122931537,       2.167411243,       2.536730794
          0,           0,         726,      -1.334322531,        1.35581807,      0.8779084487,       4.113598332,       2.167293165,       2.531673677
          0,           0,         727,      -1.334806607,       1.362640311,      0.8736342717,       4.109757362,       2.167242367,       2.528540317
          0,           0,         728,      -1.336007573,       1.364912444,      0.8628725365,       4.114815638,       2.167196942,       2.525987194
          0,           0,         729,      -1.336443071,       1.364485014,      0.8604615201,       4.124428643,       2.167157277,        2.52396318
          0,           0,         730,      -1.337354524,       1.362499471,      0.8545812807,       4.101815099,       2.167121848,       2.522374775
          0,           0,         731,      -1.337855254,       1.359835859,      0.8540962442,       4.106109229,       2.167090948,       2.521161931
          0,           0,         732,      -1.338161341,       1.356900121,       0.855999861,       4.103161836,       2.167063092,       2.520265474
          0,           0,         733,      -1.338641086,         1.3538926,       0.854606206,       4.110014986,       2.167038715,       2.519637436
          0,           0,         734,      -1.339127506,       1.350947616,      0.8536388255,       4.102229344,       2.167077786,       2.521750155
          0,           0,         735,      -1.338782191,       1.347648964,      0.8622255551,       4.102735388,        2.16712962,       2.526514804
          0,           0,         736,      -1.331861015,       1.344743671,       0.934199604,       4.122105759,       2.166957596,       2.525637739
          0,           0,         737,      -1.334582472,       1.342204787,      0.9086726898,       4.124678201,       2.166942399,       2.524759436
          0,           0,         738,      -1.339472651,       1.339575072,      0.8607526861,       4.124740871,       2.166927887,       2.524144349
          0,           0,         739,      -1.339138984,       1.337799858,      0.8699835523,       4.104035565,        2.16691459,       2.523741349
          0,           0,         740,      -1.336789718,         1.3363936,      0.8985471231,       4.116691448,       2.166901906,       2.523515666
          0,           0,         741,      -1.338549143,       1.334751986,      0.8805149934,       4.108223099,       2.166889864,       2.523435513
          0,           0,         742,      -1.341219295,       1.333013372,      0.8532155384,       4.099555906,       2.166878119,       2.523471163
          0,           0,         743,      -1.340662422,       1.331866369,      0.8632525834,       4.107665604,       2.166931285,       2.526137665
          0,           0,         744,      -1.334321407,       1.331246804,      0.9280618006,       4.134281558,       2.166994801,       2.531527495
          0,           0,         745,      -1.327005686,       1.328784017,      0.9771262233,       4.158223577,       2.166827384,       2.531249126
          0,           0,         746,      -1.340837311,       1.318148917,      0.8621039251,       4.102515246,        2.16679901,       2.530457341
          0,           0,         747,      -1.340446382,       1.317264152,      0.8684729167,       4.099711151,       2.166765243,        2.52987273
          0,           0,         748,      -1.341198188,        1.31629756,      0.8689481705,       4.098283844,       2.166729768,       2.529445607
          0,           0,         749,      -1.338704112,       1.315852325,      0.8985016661,       4.102602892,       2.166693118,       2.529145254
          0,           0,         750,      -1.340365881,       1.315001899,      0.8806152839,       4.111572043,       2.166654947,       2.528945865
          0,           0,         751,      -1.343450212,       1.314037122,       0.850704467,       4.098099781,       2.166615315,       2.528822221
          0,           0,         752,      -1.342779488,       1.313454742,      0.8634697554,       4.098781879,       2.166630435,       2.531297702
          0,           0,         753,      -1.334615703,       1.313862173,      0.9421294012,       4.125721031,       2.166642996,       2.536473989
          0,           0,         754,      -1.329248437,       1.313689814,      0.9739613599,       4.147761533,       2.166441067,       2.535927449
          0,           0,         755,      -1.343471018,       1.311555759,      0.8588790535,       4.119209961,       2.166448945,       2.537292894
          0,           0,         756,      -1.341579368,       1.312698912,      0.8861752837,       4.105491116,       2.166451713,       2.541321081
          0,           0,         757,      -1.338127107,       1.315918215,      0.9343534002,       4.122800902,       2.166446564,       2.548977137
          0,           0,         758,      -1.328491389,       1.311908126,      0.9963276968,       4.149953863,       2.166426122,       2.561289046
          0,           0,         759,      -1.328964517,       1.310836716,       0.985977213,       4.244904638,       2.166381524,       2.578917719
          0,           0,         760,      -1.337977107,       1.309293739,      0.9231178963,        4.15199416,       2.166294054,       2.602672101
          0,           0,         761,      -1.311750864,       1.356442896,       1.138373611,       4.180120007,       2.166164319,       2.628840167
          0,           0,         762,      -1.295235311,       1.381212922,       1.223591067,       4.207302219,       2.165968144,       2.665873653
          0,           0,         763,      -1.297147352,       1.341420532,       1.182613218,        4.34724768,       2.164855873,       2.669697184
          0,           0,         764,      -1.300948123,       1.344922246,       1.131925722,       4.193285376,       2.164300118,       2.629565045
          0,           0,         765,      -1.326684284,        1.32359275,       1.014418808,       4.148037847,       2.164092853,       2.606821845
          0,           0,         766,      -1.330809425,       1.312085092,      0.9971468487,       4.134206872,       2.164069879,       2.595789477
          0,           0,         767,       -1.34483679,       1.309582312,      0.9113148403,       4.115861425,        2.16403276,       2.586101415
          0,           0,         768,      -1.346076638,        1.30875472,      0.9049173227,       4.111382424,       2.163987137,       2.579970095
          0,           0,         769,      -1.336529774,       1.317435228,      0.9773461447,       4.133117357,       2.163902661,       2.576779205
          0,           0,         770,      -1.331754392,       1.314775999,       1.001957234,       4.141853461,       2.163814817,       2.572644201
          0,           0,         771,      -1.333705779,       1.326298959,      0.9840508394,       4.144043046,        2.16364537,       2.580316729
          0,           0,         772,      -1.341277637,       1.307040881,      0.9474100723,       4.128868487,       2.163413493,       2.592251822
          0,           0,         773,      -1.345165264,       1.308167205,      0.9279815163,       4.141549848,        2.16317592,       2.608404253
          0,           0,         774,      -1.323802389,       1.346680604,       1.047558341,       4.168977394,       2.162693057,       2.626500816
          0,           0,         775,      -1.289992835,       1.308915769,       1.183966243,        4.22167389,       2.160998788,       2.616271682
          0,           0,         776,      -1.315118506,       1.301538368,       1.089399699,       4.335864704,       2.160255899,       2.560850691
          0,           0,         777,      -1.341727092,       1.298941279,      0.9612166604,       4.138553679,       2.160132563,       2.532998124
          0,           0,         778,      -1.334383404,       1.304964304,       1.015331608,       4.134659492,       2.159995087,       2.509922795
          0,           0,         779,      -1.338897119,       1.308212202,      0.9809771535,       4.137056108,       2.159843825,        2.49222457
          0,           0,         780,      -1.337348506,       1.310984602,      0.9971732826,       4.138533222,        2.15968169,       2.469895194
          0,           0,         781,      -1.331845458,       1.309622097,       1.030765343,       4.322213609,       2.159479615,       2.447309978
          0,           0,         782,      -1.322517748,       1.350246697,       1.068106883,       4.200638626,       2.159042508,       2.433198124
          0,           0,         783,      -1.305698047,       1.354393132,       1.188871981,       4.209201482,       2.158348363,       2.408114323
          0,           0,         784,      -1.311669401,       1.355332975,       1.184450752,       4.199647429,       2.157751919,       2.366822687
          0,           0,         785,      -1.332008782,        1.35846808,       1.043838338,       4.230758498,        2.15669952,       2.320696116
          0,           0,         786,      -1.263905242,       1.317696799,       1.258590255,       4.273453905,        2.15488089,        2.32781791
          0,           0,         787,      -1.310056022,        1.31956171,       1.140056405,       4.214898363,       2.150859609,       2.396668319
          0,           0,         788,      -1.314492111,       1.321187404,       1.130704496,       4.198956814,       2.149157677,       2.330447897
          0,           0,         789,      -1.332428994,         1.3108936,       1.055183691,       4.323028291,       2.148377621,       2.249839017
          0,           0,         790,      -1.343885532,       1.306605525,       1.004311933,       4.136927577,       2.148005892,       2.202465566
          0,           0,         791,      -1.351936221,       1.303853278,      0.9619697426,       4.121441499,       2.148016986,       2.184797958
          0,           0,         792,       -1.35615803,       1.292928097,      0.9393947672,       4.112595827,       2.147999378,       2.171725753
          0,           0,         793,      -1.360485342,       1.287755451,      0.9129967201,       4.103931452,       2.147973971,       2.165214685
          0,           0,         794,      -1.361318186,       1.290929589,      0.9005322728,       4.103245122,       2.147919392,       2.169515407
          0,           0,         795,      -1.363454603,       1.298554753,      0.8924578814,       4.093043538,        2.14787881,        2.18128466
          0,           0,         796,      -1.361796434,        1.32371817,      0.8945699767,       4.299376995,       2.147733428,        2.20263609
          0,           0,         797,      -1.363291911,       1.302396374,      0.8906912392,       4.118618808,       2.147576592,       2.244008702
          0,           0,         798,      -1.364044782,       1.308078758,      0.8690373434,       4.135102648,       2.147283331,       2.309750823
          0,           0,         799,      -1.331477831,        1.30779355,       1.063135755,       4.177265216,       2.146931245,        2.36622873
          0,           0,         800,      -1.297216705,       1.361638147,       1.224396788,         4.2170913,       2.146402023,       2.447133308
          0,           0,         801,      -1.282562935,       1.361052067,       1.269370361,       4.251993163,       2.144160914,       2.482839144
          0,           0,         802,       -1.34170434,       1.311099048,        1.03808958,       4.144988656,       2.143222687,        2.42424115
          0,           0,         803,        -1.3418535,       1.289274437,       1.040780847,        4.14423607,       2.143179257,        2.38821669
          0,           0,         804,       -1.34924323,       1.286853618,       1.009647085,       4.164094321,       2.143080827,       2.372326738
          0,           0,         805,       -1.34227133,       1.299197111,       1.039468432,        4.15591649,       2.143009637,       2.369229973
          0,           0,         806,       -1.35492879,       1.331804824,       0.960997175,       4.142900306,       2.142786361,       2.388093765
          0,           0,         807,      -1.350994327,       1.299813102,      0.9946415082,       4.321460685,       2.142494712,       2.408319222
          0,           0,         808,      -1.330980938,       1.283906274,       1.088548308,       4.214802905,        2.14100457,       2.434414282
          0,           0,         809,      -1.344139626,       1.294692952,       1.032304809,       4.163727142,       2.140274653,       2.381530722
          0,           0,         810,      -1.358406184,       1.284977165,       0.962567762,        4.13599973,       2.139931131,       2.348304861
          0,           0,         811,      -1.367622288,       1.274346575,      0.8953729785,       4.114429619,       2.139865028,       2.329020485
          0,           0,         812,      -1.369077824,       1.273865942,      0.8861393895,       4.108273716,       2.139801274,       2.311047557
          0,           0,         813,      -1.370615272,       1.273502364,       0.875302322,        4.10172762,       2.139737077,       2.294715265
          0,           0,         814,      -1.371862884,       1.273178051,      0.8657607014,       4.096820223,       2.139672735,       2.280358985
          0,           0,         815,      -1.372781137,       1.272892589,      0.8582947446,       4.094126959,       2.139608244,       2.268419879
          0,           0,         816,      -1.373319353,       1.272662944,      0.8540474943,       4.091956453,       2.139543664,       2.259000718
          0,           0,         817,      -1.373716724,       1.272443914,      0.8505942754,       4.089247733,       2.139479031,       2.249346754
          0,           0,         818,      -1.373848491,        1.27225069,      0.8496461251,       4.087116513,       2.139414406,       2.240842053
          0,           0,         819,      -1.373679413,       1.272087666,      0.8516112711,       4.086074966,       2.139349839,       2.232888287
          0,           0,         820,      -1.373678955,       1.271909831,      0.8519122822,       4.084407908,       2.139343841,       2.227428069
          0,           0,         821,       -1.37389185,       1.271669518,      0.8502622308,       4.082758088,       2.139334627,       2.223291547
          0,           0,         822,      -1.374319372,       1.271359796,       0.846628907,       4.080248491,       2.139098182,       2.212127168
          0,           0,         823,      -1.374697177,       1.271148921,      0.8432313767,       4.079014642,       2.139034609,       2.205779803
          0,           0,         824,      -1.375171146,       1.270875647,       0.838853609,        4.07744185,       2.139030351,       2.200470347
          0,           0,         825,      -1.375567036,       1.270600339,      0.8355767555,         4.0749842,       2.139023915,       2.195391413
          0,           0,         826,      -1.375225899,       1.270424837,      0.8410187045,        4.08816163,       2.139014013,       2.196218744
          0,           0,         827,      -1.375540297,       1.270073201,      0.8398061879,        4.09465691,       2.138998207,       2.193302359
          0,           0,         828,      -1.375819605,       1.269596176,      0.8411417734,       4.101549215,       2.138973209,       2.197040631
          0,           0,         829,      -1.374104417,       1.269118239,      0.8627457186,       4.102977896,       2.138938292,       2.206579107
          0,           0,         830,      -1.372540656,       1.268930475,      0.8740684836,       4.119269709,       2.138209918,       2.205659888
          0,           0,         831,      -1.377660675,       1.268283285,      0.8268126713,       4.079221068,       2.137870336,        2.17863198
          0,           0,         832,      -1.378715108,       1.267895457,      0.8172136622,       4.076130818,       2.137873339,       2.173478138
          0,           0,         833,      -1.379299902,       1.267618293,      0.8121068697,       4.069301645,       2.137875333,       2.172568932
          0,           0,         834,      -1.379871137,       1.267309231,      0.8101493292,       4.072382356,       2.137876041,       2.175108903
          0,           0,         835,      -1.380611326,       1.266841991,      0.8053488393,       4.123884719,       2.137872868,       2.168535894
          0,           0,         836,      -1.381095618,       1.266383678,      0.8047410179,       4.084463829,       2.137865738,       2.176163378
          0,           0,         837,      -1.380680645,       1.265887787,      0.8162488864,       4.102908069,       2.137851309,       2.199010483
          0,           0,         838,      -1.381616172,       1.265492346,      0.8110128697,         4.1748013,       2.137826903,       2.230724417
          0,           0,         839,      -1.344436683,       1.323116165,       1.117690689,       4.170141511,       2.136919535,       2.237076763
          0,           0,         840,      -1.323174706,       1.354423772,       1.211228122,       4.167392069,       2.136482327,       2.180824891
          0,           0,         841,      -1.378652064,       1.265046559,      0.8607867988,       4.089191018,       2.136372709,       2.162016281
          0,           0,         842,      -1.382159111,       1.264171324,       0.826446198,       4.081082126,       2.136386948,       2.155479317
          0,           0,         843,      -1.383815651,       1.263533943,      0.8073391825,       4.076464933,       2.136403632,       2.153487439
          0,           0,         844,      -1.383449845,       1.263061972,      0.8133947078,       4.073249539,       2.136422046,       2.156649438
          0,           0,         845,      -1.385009853,       1.262417431,      0.8027197081,       4.084990385,       2.136440967,       2.156513711
          0,           0,         846,      -1.385730568,       1.261826747,      0.8001801473,       4.202437061,       2.136458812,       2.170295298
          0,           0,         847,      -1.385862794,       1.261185123,       0.806510571,       4.090263379,       2.135897957,       2.151995838
          0,           0,         848,      -1.386555589,        1.26067768,      0.8016941764,       4.073714943,       2.135920917,       2.128750392
          0,           0,         849,      -1.387236495,       1.260287249,      0.7966947647,       4.070517611,       2.136615051,       2.130604238
          0,           0,         850,      -1.387572126,       1.260074256,      0.7985866172,       4.071168422,       2.136628403,       2.141702398
          0,           0,         851,      -1.387683293,       1.259631232,      0.8057078908,       4.087972914,       2.136636395,       2.144410581
          0,           0,         852,      -1.386437299,       1.261483322,      0.8305752536,       4.307634539,       2.136637231,       2.139624393
          0,           0,         853,      -1.340992365,       1.320367659,       1.139731346,       4.181540315,       2.135755291,         2.1538837
          0,           0,         854,      -1.350920155,       1.312741596,        1.10356461,       4.159955172,       2.135320639,       2.149061371
          0,           0,         855,      -1.383066222,         1.2611542,      0.8693325329,       4.100242257,       2.135223703,       2.128225945
          0,           0,         856,      -1.384504476,       1.258301476,      0.8589730399,       4.089445588,       2.135241328,       2.118614442
          0,           0,         857,      -1.387972187,       1.257623223,      0.8292453906,        4.08007813,       2.135263588,       2.109251694
          0,           0,         858,      -1.387398593,       1.257305547,       0.835020936,       4.078528062,       2.135288861,       2.109963369
          0,           0,         859,      -1.390032347,       1.256571912,        0.81571079,       4.069916954,       2.135317119,       2.097945704
          0,           0,         860,      -1.390188554,       1.255985176,      0.8177040577,       4.067471545,       2.135348225,       2.096567337
          0,           0,         861,      -1.387595088,       1.255456492,      0.8487861205,       4.068363761,       2.135380451,       2.111128096
          0,           0,         862,      -1.391162188,       1.254933743,      0.8187633653,       4.103907043,       2.135417807,       2.142650788
          0,           0,         863,      -1.375765708,       1.258508278,      0.9351816467,       4.135871559,       2.135441032,       2.174206186
          0,           0,         864,      -1.380935662,       1.273681449,      0.9103879578,       4.119479734,       2.135489062,       2.172194711
          0,           0,         865,      -1.339026089,        1.33817924,       1.128007649,       4.339156022,       2.135477087,       2.260145341
          0,           0,         866,      -1.311481066,        1.34420719,       1.236553107,       4.236955707,       2.133471054,       2.294200301
          0,           0,         867,      -1.334931213,       1.336114375,        1.18805729,       4.188641178,       2.132629951,       2.219619598
          0,           0,         868,      -1.368896131,       1.279667977,       1.014704151,       4.129638299,       2.132228572,        2.16047315
          0,           0,         869,      -1.384775034,       1.259196463,      0.9225560591,       4.105220246,       2.132148384,       2.135281349
          0,           0,         870,      -1.388174513,       1.256214523,      0.8978054837,       4.097338544,       2.132187049,       2.119284635
          0,           0,         871,      -1.389709455,       1.254877138,      0.8885430282,       4.088646305,       2.132233545,       2.106431406
          0,           0,         872,      -1.391605294,       1.253566193,      0.8770142794,       4.084713311,       2.132287281,       2.094970292
          0,           0,         873,      -1.393079546,       1.252394254,      0.8660135318,        4.07636151,       2.132347867,        2.08457237
          0,           0,         874,      -1.394050981,       1.250807033,      0.8569226795,       4.081331143,       2.132416601,       2.070897403
          0,           0,         875,      -1.395242619,       1.249566929,      0.8442725969,       4.086122634,       2.132492734,       2.043465525
          0,           0,         876,      -1.392026121,       1.249864201,       0.870128589,       4.105357798,       2.132583472,       2.012353165
          0,           0,         877,      -1.376553435,       1.250917171,      0.9655267879,       4.308040622,       2.132676618,       2.022295606
          0,           0,         878,      -1.343807658,       1.257710728,       1.110600438,       4.184840757,       2.131589048,       2.058287499
          0,           0,         879,      -1.336870814,       1.260083981,       1.139079734,       4.184249814,       2.131041254,       2.018158084
          0,           0,         880,      -1.372769224,         1.2527159,       1.005841869,        4.12343388,       2.130849425,       1.993135397
          0,           0,         881,      -1.377565254,       1.252119333,      0.9844690796,       4.112480573,       2.130889598,       1.984988555
          0,           0,         882,      -1.384417916,       1.249916098,      0.9423751331,        4.09560112,       2.130936274,       1.981060207
          0,           0,         883,      -1.394635909,        1.24736274,      0.8566872799,        4.07768392,       2.130990054,       1.982489999
          0,           0,         884,      -1.393918768,       1.247331764,      0.8654977979,       4.073223401,       2.131049932,       1.967986934
          0,           0,         885,      -1.397007627,       1.246843849,      0.8459625102,       4.074783214,       2.131115446,       1.964343695
          0,           0,         886,      -1.391482969,       1.247318016,      0.8891924454,        4.09050918,       2.131186294,       1.956790787
          0,           0,         887,       -1.34196175,       1.255531029,       1.114507111,       4.149704089,       2.131263244,       1.917142764
          0,           0,         888,      -1.322563973,       1.260946909,       1.170508565,       4.347495158,       2.131337051,       1.980524071
          0,           0,         889,       -1.33757646,       1.263598965,         1.1320013,        4.19958952,       2.130217798,       2.054772146
          0,           0,         890,      -1.344520392,       1.312203663,       1.159492711,       4.175592818,       2.129655534,       2.015706617
          0,           0,         891,      -1.338834566,       1.314787837,       1.180301215,       4.170830133,       2.129455815,       1.979915586
          0,           0,         892,      -1.379199055,        1.25078347,      0.9694480194,       4.110369647,       2.129419331,       1.964884738
          0,           0,         893,        -1.3777508,       1.250999455,      0.9796172419,       4.104592885,       2.129382285,       1.954014346
          0,           0,         894,      -1.388701672,       1.247810768,      0.9083784077,       4.082579249,       2.129344761,       1.941980765
          0,           0,         895,       -1.39051136,       1.247373419,      0.8933348713,       4.080009133,       2.129306821,       1.918513821
          0,           0,         896,      -1.390363441,        1.24741504,      0.8950690467,       4.079200852,       2.129268516,       1.902924552
          0,           0,         897,      -1.378149147,       1.250235304,      0.9699359926,       4.095554701,       2.129302154,       1.896402488
          0,           0,         898,      -1.387352877,       1.248559512,       0.919637785,       4.078511633,        2.12917935,       1.869274377
          0,           0,         899,       -1.39379126,       1.247065173,      0.8752979211,       4.069924455,       2.129212399,       1.865521099
          0,           0,         900,      -1.396773302,       1.246657598,      0.8504502495,       4.067091601,       2.129251184,       1.849285779
          0,           0,         901,      -1.397785162,       1.246842432,      0.8450919654,       4.065078712,       2.129296039,       1.839103802
          0,           0,         902,      -1.399203525,       1.247067788,      0.8290784733,        4.06124737,       2.129346971,       1.844713007
          0,           0,         903,      -1.384228679,         1.2496182,      0.9360549953,       4.088136912,       2.129403177,       1.825778938
          0,           0,         904,      -1.374078069,       1.251214161,      0.9952298118,       4.101759136,       2.129466725,       1.825415548
          0,           0,         905,      -1.363407104,       1.254708126,       1.040845415,       4.125571003,        2.12952688,       1.905410284
          0,           0,         906,      -1.363611193,       1.258381753,       1.042606738,       4.146906614,       2.129586637,       1.948693148
          0,           0,         907,      -1.364852969,       1.261537113,       1.035790319,       4.184186852,       2.128365387,       2.067254243
          0,           0,         908,      -1.355723013,       1.280002954,       1.095636356,       4.161315154,       2.128426152,         2.0359895
          0,           0,         909,       -1.32990386,       1.352734577,       1.226316667,       4.179530584,       2.127683527,       2.017034873
          0,           0,         910,      -1.396509689,       1.270260541,      0.8937109029,       4.133461901,        2.12734321,       1.946126649
          0,           0,         911,      -1.398622052,       1.270766298,      0.8815344705,       4.068464272,       2.127371419,        1.93184598
          0,           0,         912,      -1.399595655,        1.27269254,      0.8766641334,       4.062478978,       2.127403871,       1.917796843
          0,           0,         913,      -1.403378327,       1.274910249,      0.8428836582,       4.079554212,       2.127164285,       1.884126206
          0,           0,         914,      -1.404122353,       1.276992139,      0.8311177585,       4.052334804,       2.127189899,       1.874783133
          0,           0,         915,      -1.404351363,       1.280053871,       0.825873108,       4.042547912,       2.127219247,       1.856235054
          0,           0,         916,      -1.405085502,       1.284241691,      0.8235540921,       4.039290942,       2.127251119,       1.827865865
          0,           0,         917,      -1.399558573,       1.290827248,      0.8732941716,       4.054336378,       2.127283984,       1.817183751
          0,           0,         918,      -1.388101198,       1.300237215,      0.9471225062,       4.079848755,       2.126793601,       1.811316478
          0,           0,         919,      -1.406351972,       1.303922884,      0.8216103509,       4.052318227,       2.126666145,       1.811901606
          0,           0,         920,      -1.406052655,       1.308807325,      0.8231255033,       4.047585291,       2.126613978,       1.788252701
          0,           0,         921,      -1.405768772,       1.314188272,      0.8247416189,       4.047471264,       2.126633397,        1.79037874
          0,           0,         922,      -1.406563938,       1.321416048,      0.8188049567,       4.042798385,       2.126492771,       1.791360695
          0,           0,         923,      -1.407763999,       1.328168976,      0.8082663752,       4.041993914,       2.126438566,       1.769836499
          0,           0,         924,       -1.40857926,       1.335885016,      0.8012674938,       4.040121156,       2.126383231,       1.772953819
          0,           0,         925,      -1.408647645,       1.344803772,      0.8011027447,       4.049018816,       2.126327305,       1.772927907
          0,           0,         926,      -1.408677722,       1.355116534,      0.7998197147,       4.061675039,       2.126270284,       1.779210009
          0,           0,         927,      -1.408391443,        1.36749982,      0.8012975536,       4.040011757,       2.126212499,       1.760360705
          0,           0,         928,      -1.408030624,       1.382201548,       0.801894625,       4.040167407,       2.126153585,       1.766240043
          0,           0,         929,      -1.407295901,       1.400126226,      0.8055108734,       4.041238747,       2.126093766,       1.779142983
          0,           0,         930,      -1.406438814,       1.421570546,       0.807134349,       4.042588321,       2.126032798,       1.787293717
          0,           0,         931,      -1.405065467,       1.446766994,       0.811484811,        4.04510289,        2.12597093,       1.766236023
          0,           0,         932,      -1.403486439,       1.473584485,       0.813964774,       4.047806106,        2.12590804,       1.780917126
          0,           0,         933,      -1.401769034,       1.496445843,      0.8195455714,       4.059081338,       2.125844622,       1.786167198
          0,           0,         934,      -1.400966331,       1.505799388,      0.8251254012,       4.074702548,       2.125780605,       1.787936142
          0,           0,         935,      -1.401421131,       1.497135694,      0.8296416735,       4.059042324,       2.125716379,       1.787673364
          0,           0,         936,      -1.401995956,        1.47940605,      0.8346060333,       4.055491373,       2.125651814,       1.795424185
          0,           0,         937,      -1.402097743,       1.464295099,      0.8384135956,       4.057326549,       2.125587514,       1.784805571
          0,           0,         938,       -1.40169543,       1.455678362,      0.8436500603,       4.056654278,       2.125523141,       1.790709839
          0,           0,         939,      -1.401287987,       1.452198061,      0.8469030575,       4.062159484,        2.12545898,       1.806348868
          0,           0,         940,      -1.400737249,        1.45227246,      0.8513916206,         4.0766573,        2.12546582,        1.81047585
          0,           0,         941,      -1.400034976,       1.455568842,      0.8565315576,        4.08337551,       2.125473303,       1.799924187
          0,           0,         942,      -1.399157589,       1.462667167,      0.8616581452,       4.061547122,       2.125208123,       1.805477483
          0,           0,         943,      -1.398424785,       1.467295065,      0.8662476633,       4.056915504,       2.125144017,       1.819126868
          0,           0,         944,       -1.39735245,       1.472645131,      0.8738418597,        4.06257952,       2.125080008,       1.828052782
          0,           0,         945,      -1.396436204,       1.478138498,      0.8793408562,       4.063110814,       2.125015992,       1.820084319
          0,           0,         946,      -1.395658981,       1.483612417,      0.8828828185,       4.068371037,       2.124952183,       1.830646201
          0,           0,         947,      -1.395196303,       1.488824888,      0.8816982099,       4.064753093,        2.12488841,       1.833106155
          0,           0,         948,      -1.394161044,       1.494138986,      0.8865986589,       4.061712493,       2.124824822,       1.818308239
          0,           0,         949,      -1.393171925,       1.498979513,       0.890506575,       4.062158978,       2.124761342,       1.822461422
          0,           0,         950,      -1.392137963,       1.503123202,      0.8945738701,       4.069441569,       2.124698135,        1.83616433
          0,           0,         951,      -1.391024898,         1.5061807,      0.8993304392,       4.085374217,       2.124635084,       1.840102481
          0,           0,         952,      -1.389312926,       1.507785707,      0.9101243482,       4.092068459,        2.12457235,        1.82088044
          0,           0,         953,      -1.388326337,       1.506056974,      0.9136507691,       4.073089324,       2.124509268,       1.826313162
          0,           0,         954,      -1.387670464,       1.499495425,      0.9137409191,       4.072237558,       2.124519023,       1.839371942
          0,           0,         955,      -1.386255676,       1.482139873,      0.9155358043,       4.075772143,        2.12436301,       1.846192521
          0,           0,         956,      -1.383755713,       1.460049945,      0.9184047551,       4.083190108,       2.124296285,       1.828791207
          0,           0,         957,      -1.378538686,       1.442845931,      0.9195579195,       4.102265897,       2.124227021,       1.832881138
          0,           0,         958,       -1.36983736,       1.452920549,      0.9193878374,       4.097611066,       2.124155844,       1.838339765
          0,           0,         959,      -1.360872721,        1.48345188,      0.9178209567,       4.110331634,       2.124084259,       1.843902697
          0,           0,         960,      -1.354727968,       1.507738385,      0.9241245425,       4.120103097,       2.124013664,       1.829499584
          0,           0,         961,      -1.352958897,       1.517632535,      0.9232598235,       4.123707209,       2.123944597,       1.836832466
          0,           0,         962,      -1.354915717,         1.5171187,      0.9030968651,       4.125099899,        2.12387748,       1.836466982
          0,           0,         963,       -1.35665335,       1.512126017,      0.8982482899,       4.133560473,       2.123812223,       1.841952393
          0,           0,         964,      -1.358762798,       1.504588067,      0.8923970182,       4.135675883,       2.123749001,       1.829516903
          0,           0,         965,        -1.3607857,       1.496135591,      0.8866656304,        4.11539793,       2.123687182,       1.833325976
          0,           0,         966,      -1.362510121,       1.487610962,      0.8819286199,       4.111779129,       2.123703076,       1.845673984
          0,           0,         967,      -1.363696231,       1.477963148,      0.8834459206,       4.110238101,       2.123722912,       1.855747414
          0,           0,         968,      -1.363956399,       1.467746747,      0.8936930628,        4.11950214,       2.123746963,       1.842109239
          0,           0,         969,      -1.363209999,       1.457965602,      0.9108226848,         4.1243031,       2.123337089,       1.841315073
          0,           0,         970,      -1.355498341,       1.459279784,      0.9910184131,       4.126509788,       2.123283437,       1.846089925
          0,           0,         971,      -1.333099422,       1.472984125,       1.131506651,        4.15188755,       2.123230631,       1.850925873
          0,           0,         972,      -1.367485092,        1.44028505,      0.8534645862,       4.102919934,        2.12317869,       1.854385041
          0,           0,         973,      -1.367872741,         1.4359488,      0.8458542723,       4.100999126,       2.123127645,       1.843342193
          0,           0,         974,      -1.368080537,       1.432025537,      0.8405688139,       4.100178451,        2.12307739,        1.84716617
          0,           0,         975,      -1.368281308,        1.42830985,      0.8354787745,       4.100289303,       2.123027898,       1.860029988
          0,           0,         976,      -1.368425057,       1.424799291,      0.8317953948,       4.100244506,       2.122979115,       1.858300321
          0,           0,         977,      -1.368596262,       1.421388184,      0.8278066241,       4.100254648,        2.12293099,       1.844172749
          0,           0,         978,      -1.368743017,       1.418094154,      0.8245208939,       4.099940151,       2.122883467,       1.847034273
          0,           0,         979,      -1.368953103,        1.41481629,       0.820749187,       4.100200502,       2.122836485,        1.86035079
          0,           0,         980,      -1.369161268,       1.411593894,      0.8175738597,       4.099926615,       2.122790005,       1.862095875
          0,           0,         981,      -1.369438306,       1.408351387,      0.8140240204,       4.109695236,       2.122744051,       1.844847581
          0,           0,         982,      -1.369616918,       1.405243223,      0.8125334623,        4.10657747,        2.12269851,        1.84849536
          0,           0,         983,      -1.369924749,        1.40204426,      0.8097986739,       4.101943652,       2.122653116,       1.857557026
          0,           0,         984,      -1.370182802,       1.398934212,      0.8083730354,       4.099463611,       2.122607984,        1.86329591
          0,           0,         985,      -1.370545459,       1.395734976,      0.8058446871,       4.106313652,       2.122563202,       1.847574291
          0,           0,         986,      -1.370887371,       1.392595756,      0.8042413908,       4.116005027,       2.122518613,       1.859633677
          0,           0,         987,       -1.37115263,       1.389574141,      0.8044464102,       4.116505931,       2.122474384,       1.860250463
          0,           0,         988,      -1.371533808,       1.386471239,      0.8031889982,       4.098043567,       2.122430142,       1.855132514
          0,           0,         989,      -1.371863254,       1.383467398,      0.8032085699,       4.098624575,       2.122463677,       1.863234324
          0,           0,         990,      -1.372382804,       1.379713966,      0.8017555708,       4.097920543,       2.122502987,       1.860529413
          0,           0,         991,      -1.372920045,       1.375324764,      0.8026763426,       4.109816443,       2.122548032,       1.873131494
          0,           0,         992,      -1.373731527,       1.369960951,      0.8018877121,       4.112768008,       2.122598817,       1.909092065
          0,           0,         993,      -1.374322303,        1.36414418,      0.8087778735,       4.113284101,       2.122092456,       1.926360358
          0,           0,         994,      -1.373566115,       1.362485566,      0.8306240611,       4.095709566,       2.121968313,       1.918081787
          0,           0,         995,      -1.371172984,       1.363298648,      0.8738866178,       4.097245981,       2.121924581,        1.91785314
          0,           0,         996,      -1.374577616,       1.357268123,      0.8303422751,       4.092898706,       2.121880826,       1.919241988
          0,           0,         997,      -1.374565961,       1.355323224,      0.8365105207,       4.092580714,       2.121837064,       1.898309325
          0,           0,         998,      -1.376685342,       1.350961059,      0.8075083655,        4.08867971,       2.121793294,       1.911191137
          0,           0,         999,      -1.377072274,       1.348728615,      0.8086154152,       4.087442387,       2.121749528,         1.9132303
          0,           0,        1000,      -1.377437464,       1.346583218,      0.8096242639,        4.08652684,       2.121705762,       1.899739946
          0,           0,        1001,      -1.377858499,       1.344435952,      0.8098302178,       4.085870909,       2.121662004,       1.903608439
          0,           0,        1002,      -1.378158547,       1.342515711,      0.8123028095,       4.085749994,       2.121618248,       1.907548625
          0,           0,        1003,      -1.378612098,       1.340452915,      0.8117336805,       4.084218958,       2.121574498,       1.913071092
          0,           0,        1004,      -1.379006183,       1.338528904,      0.8122735853,       4.083468776,       2.121530749,       1.904435683
          0,           0,        1005,      -1.379423927,       1.336621904,       0.812423691,       4.082387995,       2.121486997,       1.911569075
          0,           0,        1006,       -1.37977424,       1.334864579,      0.8135982183,       4.082230293,       2.121443239,        1.91565921
          0,           0,        1007,      -1.380191661,       1.333061601,      0.8136414598,       4.081166736,       2.121399483,       1.922512467
          0,           0,        1008,      -1.380593605,       1.331330025,      0.8138331164,        4.08134207,       2.121355745,        1.91502815
          0,           0,        1009,      -1.380926314,       1.329739091,      0.8151088159,       4.078918509,        2.12131194,       1.920227143
          0,           0,        1010,      -1.380963279,        1.32860295,      0.8208865943,       4.088511448,       2.121347497,        1.93073384
          0,           0,        1011,      -1.381044797,       1.327185627,       0.827791626,       4.098919456,       2.121211291,       1.939244827
          0,           0,        1012,      -1.381574051,       1.325465813,      0.8265002759,       4.097778509,       2.121167627,        1.93498119
          0,           0,        1013,      -1.382498651,       1.323246701,      0.8173041586,       4.080381998,       2.121123925,       1.940043942
          0,           0,        1014,      -1.382842638,       1.321848588,      0.8180314016,       4.078307655,       2.121080086,       1.943154257
          0,           0,        1015,      -1.383199343,       1.320465006,       0.818568455,       4.083945985,       2.121036306,       1.945309192
          0,           0,        1016,       -1.38361806,       1.319023238,      0.8180035296,       4.094226305,       2.120992461,       1.951146879
          0,           0,        1017,      -1.383974306,        1.31769677,       0.818454622,       4.084833526,       2.120948689,       1.943588204
          0,           0,        1018,      -1.384281147,       1.316472409,      0.8195449673,       4.074902846,       2.120904778,       1.951181156
          0,           0,        1019,      -1.383763161,       1.316420197,      0.8338978313,       4.075539272,       2.120860831,       1.959619479
          0,           0,        1020,      -1.383627312,       1.315776433,      0.8426038323,       4.076127793,       2.120816805,       1.953862822
          0,           0,        1021,      -1.385437184,       1.312544308,      0.8199463433,       4.073624026,       2.120772754,       1.965759116
          0,           0,        1022,      -1.385779706,       1.311351334,      0.8206296695,       4.072647952,       2.120728554,       1.967327026
          0,           0,        1023,      -1.386175174,       1.310092785,      0.8204205581,       4.079606059,       2.120684288,        1.96402862
          0,           0,        1024,      -1.386591257,       1.308824504,      0.8198257301,        4.09022754,       2.120639901,       1.968309805
          0,           0,        1025,      -1.386919451,       1.307712859,      0.8205650155,       4.070756138,       2.120595414,       1.978753251
          0,           0,        1026,      -1.387044504,       1.306925953,      0.8242335581,       4.072204626,       2.120550872,       1.982534776
          0,           0,        1027,      -1.387010325,       1.306372762,      0.8307346631,       4.070445246,       2.120506142,       1.977806427
          0,           0,        1028,      -1.387005117,       1.305758134,      0.8370240344,       4.076575948,        2.12046141,       1.982829792
          0,           0,        1029,      -1.388403278,       1.303195217,      0.8203859217,       4.070462736,       2.120416422,       1.987601268
          0,           0,        1030,      -1.388769459,       1.302111719,      0.8203698295,       4.076061427,       2.120371437,       1.993890979
          0,           0,        1031,      -1.389131812,       1.301052548,      0.8204142032,       4.086654643,       2.120326317,       1.989217354
          0,           0,        1032,      -1.389565599,       1.299901274,      0.8193264096,       4.086813403,       2.120281235,        1.99449231
          0,           0,        1033,       -1.38991363,       1.298892102,      0.8195499563,       4.065888392,       2.120235875,        2.00504536
          0,           0,        1034,      -1.390221076,       1.297962802,      0.8202720584,        4.06773615,       2.120190431,       2.010642526
          0,           0,        1035,      -1.389428027,       1.298690715,      0.8378967176,       4.067964893,       2.120144729,       2.007049984
          0,           0,        1036,      -1.388728587,       1.299163739,      0.8538174629,       4.077104273,       2.120098907,       2.012398277
          0,           0,        1037,      -1.391361421,       1.294877761,      0.8191669836,       4.083523371,       2.120052882,        2.01580849
          0,           0,        1038,      -1.391761088,       1.293838741,      0.8184704462,       4.068965644,       2.120006736,       2.022418532
          0,           0,        1039,       -1.39211281,       1.292878778,      0.8184347627,       4.063545566,       2.119960376,       2.019921923
          0,           0,        1040,      -1.392559317,        1.29177812,      0.8169089791,       4.061982712,       2.119913777,       2.024785829
          0,           0,        1041,      -1.392939322,       1.290781324,      0.8164210355,       4.063487942,       2.119867035,       2.031874894
          0,           0,        1042,      -1.393261206,       1.289882737,       0.816785095,       4.062653089,       2.119819996,       2.038290711
          0,           0,        1043,      -1.392693274,       1.290340828,      0.8310118456,       4.070381779,       2.119772788,        2.03621878
          0,           0,        1044,      -1.392393529,       1.290298129,      0.8412892412,       4.083154484,       2.119725381,       2.041010377
          0,           0,        1045,      -1.394422652,       1.286872191,      0.8149011469,       4.079171788,       2.119677919,       2.044736338
          0,           0,        1046,      -1.394803669,       1.285884368,      0.8143016012,       4.060024571,       2.119630192,       2.050567169
          0,           0,        1047,      -1.395203667,       1.284867176,      0.8133220834,       4.058360872,       2.119582216,       2.047880986
          0,           0,        1048,      -1.395647514,       1.283778946,      0.8117215294,       4.059262466,       2.119534047,       2.051970812
          0,           0,        1049,      -1.395998463,       1.282842074,      0.8116102864,       4.058009343,       2.119485557,       2.055304074
          0,           0,        1050,      -1.396217973,       1.282122559,      0.8134448083,       4.065642128,       2.119436876,       2.060736081
          0,           0,        1051,      -1.396020241,       1.282044358,      0.8222772046,       4.077782293,       2.119387907,       2.057824513
          0,           0,        1052,      -1.395761382,        1.28200354,      0.8319756764,       4.058826801,       2.119338671,       2.061613399
          0,           0,        1053,       -1.39756067,       1.278868694,      0.8085871833,       4.055413148,        2.11928913,       2.065944781
          0,           0,        1054,      -1.397966089,        1.27785544,       0.807684599,       4.054551614,       2.119239255,       2.071179952
          0,           0,        1055,      -1.398350774,        1.27687879,      0.8071055692,        4.05407282,       2.119189049,        2.06768839
          0,           0,        1056,      -1.398823026,       1.275766551,      0.8052139425,        4.05303583,       2.119138456,       2.071359817
          0,           0,        1057,       -1.39921877,       1.274786477,      0.8045901069,       4.056234585,       2.119087561,       2.072810219
          0,           0,        1058,      -1.399574579,       1.273885732,      0.8045929869,       4.073285437,       2.119036308,       2.076929533
          0,           0,        1059,      -1.398234096,       1.275725117,      0.8305139154,       4.084974945,       2.118984726,       2.076592635
          0,           0,        1060,      -1.397390781,       1.276580467,      0.8485842048,       4.060688808,       2.118932419,        2.08086286
          0,           0,        1061,      -1.400875975,       1.270880384,      0.8009689457,       4.052670103,       2.118879598,       2.078454764
          0,           0,        1062,      -1.401263652,       1.270007951,       0.800540577,       4.055704295,       2.118826347,       2.081123268
          0,           0,        1063,       -1.40167482,       1.269154212,       0.799633249,       4.050546733,       2.118772444,       2.089121416
          0,           0,        1064,      -1.402182097,        1.26816835,      0.7975080409,        4.05871558,       2.118718124,       2.088751813
          0,           0,        1065,      -1.402635565,       1.267339715,      0.7963356036,       4.069344642,       2.118663242,       2.085559548
          0,           0,        1066,      -1.403033055,       1.266700234,      0.7960786672,       4.055995949,       2.118607923,       2.087912943
          0,           0,        1067,      -1.402210669,       1.268162457,      0.8152676406,       4.050034925,        2.11855187,       2.095345174
          0,           0,        1068,      -1.401841293,       1.268882522,      0.8274938918,       4.054309898,       2.118495227,       2.097014982
          0,           0,        1069,      -1.404436907,       1.265244418,      0.7917119147,        4.05185942,       2.118437791,       2.093169989
          0,           0,        1070,      -1.404811455,        1.26536792,      0.7915603856,       4.054643826,       2.118379679,       2.095811087
          0,           0,        1071,      -1.405260866,        1.26568758,       0.790358278,       4.065789298,       2.118320772,       2.095878784
          0,           0,        1072,      -1.405768501,       1.266374554,      0.7881572966,       4.065439205,       2.118261165,       2.099108627
          0,           0,        1073,      -1.406163446,       1.267877775,      0.7876230561,       4.044470706,       2.118200475,       2.095376011
          0,           0,        1074,      -1.406409916,        1.27049038,       0.789048029,       4.045018787,       2.118138748,       2.097246056
          0,           0,        1075,      -1.406150836,       1.275072335,      0.7988122741,       4.044783835,       2.118075744,       2.104436272
          0,           0,        1076,      -1.405741359,       1.281481825,      0.8099111775,       4.053346915,       2.118011482,       2.105032004
          0,           0,        1077,      -1.407494186,       1.287323447,      0.7824365901,       4.063975924,       2.117945696,       2.100646498
          0,           0,        1078,      -1.407544971,       1.299353335,      0.7814619387,       4.050552561,       2.117878253,       2.103348726
          0,           0,        1079,      -1.407302995,       1.317316024,      0.7806563773,        4.04598503,       2.117808496,       2.106872324
          0,           0,        1080,      -1.406649123,        1.34404737,      0.7781722081,       4.046881984,       2.117736303,        2.10903433
          0,           0,        1081,      -1.404962075,       1.383544429,      0.7773193551,        4.04940199,        2.11766108,       2.105932599
          0,           0,        1082,      -1.401628156,       1.437758625,      0.7773029315,       4.061270355,       2.117582613,       2.107671576
          0,           0,        1083,      -1.395504865,       1.496994084,      0.8031950075,       4.082506403,       2.117500792,       2.108952883
          0,           0,        1084,      -1.393611065,       1.517829431,      0.8237341948,       4.086820451,       2.117416238,       2.110864912
          0,           0,        1085,      -1.402838816,       1.467147258,      0.7771757294,       4.054144663,        2.11732997,       2.105562004
          0,           0,        1086,      -1.407291241,       1.408635709,       0.779488252,       4.046780974,       2.117244358,       2.107903328
          0,           0,        1087,      -1.408958168,       1.374860914,      0.7800187136,       4.043972391,       2.117159889,       2.112151011
          0,           0,        1088,       -1.40990549,       1.356506992,      0.7792950938,       4.044717497,       2.117076161,       2.106811109
          0,           0,        1089,      -1.410671346,       1.345572891,      0.7797986098,       4.043484653,       2.116992741,       2.108559792
          0,           0,        1090,      -1.411405234,       1.338374686,      0.7812275708,         4.0510614,       2.116909544,       2.104502524
          0,           0,        1091,      -1.411248777,       1.334299359,      0.7980035986,       4.061990788,         2.1168265,       2.105272427
          0,           0,        1092,      -1.411125483,       1.331466044,      0.8142048778,       4.060827489,       2.116743691,       2.111880316
          0,           0,        1093,      -1.413884024,       1.326344154,      0.7827260686,       4.038338512,       2.116661001,       2.109020805
          0,           0,        1094,      -1.414674026,       1.324142772,      0.7833327076,       4.034976825,       2.116578381,       2.110586982
          0,           0,        1095,      -1.415363562,       1.322617442,      0.7850574213,       4.036502536,       2.116495945,        2.11403702
          0,           0,        1096,      -1.416126618,       1.321463965,      0.7851262778,       4.034436385,       2.116413534,       2.110846556
          0,           0,        1097,      -1.416806211,       1.320808782,      0.7859754584,       4.040963016,       2.116331285,       2.112302282
          0,           0,        1098,      -1.417385392,       1.320627198,      0.7877876123,       4.053118398,       2.116249142,         2.1118588
          0,           0,        1099,      -1.416987392,       1.321921517,      0.8043100668,       4.031475791,       2.116167128,       2.106352066
          0,           0,        1100,      -1.416835281,       1.323112837,      0.8165324354,       4.033991645,       2.116085252,       2.107335784
          0,           0,        1101,      -1.418973228,       1.322026855,      0.7918517883,        4.02889255,       2.116003464,       2.112457363
          0,           0,        1102,      -1.419428163,       1.323095579,      0.7933754407,       4.029338761,       2.115921839,        2.10556345
          0,           0,        1103,      -1.419900844,       1.324378369,      0.7941232857,       4.027503896,       2.115840274,       2.108278168
          0,           0,        1104,      -1.420354492,       1.325903808,      0.7948441013,       4.036794173,       2.115758924,       2.110613423
          0,           0,        1105,      -1.420672044,       1.327808621,      0.7972123915,       4.049427894,       2.115677719,       2.103915679
          0,           0,        1106,      -1.419646592,       1.331437694,      0.8184149499,       4.051598614,       2.115596828,       2.106787376
          0,           0,        1107,      -1.419618747,       1.334028093,      0.8250106097,       4.029804059,       2.115515993,       2.110468915
          0,           0,        1108,      -1.421709886,       1.334647581,      0.8003303516,       4.026529854,       2.115435332,       2.106164964
          0,           0,        1109,      -1.421867795,       1.337529884,      0.8030920393,       4.025328994,       2.115354781,       2.107519524
          0,           0,        1110,      -1.422014823,       1.340613055,      0.8057669945,       4.031175615,       2.115274482,       2.105946201
          0,           0,        1111,      -1.422248896,       1.343792744,      0.8068469345,       4.047515107,       2.115194387,       2.108059897
          0,           0,        1112,      -1.422429068,       1.347217966,      0.8083899153,       4.055730683,       2.115114642,       2.100282826
          0,           0,        1113,      -1.422499221,       1.350950285,      0.8109878739,       4.029540025,       2.115034843,       2.102902499
          0,           0,        1114,      -1.421327705,       1.356098484,      0.8299079254,       4.028144621,       2.114955205,       2.105625355
          0,           0,        1115,      -1.420753275,       1.360710239,      0.8405413495,       4.033096146,       2.114875822,       2.101093701
          0,           0,        1116,      -1.422660901,       1.363245888,      0.8165415542,       4.027710175,       2.114796537,       2.102069607
          0,           0,        1117,      -1.422545034,       1.367852573,      0.8198862575,       4.035471455,       2.114717491,       2.098749547
          0,           0,        1118,      -1.422526924,       1.372536935,      0.8216167474,        4.04833942,        2.11463865,        2.10311226
          0,           0,        1119,      -1.422466313,       1.377429783,       0.823500841,       4.026287458,       2.114560037,       2.095880199
          0,           0,        1120,      -1.422261809,       1.382607277,      0.8268339524,       4.027352139,       2.114481686,       2.096375013
          0,           0,        1121,      -1.421130611,       1.388733048,       0.841268785,       4.028966015,       2.114403549,       2.090029169
          0,           0,        1122,       -1.42081001,       1.394231672,       0.845124891,       4.031409161,       2.114325733,       2.090226526
          0,           0,        1123,       -1.42158515,       1.399030028,      0.8346925197,       4.028951764,        2.11424814,       2.095434091
          0,           0,        1124,      -1.421300526,       1.404778837,       0.836662112,       4.038247602,       2.114170917,       2.087096366
          0,           0,        1125,      -1.420804219,       1.410766089,      0.8409375435,       4.052100724,       2.114094034,       2.088910186
          0,           0,        1126,      -1.420395479,       1.416757622,      0.8436911735,       4.052394533,       2.114017671,       2.084176377
          0,           0,        1127,      -1.419945461,       1.422840149,      0.8464483985,       4.032508261,       2.113941661,       2.086249715
          0,           0,        1128,      -1.419359387,       1.429054892,      0.8503123221,       4.032357592,       2.113866062,       2.083547909
          0,           0,        1129,      -1.417653927,       1.436049561,      0.8665429419,        4.03674531,       2.113790962,       2.086675886
          0,           0,        1130,      -1.416539219,       1.442499116,      0.8756597235,       4.038375595,       2.113716291,       2.079384613
          0,           0,        1131,      -1.417427012,       1.447576061,      0.8603680102,       4.045403365,       2.113642197,       2.081061231
          0,           0,        1132,      -1.416562951,       1.453600562,      0.8651416387,       4.058935489,       2.113568668,       2.084228028
          0,           0,        1133,      -1.415794349,       1.459247365,      0.8684043909,       4.041775034,       2.113495798,       2.076196607
          0,           0,        1134,      -1.414968197,       1.464428377,      0.8719806935,       4.040731735,        2.11342352,       2.077289386
          0,           0,        1135,      -1.414032354,       1.468929557,      0.8764656027,       4.041129052,       2.113351781,       2.070372382
          0,           0,        1136,      -1.411805061,       1.473060861,      0.8942712527,       4.047458579,       2.113280628,       2.070440038
          0,           0,        1137,      -1.410271889,        1.47492503,       0.904957198,       4.049568387,       2.113209787,        2.07629097
          0,           0,        1138,      -1.411421549,       1.472389504,      0.8875572344,        4.05665325,       2.113139014,       2.066256359
          0,           0,        1139,      -1.410469299,       1.466514057,      0.8921414524,       4.065916759,         2.1130679,       2.069884441
          0,           0,        1140,      -1.409470043,       1.453665288,      0.8954655347,       4.067835489,       2.112995865,       2.073171508
          0,           0,        1141,      -1.407808359,       1.432458092,      0.8975839304,       4.049755013,       2.112921728,       2.067850755
          0,           0,        1142,      -1.403791314,       1.410303361,      0.8996909684,       4.054856936,       2.112844283,        2.06886345
          0,           0,        1143,       -1.39540983,       1.413318942,      0.9022317718,        4.06861876,       2.112763199,       2.062517719
          0,           0,        1144,      -1.384204516,       1.451541507,       0.904197587,       4.084652793,       2.112679766,        2.06691701
          0,           0,        1145,      -1.375563242,       1.490782886,      0.9040167073,       4.102381431,        2.11259625,       2.056024481
          0,           0,        1146,      -1.372850153,       1.511104856,      0.8884190997,       4.118721266,       2.112514113,        2.05861095
          0,           0,        1147,      -1.372750111,       1.517277293,      0.8834477856,       4.113208228,        2.11243401,       2.061119574
          0,           0,        1148,       -1.37445792,       1.515269325,      0.8773608631,       4.103139438,       2.112356113,       2.054960131
          0,           0,        1149,       -1.37687358,       1.509249797,      0.8702282534,       4.099147447,       2.112280638,       2.055439357
          0,           0,        1150,      -1.379256548,       1.501578176,      0.8643623688,       4.094616647,       2.112207638,        2.04584504
          0,           0,        1151,       -1.38087039,       1.493767179,      0.8661867498,       4.091893361,       2.112136976,       2.048681862
          0,           0,        1152,      -1.382717858,       1.485727201,      0.8609745118,       4.090489811,       2.112068625,       2.051258677
          0,           0,        1153,      -1.384872257,       1.477744384,       0.846817177,       4.085827266,       2.112002436,       2.045376829
          0,           0,        1154,      -1.386170767,       1.470711996,      0.8396070408,       4.092012835,       2.111938469,       2.045807956
          0,           0,        1155,      -1.387047781,       1.464434685,      0.8349432637,       4.101372851,       2.111876597,       2.033811972
          0,           0,        1156,      -1.387811824,       1.458703924,      0.8287920622,       4.100524393,       2.111816927,       2.036537564
          0,           0,        1157,       -1.38838152,       1.453557319,      0.8230336702,       4.081681239,       2.111759159,       2.038773837
          0,           0,        1158,      -1.388728331,       1.448968327,      0.8188206023,       4.081331927,        2.11170332,       2.030939534
          0,           0,        1159,      -1.387672277,       1.445797051,      0.8350275986,       4.082795025,       2.111649317,       2.031042002
          0,           0,        1160,      -1.387318952,       1.442308292,      0.8403660083,       4.085947502,       2.111597157,       2.023400555
          0,           0,        1161,      -1.389564548,       1.437116372,      0.8033287762,       4.098293849,       2.111546779,       2.026451243
          0,           0,        1162,      -1.389683239,       1.433687116,      0.8001710081,       4.099490306,        2.11149791,       2.019213161
          0,           0,        1163,       -1.38979938,       1.430384204,      0.7974196393,       4.082921129,       2.111450331,       2.023559128
          0,           0,        1164,       -1.39002327,       1.427070291,      0.7934360009,       4.082699365,       2.111404153,       2.011243543
          0,           0,        1165,      -1.390268121,       1.423793715,      0.7898770627,       4.079707073,       2.111359365,       2.012897805
          0,           0,        1166,       -1.39046457,       1.420587762,      0.7879147191,       4.081287126,       2.111315931,        2.01581856
          0,           0,        1167,       -1.38982478,        1.41812513,       0.801804606,       4.081006937,       2.111273694,       2.009173358
          0,           0,        1168,      -1.389658175,       1.415217175,      0.8086690806,       4.086869284,       2.111232726,       2.009459594
          0,           0,        1169,      -1.391226252,        1.41088406,      0.7836390776,       4.095740384,       2.111192906,       1.996505594
          0,           0,        1170,       -1.39153068,       1.407607225,      0.7830127307,       4.112436806,       2.111154072,       1.999123277
          0,           0,        1171,      -1.391923784,       1.404252208,      0.7813878566,       4.080916083,       2.111115908,       2.001541763
          0,           0,        1172,      -1.392289408,       1.400924483,       0.780966956,       4.080284633,       2.111078583,       1.992972669
          0,           0,        1173,      -1.392580658,       1.397682487,      0.7824807214,       4.077182053,       2.111042092,        1.99296686
          0,           0,        1174,      -1.392450413,       1.394846763,      0.7923217505,       4.079514183,       2.111006443,       1.985729565
          0,           0,        1175,      -1.392306854,       1.392021253,      0.8027898818,       4.078313346,       2.110971494,        1.98941913
          0,           0,        1176,      -1.393825395,       1.387691832,      0.7824938933,       4.080818641,       2.110937358,       1.976412525
          0,           0,        1177,      -1.394161319,       1.384496071,      0.7851351056,       4.078451081,       2.110903867,       1.978765419
          0,           0,        1178,      -1.394604051,        1.38123176,       0.785986531,       4.091853287,       2.110870836,       1.981504343
          0,           0,        1179,      -1.395071456,       1.377984136,       0.786404597,       4.092618181,       2.110838331,       1.973331117
          0,           0,        1180,      -1.395445025,        1.37488267,      0.7884534966,       4.092962327,       2.110806479,       1.973420767
          0,           0,        1181,      -1.394927901,       1.372765549,      0.8056492715,       4.073723906,       2.110775114,       1.965771524
          0,           0,        1182,      -1.394945745,       1.370097309,      0.8137285243,       4.073701231,        2.11074425,        1.97021881
          0,           0,        1183,      -1.396603402,       1.365872506,      0.7926336468,        4.06994836,       2.110713831,       1.956383058
          0,           0,        1184,      -1.396863582,       1.363125923,      0.7957862838,       4.070213467,       2.110683947,        1.95847771
          0,           0,        1185,      -1.397243972,       1.360292957,      0.7967429437,       4.067061863,       2.110654521,       1.961371419
          0,           0,        1186,      -1.397596008,        1.35755169,      0.7980264351,       4.068947904,        2.11062564,       1.953880242
          0,           0,        1187,      -1.397852041,       1.354991302,       0.800642047,       4.065708232,       2.110597167,       1.954075634
          0,           0,        1188,      -1.397613843,       1.353044898,      0.8112522466,       4.079569391,       2.110569008,       1.941505403
          0,           0,        1189,      -1.397393161,         1.3511047,      0.8212224724,       4.086141977,       2.110541218,       1.945065919
          0,           0,        1190,       -1.39873983,       1.347539533,      0.8045313744,       4.064664949,       2.110513795,        1.94809655
          0,           0,        1191,      -1.398902247,       1.345336489,      0.8074570354,       4.062090751,       2.110486783,       1.939951603
          0,           0,        1192,      -1.399183795,        1.34304987,      0.8082779151,       4.062128299,       2.110460166,       1.939874384
          0,           0,        1193,      -1.399448509,       1.340843577,       0.809227415,       4.060427348,       2.110433905,       1.932124899
          0,           0,        1194,      -1.399633624,       1.338788378,      0.8111497385,       4.060962541,        2.11040803,       1.937250226
          0,           0,        1195,      -1.398950739,        1.33782918,      0.8262005399,       4.060679096,       2.110382471,        1.92199431
          0,           0,        1196,      -1.398495211,       1.336577073,      0.8376535742,       4.068024555,       2.110357342,       1.923361262
          0,           0,        1197,       -1.40021189,        1.33289828,      0.8149924612,       4.079968944,        2.11033259,       1.926420767
          0,           0,        1198,      -1.400403207,       1.331052127,      0.8160365227,       4.095847687,       2.110308101,       1.920742905
          0,           0,        1199,      -1.400548403,       1.329300801,       0.817529831,       4.060564937,       2.110283618,       1.921325342
          0,           0,        1200,      -1.400782843,       1.327469966,      0.8176096049,       4.060086722,       2.110259356,       1.906912228
          0,           0,        1201,      -1.400930423,       1.325784848,      0.8188572377,       4.056479013,       2.110235346,       1.907523061
          0,           0,        1202,      -1.400879556,       1.324384405,      0.8227868557,        4.05988137,       2.110211634,       1.912247622
          0,           0,        1203,      -1.400740432,       1.323115157,      0.8280163622,       4.056808359,       2.110188085,       1.903348569
          0,           0,        1204,      -1.400669886,       1.321760701,      0.8323494173,       4.067521001,       2.110164868,       1.903034728
          0,           0,        1205,      -1.401567522,       1.319261109,      0.8211155823,       4.076863017,       2.110141873,       1.897239743
          0,           0,        1206,      -1.401609067,         1.3178416,      0.8229859529,       4.060152305,       2.110119202,       1.890802772
          0,           0,        1207,      -1.401765003,       1.316291181,       0.823137565,       4.055015663,       2.110096626,       1.890524742
          0,           0,        1208,      -1.401949069,       1.314712371,      0.8228005455,       4.061387182,       2.110074325,       1.881193503
          0,           0,        1209,      -1.402036833,       1.313281477,      0.8238237175,       4.058896662,       2.110052118,       1.879663873
          0,           0,        1210,      -1.401679002,       1.312461303,      0.8310224261,       4.074001415,       2.110029869,        1.88868528
          0,           0,        1211,      -1.401672969,         1.3111435,      0.8330591322,       4.063497348,       2.110007549,       1.874401209
          0,           0,        1212,      -1.402121715,       1.309249109,      0.8289589644,       4.076391975,       2.109985335,       1.880771894
          0,           0,        1213,      -1.402601744,       1.307323429,      0.8231437494,       4.053530019,       2.109963074,       1.885473072
          0,           0,        1214,      -1.402621861,       1.306000748,      0.8244346765,       4.054706484,       2.109940836,       1.878530551
          0,           0,        1215,      -1.402752898,       1.304522327,      0.8241441729,       4.052914337,       2.109918536,        1.87901539
          0,           0,        1216,      -1.402943961,       1.302963759,      0.8232131854,        4.05383772,       2.109896227,       1.877173971
          0,           0,        1217,      -1.403035231,       1.301544375,      0.8236486214,       4.052245848,       2.109873803,       1.871597986
          0,           0,        1218,      -1.402290143,        1.30129278,      0.8358515733,       4.064077862,        2.10985142,       1.872447927
          0,           0,        1219,      -1.402254052,       1.299966546,       0.837966802,       4.074568812,       2.109828932,       1.862430499
          0,           0,        1220,      -1.403488288,       1.296958294,      0.8217160933,       4.060365679,       2.109806443,       1.861667911
          0,           0,        1221,      -1.403600076,       1.295468965,      0.8211732732,       4.053221174,       2.109783637,       1.854899372
          0,           0,        1222,      -1.403645395,       1.294062825,      0.8217131813,       4.058342376,       2.109760714,       1.853691511
          0,           0,        1223,      -1.403823389,       1.292458493,      0.8204660191,       4.071057769,       2.109737521,       1.862391145
          0,           0,        1224,      -1.403993392,       1.290871033,      0.8193724616,       4.088132512,       2.109713898,       1.848613504
          0,           0,        1225,      -1.404086137,       1.289412259,      0.8191818814,       4.053598593,       2.109689538,       1.851612935
          0,           0,        1226,      -1.403002465,        1.28971311,      0.8358436718,       4.054962222,       2.109664582,       1.858642167
          0,           0,        1227,      -1.402417125,       1.289204984,      0.8455443482,       4.053643863,       2.109638989,       1.851077569
          0,           0,        1228,      -1.404449088,       1.285161773,      0.8162657857,       4.052267153,       2.109612728,       1.851728485
          0,           0,        1229,       -1.40458245,       1.283967635,      0.8149843751,       4.049206079,       2.109585586,       1.855374587
          0,           0,        1230,      -1.404752625,       1.282975852,      0.8129748115,       4.053664763,       2.109557563,       1.849962308
          0,           0,        1231,      -1.404926738,       1.282399295,      0.8106770095,       4.050494927,       2.109528328,       1.850625829
          0,           0,        1232,      -1.404982053,       1.282680345,      0.8096993748,       4.068111751,       2.109497582,       1.848460045
          0,           0,        1233,      -1.403915874,       1.285721359,      0.8246105876,       4.072172814,       2.109465183,        1.84172604
          0,           0,        1234,      -1.403558638,       1.289329255,       0.828013916,       4.063690178,       2.109430922,       1.840582137
          0,           0,        1235,      -1.404945526,       1.293507624,      0.8020735868,       4.049805432,       2.109394336,       1.848895321
          0,           0,        1236,      -1.404459476,       1.305229554,      0.8004430574,       4.052096774,       2.109354969,       1.852450329
          0,           0,        1237,      -1.403446888,       1.325874054,      0.7991133053,       4.051850417,       2.109312052,       1.848132542
          0,           0,        1238,      -1.401563449,       1.360901298,      0.7954394379,       4.057732607,       2.109264716,       1.848974845
          0,           0,        1239,      -1.397702748,       1.416685644,      0.7918340242,       4.061612719,       2.109211666,       1.852204728
          0,           0,        1240,      -1.391230153,       1.488049564,      0.7888874504,       4.075157622,        2.10915228,       1.850192263
          0,           0,        1241,      -1.387685718,       1.525099966,      0.7979792082,       4.096462259,       2.109087837,       1.851392644
          0,           0,        1242,      -1.395979693,       1.465912459,      0.8067125414,       4.087641051,        2.10902202,       1.844150812
          0,           0,        1243,      -1.403799799,       1.390631533,      0.7789624901,       4.056856794,       2.108958527,        1.85179484
          0,           0,        1244,      -1.405910185,       1.351615112,       0.777474103,       4.052624507,       2.108897647,       1.850985335
          0,           0,        1245,      -1.407045253,       1.331340152,      0.7744750005,       4.050733213,       2.108914897,       1.849348321
          0,           0,        1246,      -1.408177568,       1.316455931,      0.7715158077,       4.048505431,       2.108936474,       1.853463731
          0,           0,        1247,      -1.408784103,       1.305597423,      0.7828206825,       4.051021821,       2.108962549,       1.853368979
          0,           0,        1248,      -1.404693791,       1.302689289,      0.8645904225,       4.072060492,       2.108992602,       1.856086192
          0,           0,        1249,      -1.410103588,       1.288626479,      0.8178284466,       4.070890867,       2.108465956,       1.862741019
          0,           0,        1250,      -1.406900535,       1.290450254,      0.8754564569,       4.073795316,       2.108493377,       1.848327042
          0,           0,        1251,       -1.40014169,       1.296570251,      0.9495024994,        4.06464739,       2.108245098,       1.847902288
          0,           0,        1252,      -1.415445274,       1.273481119,      0.7718215844,       4.036672421,       2.108192561,       1.858309663
          0,           0,        1253,       -1.41625672,       1.270838444,      0.7689369136,       4.034411562,       2.108218371,       1.867296497
          0,           0,        1254,      -1.417044862,       1.268075791,      0.7678220165,       4.035232306,       2.108249643,       1.870297612
          0,           0,        1255,      -1.418040585,        1.26488124,      0.7657530488,       4.030355528,       2.108286887,       1.885357195
          0,           0,        1256,      -1.419029892,       1.261649561,      0.7654427427,       4.047480105,       2.108330023,       1.891277904
          0,           0,        1257,      -1.418997991,       1.260129196,      0.7857928898,       4.055050672,       2.107811397,       1.884529954
          0,           0,        1258,       -1.42072423,       1.256707882,      0.7643609577,       4.029641106,       2.107681712,        1.88916535
          0,           0,        1259,      -1.421162029,        1.25555486,       0.763911697,       4.027839963,       2.107634018,       1.892302516
          0,           0,        1260,       -1.42158062,       1.254486485,      0.7634710588,       4.026597451,       2.107586709,       1.885894255
          0,           0,        1261,      -1.421980363,       1.253494555,      0.7630910338,       4.023681366,       2.107539829,       1.888596307
          0,           0,        1262,      -1.422361349,       1.252577627,      0.7627811596,       4.026161316,       2.107493428,       1.892804054
          0,           0,        1263,      -1.422809161,       1.251596927,       0.761332795,       4.023221693,       2.107447441,       1.887510823
          0,           0,        1264,      -1.423067129,       1.250976152,      0.7625099194,       4.024719378,       2.107401922,        1.88803567
          0,           0,        1265,      -1.423467165,       1.250163762,      0.7613003239,       4.021368793,       2.107356808,       1.891857261
          0,           0,        1266,      -1.423843424,       1.249431495,      0.7604243001,       4.029246167,       2.107312214,       1.894023842
          0,           0,        1267,      -1.424130481,       1.248891034,      0.7609755357,        4.04679242,       2.107268082,       1.891238624
          0,           0,        1268,       -1.42454779,       1.248179419,      0.7589305506,       4.062223247,       2.107224334,       1.890220833
          0,           0,        1269,      -1.424791788,       1.247780748,      0.7594714345,       4.022768882,        2.10718071,       1.892122954
          0,           0,        1270,      -1.425032982,       1.247433496,      0.7601727133,       4.021588605,        2.10713742,       1.890932403
          0,           0,        1271,      -1.425257402,       1.247144757,      0.7609933644,       4.020699998,       2.107094546,       1.889736042
          0,           0,        1272,      -1.425531397,       1.246808124,       0.760815356,       4.018742629,       2.107052006,       1.891903453
          0,           0,        1273,      -1.425830816,       1.246463846,      0.7601197307,       4.021463609,       2.107009853,       1.891388054
          0,           0,        1274,      -1.426065642,       1.246267914,      0.7604721318,       4.027825704,       2.106968068,        1.89056259
          0,           0,        1275,       -1.42612052,       1.246404084,      0.7635568548,       4.032856965,       2.106926501,       1.892854752
          0,           0,        1276,      -1.426149182,       1.246604419,      0.7672106238,       4.020104108,       2.106885066,       1.892872355
          0,           0,        1277,      -1.426312704,       1.246606848,      0.7689167605,       4.019078563,       2.106843878,       1.892322663
          0,           0,        1278,      -1.426965951,       1.245914232,       0.760958098,        4.02236731,       2.106803054,        1.89469882
          0,           0,        1279,      -1.427122669,       1.246025816,      0.7619796916,       4.016630792,       2.106762401,       1.895127561
          0,           0,        1280,      -1.427380895,       1.246007099,      0.7611590524,       4.027531212,       2.106721981,       1.894753598
          0,           0,        1281,      -1.427582758,       1.246117081,      0.7612012448,       4.041624568,       2.106681766,       1.897143182
          0,           0,        1282,       -1.42771775,       1.246379518,       0.762318839,       4.040941147,       2.106641889,       1.897843565
          0,           0,        1283,      -1.427528834,       1.247196624,      0.7684861165,       4.020111168,       2.106602219,       1.897562164
          0,           0,        1284,      -1.427279773,       1.248117175,      0.7759851179,       4.016325046,       2.106562694,       1.899907727
          0,           0,        1285,      -1.427185657,       1.248802577,       0.781457558,       4.029031052,       2.106523487,       1.900781766
          0,           0,        1286,      -1.428494415,       1.247422535,       0.761873498,       4.039819691,       2.106484484,       1.900530582
          0,           0,        1287,       -1.42861676,       1.247907287,      0.7628003645,        4.04603449,       2.106445777,       1.902790202
          0,           0,        1288,      -1.428702339,       1.248499335,       0.764123528,       4.017753947,       2.106407017,       1.903762815
          0,           0,        1289,      -1.428899941,       1.248948331,      0.7633747063,       4.014011853,       2.106368405,       1.903497414
          0,           0,        1290,      -1.429063138,       1.249491559,       0.763216588,       4.022168418,       2.106330032,       1.905643535
          0,           0,        1291,      -1.429066506,       1.250339468,      0.7656958703,       4.024960777,       2.106291772,       1.906660625
          0,           0,        1292,      -1.428847571,       1.251563748,      0.7720216046,       4.027653741,       2.106253556,       1.906351302
          0,           0,        1293,      -1.428663625,       1.252734614,      0.7777207369,       4.017643316,       2.106215252,       1.908368349
          0,           0,        1294,      -1.429529578,       1.252430099,      0.7646439286,       4.014432158,       2.106176992,       1.909390919
          0,           0,        1295,      -1.429565909,       1.253398275,       0.766020955,       4.019625277,       2.106138903,       1.909018635
          0,           0,        1296,      -1.429718919,       1.254235304,      0.7654779278,        4.01368889,       2.106100774,       1.910900475
          0,           0,        1297,      -1.429820411,       1.255199943,      0.7656596585,       4.024177606,        2.10606267,       1.911900484
          0,           0,        1298,      -1.429833316,       1.256350347,      0.7671944312,       4.037467421,       2.106024582,       1.911453555
          0,           0,        1299,      -1.428890875,       1.258990878,      0.7838635569,       4.038703888,       2.105986641,       1.913188804
          0,           0,        1300,      -1.428731965,       1.260391685,      0.7879924351,       4.019073717,       2.105948739,       1.914135704
          0,           0,        1301,      -1.430016285,       1.259866675,      0.7692374556,        4.01222836,       2.105910807,        1.91360323
          0,           0,        1302,      -1.430162745,       1.261019903,      0.7679026133,       4.023515237,       2.105873027,       1.915174201
          0,           0,        1303,       -1.43024784,       1.262316841,      0.7676489473,       4.035489355,       2.105835298,       1.916037677
          0,           0,        1304,      -1.430164796,       1.263920152,      0.7700579959,        4.02461836,       2.105797654,        1.91540513
          0,           0,        1305,      -1.430178742,       1.265439333,      0.7707861638,       4.015646074,       2.105759851,       1.916810913
          0,           0,        1306,       -1.43025489,       1.266923614,      0.7703355426,       4.012109638,       2.105722056,       1.917585885
          0,           0,        1307,       -1.43022515,       1.268625109,      0.7715695578,       4.018952424,       2.105684353,       1.916858011
          0,           0,        1308,      -1.429708542,        1.27108637,      0.7804315927,       4.020699549,       2.105646626,       1.918116633
          0,           0,        1309,      -1.429561133,       1.273045085,      0.7832635583,       4.028198324,        2.10560886,       1.918804151
          0,           0,        1310,      -1.429925066,       1.274397697,      0.7782205262,         4.0154481,       2.105570882,       1.917995354
          0,           0,        1311,       -1.43018783,       1.275980533,      0.7734740599,       4.014043178,       2.105532833,       1.919128039
          0,           0,        1312,      -1.430040469,       1.278178393,      0.7757250805,       4.021553371,        2.10549484,       1.919728927
          0,           0,        1313,      -1.430024785,       1.280267303,      0.7759380323,       4.036007225,       2.105456814,       1.918852512
          0,           0,        1314,       -1.42999318,       1.282458064,      0.7763370666,       4.046635419,        2.10541883,       1.919877883
          0,           0,        1315,       -1.42984775,       1.284888912,      0.7783350676,       4.016430668,       2.105380552,       1.920390713
          0,           0,        1316,      -1.428732873,       1.288675548,      0.7947184861,       4.014953265,       2.105342191,       1.919458303
          0,           0,        1317,      -1.428420796,       1.291390326,      0.7987741811,       4.020578245,       2.105303827,       1.920393944
          0,           0,        1318,      -1.429556292,       1.292475248,      0.7808620868,       4.014236003,       2.105265298,       1.920815839
          0,           0,        1319,      -1.429476446,       1.295161258,      0.7807627745,       4.023540722,        2.10522672,        1.91983893
          0,           0,        1320,      -1.429305582,       1.298051508,      0.7821274744,       4.037351123,       2.105188049,       1.920701253
          0,           0,        1321,      -1.429072656,       1.301109685,      0.7843911724,       4.037418027,       2.105149452,       1.921027253
          0,           0,        1322,      -1.428956532,       1.304116719,      0.7848058203,       4.015751218,       2.105110718,       1.920012686
          0,           0,        1323,      -1.428768915,       1.307313563,      0.7860794988,       4.015677347,       2.105071897,       1.920956796
          0,           0,        1324,      -1.428478107,       1.310736465,      0.7886877828,       4.015603111,       2.105032975,       1.920859005
          0,           0,        1325,      -1.427564381,       1.314969827,         0.8006096,       4.018963025,       2.104993985,        1.91982213
          0,           0,        1326,      -1.426506549,       1.319383894,      0.8143430932,       4.020480498,       2.104954906,        1.92140764
          0,           0,        1327,       -1.42786643,       1.321275533,      0.7913526872,       4.038463232,       2.104915766,       1.919527317
          0,           0,        1328,      -1.427506884,       1.325177035,      0.7942500074,       4.049366536,       2.104876518,       1.918551161
          0,           0,        1329,      -1.427216993,       1.329104304,      0.7958425394,       4.021475679,       2.104836867,       1.922670904
          0,           0,        1330,      -1.426982259,       1.333075507,      0.7963220055,       4.019863214,       2.104796983,       1.912507583
          0,           0,        1331,      -1.426639432,         1.3372727,       0.798209558,       4.029363194,       2.104757044,       1.923324563
          0,           0,        1332,      -1.425561889,       1.342335357,      0.8107105716,       4.041905543,       2.104716975,       1.924120147
          0,           0,        1333,      -1.424864711,       1.347042684,      0.8176693574,       4.031434422,       2.104676821,       1.913728244
          0,           0,        1334,      -1.425497538,       1.350613529,      0.8043534995,        4.02437418,       2.104636375,       1.926751759
          0,           0,        1335,      -1.425051949,       1.355338263,      0.8067262391,       4.022248131,       2.104595823,       1.927668263
          0,           0,        1336,      -1.424680807,       1.360095802,      0.8079205484,       4.021310069,         2.1045551,       1.921218705
          0,           0,        1337,      -1.424178535,       1.365083132,       0.810665469,       4.031226172,       2.104514364,       1.920334861
          0,           0,        1338,       -1.42272201,       1.371053211,      0.8260933956,       4.046474444,       2.104473576,       1.919113734
          0,           0,        1339,      -1.422041529,       1.376323557,      0.8305626852,       4.056060766,       2.104432834,       1.914531353
          0,           0,        1340,      -1.422662981,       1.380617039,      0.8173170313,       4.029088395,       2.104391819,       1.912755325
          0,           0,        1341,      -1.422057085,       1.386047472,      0.8198257314,       4.026618208,       2.104350726,       1.923117605
          0,           0,        1342,      -1.421340927,        1.39162906,      0.8236810232,       4.036864102,       2.104309722,       1.922577883
          0,           0,        1343,      -1.420739734,       1.397153869,      0.8258394964,       4.048839805,       2.104268775,       1.918403415
          0,           0,        1344,      -1.420080894,       1.402747541,      0.8284504773,       4.057856647,       2.104228142,       1.917514788
          0,           0,        1345,      -1.419189968,       1.408524914,      0.8337213399,       4.034688504,       2.104187505,       1.917230693
          0,           0,        1346,      -1.418141111,       1.414358725,      0.8403991058,       4.040186601,       2.104147154,        1.91404817
          0,           0,        1347,      -1.417117364,       1.420048654,      0.8467313822,       4.053162394,       2.104107185,       1.912782819
          0,           0,        1348,      -1.416962283,       1.424958413,      0.8409191206,       4.043318051,       2.104067544,       1.919399483
          0,           0,        1349,      -1.416026929,       1.430147834,      0.8450622683,       4.039328896,       2.104028081,       1.911919899
          0,           0,        1350,      -1.415197141,       1.434820731,      0.8476362443,       4.036636124,       2.103988941,       1.912119863
          0,           0,        1351,      -1.414307384,       1.438871506,      0.8508439118,       4.042909373,        2.10395024,       1.910877184
          0,           0,        1352,      -1.413324386,       1.441972439,      0.8551280183,       4.043029311,        2.10391185,       1.918053506
          0,           0,        1353,      -1.411433622,        1.44412818,      0.8698321268,       4.068904295,       2.103873822,       1.904557787
          0,           0,        1354,      -1.410290396,       1.443231365,      0.8760520885,       4.059179247,       2.103835829,       1.920838946
          0,           0,        1355,      -1.410661567,       1.437364188,        0.86524761,       4.043295265,       2.103797677,        1.92240637
          0,           0,        1356,       -1.40977439,        1.42619862,      0.8671196397,       4.045078989,        2.10375887,       1.910449431
          0,           0,        1357,      -1.408227582,       1.407512046,      0.8704202311,       4.046048175,       2.103718574,       1.910410505
          0,           0,        1358,      -1.404928421,       1.386831994,      0.8722307053,       4.052264503,       2.103675868,       1.910552676
          0,           0,        1359,      -1.397580547,       1.390757071,       0.872016876,       4.061964859,       2.103630186,       1.910646219
          0,           0,        1360,      -1.385761447,        1.43986552,      0.8707832241,       4.084714755,        2.10358268,       1.916393398
          0,           0,        1361,      -1.374319396,       1.496665866,      0.8729296173,       4.110458833,       2.103535519,       1.910567816
          0,           0,        1362,      -1.368508834,       1.529818684,      0.8686771112,       4.118477691,       2.103490608,       1.907719891
          0,           0,        1363,      -1.367752046,       1.542231308,      0.8577407538,       4.105741367,       2.103448687,        1.90631716
          0,           0,        1364,      -1.369235594,       1.543389752,       0.848892622,       4.104401953,       2.103410229,       1.916004679
          0,           0,        1365,      -1.371477936,       1.539148848,      0.8434548331,       4.100803812,       2.103375207,       1.906974707
          0,           0,        1366,      -1.374008929,       1.532436959,      0.8364835224,       4.103499466,       2.103343556,       1.911006462
          0,           0,        1367,      -1.376327466,        1.52492206,      0.8300829678,        4.10943725,       2.103315113,       1.911855465
          0,           0,        1368,      -1.378232907,        1.51745903,      0.8250487318,       4.106249506,       2.103289847,       1.913234959
          0,           0,        1369,      -1.378532119,       1.511153011,      0.8395837182,       4.093577528,       2.103267433,       1.906631608
          0,           0,        1370,      -1.379103237,       1.505060184,      0.8448897323,       4.092485439,       2.103247612,       1.914059431
          0,           0,        1371,      -1.381996731,       1.498118077,      0.8078263047,       4.093847972,       2.103230275,       1.900514098
          0,           0,        1372,      -1.382585343,       1.493008204,      0.8039192245,       4.101496705,       2.103215312,       1.913541537
          0,           0,        1373,      -1.383018742,       1.488441263,      0.7997026378,       4.085635531,        2.10320262,       1.916480743
          0,           0,        1374,      -1.383293361,       1.484358298,       0.796111236,        4.08779601,       2.103192128,       1.909572199
          0,           0,        1375,      -1.383530866,       1.480616299,      0.7919350779,       4.086427546,       2.103183578,       1.910039718
          0,           0,        1376,      -1.383630427,       1.477214356,      0.7895764831,        4.09165876,       2.103176927,        1.91278119
          0,           0,        1377,      -1.383406372,       1.474222651,      0.7930234935,       4.101095505,       2.103172038,       1.900609522
          0,           0,        1378,      -1.383278929,       1.471289268,      0.7951746444,       4.101659941,       2.103168952,       1.903042284
          0,           0,        1379,      -1.383360425,       1.468339347,      0.7943015455,       4.086641805,       2.103167314,       1.915423506
          0,           0,        1380,      -1.383960195,       1.465102256,       0.783189856,       4.085743911,       2.103167075,       1.915324865
          0,           0,        1381,      -1.383970584,       1.462299532,        0.78484625,       4.084809905,       2.103168057,       1.908487264
          0,           0,        1382,      -1.384122217,       1.459405114,      0.7849842835,       4.090524621,       2.103170227,       1.909071676
          0,           0,        1383,      -1.384337897,       1.456466026,      0.7851443538,        4.09988144,       2.103173439,       1.913313227
          0,           0,        1384,      -1.384497126,       1.453566915,      0.7873951849,       4.100879213,       2.103177779,       1.898616564
          0,           0,        1385,      -1.384128113,       1.451070639,        0.79996213,       4.086685443,        2.10318282,       1.906498731
          0,           0,        1386,      -1.384272397,       1.448155174,      0.8039064911,       4.091637115,       2.103188571,       1.911690087
          0,           0,        1387,      -1.385163954,       1.444688034,       0.795813819,       4.098545266,       2.103194958,        1.90616281
          0,           0,        1388,      -1.385605796,       1.441541031,      0.7955200565,       4.097551414,       2.103202074,       1.907613046
          0,           0,        1389,      -1.385818849,       1.438551568,      0.8001541737,       4.084603098,       2.103209711,       1.915028484
          0,           0,        1390,      -1.386179778,        1.43544534,      0.8028751297,       4.083115705,       2.103217801,        1.89706921
          0,           0,        1391,      -1.386577367,       1.432293345,      0.8054976005,       4.088887742,       2.103226462,       1.912632645
          0,           0,        1392,      -1.386901139,       1.429157911,      0.8094903996,       4.096186096,        2.10323561,        1.91713935
          0,           0,        1393,      -1.386371296,       1.426688559,      0.8270588152,       4.087342508,       2.103245238,       1.904535936
          0,           0,        1394,      -1.386046088,       1.423951794,      0.8411283518,       4.084281345,       2.103255165,       1.906804744
          0,           0,        1395,      -1.387908056,       1.419386401,       0.820011286,       4.078296474,       2.103265526,        1.91173896
          0,           0,        1396,      -1.388230315,       1.416028028,      0.8232332834,       4.076673203,       2.103276277,       1.915814985
          0,           0,        1397,      -1.388489297,       1.412683413,      0.8271498863,        4.07688256,       2.103287475,       1.902992173
          0,           0,        1398,      -1.388818961,       1.409320982,      0.8319500518,       4.089865608,       2.103299117,       1.904985692
          0,           0,        1399,      -1.389052503,       1.405933901,      0.8332272732,       4.098605332,       2.103311214,        1.91753962
          0,           0,        1400,      -1.389105487,       1.402842668,      0.8386315522,       4.077516992,       2.103323442,       1.922329649
          0,           0,        1401,      -1.388919716,       1.400082478,      0.8469295537,       4.074779557,       2.103335994,       1.910368354
          0,           0,        1402,      -1.388678346,       1.397514366,       0.855616982,       4.081197054,       2.103349011,        1.91263748
          0,           0,        1403,      -1.389749416,       1.393948895,      0.8445047041,       4.087403925,       2.103362423,       1.916109902
          0,           0,        1404,      -1.389763253,       1.391555055,      0.8482870795,       4.092801813,       2.103376412,       1.920881464
          0,           0,        1405,      -1.389858069,       1.389256332,      0.8505849088,       4.074803763,       2.103390559,       1.915918447
          0,           0,        1406,      -1.389989309,       1.387043353,      0.8520930388,       4.075907257,       2.103405088,       1.917434245
          0,           0,        1407,      -1.390024389,       1.385000138,      0.8547678859,       4.085820349,       2.103419891,       1.920159216
          0,           0,        1408,      -1.389457341,       1.383587968,      0.8650269648,       4.092518535,       2.103434976,       1.912051436
          0,           0,        1409,      -1.389427001,        1.38157405,      0.8682021957,       4.076077475,       2.103449957,       1.913673817
          0,           0,        1410,      -1.390203836,       1.378729801,      0.8611775521,       4.070210152,       2.103464961,       1.921001999
          0,           0,        1411,       -1.39039147,       1.376392902,      0.8611893438,       4.071902342,       2.103479962,       1.905107493
          0,           0,        1412,       -1.39039023,        1.37416731,      0.8638103408,       4.070733096,       2.103494765,       1.921704745
          0,           0,        1413,       -1.39052244,       1.371710914,      0.8647191419,        4.07613584,       2.103509348,       1.925685382
          0,           0,        1414,       -1.39066089,       1.369158885,      0.8655061674,       4.085069875,       2.103523634,       1.918782575
          0,           0,        1415,      -1.390732505,       1.366597378,      0.8670427796,       4.068995048,       2.103537588,       1.920797892
          0,           0,        1416,      -1.390076559,       1.364715742,       0.877224471,       4.066012566,        2.10355116,        1.92122883
          0,           0,        1417,      -1.389515138,       1.362699682,      0.8860947602,        4.07181218,       2.103564179,       1.914129852
          0,           0,        1418,      -1.391079997,        1.35824719,      0.8684858854,       4.070702073,       2.103576685,       1.915833986
          0,           0,        1419,      -1.391150323,        1.35531638,      0.8698098544,       4.078947513,       2.103588564,       1.922875204
          0,           0,        1420,      -1.391317593,         1.3521852,       0.869839744,       4.086624049,       2.103599729,       1.904168234
          0,           0,        1421,      -1.391508611,       1.348992466,      0.8693828081,       4.069876358,       2.103609689,       1.916587591
          0,           0,        1422,      -1.391609995,       1.345836985,      0.8698150832,       4.064880744,       2.103618541,       1.923132573
          0,           0,        1423,      -1.391296273,       1.343305682,      0.8750567829,       4.074229758,       2.103626088,       1.916397893
          0,           0,        1424,      -1.390997742,       1.340757973,      0.8808992704,       4.085434061,       2.103632143,        1.91949272
          0,           0,        1425,      -1.392099931,       1.336871147,      0.8684451189,       4.088549142,       2.103636553,       1.924179499
          0,           0,        1426,      -1.392159321,       1.334704637,      0.8686865332,       4.069421702,       2.103638774,       1.911430977
          0,           0,        1427,      -1.392350769,       1.333243958,      0.8663407201,       4.067838962,       2.103638598,       1.914436536
          0,           0,        1428,       -1.39241964,       1.332896715,      0.8654585118,       4.072282412,       2.103635878,       1.915461211
          0,           0,        1429,      -1.392357586,       1.333899396,      0.8649667986,       4.082224861,       2.103630276,       1.920944976
          0,           0,        1430,      -1.391394331,       1.337324108,      0.8740245204,       4.091245848,       2.103621334,       1.909135899
          0,           0,        1431,      -1.390023893,       1.342639169,      0.8868828855,       4.076997199,       2.103608322,       1.912360559
          0,           0,        1432,      -1.391418782,       1.348482836,      0.8594266977,       4.070021059,       2.103590641,       1.929796615
          0,           0,        1433,       -1.39005293,       1.367005749,      0.8555416777,       4.078660633,       2.103566904,       1.930664281
          0,           0,        1434,       -1.38669452,        1.40697268,      0.8530188917,       4.092733882,       2.103535069,       1.921271325
          0,           0,        1435,      -1.379894891,       1.476473107,      0.8481171173,       4.093681433,       2.103492718,        1.92456002
          0,           0,        1436,      -1.373208387,       1.538500256,      0.8420744534,       4.102189448,       2.103440404,       1.927888788
          0,           0,        1437,       -1.38287676,       1.487899045,      0.8376497779,       4.085877874,       2.103387687,       1.912074857
          0,           0,        1438,       -1.39267652,       1.395495829,      0.8374526308,       4.069037902,       2.103341398,       1.922389314
          0,           0,        1439,      -1.395531981,       1.351771132,      0.8402332521,       4.081812503,       2.103300806,       1.930973732
          0,           0,        1440,      -1.398104587,       1.330592628,      0.8213444273,       4.083212794,       2.103263611,       1.923872575
          0,           0,        1441,      -1.399297407,       1.319472288,      0.8190612109,       4.060884458,       2.103228561,       1.927638951
          0,           0,        1442,      -1.400561128,       1.311768268,      0.8154350905,       4.058482994,       2.103195457,       1.931406437
          0,           0,        1443,      -1.401820396,       1.305633511,      0.8117587293,       4.056036381,       2.103164091,       1.917666266
          0,           0,        1444,      -1.402959705,       1.300374542,      0.8102375969,       4.072151862,       2.103134392,       1.922879068
          0,           0,        1445,       -1.40328821,       1.296444532,      0.8199217196,       4.073197164,       2.103106231,       1.927913357
          0,           0,        1446,      -1.404190987,       1.291532053,      0.8207162715,       4.056062976,       2.103079345,       1.934983232
          0,           0,        1447,      -1.406179566,       1.284913586,      0.8037868558,       4.045691312,        2.10305385,       1.931924381
          0,           0,        1448,      -1.407123316,       1.279697078,      0.8008849768,       4.051226858,       2.103029856,       1.935596353
          0,           0,        1449,      -1.407818447,       1.275358527,      0.8000205154,       4.060545723,       2.103007295,       1.921434583
          0,           0,        1450,      -1.408387274,       1.272570148,      0.7984934217,       4.065834273,       2.102986282,       1.938055859
          0,           0,        1451,      -1.408848852,       1.271977749,      0.7961210773,       4.046435757,       2.102966551,       1.928822104
          0,           0,        1452,      -1.409133648,       1.273601487,      0.7947398929,       4.041577036,       2.102948372,       1.921331666
          0,           0,        1453,      -1.409167941,       1.276667487,      0.7966323922,       4.042368848,       2.102931744,       1.925526754
          0,           0,        1454,      -1.409184323,       1.279732349,      0.7995828626,       4.057161591,       2.102916679,       1.917579855
          0,           0,        1455,       -1.40938336,       1.281839848,      0.8010898665,       4.049111021,        2.10290298,       1.921138347
          0,           0,        1456,      -1.410498812,       1.281822995,      0.7873459804,        4.04304686,       2.102890391,       1.930684639
          0,           0,        1457,      -1.410857965,       1.282103312,       0.787218635,       4.038404022,       2.102878984,       1.938360833
          0,           0,        1458,      -1.411358229,       1.281579857,      0.7850941221,       4.038951149,       2.102868667,       1.938899711
          0,           0,        1459,      -1.411862039,       1.280644861,      0.7830292145,       4.053187897,       2.102859403,       1.943712107
          0,           0,        1460,      -1.412258197,       1.279612693,      0.7825773812,       4.061395871,        2.10285111,       1.928967211
          0,           0,        1461,      -1.412168684,        1.27915322,      0.7895776782,       4.040461151,        2.10284343,       1.932043577
          0,           0,        1462,      -1.412348296,       1.278167843,       0.792054204,        4.03635887,       2.102836526,       1.925185639
          0,           0,        1463,      -1.413018882,       1.276449491,      0.7868697163,       4.041576921,       2.102830423,        1.93245862
          0,           0,        1464,      -1.413862239,       1.274475296,      0.7770056492,       4.051858381,       2.102825015,       1.930546567
          0,           0,        1465,      -1.414087219,       1.273383627,      0.7779149596,       4.057507149,       2.102820332,       1.936548518
          0,           0,        1466,      -1.414388444,        1.27215954,      0.7772506525,       4.037202405,       2.102816006,       1.944203088
          0,           0,        1467,      -1.414752169,        1.27081107,      0.7754241517,       4.032751121,       2.102812213,       1.949252118
          0,           0,        1468,      -1.414997822,       1.269610928,      0.7755015598,       4.032527787,       2.102808866,        1.96095832
          0,           0,        1469,      -1.414224404,        1.26992667,      0.7922619111,       4.050825454,       2.102806015,       1.941814308
          0,           0,        1470,      -1.414179448,       1.268981163,      0.7972492173,       4.057802182,       2.102803632,       1.942777397
          0,           0,        1471,      -1.415891488,       1.265492457,      0.7727882458,       4.036325818,       2.102801333,         1.9439285
          0,           0,        1472,      -1.416097764,       1.264238372,      0.7735948964,        4.03887038,        2.10279918,       1.949396597
          0,           0,        1473,      -1.416417044,       1.262947241,      0.7721214323,       4.047585575,       2.102796925,       1.961044428
          0,           0,        1474,       -1.41656992,       1.262329093,      0.7735133753,       4.053789112,       2.102794553,        1.94918986
          0,           0,        1475,      -1.416786712,       1.262548936,      0.7735119281,        4.03482302,       2.102791454,       1.949483625
          0,           0,        1476,       -1.41701558,       1.264560126,      0.7722131896,       4.038495887,       2.102787643,       1.937897135
          0,           0,        1477,      -1.417064902,       1.269691743,      0.7725050904,       4.046609463,       2.102782834,       1.939582306
          0,           0,        1478,      -1.416802255,        1.27788711,      0.7766490132,       4.052578474,       2.102777233,       1.933093329
          0,           0,        1479,      -1.416610685,       1.284643346,      0.7818283003,       4.036760261,       2.102771103,       1.933440397
          0,           0,        1480,      -1.416908843,       1.284008255,      0.7850334621,       4.033614117,       2.102765645,       1.941636454
          0,           0,        1481,      -1.418325993,       1.276599768,        0.77098931,       4.030617048,       2.102761385,        1.94561952
          0,           0,        1482,      -1.418732152,       1.270802198,      0.7726339652,        4.03507759,       2.102758487,       1.948707033
          0,           0,        1483,      -1.419077484,       1.267275787,      0.7723155933,       4.044582652,       2.102756747,       1.954903587
          0,           0,        1484,       -1.41934538,       1.265525619,      0.7715330896,       4.032286729,       2.102756105,        1.93306447
          0,           0,        1485,      -1.419454969,       1.264952666,      0.7725124717,       4.027063974,       2.102756209,       1.932318104
          0,           0,        1486,      -1.419127469,       1.265528812,      0.7800946986,       4.033985712,       2.102757093,       1.921587596
          0,           0,        1487,      -1.419009589,       1.265987849,       0.784157967,       4.044210152,       2.102758642,        1.92127775
          0,           0,        1488,      -1.419315657,        1.26594882,      0.7817380327,       4.049179903,       2.102761023,       1.909904944
          0,           0,        1489,      -1.419945669,       1.265529618,      0.7723327194,       4.030643902,        2.10276383,       1.911239686
          0,           0,        1490,      -1.419928752,       1.266087834,      0.7742437629,       4.032080265,       2.102767248,       1.900417863
          0,           0,        1491,      -1.420017553,       1.266490921,      0.7744055123,        4.04197801,       2.102771205,       1.901341083
          0,           0,        1492,      -1.420153729,       1.266814301,      0.7737678716,       4.046025712,       2.102775907,       1.889368895
          0,           0,        1493,      -1.420176768,        1.26731136,      0.7749889307,       4.029192513,       2.102780985,       1.896680574
          0,           0,        1494,      -1.419479505,       1.268874838,      0.7875432931,       4.032721157,       2.102786595,        1.90618467
          0,           0,        1495,      -1.419395931,        1.26942844,       0.790162674,       4.042927558,        2.10279269,       1.900988279
          0,           0,        1496,      -1.420304208,        1.26859311,      0.7769956182,       4.028389016,       2.102799405,       1.905141322
          0,           0,        1497,      -1.420446189,       1.268845676,      0.7754596013,       4.025746787,       2.102806502,       1.899735552
          0,           0,        1498,        -1.4203808,       1.269374555,      0.7775671492,       4.030488312,       2.102814107,       1.888502366
          0,           0,        1499,       -1.42045432,       1.269668279,       0.777436956,       4.040665871,        2.10282217,       1.889833532
          0,           0,        1500,      -1.420530269,       1.269932248,      0.7772864026,       4.044502622,       2.102830898,       1.904794183
          0,           0,        1501,      -1.420496565,       1.270345488,      0.7788427126,       4.027237127,       2.102839938,       1.910425835
          0,           0,        1502,      -1.419960567,       1.271460832,      0.7884893258,       4.031123559,       2.102849452,       1.904222208
          0,           0,        1503,      -1.419385655,       1.272539959,      0.7989108877,       4.042508383,       2.102859387,       1.910681556
          0,           0,        1504,      -1.420593084,        1.27111698,      0.7796148435,       4.043640966,        2.10286995,       1.902453647
          0,           0,        1505,      -1.420522967,       1.271482324,      0.7815498977,       4.027264705,       2.102880787,       1.905273845
          0,           0,        1506,       -1.42059572,       1.271602757,      0.7810225974,       4.029438242,        2.10289206,       1.893433139
          0,           0,        1507,      -1.420629842,       1.271757645,      0.7811701452,       4.039057841,       2.102903714,       1.901755095
          0,           0,        1508,      -1.420592108,       1.271997387,      0.7824085831,       4.040509396,       2.102915951,       1.910957093
          0,           0,        1509,      -1.419379906,       1.273933263,      0.8019561615,       4.028992655,       2.102928422,       1.905896395
          0,           0,        1510,      -1.418156995,       1.275713878,      0.8212156754,       4.034373859,        2.10294129,       1.909578349
          0,           0,        1511,      -1.420584245,       1.272415096,      0.7842596299,        4.03947143,       2.102954499,       1.918473017
          0,           0,        1512,      -1.420693295,       1.272345981,      0.7827765051,       4.032432245,       2.102968219,       1.913579056
          0,           0,        1513,      -1.420631916,        1.27250858,      0.7841255332,       4.026015819,       2.102982141,       1.916455083
          0,           0,        1514,      -1.420546433,       1.272683658,      0.7857445664,       4.028914663,       2.102996421,       1.924228468
          0,           0,        1515,      -1.420561502,       1.272685608,      0.7858799575,       4.038462297,          2.103011,       1.918566051
          0,           0,        1516,       -1.42060162,       1.272630055,      0.7857570829,       4.042849506,       2.103026095,       1.920500604
          0,           0,        1517,      -1.420571676,       1.272669866,      0.7867008548,       4.026691751,       2.103041338,       1.925410629
          0,           0,        1518,       -1.41991869,       1.273593182,       0.797285866,       4.029748251,       2.103056897,       1.918683948
          0,           0,        1519,      -1.419430517,        1.27418892,      0.8056286345,       4.040579665,       2.103072715,       1.919446519
          0,           0,        1520,      -1.420526865,       1.272593261,       0.788235207,       4.042657204,       2.103089006,       1.923700659
          0,           0,        1521,      -1.420459265,        1.27261714,      0.7896450846,        4.02710701,       2.103105407,       1.916700758
          0,           0,        1522,      -1.420525851,       1.272419626,      0.7888399514,       4.028391694,       2.103122084,        1.91695169
          0,           0,        1523,      -1.420509915,       1.272332974,      0.7893759104,        4.03794404,       2.103138986,        1.92139619
          0,           0,        1524,      -1.420286712,       1.272541563,      0.7929838702,       4.029308838,       2.103156262,       1.914516572
          0,           0,        1525,      -1.419915857,       1.272937184,      0.7990408833,       4.026910782,       2.103173638,       1.914705046
          0,           0,        1526,      -1.419584335,       1.273225218,      0.8047577425,       4.030111815,       2.103191266,       1.919285136
          0,           0,        1527,      -1.420484978,       1.271803191,      0.7903258125,        4.03812656,       2.103209089,        1.91255034
          0,           0,        1528,      -1.420372149,       1.271801575,      0.7921944816,       4.042364557,       2.103227326,        1.91274533
          0,           0,        1529,      -1.420383836,       1.271607669,      0.7921431024,       4.026482792,       2.103245612,       1.917331017
          0,           0,        1530,       -1.42042521,        1.27135447,       0.791579685,       4.028213263,       2.103264125,       1.910735103
          0,           0,        1531,      -1.420363589,       1.271248662,       0.792620164,       4.038280617,        2.10328281,       1.910904734
          0,           0,        1532,      -1.419752114,       1.271948303,      0.8018144043,       4.042981482,       2.103301885,       1.915559601
          0,           0,        1533,      -1.419561139,       1.271973481,       0.804735106,       4.028516973,       2.103320985,       1.909141931
          0,           0,        1534,       -1.42006867,       1.271018864,      0.7976095383,       4.028665209,       2.103340283,       1.909308629
          0,           0,        1535,      -1.420373696,       1.270357718,      0.7923893928,       4.038034102,       2.103359728,       1.914095018
          0,           0,        1536,      -1.420250134,       1.270306895,      0.7942423068,       4.039447234,       2.103379529,       1.907883185
          0,           0,        1537,      -1.420250746,       1.270065479,      0.7942368829,       4.026564842,        2.10339894,       1.908068921
          0,           0,        1538,      -1.420297749,       1.269744525,      0.7934665897,       4.028055489,        2.10341854,       1.912982851
          0,           0,        1539,      -1.420248528,       1.269570574,      0.7941825175,       4.037588929,       2.103438287,       1.906976865
          0,           0,        1540,       -1.41913885,        1.27097113,      0.8105952492,       4.034105572,       2.103458364,       1.907175545
          0,           0,        1541,      -1.418604547,       1.271405618,      0.8187584526,        4.02957555,       2.103478454,       1.912180257
          0,           0,        1542,      -1.420251715,       1.268808048,      0.7936883916,       4.028286331,       2.103498723,       1.906374617
          0,           0,        1543,      -1.420183011,       1.268656678,      0.7945898924,       4.037419758,        2.10351912,       1.906559047
          0,           0,        1544,      -1.420133076,       1.268475105,      0.7952274549,       4.041769693,       2.103539864,       1.911586155
          0,           0,        1545,      -1.420188384,       1.268138819,      0.7943097686,       4.026704976,       2.103560593,       1.905912148
          0,           0,        1546,      -1.420159799,       1.267933989,      0.7946170455,        4.02818202,       2.103581482,       1.906000489
          0,           0,        1547,      -1.419688781,       1.268405402,      0.8014818785,       4.038360874,       2.103602484,       1.910976628
          0,           0,        1548,      -1.419571731,       1.268314861,      0.8030987986,       4.040251364,       2.103623813,       1.905387778
          0,           0,        1549,      -1.419918764,        1.26757877,       0.798083692,       4.026885564,        2.10364512,       1.905355008
          0,           0,        1550,      -1.420126646,       1.267075132,      0.7941863516,        4.02801528,       2.103666579,       1.910270064
          0,           0,        1551,       -1.42003363,       1.267017946,      0.7953323867,       4.037300421,       2.103688144,       1.904782789
          0,           0,        1552,      -1.420071321,       1.266773433,      0.7945438965,       4.032515951,       2.103710006,       1.904646201
          0,           0,        1553,      -1.420077017,       1.266603876,      0.7942542232,       4.026175399,       2.103731851,       1.909509601
          0,           0,        1554,      -1.420001676,       1.266577935,      0.7951107864,       4.028098366,       2.103753855,       1.904143034
          0,           0,        1555,      -1.419001815,       1.267976138,      0.8094561895,       4.039199857,       2.103775972,       1.903922894
          0,           0,        1556,      -1.418729347,        1.26820405,      0.8132288138,       4.044342223,        2.10379843,       1.908739344
          0,           0,        1557,      -1.419968041,       1.266357881,      0.7947341496,       4.026917737,       2.103820869,       1.903510947
          0,           0,        1558,      -1.420010065,       1.266270238,      0.7933865212,       4.027834687,        2.10384348,       1.903219617
          0,           0,        1559,      -1.419959281,       1.266355202,      0.7936167185,       4.037335155,       2.103866221,       1.907995446
          0,           0,        1560,      -1.419876337,       1.266522858,      0.7943970558,       4.039039723,       2.103889317,       1.902919849
          0,           0,        1561,      -1.419910654,       1.266552886,      0.7934009994,       4.027378685,       2.103912418,       1.902564994
          0,           0,        1562,      -1.419877169,        1.26672295,      0.7933379564,       4.028359076,       2.103935704,       1.907295364
          0,           0,        1563,      -1.419687012,       1.267179321,      0.7955543086,       4.038045662,       2.103959144,       1.902386097
          0,           0,        1564,      -1.419155307,       1.268172618,       0.803141697,       4.036289905,       2.103982946,       1.901970918
          0,           0,        1565,      -1.418511584,       1.269320546,      0.8126518111,       4.029989481,       2.104006791,       1.906645141
          0,           0,        1566,      -1.419755241,       1.267819295,      0.7924204828,       4.028667417,       2.104030866,       1.901905185
          0,           0,        1567,      -1.419624086,       1.268346223,      0.7937173441,       4.038067602,       2.104055133,       1.901433646
          0,           0,        1568,      -1.419598014,       1.268739646,      0.7934442824,       4.042350079,       2.104079824,        1.90598339
          0,           0,        1569,      -1.419629912,       1.269073932,      0.7923285053,       4.027716638,       2.104104585,       1.901418762
          0,           0,        1570,      -1.419555301,       1.269587473,      0.7928216724,       4.028795873,       2.104129608,       1.900870795
          0,           0,        1571,      -1.418498675,       1.271579761,      0.8079767183,       4.039724468,       2.104154853,       1.905259488
          0,           0,        1572,      -1.418211445,       1.272327082,      0.8117920061,       4.036026026,       2.104180516,       1.900871091
          0,           0,        1573,      -1.419516797,        1.27088994,      0.7915453109,       4.027435913,       2.104206285,       1.900225867
          0,           0,        1574,      -1.419466784,       1.271364317,      0.7916286942,       4.028662175,       2.104232343,       1.904445085
          0,           0,        1575,      -1.419427411,        1.27180029,      0.7915804333,       4.038280827,       2.104258639,        1.90023464
          0,           0,        1576,      -1.419316677,       1.272309361,      0.7927908396,       4.043020831,       2.104285393,       1.899478015
          0,           0,        1577,      -1.419338765,       1.272590464,      0.7920816718,         4.0286527,       2.104312243,       1.903521378
          0,           0,        1578,      -1.419327222,       1.272880388,      0.7919365733,        4.02926435,       2.104339378,       1.899486953
          0,           0,        1579,      -1.419258889,       1.273219016,      0.7927066617,        4.03851531,       2.104366744,       1.898611808
          0,           0,        1580,      -1.418099495,       1.275100207,      0.8099814699,        4.04240887,       2.104394549,        1.90247282
          0,           0,        1581,      -1.416796648,       1.277016241,      0.8291640712,        4.03376138,       2.104422439,        1.89859502
          0,           0,        1582,      -1.419199853,       1.273743233,      0.7931484174,       4.029881446,         2.1044506,       1.897572362
          0,           0,        1583,      -1.419288318,       1.273674976,      0.7916047337,       4.038685036,       2.104478975,       1.901200752
          0,           0,        1584,      -1.419167928,        1.27387358,       0.793453795,       4.034822902,       2.104507744,        1.89740736
          0,           0,        1585,      -1.419146805,       1.273890898,      0.7938921931,       4.028506692,       2.104536584,       1.896223582
          0,           0,        1586,      -1.419219185,       1.273731135,      0.7930176723,       4.029408564,       2.104565678,       1.899610288
          0,           0,        1587,      -1.419197357,       1.273686628,      0.7936885451,       4.039217236,       2.104594968,       1.895872336
          0,           0,        1588,      -1.418385677,       1.274776901,      0.8062306055,       4.044517095,       2.104624658,        1.89456156
          0,           0,        1589,      -1.418277678,       1.274746667,      0.8083359497,       4.031347992,       2.104654388,        1.89775113
          0,           0,        1590,      -1.419282746,       1.273184813,      0.7936841622,       4.029508985,       2.104684355,       1.894098729
          0,           0,        1591,      -1.419261444,       1.273059302,      0.7943315369,       4.039014742,       2.104714504,        1.89268317
          0,           0,        1592,      -1.419197844,       1.272980509,      0.7958866205,       4.037298491,       2.104745029,       1.895703969
          0,           0,        1593,       -1.41928126,       1.272672532,      0.7953011913,       4.028962808,       2.104775601,       1.892163432
          0,           0,        1594,      -1.419324697,         1.2724135,      0.7954304541,       4.029675318,       2.104806413,       1.890658224
          0,           0,        1595,      -1.419118473,       1.272523444,      0.7993242935,       4.039458762,       2.104837403,       1.893530362
          0,           0,        1596,      -1.418952354,       1.272547771,      0.8027666791,        4.04393357,       2.104868771,       1.890122815
          0,           0,        1597,      -1.418942513,       1.272331899,      0.8042372645,       4.030897017,       2.104900162,       1.888543827
          0,           0,        1598,      -1.419461709,       1.271389814,      0.7967491872,       4.030199257,       2.104931777,       1.891274486
          0,           0,        1599,      -1.419437182,       1.271215132,      0.7981508073,       4.039174455,       2.104963553,        1.88797459
          0,           0,        1600,      -1.419546488,       1.270835998,      0.7976308121,       4.032170739,       2.104995647,       1.886269408
          0,           0,        1601,      -1.419612628,       1.270527843,       0.797822406,       4.028119225,        2.10502776,       1.888799137
          0,           0,        1602,      -1.419608882,       1.270324206,      0.7990962192,       4.029678635,       2.105060086,       1.885549393
          0,           0,        1603,      -1.418926278,        1.27113757,      0.8101500145,       4.040146514,       2.105092556,        1.88369172
          0,           0,        1604,       -1.41877958,       1.271085449,      0.8135149668,       4.044674707,        2.10512536,       1.886016426
          0,           0,        1605,      -1.419584648,       1.269725512,          0.803599,       4.028874706,       2.105158141,       1.882822853
          0,           0,        1606,      -1.419963084,       1.268972334,      0.7987401242,       4.028979236,       2.105191115,       1.880845073
          0,           0,        1607,      -1.419999729,       1.268721082,      0.7996178495,       4.038437372,       2.105224211,       1.883015603
          0,           0,        1608,      -1.420035398,       1.268474114,      0.8003748203,       4.042577431,       2.105257614,       1.879912833
          0,           0,        1609,      -1.420126438,        1.26814518,      0.8004612712,       4.029151943,       2.105290975,       1.877850733
          0,           0,        1610,      -1.420238872,       1.267783412,      0.8003193398,       4.028742208,       2.105324499,       1.879900951
          0,           0,        1611,      -1.420277043,         1.2675449,      0.8012686426,       4.038053508,         2.1053581,       1.876906035
          0,           0,        1612,      -1.419108672,       1.269119566,      0.8194381417,       4.034268877,       2.105391927,       1.874755545
          0,           0,        1613,      -1.418431815,       1.269834008,      0.8308558165,       4.031106695,       2.105425677,       1.876644355
          0,           0,        1614,      -1.420582891,       1.266562711,      0.8013836269,       4.028543901,       2.105459552,       1.873682932
          0,           0,        1615,      -1.420744624,       1.266148818,      0.8005220171,       4.037353233,       2.105493471,       1.871377657
          0,           0,        1616,      -1.420733468,       1.266002089,      0.8022557253,        4.04122838,       2.105527605,       1.873070167
          0,           0,        1617,      -1.420798213,       1.265745831,      0.8029395994,       4.027343095,       2.105561605,        1.87012263
          0,           0,        1618,      -1.420978976,       1.265309582,      0.8020199532,       4.027851843,       2.105595688,       1.867680987
          0,           0,        1619,      -1.421075734,        1.26501074,      0.8023958785,        4.03694691,       2.105629785,       1.869224065
          0,           0,        1620,      -1.420726853,       1.265393541,      0.8091464217,       4.040787247,       2.105664045,       1.866338319
          0,           0,        1621,      -1.420747477,       1.265188224,      0.8105743169,       4.027989878,        2.10569814,       1.863806926
          0,           0,        1622,      -1.421253226,       1.264288095,      0.8053512209,       4.027149178,       2.105732272,       1.865246258
          0,           0,        1623,      -1.421547472,       1.263720917,      0.8024187429,       4.036396216,       2.105766381,       1.862453774
          0,           0,        1624,      -1.421596397,       1.263512835,      0.8035231377,       4.029746197,       2.105800563,       1.859869001
          0,           0,        1625,      -1.421774825,       1.263106582,      0.8027696078,       4.025618333,       2.105834549,       1.861235301
          0,           0,        1626,      -1.421949359,       1.262723824,      0.8026474481,       4.027157532,       2.105868719,       1.858558447
          0,           0,        1627,      -1.422023795,       1.262500231,      0.8037674852,       4.035926772,       2.105902797,       1.855943404
          0,           0,        1628,      -1.420983437,       1.263976572,      0.8202161432,       4.042459284,       2.105937081,       1.857260268
          0,           0,        1629,      -1.420707435,       1.264169453,      0.8259958854,       4.028691696,       2.105971236,       1.854706313
          0,           0,        1630,      -1.422486289,       1.261455683,      0.8029859181,       4.027733746,       2.106005438,        1.85206795
          0,           0,        1631,      -1.422621932,        1.26113611,      0.8027649492,       4.035515016,       2.106039625,       1.853103215
          0,           0,        1632,       -1.42278838,       1.260771042,      0.8021020152,       4.041059776,       2.106073891,       1.850755459
          0,           0,        1633,      -1.422799658,       1.260646406,      0.8036334389,        4.02647789,       2.106107933,        1.84795977
          0,           0,        1634,      -1.422956789,       1.260297792,      0.8032246449,        4.02929011,       2.106141915,       1.848572175
          0,           0,        1635,      -1.423133326,       1.259915612,      0.8024962258,       4.036058358,       2.106175794,       1.846429595
          0,           0,        1636,      -1.423215026,        1.25969364,      0.8032406797,       4.032778437,       2.106209619,       1.843411093
          0,           0,        1637,      -1.422261755,       1.261061663,      0.8182043674,       4.027154073,       2.106243149,       1.844210823
          0,           0,        1638,      -1.422096101,       1.261120427,       0.822417826,       4.030997416,       2.106276532,       1.842007765
          0,           0,        1639,       -1.42369361,       1.258665459,       0.801666495,       4.035232788,       2.106309725,       1.839109008
          0,           0,        1640,      -1.423812042,       1.258396152,      0.8017979061,        4.04083874,       2.106342796,       1.837965015
          0,           0,        1641,      -1.423966713,        1.25806747,      0.8012249966,        4.02479284,       2.106375469,       1.836221849
          0,           0,        1642,      -1.424020894,       1.257897577,      0.8023148839,       4.027359851,       2.106407906,       1.832102266
          0,           0,        1643,      -1.424211087,        1.25751287,      0.8014707815,       4.034452707,        2.10644007,       1.832274722
          0,           0,        1644,      -1.424389981,       1.257152812,      0.8009516742,       4.037323727,        2.10647203,       1.829827297
          0,           0,        1645,      -1.424481269,       1.256937004,      0.8015887893,       4.024102296,       2.106503521,        1.82637293
          0,           0,        1646,      -1.423121492,       1.258963937,      0.8223598669,        4.02913926,       2.106534686,       1.827003667
          0,           0,        1647,      -1.422434235,       1.259880774,      0.8342581298,       4.037729481,       2.106560835,       1.824767056
          0,           0,        1648,      -1.425035153,         1.2558675,      0.7997139747,       4.031320486,       2.106591397,        1.82214989
          0,           0,        1649,       -1.42514766,       1.255627155,      0.8001289117,       4.022515022,        2.10662144,       1.819084961
          0,           0,        1650,      -1.425253454,       1.255401101,       0.800747451,       4.025413465,       2.106651111,       1.817706563
          0,           0,        1651,      -1.425499388,       1.254951057,      0.7993407293,        4.03254467,       2.106680369,       1.816063567
          0,           0,        1652,      -1.425696096,        1.25458362,      0.7988212615,       4.037856685,       2.106709282,       1.811052258
          0,           0,        1653,       -1.42565662,       1.254595419,      0.8015315777,       4.022482768,       2.106737583,       1.810733429
          0,           0,        1654,      -1.425614201,       1.254592326,      0.8045335287,       4.025081332,       2.106765429,       1.808562045
          0,           0,        1655,      -1.425691877,       1.254388403,      0.8060994777,       4.032406326,       2.106792791,       1.806186029
          0,           0,        1656,      -1.426410322,       1.253262176,      0.7974237021,       4.031376353,       2.106819714,       1.802909369
          0,           0,        1657,      -1.426525175,       1.253040901,      0.7980618511,       4.021008945,       2.106845967,       1.801741551
          0,           0,        1658,      -1.426780739,       1.252590248,      0.7968082705,       4.023631374,       2.106871696,       1.800391605
          0,           0,        1659,      -1.426987311,       1.252223796,      0.7962680458,       4.030702659,       2.106896873,       1.795830376
          0,           0,        1660,      -1.427122234,       1.251974767,      0.7968829083,       4.035786214,       2.106921556,       1.796050464
          0,           0,        1661,      -1.426573382,       1.252805604,        0.80695905,       4.021626246,        2.10694549,       1.794364847
          0,           0,        1662,      -1.426549209,       1.252741351,      0.8097957496,       4.024652064,       2.106968823,       1.792804223
          0,           0,        1663,      -1.427443015,       1.251349073,      0.8001741062,       4.030105558,       2.106991537,       1.788811456
          0,           0,        1664,       -1.42803842,       1.250405059,      0.7935902781,       4.025496666,       2.107013651,       1.787684369
          0,           0,        1665,      -1.428214215,       1.250109084,      0.7936875638,       4.018556076,       2.107034971,       1.786000829
          0,           0,        1666,      -1.428388486,       1.249810465,       0.793738653,       4.021857172,       2.107055626,       1.782423526
          0,           0,        1667,      -1.428605208,        1.24944474,      0.7932752149,       4.029731508,         2.1070756,       1.782817754
          0,           0,        1668,       -1.42886841,       1.249003552,      0.7923347237,       4.034879654,       2.107094935,       1.781377882
          0,           0,        1669,       -1.42903375,       1.248732032,      0.7927053879,       4.018715959,       2.107113396,        1.77870273
          0,           0,        1670,      -1.428124957,        1.25014429,      0.8084353513,       4.023704968,       2.107131117,       1.774752907
          0,           0,        1671,      -1.428027333,       1.250177474,      0.8126919972,       4.031406384,       2.107148096,       1.771368127
          0,           0,        1672,      -1.429788875,         1.2474986,      0.7902976319,       4.033957572,       2.107164365,       1.768689229
          0,           0,        1673,      -1.429990088,       1.247182001,      0.7901828928,       4.018387958,       2.107179703,       1.766212168
          0,           0,        1674,      -1.430253794,        1.24675252,       0.789171309,       4.020838394,       2.107194232,       1.762933989
          0,           0,        1675,      -1.430384167,        1.24654625,      0.7901814743,       4.027780248,       2.107207962,       1.761889948
          0,           0,        1676,      -1.430661433,       1.246098634,      0.7892437636,       4.023599036,       2.107220886,       1.761511047
          0,           0,        1677,      -1.430936375,       1.245668193,      0.7882644946,       4.016864074,       2.107232846,        1.76223385
          0,           0,        1678,      -1.431126344,       1.245366213,      0.7886985269,       4.020600868,       2.107243941,       1.765445414
          0,           0,        1679,      -1.430180607,       1.246878298,       0.805243712,       4.029847988,        2.10725418,       1.766688875
          0,           0,        1680,      -1.430055708,       1.246958948,      0.8103584804,       4.036569404,       2.107263584,       1.776469237
          0,           0,        1681,      -1.431953849,       1.244084221,      0.7859141471,       4.016972293,       2.107271949,       1.765332513
          0,           0,        1682,      -1.432178981,       1.243733574,      0.7858979998,       4.020106993,        2.10727938,       1.761403181
          0,           0,        1683,      -1.432474029,       1.243277445,      0.7845442973,       4.031853613,       2.107285898,       1.752562239
          0,           0,        1684,      -1.432619021,       1.243073801,      0.7856898903,        4.03325316,       2.107291502,       1.748142931
          0,           0,        1685,      -1.432889252,         1.2426608,      0.7849943652,       4.017088781,       2.107296016,       1.746058598
          0,           0,        1686,       -1.43320706,       1.242159549,      0.7837552947,       4.019814891,       2.107299533,       1.744831897
          0,           0,        1687,      -1.433422328,       1.241842118,      0.7840021237,       4.026609546,       2.107302087,       1.746490797
          0,           0,        1688,      -1.432978559,       1.242569317,      0.7939213452,       4.024233195,       2.107303645,       1.746291736
          0,           0,        1689,      -1.433107421,       1.242338739,      0.7953641268,       4.017028945,       2.107304072,       1.753837486
          0,           0,        1690,      -1.434134848,       1.240761452,      0.7841017479,       4.019224311,       2.107303446,       1.740964574
          0,           0,        1691,       -1.43455827,         1.2401314,      0.7808350445,       4.025925511,       2.107301806,       1.736025265
          0,           0,        1692,       -1.43472263,       1.239896366,      0.7820269276,       4.032152764,       2.107299142,         1.7295368
          0,           0,        1693,      -1.435034998,        1.23943316,      0.7808930989,       4.015840178,       2.107295277,       1.727156548
          0,           0,        1694,      -1.435363684,       1.238931623,      0.7797400528,       4.018826327,         2.1072903,       1.725946356
          0,           0,        1695,      -1.435608739,       1.238583467,      0.7796936864,       4.025844036,       2.107284258,       1.722566325
          0,           0,        1696,      -1.434834004,       1.239854215,      0.7949621089,       4.033248002,       2.107277135,       1.716729659
          0,           0,        1697,      -1.434288258,        1.24064166,      0.8070119296,        4.01925862,        2.10726877,       1.714743913
          0,           0,        1698,      -1.436450439,       1.237352284,      0.7781320573,       4.018317983,       2.107259244,       1.718564057
          0,           0,        1699,      -1.436708247,       1.236990414,      0.7779075901,       4.024666964,       2.107248607,       1.706448326
          0,           0,        1700,      -1.436988096,       1.236578483,      0.7775025784,       4.019533177,       2.107236812,       1.704097866
          0,           0,        1701,      -1.437337588,       1.236066325,        0.77595633,       4.012820704,       2.107223744,       1.702993963
          0,           0,        1702,      -1.437587505,       1.235703167,      0.7760812385,       4.016275812,       2.107209481,       1.697610098
          0,           0,        1703,        -1.4370173,       1.236678777,      0.7882747376,       4.025197718,       2.107194064,       1.690289744
          0,           0,        1704,      -1.437191589,       1.236366823,      0.7895590943,        4.03095585,       2.107177488,       1.684915799
          0,           0,        1705,       -1.43847407,       1.234431131,      0.7742175996,       4.012734644,       2.107159574,       1.681659104
          0,           0,        1706,      -1.438783072,       1.233982566,      0.7731443392,       4.015007902,       2.107140423,       1.679545152
          0,           0,        1707,       -1.43897214,       1.233740824,      0.7741300116,       4.022629889,       2.107120076,       1.677102615
          0,           0,        1708,      -1.439329516,        1.23320715,      0.7727119165,       4.027773506,       2.107098534,       1.677808623
          0,           0,        1709,       -1.43964804,       1.232757427,      0.7718402373,       4.011977353,       2.107075617,       1.677297677
          0,           0,        1710,      -1.439820615,       1.232533331,      0.7732093535,       4.014160049,       2.107051429,       1.670993562
          0,           0,        1711,      -1.439695304,       1.232790545,      0.7792911452,       4.022634903,       2.107026007,       1.663362313
          0,           0,        1712,      -1.439559117,       1.232999663,      0.7858920212,       4.019387544,       2.106999333,       1.664625719
          0,           0,        1713,      -1.440825639,       1.231098747,      0.7697054484,       4.010183911,       2.106971266,       1.665550121
          0,           0,        1714,      -1.441040716,       1.230809071,      0.7704922767,       4.012652082,        2.10694191,       1.665538039
          0,           0,        1715,      -1.441402358,       1.230290841,      0.7690213359,       4.020579887,       2.106911288,       1.662474784
          0,           0,        1716,      -1.441738332,        1.22980472,      0.7680688184,       4.025472663,       2.106879417,       1.648877967
          0,           0,        1717,      -1.441971608,        1.22950768,      0.7686378801,        4.00980827,       2.106846104,       1.655882859
          0,           0,        1718,        -1.4411415,       1.230919957,      0.7850321616,        4.01330805,       2.106811473,       1.642677177
          0,           0,        1719,      -1.441137956,       1.230891667,      0.7891965126,        4.02257498,       2.106775548,       1.652312039
          0,           0,        1720,      -1.442940352,       1.228140889,       0.766369233,       4.022348614,       2.106738352,        1.65414334
          0,           0,        1721,      -1.443279603,       1.227676628,      0.7650362851,       4.008545715,       2.106699688,       1.659962831
          0,           0,        1722,      -1.443546928,       1.227308947,       0.765042645,       4.010060538,       2.106659692,       1.662496037
          0,           0,        1723,      -1.443804254,       1.226969467,      0.7652960888,       4.019102448,       2.106618378,       1.657397914
          0,           0,        1724,      -1.444188322,       1.226410234,      0.7636861119,       4.014524043,        2.10657576,       1.658780069
          0,           0,        1725,      -1.444480892,       1.226020435,      0.7634765858,       4.007007074,       2.106531661,       1.659181764
          0,           0,        1726,      -1.444500096,       1.226064783,      0.7673935958,       4.009378615,       2.106486216,       1.662960611
          0,           0,        1727,      -1.444456793,       1.226197561,      0.7723971026,        4.01943176,       2.106439417,       1.684443339
          0,           0,        1728,      -1.444554051,       1.226063203,       0.775810689,         4.0243659,       2.106391311,       1.663464873
          0,           0,        1729,      -1.445754197,       1.224260277,      0.7606625762,       4.006747296,       2.106341663,       1.659377126
          0,           0,        1730,      -1.445954326,       1.224010663,      0.7618446889,        4.00732994,       2.106290629,       1.640312729
          0,           0,        1731,      -1.446298737,       1.223533686,      0.7608145998,        4.01728463,       2.106238237,       1.636975208
          0,           0,        1732,      -1.446676594,       1.222987752,      0.7593356047,       4.016742644,       2.106184541,       1.638145151
          0,           0,        1733,      -1.446938181,       1.222655357,      0.7597026492,       4.005028808,       2.106129283,       1.640931771
          0,           0,        1734,      -1.446674418,       1.223173472,      0.7679932844,       4.006908332,       2.106072619,       1.651973201
          0,           0,        1735,      -1.446761979,       1.223076473,      0.7709677616,       4.018825404,       2.106014613,       1.655667719
          0,           0,        1736,      -1.447459179,       1.222018565,      0.7652921932,       4.018643902,       2.105955343,       1.674376218
          0,           0,        1737,      -1.448280495,       1.220803698,      0.7561230794,       4.003957008,       2.105894478,       1.646050041
          0,           0,        1738,      -1.448478519,        1.22056748,      0.7573774014,       4.004756576,       2.105832176,       1.640792989
          0,           0,        1739,      -1.448807503,         1.2201208,      0.7566329668,        4.01623641,       2.105768531,       1.627938485
          0,           0,        1740,      -1.449197382,       1.219558387,      0.7550471658,       4.014239999,       2.105703623,       1.626986742
          0,           0,        1741,      -1.449467422,       1.219216845,      0.7554041407,       4.004237913,       2.105637175,       1.628884745
          0,           0,        1742,      -1.448705787,       1.220555731,      0.7714367306,       4.005817378,       2.105569369,       1.629467764
          0,           0,        1743,      -1.448791614,       1.220411855,      0.7745468894,        4.01513126,       2.105500123,       1.642225632
          0,           0,        1744,      -1.450474544,       1.217836758,       0.753091996,       4.016371063,       2.105429504,       1.618037889
          0,           0,        1745,      -1.450825977,       1.217366432,      0.7517695118,       4.004101645,       2.105357387,       1.613224388
          0,           0,        1746,      -1.451064506,       1.217058766,      0.7524431257,        4.00571017,       2.105284008,       1.619505301
          0,           0,        1747,       -1.45135518,       1.216676723,      0.7524849998,       4.016165443,       2.105209269,        1.62005352
          0,           0,        1748,      -1.451749573,         1.2161125,      0.7508444461,       4.007359393,       2.105133247,       1.624094467
          0,           0,        1749,      -1.452040026,       1.215741253,      0.7509536051,        4.00001709,       2.105055578,       1.636754963
          0,           0,        1750,      -1.451559074,       1.216639432,      0.7629494398,       4.004291927,       2.104976443,       1.634180717
          0,           0,        1751,      -1.451787585,       1.216303289,      0.7638532911,       4.014760317,       2.104895979,         1.6427646
          0,           0,        1752,      -1.452999348,       1.214446369,      0.7494899457,       4.018285325,       2.104814319,        1.63129974
          0,           0,        1753,       -1.45334095,       1.213995232,      0.7483226686,       4.004504574,       2.104731139,       1.634291698
          0,           0,        1754,      -1.453566499,        1.21371299,      0.7492371645,       4.002214781,       2.104646695,       1.605322109
          0,           0,        1755,      -1.453956952,       1.213164849,      0.7476813693,       4.013572773,       2.104560899,       1.600609002
          0,           0,        1756,      -1.454293816,        1.21269749,       0.746949801,       4.013968243,       2.104473876,        1.59585841
          0,           0,        1757,      -1.454553262,       1.212383373,      0.7474734912,       3.999418037,       2.104385213,       1.587308424
          0,           0,        1758,      -1.453805066,       1.213709975,      0.7638834951,       4.002441517,       2.104295119,       1.566190846
          0,           0,        1759,      -1.452892719,       1.215171458,      0.7825842397,       4.015790437,       2.104203722,       1.568736242
          0,           0,        1760,      -1.455487642,       1.211131604,      0.7460787007,       4.008146795,       2.104111138,       1.566156733
          0,           0,        1761,      -1.455764384,       1.210782562,      0.7463458846,       4.002203186,        2.10401707,       1.562804469
          0,           0,        1762,      -1.456117104,       1.210290379,      0.7452681501,       4.000158043,       2.103921781,        1.55019829
          0,           0,        1763,      -1.456523508,         1.2097173,      0.7435016489,       4.009857059,       2.103825124,       1.543999621
          0,           0,        1764,      -1.456826518,       1.209315639,      0.7432915583,       4.011658369,       2.103727222,       1.540062575
          0,           0,        1765,      -1.456257175,       1.210370353,      0.7570891455,       3.998340874,         2.1036278,        1.56529906
          0,           0,        1766,      -1.456051774,       1.210703924,      0.7654535104,       3.999699631,       2.103527107,        1.54836799
          0,           0,        1767,      -1.457750573,       1.208092986,      0.7421569973,        4.01091949,       2.103425116,       1.555541673
          0,           0,        1768,      -1.458005014,        1.20776701,      0.7427090683,       4.008723667,       2.103321957,       1.581778341
          0,           0,        1769,      -1.458417171,       1.207185997,      0.7408108326,       3.995784297,       2.103217237,       1.602046779
          0,           0,        1770,      -1.458722874,       1.206775913,      0.7405648063,       3.995369391,       2.103111195,       1.577878505
          0,           0,        1771,      -1.458431224,        1.20738007,      0.7498426687,       4.009790937,       2.103003891,        1.58804932
          0,           0,        1772,      -1.458639834,       1.207083246,      0.7510647497,       4.013118329,       2.102895452,       1.587329957
          0,           0,        1773,      -1.459484866,       1.205803087,      0.7426548312,       3.998915165,       2.102785564,       1.586936666
          0,           0,        1774,      -1.460013101,       1.205036953,      0.7381354571,       3.997890066,       2.102674519,       1.562365947
          0,           0,        1775,      -1.460237078,       1.204770927,      0.7392918026,       4.007871282,       2.102561997,       1.571423786
          0,           0,        1776,       -1.46061804,       1.204237821,      0.7378432431,       4.000702122,       2.102448097,       1.568174075
          0,           0,        1777,      -1.460957808,       1.203782164,      0.7370778356,       3.995290892,       2.102332842,       1.573378232
          0,           0,        1778,      -1.461202564,        1.20346899,      0.7378080032,       3.998622572,       2.102216481,       1.592633904
          0,           0,        1779,      -1.460122186,       1.205384162,      0.7591695124,       4.011679573,       2.102098823,        1.60560167
          0,           0,        1780,      -1.459989941,       1.205556776,       0.765741923,       4.014033888,       2.101980039,       1.576115812
          0,           0,        1781,      -1.462228455,       1.202061318,      0.7352565369,       3.996920946,       2.101859824,       1.578971579
          0,           0,        1782,      -1.462538598,       1.201634414,      0.7347073312,       3.995799594,       2.101738485,       1.573564383
          0,           0,        1783,      -1.462887926,       1.201150223,       0.733593902,       4.004031825,       2.101615744,       1.575903218
          0,           0,        1784,      -1.463078706,       1.200930721,      0.7351555269,       4.004451328,       2.101491726,       1.597004452
          0,           0,        1785,       -1.46342866,       1.200446963,      0.7341445294,       3.994674681,       2.101366361,       1.612937043
          0,           0,        1786,       -1.46378439,       1.199934029,      0.7330336533,       3.996466377,       2.101239897,       1.622359656
          0,           0,        1787,      -1.464031362,       1.199623159,      0.7338117678,       4.006893922,       2.101112171,       1.653296812
          0,           0,        1788,       -1.46281577,       1.201761346,      0.7572118527,       4.001584554,       2.100983324,       1.626262468
          0,           0,        1789,      -1.462559516,       1.202132922,      0.7657528376,       3.994134785,       2.100852957,       1.623600866
          0,           0,        1790,      -1.465061391,       1.198186878,        0.73083802,       3.991149328,       2.100721344,       1.594897049
          0,           0,        1791,      -1.465308556,       1.197874148,      0.7317189152,       4.003991833,       2.100588557,        1.59316606
          0,           0,        1792,      -1.465707959,       1.197286887,      0.7295179158,       4.008544696,       2.100454702,       1.585452399
          0,           0,        1793,      -1.465922329,       1.197027268,      0.7304329915,       3.994389763,       2.100319451,       1.585870298
          0,           0,        1794,      -1.466135694,       1.196754495,       0.731514651,       3.993457546,       2.100183117,       1.597966708
          0,           0,        1795,      -1.466526014,       1.196186837,      0.7298127296,       4.000116969,       2.100045464,       1.619465499
          0,           0,        1796,      -1.466852117,       1.195726202,      0.7291672366,       3.994434726,       2.099906628,       1.608207535
          0,           0,        1797,      -1.467033228,       1.195527949,      0.7307199471,       3.990774873,       2.099766475,       1.610222973
          0,           0,        1798,      -1.466820276,       1.195961114,      0.7389427873,       3.993235588,       2.099625264,       1.603419398
          0,           0,        1799,      -1.466589485,       1.196361224,      0.7477723279,        4.00360172,         2.0994828,       1.610015608
          0,           0,        1800,      -1.468048446,       1.194067454,      0.7276172394,       4.005529236,       2.099339276,       1.606817708
          0,           0,        1801,      -1.468250046,       1.193825644,      0.7288784161,       3.988490986,       2.099194271,        1.60659924
          0,           0,        1802,      -1.468620994,       1.193279028,      0.7273544015,       3.987813532,       2.099048075,       1.598717674
          0,           0,        1803,      -1.468954707,       1.192803794,      0.7265239409,       4.001272229,       2.098900752,       1.606281064
          0,           0,        1804,      -1.469177415,       1.192514486,      0.7274363894,       3.993021784,       2.098752351,       1.600854764
          0,           0,        1805,      -1.468114116,       1.194416905,      0.7484300996,       3.992062775,       2.098602629,       1.597346747
          0,           0,        1806,      -1.468029868,       1.194496329,      0.7541207085,        3.99267815,        2.09845187,       1.576441206
          0,           0,        1807,      -1.470147579,       1.191124131,      0.7250398282,       3.998742596,       2.098299775,       1.582119876
          0,           0,        1808,        -1.4704445,       1.190706277,      0.7245449544,       4.002505906,       2.098146534,       1.578123396
          0,           0,        1809,      -1.470731752,        1.19030437,        0.72417896,       3.988122662,       2.097992139,       1.573073639
          0,           0,        1810,      -1.470929703,       1.190039849,      0.7253256182,       3.988966129,       2.097836833,       1.585912035
          0,           0,        1811,      -1.471294843,       1.189495884,      0.7238485601,       4.001199209,       2.097680468,       1.583843134
          0,           0,        1812,      -1.471599117,       1.189053028,      0.7233606211,       4.003247244,       2.097523195,       1.586439678
          0,           0,        1813,      -1.471828394,       1.188757019,      0.7239496807,       3.986002952,       2.097364699,       1.570464706
          0,           0,        1814,      -1.470689512,       1.190764143,      0.7464500704,       3.988171175,       2.097205313,       1.580587827
          0,           0,        1815,      -1.469421654,       1.192801105,       0.770212855,        4.00132266,       2.097044824,        1.57736226
          0,           0,        1816,      -1.472688687,        1.18753003,      0.7229798475,       3.984843047,       2.096883327,       1.574753888
          0,           0,        1817,      -1.473078208,       1.186953779,       0.720697305,       3.984872434,       2.096720776,       1.589296346
          0,           0,        1818,      -1.473218991,       1.186792115,      0.7226302323,       3.984730316,       2.096557372,       1.587141654
          0,           0,        1819,      -1.473515388,       1.186365193,      0.7220714772,       3.993852273,       2.096392959,        1.59059157
          0,           0,        1820,      -1.473875838,       1.185823641,      0.7204877113,       4.000585744,       2.096227708,        1.57502933
          0,           0,        1821,      -1.474109773,       1.185514143,      0.7209591629,       3.981951771,       2.096061259,       1.586313342
          0,           0,        1822,      -1.473152793,       1.187238269,       0.740393711,       3.979570672,       2.095893901,        1.58247101
          0,           0,        1823,      -1.473191282,       1.187133406,      0.7441179443,       3.998914623,       2.095725671,       1.580234612
          0,           0,        1824,      -1.475038805,       1.184160917,      0.7184119111,       4.001012451,       2.095556632,       1.594766438
          0,           0,        1825,      -1.475292766,       1.183811798,      0.7182561937,       3.979726492,       2.095386412,       1.592038724
          0,           0,        1826,      -1.475492427,        1.18354507,      0.7190411884,       3.976507577,       2.095215316,       1.595192637
          0,           0,        1827,      -1.475712768,       1.183242312,      0.7196069532,        3.99509647,       2.095043388,       1.579346793
          0,           0,        1828,      -1.476057497,       1.182721131,      0.7181016425,       3.986915687,       2.094870645,       1.591401051
          0,           0,        1829,      -1.476299915,        1.18237671,      0.7182007389,       3.983532562,       2.094696759,       1.586424723
          0,           0,        1830,      -1.476188998,       1.182616044,      0.7239829461,        3.98238184,       2.094521892,       1.584362629
          0,           0,        1831,      -1.476147311,       1.182704724,       0.728831057,       3.996428359,       2.094345722,       1.598567178
          0,           0,        1832,      -1.476358432,       1.182338348,      0.7302176355,       3.993896459,       2.094168539,       1.594952237
          0,           0,        1833,      -1.477387024,       1.180669089,      0.7163712443,       3.978964524,       2.093990035,       1.597293022
          0,           0,        1834,      -1.477525339,       1.180468502,      0.7180689413,       3.982889509,       2.093810444,       1.579992347
          0,           0,        1835,      -1.477838214,       1.179962965,      0.7169097842,       3.993276092,       2.093629709,       1.592785614
          0,           0,        1836,      -1.478154556,       1.179451209,      0.7157020649,       3.994127095,       2.093447801,       1.586215737
          0,           0,        1837,       -1.47834304,        1.17917144,      0.7166206907,       3.975491593,       2.093264521,       1.585108961
          0,           0,        1838,      -1.478041703,       1.179738483,      0.7252218455,       3.981804087,       2.093080161,       1.599347306
          0,           0,        1839,      -1.477922176,       1.179932248,      0.7310877736,       3.994684994,       2.092894631,       1.594848907
          0,           0,        1840,      -1.478243676,       1.179385271,      0.7307461992,       3.982017764,       2.092707819,       1.595671841
          0,           0,        1841,      -1.479457981,       1.177378707,      0.7136586799,       3.975325429,       2.092519616,       1.601775527
          0,           0,        1842,      -1.479582237,        1.17719659,      0.7155132788,       3.978438259,       2.092330389,       1.595962892
          0,           0,        1843,      -1.479812234,       1.176830067,      0.7155448222,       3.992745204,       2.092139979,       1.596003473
          0,           0,        1844,      -1.480165414,       1.176244719,      0.7135417613,        3.99771127,       2.091948411,       1.584507269
          0,           0,        1845,      -1.480370777,       1.175924317,      0.7139911585,       3.980699961,        2.09175548,       1.566711125
          0,           0,        1846,      -1.479617421,       1.177271304,       0.729835402,       3.976274489,       2.091561372,       1.566951593
          0,           0,        1847,      -1.479746062,       1.176979653,      0.7316409099,       3.986559305,       2.091366165,       1.577652024
          0,           0,        1848,      -1.481130592,         1.1746668,       0.713154105,       3.994635107,        2.09117011,       1.572226893
          0,           0,        1849,      -1.481395927,       1.174236473,      0.7120232864,       3.980719036,       2.090972944,        1.57887441
          0,           0,        1850,      -1.481520945,       1.174037982,      0.7135551293,       3.977896519,       2.090774817,       1.574093969
          0,           0,        1851,      -1.481832187,       1.173506486,      0.7121167381,        3.99070133,       2.090575696,       1.583331881
          0,           0,        1852,      -1.482106729,       1.173050513,      0.7113237654,       3.979001586,        2.09037547,       1.576367448
          0,           0,        1853,      -1.482243004,       1.172841145,      0.7127673033,       3.966918866,        2.09017424,       1.577845383
          0,           0,        1854,      -1.481697588,       1.173798822,       0.725586024,       3.971111741,       2.089972115,       1.593419626
          0,           0,        1855,      -1.481064933,       1.174789735,      0.7398262931,       3.994089135,       2.089769065,       1.588472238
          0,           0,        1856,      -1.483043769,       1.171475592,      0.7102668209,       3.996246699,       2.089565174,       1.589223125
          0,           0,        1857,      -1.483149654,       1.171317314,      0.7120051917,        3.97387064,       2.089360186,       1.589548911
          0,           0,        1858,      -1.483443083,       1.170812629,       0.710695788,       3.973709398,       2.089154361,       1.581319184
          0,           0,        1859,      -1.483741982,       1.170298253,      0.7093185139,       3.983465446,       2.088947544,       1.579890721
          0,           0,        1860,      -1.483919134,       1.169999124,       0.709982486,       3.986929876,       2.088739885,       1.587100577
          0,           0,        1861,      -1.482552737,       1.172412727,      0.7352410127,       3.979277015,       2.088531299,       1.580810159
          0,           0,        1862,      -1.481805699,       1.173530235,      0.7507053901,       3.980443194,        2.08832192,       1.578562867
          0,           0,        1863,      -1.484627877,       1.168778137,      0.7087137015,       3.982228388,       2.088111583,       1.591288941
          0,           0,        1864,      -1.484942357,       1.168226784,      0.7067873057,        3.97457272,       2.087900428,       1.585877084
          0,           0,        1865,      -1.485004813,       1.168125835,      0.7091497117,       3.974538413,       2.087688443,       1.586164897
          0,           0,        1866,       -1.48522139,       1.167739899,      0.7089063725,       3.974555303,       2.087475728,       1.567608513
          0,           0,        1867,      -1.485526319,       1.167198637,      0.7072427646,       3.988703988,       2.087262188,        1.57669719
          0,           0,        1868,      -1.485704429,       1.166886839,      0.7077331271,       3.993018058,       2.087047945,       1.570072338
          0,           0,        1869,      -1.485188302,       1.167821364,      0.7193644168,       3.973209331,        2.08683267,       1.565381592
          0,           0,        1870,      -1.485286768,       1.167575068,       0.721095218,       3.964295776,       2.086616718,       1.577907237
          0,           0,        1871,      -1.486166138,       1.166041913,      0.7105785408,       3.979165457,       2.086400007,        1.57278395
          0,           0,        1872,      -1.486607332,       1.165272008,      0.7058926596,       3.985385503,       2.086182701,       1.572982429
          0,           0,        1873,      -1.486696336,       1.165114721,      0.7075957213,       3.976464315,       2.085964583,        1.57236421
          0,           0,        1874,      -1.486970961,       1.164609014,      0.7061653515,       3.973099173,       2.085745793,       1.564370542
          0,           0,        1875,      -1.487218468,       1.164159162,      0.7053482719,        3.98630156,       2.085526313,        1.56218056
          0,           0,        1876,      -1.487344592,       1.163931065,      0.7065106936,       3.985717372,       2.085306108,       1.572638829
          0,           0,        1877,      -1.485923332,       1.166455836,      0.7320637649,       3.965663161,       2.085085124,       1.567186557
          0,           0,        1878,      -1.485623956,       1.166782092,      0.7399580694,       3.961269619,       2.084863589,       1.564922997
          0,           0,        1879,      -1.488067186,       1.162596982,      0.7040416224,       3.976773951,       2.084641403,       1.577638666
          0,           0,        1880,      -1.488234001,       1.162279953,      0.7042887209,       3.975515301,       2.084418688,       1.572646315
          0,           0,        1881,      -1.488461843,       1.161862441,      0.7032904592,       3.973666387,       2.084195293,        1.57293338
          0,           0,        1882,      -1.488531853,       1.161715298,      0.7050011332,       3.972675067,       2.083971339,       1.556503202
          0,           0,        1883,      -1.488782655,       1.161242579,      0.7038813655,        3.98565604,       2.083746803,       1.564236176
          0,           0,        1884,      -1.489021807,       1.160780151,      0.7029577659,       3.985460518,       2.083521652,       1.559018549
          0,           0,        1885,      -1.489133453,       1.160546031,      0.7042183762,       3.961141471,       2.083295807,       1.552962481
          0,           0,        1886,      -1.487299293,       1.163790193,      0.7358781707,       3.958720675,       2.083069507,       1.564834597
          0,           0,        1887,      -1.486531114,       1.164873197,      0.7506658524,       3.981092767,       2.082842658,       1.560126708
          0,           0,        1888,      -1.489853395,       1.159075287,      0.7012491755,       3.990773861,        2.08261538,       1.560485224
          0,           0,        1889,      -1.489970563,       1.158799796,      0.7024561639,        3.97397687,       2.082387433,       1.546905677
          0,           0,        1890,       -1.49020773,       1.158309995,      0.7011625982,       3.969065288,       2.082158978,        1.54707197
          0,           0,        1891,      -1.490283808,        1.15811615,      0.7028363039,       3.985076495,       2.081930017,       1.535732905
          0,           0,        1892,       -1.49054156,       1.157596485,      0.7015169154,       3.968172113,       2.081700495,       1.535798688
          0,           0,        1893,      -1.490762198,       1.157137883,      0.7008589586,       3.958144208,       2.081470412,       1.548817946
          0,           0,        1894,      -1.490884646,       1.156858089,       0.701790274,       3.953157761,       2.081239982,       1.545378619
          0,           0,        1895,      -1.489196511,       1.159851777,      0.7314188694,       3.976806032,       2.081009113,       1.546992542
          0,           0,        1896,      -1.488269054,       1.161218448,      0.7488687928,       3.994651369,       2.080777965,       1.558967984
          0,           0,        1897,      -1.491459998,       1.155648221,      0.7006684722,       3.973108333,       2.080546281,       1.555089577
          0,           0,        1898,      -1.491693745,       1.155161854,      0.6993941339,       3.964403874,       2.080314211,       1.554872442
          0,           0,        1899,      -1.491748131,       1.155007764,      0.7012600878,       3.982561002,       2.080081763,       1.567755954
          0,           0,        1900,      -1.491997148,       1.154493136,      0.6998790088,       3.981004673,       2.079848938,       1.563406958
          0,           0,        1901,      -1.492225022,       1.154015918,      0.6989349902,       3.961968851,       2.079615608,        1.56338112
          0,           0,        1902,      -1.492359927,       1.153706049,      0.6994743448,       3.965354895,       2.079382079,        1.54850965
          0,           0,        1903,      -1.491104151,       1.155934649,       0.722575021,       3.984473952,       2.079148244,         1.5558109
          0,           0,        1904,      -1.490403799,       1.156965019,      0.7370095949,       3.966315019,       2.078914061,       1.551882935
          0,           0,        1905,      -1.492887892,       1.152565385,      0.6986202964,        3.95761206,       2.078407633,       1.545507696
          0,           0,        1906,      -1.493076737,       1.152147549,      0.6979348218,       3.965151642,       2.078173492,       1.556682303
          0,           0,        1907,      -1.493173318,       1.151910214,      0.6989018412,       3.982700212,       2.077939114,       1.552739659
          0,           0,        1908,      -1.493433309,       1.151365787,      0.6971320802,       3.978495618,       2.077704507,       1.552375308
          0,           0,        1909,      -1.493588216,       1.151018644,      0.6972074422,        3.95830507,       2.077469529,        1.55221599
          0,           0,        1910,      -1.493643109,       1.150851514,      0.6987774795,       3.964031556,       2.077234474,       1.547036766
          0,           0,        1911,      -1.492773418,       1.152365406,      0.7159069716,       3.984004216,        2.07699924,       1.543737252
          0,           0,        1912,       -1.49165387,        1.15417415,       0.736536314,       3.982376482,       2.076763839,       1.556600069
          0,           0,        1913,      -1.494252474,       1.149520424,      0.6958960784,       3.957554937,       2.076528134,       1.552384581
          0,           0,        1914,      -1.494372627,        1.14922656,      0.6964237866,       3.960018204,       2.076292404,        1.55026088
          0,           0,        1915,      -1.494489843,        1.14894818,      0.6966854663,       3.980890764,       2.076056559,       1.562464545
          0,           0,        1916,      -1.494709503,       1.148470559,      0.6953562968,       3.959539657,       2.075820566,        1.55890094
          0,           0,        1917,      -1.494887527,        1.14806788,      0.6948058561,       3.955089746,       2.075584362,       1.558970145
          0,           0,        1918,      -1.494953854,       1.147871954,      0.6960295378,       3.962944103,       2.075348202,       1.547995109
          0,           0,        1919,      -1.494206839,       1.149167114,      0.7110442582,       3.982514002,       2.075111989,       1.555460142
          0,           0,        1920,      -1.493422301,       1.150392838,      0.7265557451,       3.980197335,       2.074875734,       1.553161226
          0,           0,        1921,      -1.495477882,       1.146669115,      0.6938097121,       3.954693324,       2.074639285,       1.547014594
          0,           0,        1922,      -1.495489696,       1.146565107,      0.6958414695,       3.954678617,       2.074402915,       1.557672456
          0,           0,        1923,      -1.495702611,       1.146090321,        0.69446726,       3.977953168,       2.074166549,       1.554741188
          0,           0,        1924,      -1.495915915,       1.145614101,      0.6931088223,       3.976767176,       2.073930225,       1.554664128
          0,           0,        1925,      -1.496009883,       1.145371035,      0.6936859079,       3.956210539,       2.073693742,        1.55335509
          0,           0,        1926,      -1.494845296,       1.147441794,      0.7151326448,       3.957076036,       2.073457333,       1.550052053
          0,           0,        1927,      -1.493966624,       1.148796861,      0.7318572487,       3.975965555,       2.073220972,       1.546838486
          0,           0,        1928,      -1.496402626,       1.144376998,      0.6930854547,       3.957005967,       2.072984671,        1.54758496
          0,           0,        1929,      -1.496468734,       1.144176466,      0.6939819932,       3.954715321,       2.072748317,        1.54543871
          0,           0,        1930,      -1.496664807,       1.143712665,      0.6926684752,       3.957175715,       2.072512111,       1.543370884
          0,           0,        1931,      -1.496863736,       1.143249487,      0.6913352314,       3.978271256,       2.072276004,       1.542670056
          0,           0,        1932,      -1.496939106,       1.143033562,      0.6920249312,       3.975399985,       2.072040012,       1.544923388
          0,           0,        1933,      -1.496142648,       1.144426428,       0.707573624,       3.955061956,       2.071803955,        1.54724443
          0,           0,        1934,        -1.4954368,       1.145496237,      0.7215947448,       3.959730334,       2.071568116,       1.559323365
          0,           0,        1935,      -1.497348007,       1.141976396,       0.690497131,       3.978734183,        2.07133242,       1.557896809
          0,           0,        1936,      -1.497350772,       1.141886629,      0.6922649222,       3.975242692,       2.071096891,       1.559836825
          0,           0,        1937,      -1.497555525,       1.141404022,      0.6906181846,       3.954453744,       2.070861339,       1.574082486
          0,           0,        1938,       -1.49771251,       1.140999745,      0.6897996175,       3.958909762,       2.070626039,       1.571936816
          0,           0,        1939,      -1.497749428,       1.140845925,      0.6908815427,         3.9787267,        2.07039092,       1.573629379
          0,           0,        1940,      -1.496807139,       1.142517157,       0.708677744,       3.959327304,        2.07015595,       1.582432287
          0,           0,        1941,      -1.495752125,        1.14422036,       0.727887738,       3.954494593,       2.069921046,       1.581242427
          0,           0,        1942,      -1.498174615,       1.139736369,      0.6885369981,       3.945700346,       2.069686427,       1.582117282
          0,           0,        1943,      -1.498201477,       1.139595115,      0.6898148642,       3.964758536,       2.069452042,       1.577353724
          0,           0,        1944,      -1.498306758,       1.139297251,      0.6895938833,       3.982085786,        2.06921802,       1.575600538
          0,           0,        1945,      -1.498508571,       1.138816899,      0.6877094165,       3.966305047,       2.068984044,       1.578542447
          0,           0,        1946,      -1.498578218,       1.138589052,      0.6881070628,       3.949707661,       2.068750257,         1.5803434
          0,           0,        1947,      -1.497690361,       1.140175877,      0.7045709888,       3.964244924,       2.068516725,       1.579667085
          0,           0,        1948,      -1.497713123,       1.139925447,      0.7058392395,       3.969902796,       2.068283576,       1.578826135
          0,           0,        1949,      -1.498864604,       1.137716638,      0.6881730493,       3.953841986,       2.068050511,       1.579061986
          0,           0,        1950,      -1.499014931,       1.137334742,      0.6864071659,       3.958969781,        2.06781775,       1.579732901
          0,           0,        1951,      -1.498993762,       1.137271733,      0.6881230058,       3.979135515,       2.067585262,        1.58062563
          0,           0,        1952,      -1.499172601,       1.136827152,      0.6864826918,       3.955336258,       2.067353005,       1.587287108
          0,           0,        1953,       -1.49929011,       1.136492817,      0.6859403791,       3.947805221,       2.067120901,       1.586419752
          0,           0,        1954,      -1.499307996,       1.136353362,       0.687052532,       3.944218938,       2.066889158,       1.592449392
          0,           0,        1955,      -1.498091265,       1.138550688,      0.7091627664,       3.964418711,       2.066657739,       1.591982326
          0,           0,        1956,      -1.496703618,       1.140858193,      0.7330665841,       3.985614483,       2.066426765,       1.598522762
          0,           0,        1957,      -1.499507688,       1.135654125,       0.687476174,       3.966191797,       2.066195898,       1.597816906
          0,           0,        1958,      -1.499609329,       1.135359598,      0.6870012984,       3.948616177,       2.065965291,       1.600578591
          0,           0,        1959,      -1.499744197,       1.134987181,      0.6860619165,       3.961391205,       2.065735013,        1.60725518
          0,           0,        1960,       -1.49993136,        1.13450896,      0.6842357508,       3.967112205,       2.065505187,        1.60666809
          0,           0,        1961,      -1.499955371,       1.134363391,      0.6852181074,       3.948801833,       2.065275505,       1.609339056
          0,           0,        1962,      -1.498349813,       1.137335103,      0.7128705478,       3.956377285,       2.065046209,       1.619361235
          0,           0,        1963,      -1.497980703,       1.137732774,      0.7203385311,       3.980233821,       2.064817251,       1.621250286
          0,           0,        1964,      -1.500346641,       1.133283284,      0.6818861775,       3.952763962,       2.064588604,       1.626204447
          0,           0,        1965,      -1.500344548,       1.133179822,      0.6828848857,       3.947072968,       2.064360148,       1.640943771
          0,           0,        1966,      -1.500320947,       1.133106099,      0.6843495986,       3.945365561,       2.064132096,       1.634699538
          0,           0,        1967,      -1.500440651,       1.132753064,      0.6834064722,       3.964512229,       2.063904409,        1.63524211
          0,           0,        1968,      -1.500578349,        1.13236315,      0.6822004649,       3.975384605,       2.063677175,       1.629851714
          0,           0,        1969,      -1.500611641,       1.132200511,      0.6826535934,       3.956168314,       2.063450076,       1.632376901
          0,           0,        1970,      -1.499584909,       1.134062233,      0.7014030558,       3.947196958,       2.063223299,       1.631694652
          0,           0,        1971,      -1.498861554,       1.135171381,      0.7151563528,       3.964766752,       2.062996883,       1.628823569
          0,           0,        1972,      -1.500826154,       1.131428776,      0.6816986717,       3.970157211,        2.06277094,       1.632179937
          0,           0,        1973,      -1.500777653,       1.131419645,      0.6835005167,       3.952544879,       2.062545136,       1.631899079
          0,           0,        1974,      -1.500946723,       1.130962346,      0.6814554939,       3.949187095,       2.062319691,       1.628551941
          0,           0,        1975,       -1.50103656,       1.130667246,      0.6808926391,       3.966025424,       2.062094602,       1.634646302
          0,           0,        1976,      -1.500747627,       1.131122888,      0.6868265008,       3.949856113,       2.061869875,        1.63316885
          0,           0,        1977,      -1.500467407,       1.131521305,      0.6927198335,       3.948701182,       2.061645355,       1.631325001
          0,           0,        1978,      -1.500381761,       1.131500302,       0.695772156,       3.951593704,       2.061421227,       1.633139222
          0,           0,        1979,      -1.501289348,       1.129700386,      0.6796018584,        3.96871459,       2.061197459,       1.633018046
          0,           0,        1980,      -1.501223509,       1.129716384,      0.6815385203,       3.969042465,       2.060974115,        1.63003542
          0,           0,        1981,      -1.501350772,       1.129346052,      0.6800787089,       3.947316401,       2.060750904,       1.635065552
          0,           0,        1982,      -1.501444138,       1.129031998,      0.6792645083,       3.946630029,       2.060528068,       1.633517636
          0,           0,        1983,       -1.50141141,        1.12897997,      0.6806492923,       3.965380108,       2.060305585,        1.63035524
          0,           0,        1984,      -1.500454703,       1.130741054,      0.6975295137,       3.970525619,       2.060083529,       1.636025778
          0,           0,        1985,      -1.500236006,       1.130945045,      0.7019169935,       3.953006105,       2.059861599,       1.633824646
          0,           0,        1986,      -1.501197325,       1.128995082,      0.6871858712,       3.947964767,       2.059640015,       1.632153075
          0,           0,        1987,      -1.501749864,       1.127826853,      0.6770540223,       3.965007246,       2.059418772,       1.630359085
          0,           0,        1988,      -1.501683415,       1.127842904,      0.6787959449,       3.948868236,       2.059197885,       1.633321069
          0,           0,        1989,      -1.501682345,       1.127728362,      0.6793268381,        3.94680169,       2.058977165,       1.632477826
          0,           0,        1990,      -1.501822175,       1.127314011,      0.6774843118,       3.946720587,       2.058756795,        1.62662078
          0,           0,        1991,      -1.501835555,       1.127164355,      0.6779720273,       3.965385546,       2.058536759,       1.630596769
          0,           0,        1992,      -1.501108723,       1.128477783,       0.691100757,       3.968652008,       2.058317116,       1.628263035
          0,           0,        1993,      -1.501016379,       1.128469199,      0.6932004806,       3.949975258,       2.058097576,       1.625847054
          0,           0,        1994,      -1.501711508,       1.127001794,      0.6821946658,       3.947171796,       2.057878349,       1.628616317
          0,           0,        1995,      -1.502017549,       1.126310861,      0.6763877872,       3.963881107,       2.057659437,       1.627884947
          0,           0,        1996,       -1.50192634,       1.126373594,      0.6784493766,       3.963788394,       2.057440888,       1.624656718
          0,           0,        1997,      -1.502035008,       1.126032343,      0.6770094063,       3.946554961,       2.057222432,       1.630786006
          0,           0,        1998,       -1.50209924,       1.125772337,      0.6763973466,       3.945052279,       2.057004265,       1.628315531
          0,           0,        1999,      -1.502084163,       1.125747729,      0.6780169101,       3.963222076,       2.056786435,       1.625936558
          0,           0,        2000,      -1.499789057,       1.130224108,      0.7169889241,       3.950369527,       2.056568995,       1.632091119
          0,           0,        2001,      -1.498610762,       1.132145329,      0.7366453841,       3.953414292,        2.05635183,       1.630051926
          0,           0,        2002,      -1.502444232,        1.12485875,      0.6754647054,       3.945661809,       2.056135357,       1.628558888
          0,           0,        2003,      -1.502499132,       1.124707431,      0.6757406769,       3.954744822,       2.055919629,       1.628103037
          0,           0,        2004,      -1.502630816,       1.124412812,      0.6743088497,       3.964749994,       2.055704763,       1.631982288
          0,           0,        2005,      -1.502567775,        1.12451914,      0.6764600695,       3.946009491,       2.055490498,       1.631761776
          0,           0,        2006,      -1.502707807,       1.124204661,       0.675079183,       3.945019798,       2.055277032,       1.626422112
          0,           0,        2007,      -1.502814624,       1.123964954,      0.6742704805,       3.960682612,       2.055064341,       1.631287492
          0,           0,        2008,      -1.502815911,       1.123943266,      0.6752132339,       3.949690502,       2.054852431,       1.629753099
          0,           0,        2009,      -1.501069295,       1.127372709,      0.7058613113,       3.950332993,       2.054641071,       1.628237741
          0,           0,        2010,      -1.499649155,       1.129865174,      0.7300602386,       3.950956474,       2.054430409,       1.632656277
          0,           0,        2011,      -1.502970369,       1.123533051,      0.6752392235,       3.963027664,       2.054220424,       1.632357614
          0,           0,        2012,      -1.503170996,       1.123088657,       0.671993035,       3.967265557,       2.054011162,       1.630147206
          0,           0,        2013,      -1.503120861,       1.123152873,      0.6733773324,       3.946881742,       2.053802302,       1.637139293
          0,           0,        2014,      -1.503154602,       1.123024281,      0.6732646125,       3.943383391,       2.053594032,       1.635248755
          0,           0,        2015,      -1.503124883,       1.123022025,      0.6744162554,       3.961785657,       2.053386355,       1.633828136
          0,           0,        2016,      -1.503255805,       1.122686171,      0.6727626077,       3.962980311,       2.053179302,        1.63705671
          0,           0,        2017,      -1.503289897,        1.12255566,      0.6727835874,       3.947305482,       2.052972595,       1.637303858
          0,           0,        2018,      -1.503228333,       1.122610856,      0.6743439559,       3.943430413,       2.052766396,       1.634834826
          0,           0,        2019,      -1.501981861,       1.124997519,      0.6968161712,       3.963553234,       2.052560736,       1.640146158
          0,           0,        2020,      -1.500355232,       1.127918433,      0.7242708129,       3.951217514,       2.052355558,       1.638951765
          0,           0,        2021,        -1.5032615,       1.122325359,      0.6746496188,       3.945892764,        2.05215075,       1.636138106
          0,           0,        2022,      -1.503312767,       1.122136803,      0.6741842569,       3.942391981,         2.0519464,       1.642616083
          0,           0,        2023,      -1.503361889,       1.121961024,      0.6736400012,       3.940874251,       2.051742462,       1.640471616
          0,           0,        2024,      -1.503501865,       1.121584639,      0.6715386159,       3.942728152,       2.051538953,       1.639501634
          0,           0,        2025,      -1.503487211,       1.121531141,       0.672233017,       3.961881844,       2.051335897,       1.639549689
          0,           0,        2026,      -1.502657323,       1.123111096,      0.6871039926,        3.97028604,        2.05113335,        1.64317489
          0,           0,        2027,      -1.502546539,       1.123170063,      0.6891594125,        3.94770323,       2.050930993,       1.642453602
          0,           0,        2028,      -1.503351833,       1.121510064,      0.6758594095,       3.941640735,       2.050729029,       1.637558357
          0,           0,        2029,      -1.503642578,       1.120875849,      0.6699575216,       3.960576261,       2.050527483,       1.642422478
          0,           0,        2030,      -1.503516353,       1.121042261,      0.6724313075,       3.965723829,       2.050326387,       1.640150634
          0,           0,        2031,      -1.503599498,       1.120787324,      0.6711004601,       3.945587241,        2.05012547,       1.638837456
          0,           0,        2032,      -1.503670664,        1.12054305,      0.6701055151,       3.941636548,       2.049924895,       1.639434623
          0,           0,        2033,      -1.503606257,       1.120590265,      0.6715728715,       3.954875821,       2.049724703,       1.641649375
          0,           0,        2034,      -1.501312543,       1.125091501,      0.7103640711,       3.947072467,       2.049524842,        1.63776282
          0,           0,        2035,      -1.499915711,       1.127448627,      0.7328702627,       3.950612529,       2.049325213,       1.637815574
          0,           0,        2036,      -1.503721236,       1.120081108,      0.6694519304,       3.941101775,       2.049125899,       1.633802606
          0,           0,        2037,      -1.503656265,       1.120126372,      0.6708010023,       3.960053662,       2.048926952,       1.634954854
          0,           0,        2038,      -1.503596183,       1.120159883,      0.6720040503,        3.96455122,       2.048728377,       1.632914692
          0,           0,        2039,      -1.503732857,       1.119790811,      0.6696050331,       3.943235234,       2.048529923,       1.638844858
          0,           0,        2040,      -1.503757375,       1.119641797,      0.6694068216,       3.940528651,       2.048331742,       1.636557983
          0,           0,        2041,      -1.503239348,       1.120608019,       0.678840219,       3.941838091,       2.048133779,       1.637226838
          0,           0,        2042,      -1.503093269,       1.120757144,      0.6816277654,       3.950950362,       2.047936158,       1.636254573
          0,           0,        2043,      -1.503399108,       1.120049143,      0.6768001656,       3.940791485,       2.047738722,       1.638691495
          0,           0,        2044,      -1.503808371,       1.119183294,      0.6684751261,       3.939102266,       2.047541511,       1.638303967
          0,           0,        2045,      -1.503719117,       1.119273142,      0.6702029378,       3.960308982,       2.047344631,       1.632650911
          0,           0,        2046,      -1.503813697,       1.118981028,      0.6686076387,       3.963576779,       2.047148039,       1.637717523
          0,           0,        2047,      -1.503843498,       1.118831578,      0.6681239095,       3.941731447,       2.046951521,       1.634655817
          0,           0,        2048,      -1.503757171,       1.118916523,      0.6698915515,       3.939680131,       2.046755211,       1.632610943
          0,           0,        2049,      -1.502501032,       1.121377309,       0.691760425,       3.942135945,       2.046559069,       1.638087714
          0,           0,        2050,      -1.502206403,       1.121726417,      0.6969440314,       3.965132957,       2.046363243,       1.635283336
          0,           0,        2051,      -1.503668528,       1.118803853,      0.6720808985,       3.961798848,       2.046167631,       1.633938506
          0,           0,        2052,      -1.503942864,       1.118176613,      0.6662802551,       3.939782138,       2.045972081,       1.631284821
          0,           0,        2053,      -1.503873511,       1.118236325,        0.66764591,       3.939699106,       2.045776692,       1.633282745
          0,           0,        2054,      -1.503830671,       1.118233244,      0.6683544291,       3.939759652,       2.045581486,       1.631682725
          0,           0,        2055,      -1.503906298,       1.117984907,      0.6670368307,       3.939834484,       2.045386426,       1.626806284
          0,           0,        2056,       -1.50391988,       1.117856825,       0.667074837,       3.958660828,       2.045191587,       1.632144757
          0,           0,        2057,      -1.503796101,        1.11803069,      0.6693208229,         3.9628681,       2.044996983,       1.628613368
          0,           0,        2058,       -1.50287085,       1.119799102,      0.6863074535,       3.942496287,       2.044802347,       1.627053201
          0,           0,        2059,      -1.501769631,       1.121769374,      0.7059532943,       3.944366076,       2.044607868,       1.625893765
          0,           0,        2060,       -1.50394953,        1.11744518,      0.6663307856,       3.937669742,       2.044413477,       1.625232917
          0,           0,        2061,      -1.503816168,       1.117643285,      0.6688041295,       3.939938229,       2.044219226,       1.621811178
          0,           0,        2062,      -1.503853206,       1.117474932,      0.6682387999,       3.957405197,       2.044025125,       1.620207112
          0,           0,        2063,      -1.503968528,       1.117148043,      0.6662466135,       3.964433687,       2.043831251,       1.616788506
          0,           0,        2064,      -1.503949055,       1.117107223,      0.6666999648,       3.941646903,       2.043637283,       1.618646554
          0,           0,        2065,       -1.50273586,       1.119485522,      0.6887097274,       3.941703706,       2.043443442,       1.616565521
          0,           0,        2066,      -1.502027222,       1.120662352,      0.7019051262,       3.962611157,       2.043249727,        1.62323895
          0,           0,        2067,      -1.503951925,       1.116852604,      0.6664909985,       3.942647972,       2.043056116,       1.620559139
          0,           0,        2068,      -1.503859826,       1.116963397,      0.6682903402,       3.939593295,       2.042862503,       1.618112834
          0,           0,        2069,      -1.503990232,       1.116606756,      0.6660167462,       3.938429226,       2.042669002,       1.625677471
          0,           0,        2070,      -1.503997962,        1.11650463,      0.6661014155,       3.938697806,       2.042475508,       1.622672099
          0,           0,        2071,      -1.503097985,       1.118265005,      0.6825649526,       3.962812367,       2.042282222,        1.62239088
          0,           0,        2072,      -1.503039108,       1.118216596,      0.6835436183,       3.963214126,       2.042089003,       1.617076686
          0,           0,        2073,      -1.503967878,       1.116308087,      0.6670938713,        3.93878383,       2.041895734,       1.618642966
          0,           0,        2074,      -1.504046484,       1.116088126,       0.665159757,        3.93783432,       2.041702484,       1.616359125
          0,           0,        2075,      -1.503944024,       1.116225563,      0.6671552266,       3.938022203,        2.04150927,       1.611877551
          0,           0,        2076,      -1.504047917,       1.115915499,      0.6654547274,       3.959689494,       2.041316182,       1.618099707
          0,           0,        2077,      -1.504075109,       1.115784481,      0.6651970993,       3.961617779,       2.041123194,       1.614169418
          0,           0,        2078,       -1.50401846,       1.115830858,      0.6663498351,       3.939143049,       2.040930085,       1.611734082
          0,           0,        2079,      -1.502039345,       1.119787663,      0.7011114757,       3.942359823,       2.040737018,        1.61222158
          0,           0,        2080,      -1.499920563,       1.123683416,      0.7353243746,       3.966060087,       2.040544039,       1.609541214
          0,           0,        2081,       -1.50395381,       1.115737196,      0.6685938919,       3.940641549,       2.040351077,       1.607191266
          0,           0,        2082,      -1.504052186,       1.115468797,      0.6663508483,       3.938151829,       2.040158071,       1.611681186
          0,           0,        2083,      -1.504103827,       1.115291212,       0.665662371,       3.937885657,       2.039965106,       1.609892892
          0,           0,        2084,      -1.504063002,       1.115300663,      0.6664993486,       3.938005236,       2.039772103,       1.611817225
          0,           0,        2085,      -1.504101266,       1.115147279,      0.6660900014,       3.955747862,       2.039579227,       1.617298202
          0,           0,        2086,      -1.504076637,       1.115125202,      0.6666482195,       3.961469873,       2.039386379,       1.608957959
          0,           0,        2087,      -1.504166861,       1.114877323,      0.6649486687,       3.938015175,       2.039193416,       1.606829781
          0,           0,        2088,      -1.504233209,       1.114660311,       0.663755546,       3.937523707,        2.03900043,       1.614347824
          0,           0,        2089,      -1.504208924,       1.114649523,       0.664125294,       3.952371759,       2.038807524,       1.619525767
          0,           0,        2090,      -1.504312813,       1.114360234,      0.6624068593,       3.937744444,       2.038614572,       1.606282336
          0,           0,        2091,      -1.504215988,       1.114504428,      0.6644337831,       3.937299614,       2.038421582,       1.602023653
          0,           0,        2092,       -1.50424131,       1.114381767,      0.6640419222,       3.936733249,       2.038228577,       1.598953975
          0,           0,        2093,      -1.504162299,       1.114475758,      0.6657885366,       3.954689268,       2.038035643,       1.601401501
          0,           0,        2094,      -1.504257624,       1.114203156,      0.6643397313,       3.963052674,       2.037842755,       1.598153984
          0,           0,        2095,      -1.504312081,       1.114025198,      0.6636135219,       3.938413592,       2.037649708,       1.592534868
          0,           0,        2096,      -1.504261634,       1.114065459,      0.6649282274,       3.937060101,        2.03745664,       1.587703726
          0,           0,        2097,      -1.502354045,       1.117933187,      0.6984180599,       3.940541838,       2.037263526,       1.587792656
          0,           0,        2098,      -1.501529217,       1.119298486,      0.7128952575,       3.964914779,       2.037070494,       1.585339358
          0,           0,        2099,      -1.504454618,       1.113480038,      0.6618495767,       3.960868262,       2.036877487,       1.576413203
          0,           0,        2100,      -1.504379454,       1.113583738,      0.6636233705,       3.937906295,       2.036684318,       1.580587253
          0,           0,        2101,      -1.504371879,       1.113544841,      0.6638534913,         3.9370121,       2.036491127,       1.575877736
          0,           0,        2102,      -1.504343593,       1.113536067,      0.6647167925,       3.936692007,       2.036297916,       1.573817796
          0,           0,        2103,      -1.504451842,       1.113245981,      0.6631009781,       3.937137443,       2.036104677,       1.569207127
          0,           0,        2104,      -1.504452313,        1.11318054,      0.6635738492,       3.951827363,       2.035911469,       1.570420937
          0,           0,        2105,      -1.504222621,        1.11361287,      0.6679993043,       3.938776778,       2.035718235,       1.567663153
          0,           0,        2106,      -1.503563173,       1.114896121,      0.6805514299,        3.93854945,       2.035524922,       1.561481269
          0,           0,        2107,      -1.502830688,       1.116224916,       0.694703454,       3.940843834,       2.035331603,       1.568451724
          0,           0,        2108,      -1.504572933,       1.112712002,      0.6624353543,       3.935472616,       2.035138228,       1.563286189
          0,           0,        2109,      -1.504449601,       1.112922496,      0.6651228373,       3.935629447,        2.03494486,       1.561043693
          0,           0,        2110,      -1.504485732,       1.112790946,      0.6648583651,       3.944219971,       2.034751494,       1.556462188
          0,           0,        2111,       -1.50461599,       1.112459833,      0.6628570991,       3.962372743,       2.034558179,       1.555694788
          0,           0,        2112,      -1.504586758,       1.112470713,      0.6638127463,       3.936436945,       2.034364662,        1.55196011
          0,           0,        2113,      -1.503578086,       1.114519891,      0.6823584464,       3.937965094,       2.034171057,       1.552707803
          0,           0,        2114,       -1.50347057,       1.114576447,        0.68466085,       3.960586684,       2.033977408,       1.550151654
          0,           0,        2115,      -1.504598841,       1.112262923,       0.665254997,       3.961929087,       2.033783718,       1.556154723
          0,           0,        2116,      -1.504766168,       1.111884214,      0.6619616195,       3.937792843,       2.033589753,       1.553037134
          0,           0,        2117,      -1.504648116,       1.112081617,      0.6646377406,       3.936355893,       2.033395681,        1.55293614
          0,           0,        2118,      -1.504745205,       1.111816529,      0.6633760725,       3.935094743,        2.03320148,       1.548567616
          0,           0,        2119,      -1.504830786,       1.111581449,      0.6623929747,       3.936272261,       2.033007157,       1.555260502
          0,           0,        2120,      -1.504808905,       1.111577685,      0.6634001337,        3.95790166,       2.032812786,       1.551910853
          0,           0,        2121,      -1.503510019,       1.114224208,      0.6874673039,       3.939971548,       2.032618282,       1.546805762
          0,           0,        2122,      -1.502342279,       1.116381304,      0.7086364087,       3.941785988,       2.032423613,       1.550331052
          0,           0,        2123,      -1.504879622,       1.111284317,      0.6634028669,       3.936081615,       2.032228837,       1.547058731
          0,           0,        2124,      -1.504822771,        1.11136156,      0.6650861134,       3.935449902,       2.032033912,       1.544703346
          0,           0,        2125,      -1.504934329,       1.111075711,      0.6636619648,       3.934528001,       2.031838901,       1.538525192
          0,           0,        2126,      -1.505043839,       1.110793946,      0.6622720758,       3.934381492,       2.031643742,       1.542751463
          0,           0,        2127,      -1.504979538,       1.110886085,      0.6641147013,       3.958454841,       2.031448556,       1.539844935
          0,           0,        2128,      -1.504402544,       1.112040047,      0.6756313675,        3.96326757,       2.031253307,       1.532769505
          0,           0,        2129,      -1.503836472,       1.113067616,      0.6870280228,       3.939501781,       2.031057801,       1.541351881
          0,           0,        2130,      -1.505152597,       1.110395056,      0.6624095103,       3.936007013,       2.030862184,       1.537476691
          0,           0,        2131,      -1.505091352,        1.11048401,      0.6642430515,       3.935494524,       2.030666435,       1.537768895
          0,           0,        2132,      -1.505228604,       1.110142291,      0.6624588209,       3.958663152,       2.030470682,        1.52981146
          0,           0,        2133,      -1.505285488,        1.10998534,      0.6621609449,       3.960630105,       2.030274873,       1.531130892
          0,           0,        2134,      -1.505224239,       1.110085617,      0.6640742177,        3.93613813,       2.030078828,       1.527583339
          0,           0,        2135,      -1.502636336,        1.11545781,      0.7087414851,       3.940130943,       2.029882686,       1.528494988
          0,           0,        2136,      -1.501023618,       1.118362591,      0.7347704149,       3.942330134,       2.029686439,       1.541443838
          0,           0,        2137,      -1.505451283,       1.109494782,      0.6616926159,       3.934374535,       2.029490109,        1.53639682
          0,           0,        2138,      -1.505444377,       1.109481696,      0.6627413278,       3.935326927,       2.029293706,       1.538709601
          0,           0,        2139,      -1.505565218,       1.109197542,      0.6608689137,       3.934592691,       2.029097205,       1.531435956
          0,           0,        2140,      -1.505461236,       1.109382852,      0.6635740868,       3.934722117,       2.028900636,       1.532607183
          0,           0,        2141,      -1.505559029,       1.109139927,      0.6625454145,       3.934869917,       2.028703986,       1.546415337
          0,           0,        2142,      -1.505664054,       1.108877905,       0.661512597,       3.957224909,       2.028507341,       1.535646367
          0,           0,        2143,      -1.505634281,       1.108917372,      0.6629562633,       3.962206063,       2.028310703,       1.531460852
          0,           0,        2144,      -1.503831171,       1.112685294,      0.6952938924,       3.938718965,       2.028113854,       1.521553304
          0,           0,        2145,       -1.50323483,       1.113667246,      0.7064332195,       3.939676267,       2.027916956,       1.517850841
          0,           0,        2146,       -1.50589637,       1.108294527,       0.660312561,       3.934387149,       2.027719982,       1.512944176
          0,           0,        2147,      -1.505874785,       1.108318649,      0.6617688716,       3.933459985,       2.027522978,       1.511203311
          0,           0,        2148,      -1.506002737,        1.10802293,      0.6598398717,       3.933754751,       2.027325905,       1.518144909
          0,           0,        2149,      -1.505888904,       1.108238751,      0.6627811326,       3.958173964,       2.027128887,       1.511854193
          0,           0,        2150,      -1.505933659,       1.108120079,      0.6628689917,       3.960891226,       2.026931892,       1.513506209
          0,           0,        2151,      -1.506068506,       1.107810545,      0.6612811604,       3.934464223,       2.026734728,        1.51985721
          0,           0,        2152,      -1.506077948,        1.10777058,       0.662081002,       3.933770481,       2.026537542,       1.508589935
          0,           0,        2153,      -1.505678581,       1.108608832,      0.6701749737,       3.933085968,       2.026340333,       1.504410861
          0,           0,        2154,      -1.505371472,        1.10920512,      0.6767672559,       3.934528503,       2.026143105,        1.51497482
          0,           0,        2155,      -1.505389792,       1.109091657,      0.6783385927,       3.952220279,       2.025945941,       1.516088194
          0,           0,        2156,      -1.506328601,       1.107174169,      0.6607157049,        3.93518819,        2.02574875,       1.521863084
          0,           0,        2157,      -1.506232141,        1.10736819,      0.6634384555,       3.933949005,       2.025551532,       1.528105462
          0,           0,        2158,       -1.50633472,       1.107131209,       0.662466096,       3.932792278,       2.025354323,       1.516331304
          0,           0,        2159,      -1.506457581,        1.10685058,       0.661176513,       3.932767825,       2.025157106,       1.511581611
          0,           0,        2160,      -1.506445385,       1.106865251,      0.6624791097,       3.951039109,       2.024959994,       1.516027906
          0,           0,        2161,       -1.50598087,       1.107855794,      0.6716898027,       3.961432093,       2.024762956,       1.513047831
          0,           0,        2162,      -1.505528563,       1.108759536,      0.6808471859,       3.935457918,        2.02456581,       1.503896708
          0,           0,        2163,      -1.505363115,       1.109024201,      0.6859307233,       3.935298557,       2.024368694,       1.497108126
          0,           0,        2164,      -1.506751994,       1.106174146,       0.660255296,       3.934152912,       2.024171639,       1.492466135
          0,           0,        2165,      -1.506663423,       1.106360181,      0.6628243408,       3.932947933,        2.02397461,       1.490300536
          0,           0,        2166,      -1.506690352,       1.106296878,      0.6632800823,       3.931334867,        2.02377762,       1.484238359
          0,           0,        2167,      -1.506860607,       1.105919216,      0.6611366349,        3.93216181,       2.023580679,       1.486125249
          0,           0,        2168,      -1.506881535,       1.105866674,      0.6618785011,        3.95700346,       2.023383882,       1.499275827
          0,           0,        2169,      -1.506059254,       1.107624026,      0.6776927442,       3.962214717,       2.023187217,       1.491512704
          0,           0,        2170,      -1.506000575,       1.107668747,      0.6796674757,       3.935568862,       2.022990481,       1.487207644
          0,           0,        2171,      -1.506894177,       1.105814866,      0.6650543813,       3.932770237,       2.022793829,       1.483001575
          0,           0,        2172,      -1.507143062,       1.105303728,      0.6607089265,       3.931579664,       2.022597263,       1.480179263
          0,           0,        2173,      -1.507070854,       1.105457687,      0.6630308707,       3.932016823,       2.022400777,        1.47752075
          0,           0,        2174,      -1.507201487,       1.105165621,      0.6616816077,       3.953417301,        2.02220447,       1.477796202
          0,           0,        2175,      -1.507296528,       1.104964396,      0.6609869975,        3.93348817,       2.022008262,        1.48238585
          0,           0,        2176,      -1.507258665,       1.105053626,      0.6628180489,       3.932402495,       2.021812115,       1.477299361
          0,           0,        2177,      -1.505084484,       1.109672596,      0.7011040764,       3.936004883,       2.021616088,       1.477658065
          0,           0,        2178,      -1.504092575,       1.111451767,      0.7184896245,         3.9382036,       2.021420168,       1.484296676
          0,           0,        2179,      -1.507571871,       1.104391417,      0.6598780433,       3.930774376,       2.021224381,       1.478476812
          0,           0,        2180,      -1.507556103,       1.104429907,      0.6614596492,       3.935260347,       2.021028767,        1.47873874
          0,           0,        2181,       -1.50769813,       1.104130738,      0.6594450318,       3.931310409,       2.020833284,         1.4924862
          0,           0,        2182,       -1.50758746,       1.104370589,      0.6624398273,       3.931729104,       2.020637907,       1.486387775
          0,           0,        2183,      -1.507654232,       1.104225551,       0.662312372,       3.932672541,       2.020442723,       1.485568465
          0,           0,        2184,      -1.507794929,       1.103924386,      0.6607967086,       3.930395377,       2.020247681,       1.479479654
          0,           0,        2185,      -1.507802939,       1.103915859,      0.6617794374,       3.929904252,       2.020052781,       1.478775844
          0,           0,        2186,      -1.507220148,       1.105177582,      0.6733293773,        3.95785659,       2.019858158,       1.485952506
          0,           0,        2187,      -1.507063413,       1.105470228,      0.6772170788,       3.961664061,       2.019663764,       1.479994983
          0,           0,        2188,      -1.507518228,       1.104504083,      0.6708727524,       3.931805657,       2.019469426,       1.479493473
          0,           0,        2189,      -1.508088805,       1.103338405,      0.6603289619,       3.931002098,       2.019275286,       1.487837692
          0,           0,        2190,      -1.508006111,       1.103526898,      0.6629003836,       3.930592406,       2.019081337,        1.48212019
          0,           0,        2191,      -1.508126252,       1.103271335,      0.6617579348,       3.932297593,       2.018887636,       1.481896508
          0,           0,        2192,       -1.50823976,        1.10303539,      0.6607497682,       3.930061029,        2.01869413,       1.480676969
          0,           0,        2193,       -1.50822167,        1.10309037,      0.6622149634,       3.930057316,       2.018500832,       1.489844443
          0,           0,        2194,      -1.507474973,       1.104711884,      0.6765714892,       3.957660042,       2.018307875,       1.487882273
          0,           0,        2195,      -1.507257335,       1.105114212,      0.6814989137,       3.961144127,       2.018115218,       1.486939493
          0,           0,        2196,      -1.507839699,       1.103895194,      0.6732713101,        3.93178433,       2.017922688,       1.481376482
          0,           0,        2197,       -1.50857127,       1.102388932,      0.6597154048,       3.930610102,       2.017730422,       1.481066772
          0,           0,        2198,      -1.508468991,       1.102623953,       0.662621264,       3.929420645,       2.017538421,       1.494939337
          0,           0,        2199,      -1.508534418,       1.102493893,      0.6624450209,       3.928661266,        2.01734671,       1.488118923
          0,           0,        2200,      -1.508690112,       1.102165927,      0.6606456373,       3.928564793,       2.017155279,       1.484171702
          0,           0,        2201,      -1.508689923,       1.102183751,      0.6618060433,       3.930395511,        2.01696417,       1.480088595
          0,           0,        2202,      -1.507423589,       1.104927903,      0.6852330589,       3.931410346,       2.016773349,       1.477147791
          0,           0,        2203,      -1.507316741,       1.105025721,      0.6882985567,       3.931304417,       2.016582838,       1.475247375
          0,           0,        2204,      -1.508926201,       1.101725467,      0.6607332845,       3.928738511,       2.016392641,       1.483169886
          0,           0,        2205,      -1.508996748,       1.101585809,      0.6600494083,       3.955238193,       2.016202864,       1.481506057
          0,           0,        2206,       -1.50894427,       1.101719664,      0.6620405636,       3.958784101,        2.01601349,       1.480617359
          0,           0,        2207,      -1.509024087,       1.101564089,      0.6615057995,       3.929545069,       2.015824331,       1.477215726
          0,           0,        2208,      -1.509149534,       1.101301059,      0.6602743201,       3.929392488,       2.015635534,         1.4788573
          0,           0,        2209,      -1.509161775,       1.101298098,      0.6611879825,       3.927951134,       2.015447105,       1.480028122
          0,           0,        2210,      -1.507898855,       1.104025926,      0.6847481527,        3.93034437,       2.015259058,       1.489577605
          0,           0,        2211,      -1.507494168,        1.10473765,       0.693584093,       3.931627164,       2.015071404,        1.49014765
          0,           0,        2212,      -1.509386838,       1.100866297,       0.659829383,       3.928537704,        2.01488413,       1.493347745
          0,           0,        2213,       -1.50928656,       1.101098239,      0.6627086662,       3.950578318,       2.014697348,       1.490814452
          0,           0,        2214,      -1.509415185,       1.100834274,      0.6613540257,       3.949688968,       2.014511034,       1.492295841
          0,           0,        2215,      -1.509514577,       1.100637875,      0.6605964658,       3.928349734,       2.014325032,       1.489990078
          0,           0,        2216,      -1.509411663,       1.100892476,      0.6634689518,       3.928105487,       2.014139467,       1.492480218
          0,           0,        2217,      -1.508933785,       1.101927477,      0.6735461961,       3.928063102,       2.013954349,       1.499861909
          0,           0,        2218,       -1.50849583,       1.102776908,      0.6831063896,       3.929423716,       2.013769692,       1.489313445
          0,           0,        2219,      -1.509708157,       1.100297514,      0.6607856037,       3.927307987,       2.013585504,       1.483082923
          0,           0,        2220,      -1.509659949,        1.10042109,      0.6626438892,        3.92693189,       2.013401789,       1.491309272
          0,           0,        2221,      -1.509805603,       1.100119016,      0.6609662551,       3.927349493,       2.013218582,       1.490043891
          0,           0,        2222,      -1.509880073,       1.099977525,      0.6606110231,       3.926886547,       2.013035859,       1.491822558
          0,           0,        2223,      -1.509836781,       1.100097451,      0.6624677642,       3.926785446,       2.012853654,       1.489644618
          0,           0,        2224,      -1.508332606,       1.103368625,      0.6894703263,       3.929846772,       2.012671961,        1.49018257
          0,           0,        2225,      -1.508049418,       1.103799337,      0.6955320425,       3.956981534,       2.012490887,       1.488737117
          0,           0,        2226,      -1.510052573,       1.099689119,      0.6616883326,       3.957381875,       2.012310423,       1.492126053
          0,           0,        2227,      -1.510157436,       1.099483328,      0.6600643025,       3.927462386,       2.012130387,       1.507243675
          0,           0,        2228,      -1.510092417,       1.099642812,      0.6621339304,       3.926812097,        2.01195092,       1.497582601
          0,           0,        2229,      -1.510168742,        1.09949175,      0.6616394221,       3.926653645,       2.011772022,       1.489776158
          0,           0,        2230,      -1.510305514,       1.099207242,      0.6601187906,       3.926157486,       2.011593726,       1.492057453
          0,           0,        2231,      -1.510324859,       1.099194744,      0.6607612432,       3.926031078,        2.01141602,       1.487248905
          0,           0,        2232,      -1.509279523,       1.101463959,      0.6806237746,       3.928576047,       2.011238938,       1.486073312
          0,           0,        2233,      -1.508762084,       1.102435936,      0.6915103353,       3.929908061,       2.011062461,        1.48736825
          0,           0,        2234,       -1.51044758,       1.098980259,      0.6609715535,       3.928897086,       2.010886644,        1.48537712
          0,           0,        2235,      -1.510420727,       1.099059359,      0.6623387577,       3.926090254,       2.010711461,       1.491285376
          0,           0,        2236,       -1.51058205,       1.098723512,      0.6602778861,       3.925281882,        2.01053691,       1.496903777
          0,           0,        2237,      -1.510611025,       1.098677183,      0.6607263258,       3.931143283,        2.01036308,       1.491598105
          0,           0,        2238,      -1.510081391,       1.099863185,      0.6711555036,        3.92794375,        2.01018993,        1.48750868
          0,           0,        2239,      -1.509928039,       1.100164342,      0.6749030789,       3.926961736,       2.010017428,       1.493859894
          0,           0,        2240,       -1.51024199,       1.099483429,      0.6709593757,       3.925653974,        2.00984565,       1.493041312
          0,           0,        2241,       -1.51083937,       1.098264127,      0.6596690828,       3.925329997,       2.009674573,       1.495636176
          0,           0,        2242,      -1.510757666,        1.09845552,      0.6620163247,       3.953320124,       2.009504319,       1.495335224
          0,           0,        2243,      -1.510874701,       1.098215549,      0.6606907839,       3.956800619,       2.009334871,       1.498717401
          0,           0,        2244,      -1.510962272,       1.098042914,      0.6599433005,       3.925873434,       2.009166055,       1.503863118
          0,           0,        2245,      -1.510923017,       1.098150044,      0.6615467248,       3.925792989,        2.00899801,       1.498140617
          0,           0,        2246,      -1.510120449,       1.099923412,      0.6765274134,       3.926174581,        2.00883074,       1.492784806
          0,           0,        2247,      -1.509889604,       1.100350007,      0.6815436519,       3.926257852,       2.008664274,       1.491913479
          0,           0,        2248,       -1.51046048,       1.099144305,      0.6734114133,        3.92457511,       2.008498611,       1.496940778
          0,           0,        2249,      -1.511238574,       1.097523895,      0.6586579474,       3.924167266,       2.008333778,       1.497821835
          0,           0,        2250,      -1.511124385,       1.097791311,      0.6614275895,       3.924516011,       2.008169765,       1.493863983
          0,           0,        2251,      -1.511159359,       1.097730835,      0.6615443437,       3.929836502,       2.008006641,       1.495361132
          0,           0,        2252,      -1.511311408,       1.097415994,      0.6595314744,       3.924148204,       2.007844367,       1.495766412
          0,           0,        2253,      -1.511307677,       1.097446876,      0.6604278976,       3.923854007,       2.007682934,       1.496020972
          0,           0,        2254,      -1.509871572,       1.100580341,      0.6865421675,       3.926131244,       2.007522387,       1.495654138
          0,           0,        2255,      -1.509660907,       1.100862663,      0.6914074496,       3.930161951,       2.007362765,       1.502765176
          0,           0,        2256,      -1.511571369,       1.096922693,      0.6577430021,       3.923971522,       2.007204042,       1.500305075
          0,           0,        2257,       -1.51151841,       1.097052074,      0.6591974741,       3.923165079,       2.007046207,       1.497921232
          0,           0,        2258,      -1.511452772,       1.097208831,      0.6610236615,       3.924904981,       2.006889331,       1.498689585
          0,           0,        2259,       -1.51156528,       1.096970734,      0.6596283794,       3.923322352,       2.006733386,       1.497997377
          0,           0,        2260,      -1.511628189,       1.096844003,      0.6592456258,       3.922870267,       2.006578392,       1.497216627
          0,           0,        2261,      -1.511509877,       1.097150757,      0.6620480949,       3.923754872,       2.006424125,       1.500837999
          0,           0,        2262,      -1.510884247,       1.098537071,      0.6743695259,        3.95324856,       2.006270543,       1.502669512
          0,           0,        2263,      -1.510284843,       1.099752078,      0.6863250212,       3.959693913,       2.006117736,       1.498648711
          0,           0,        2264,      -1.511749388,       1.096772134,      0.6590383315,       3.924972589,       2.005965556,       1.498935803
          0,           0,        2265,      -1.511654142,        1.09702837,      0.6612829718,       3.923828633,       2.005814161,       1.503968532
          0,           0,        2266,      -1.511767928,       1.096821653,      0.6597469921,       3.922457793,       2.005663575,       1.506499799
          0,           0,        2267,      -1.511846231,        1.09669233,      0.6589197886,       3.922366591,       2.005513837,       1.499778263
          0,           0,        2268,      -1.511785844,       1.096870349,      0.6606418153,       3.922284385,       2.005364961,       1.505585589
          0,           0,        2269,      -1.510017251,       1.100745166,      0.6917733694,       3.925705153,       2.005216974,       1.504903221
          0,           0,        2270,      -1.509610963,        1.10141833,      0.6996142529,       3.926813385,       2.005069886,       1.502030697
          0,           0,        2271,      -1.512022417,       1.096460789,      0.6580259922,       3.922892758,       2.004923732,       1.502909766
          0,           0,        2272,       -1.51201298,       1.096505799,      0.6582620502,       3.922568503,       2.004778486,       1.505110342
          0,           0,        2273,       -1.51191776,       1.096741744,      0.6604754685,       3.925952235,       2.004634157,       1.507592441
          0,           0,        2274,      -1.512005562,       1.096573073,       0.659338549,       3.922670287,       2.004490729,       1.502863719
          0,           0,        2275,      -1.512107499,       1.096373681,      0.6580623972,       3.922255862,       2.004348193,       1.505555876
          0,           0,        2276,      -1.512079084,       1.096470935,      0.6591782056,        3.92250447,       2.004206616,       1.517023452
          0,           0,        2277,      -1.511279644,       1.098216612,      0.6746335162,       3.923991949,       2.004065979,       1.509874241
          0,           0,        2278,      -1.510652919,       1.099437261,      0.6870514474,       3.929558465,       2.003926336,       1.509035078
          0,           0,        2279,      -1.512201594,        1.09625456,      0.6581689486,       3.923923358,       2.003787675,       1.506890855
          0,           0,        2280,      -1.512128978,       1.096429123,      0.6599935629,       3.922243337,       2.003649976,       1.515118758
          0,           0,        2281,      -1.512265196,       1.096140019,      0.6580225958,       3.922406515,       2.003513308,       1.515079594
          0,           0,        2282,      -1.512304032,       1.096072203,       0.657900611,       3.921549892,       2.003377649,       1.519192584
          0,           0,        2283,      -1.512250333,       1.096214247,      0.6593855103,       3.927946719,       2.003243063,       1.520575342
          0,           0,        2284,      -1.510689636,       1.099586685,      0.6878801473,       3.926782286,       2.003109533,       1.526264398
          0,           0,        2285,      -1.508922451,       1.103099656,      0.7178748298,       3.928876874,       2.002977018,       1.547169576
          0,           0,        2286,       -1.51234958,       1.096019055,       0.658906105,       3.921740785,       2.002845585,       1.532470528
          0,           0,        2287,      -1.512457741,        1.09579792,      0.6572961784,       3.920778019,       2.002715237,        1.52535671
          0,           0,        2288,       -1.51236902,       1.096007881,      0.6594032532,       3.920167334,       2.002585987,       1.520236838
          0,           0,        2289,      -1.512492095,        1.09574354,      0.6576459538,       3.920227739,       2.002457852,       1.515440128
          0,           0,        2290,      -1.512567811,       1.095585791,      0.6568449348,       3.920493745,       2.002330827,       1.516065203
          0,           0,        2291,      -1.512540648,       1.095661997,      0.6579017617,       3.943123404,       2.002205009,       1.513232401
          0,           0,        2292,      -1.511373011,       1.098190286,      0.6798807915,       3.956011008,       2.002080399,       1.513811046
          0,           0,        2293,      -1.510381938,       1.100124552,      0.6982973069,       3.926939469,       2.001956829,       1.514452881
          0,           0,        2294,      -1.512683689,       1.095364013,      0.6565349521,       3.921532917,       2.001834428,       1.521736997
          0,           0,        2295,      -1.512576457,       1.095608301,      0.6589934773,       3.921186919,        2.00171321,       1.534183027
          0,           0,        2296,       -1.51268241,       1.095380254,      0.6575654012,       3.920089301,       2.001593184,       1.524570081
          0,           0,        2297,      -1.512787352,        1.09515423,      0.6562164641,       3.919723974,       2.001474363,       1.518723177
          0,           0,        2298,      -1.512695893,       1.095371933,      0.6584557249,       3.919779247,       2.001356753,       1.517620541
          0,           0,        2299,      -1.512092194,       1.096671186,      0.6705029869,       3.921316349,        2.00124037,       1.518278779
          0,           0,        2300,      -1.511539638,        1.09773974,      0.6816372071,       3.923575548,       2.001125216,       1.521510356
          0,           0,        2301,      -1.512894493,        1.09493848,      0.6559522313,       3.920369464,       2.001011312,       1.514661689
          0,           0,        2302,      -1.512812042,       1.095122763,      0.6579498827,       3.920052066,       2.000898654,       1.516744983
          0,           0,        2303,      -1.512938549,       1.094843347,      0.6561188523,       3.920918643,       2.000787278,       1.524751192
          0,           0,        2304,      -1.512989392,       1.094735042,      0.6557405846,       3.919640395,       2.000677166,       1.518651438
          0,           0,        2305,      -1.512913053,       1.094911146,       0.657724824,       3.920486244,       2.000568341,       1.518099436
          0,           0,        2306,      -1.510253221,       1.100673695,      0.7032895546,       3.925164945,       2.000460801,       1.526957965
          0,           0,        2307,      -1.508837063,       1.103287427,      0.7263394423,       3.932099869,       2.000354584,       1.519684801
          0,           0,        2308,      -1.513107016,       1.094485856,      0.6553596681,       3.921620729,       2.000249676,       1.522019227
          0,           0,        2309,      -1.513006737,       1.094702246,      0.6573954068,       3.920033218,       2.000146064,       1.518368133
          0,           0,        2310,      -1.513027245,       1.094655366,      0.6574261753,       3.919597819,       2.000043786,       1.518418781
          0,           0,        2311,      -1.513112065,        1.09446208,      0.6562875452,       3.919553153,        1.99994284,       1.517371068
          0,           0,        2312,      -1.513221048,       1.094217344,      0.6548096499,       3.919991458,       1.999843245,       1.526554916
          0,           0,        2313,      -1.513189636,       1.094293396,       0.655923678,       3.919445431,        1.99974499,       1.524975554
          0,           0,        2314,      -1.511403774,       1.098169295,      0.6879744443,       3.932450523,       1.999648138,       1.519698714
          0,           0,        2315,      -1.510846449,       1.099112945,      0.6984803212,       3.928338133,       1.999552663,       1.525159711
          0,           0,        2316,      -1.513416683,       1.093786945,      0.6527230059,        3.91947911,       1.999458516,       1.524843999
          0,           0,        2317,      -1.513295259,       1.094053166,      0.6552671416,       3.918275134,       1.999365746,       1.521599598
          0,           0,        2318,      -1.513250023,       1.094152945,      0.6564876046,       3.918774626,       1.999274371,       1.520515581
          0,           0,        2319,      -1.513393808,       1.093828795,      0.6542500431,       3.918453832,       1.999184379,       1.526842977
          0,           0,        2320,      -1.513403456,       1.093802853,      0.6546281368,       3.922085873,       1.999095811,        1.52771815
          0,           0,        2321,      -1.512520823,       1.095738443,      0.6712423539,       3.920695387,       1.999008642,       1.520472784
          0,           0,        2322,      -1.512526313,       1.095628959,      0.6716508482,       3.920367938,       1.998922861,       1.528254503
          0,           0,        2323,      -1.513400195,       1.093778194,      0.6563493178,       3.917979674,       1.998838498,       1.526108886
          0,           0,        2324,      -1.513519615,       1.093535332,      0.6536866202,       3.919118647,       1.998755549,       1.524050373
          0,           0,        2325,      -1.513436638,        1.09370947,      0.6555705827,       3.919021102,       1.998674023,       1.522671599
          0,           0,        2326,      -1.513554044,       1.093438271,      0.6538278347,       3.918588807,       1.998593917,       1.527006368
          0,           0,        2327,       -1.51359141,       1.093348252,      0.6536335045,       3.918997309,       1.998515248,       1.528361248
          0,           0,        2328,      -1.513523988,       1.093498459,      0.6553024863,       3.918015533,       1.998437999,       1.521791317
          0,           0,        2329,      -1.510930629,       1.099110233,      0.7003177758,       3.927912909,       1.998362208,       1.529589362
          0,           0,        2330,       -1.50904441,       1.102708845,      0.7308001071,       3.928950018,       1.998287851,       1.526722641
          0,           0,        2331,      -1.513458981,       1.093598483,      0.6571326026,       3.919413715,       1.998214905,       1.524634099
          0,           0,        2332,       -1.51354299,       1.093408053,      0.6559978953,        3.91842414,       1.998143404,       1.524311536
          0,           0,        2333,      -1.513585019,       1.093311877,       0.655580046,       3.917639838,       1.998073337,       1.527691134
          0,           0,        2334,      -1.513742265,       1.092952245,      0.6530838403,        3.91829647,        1.99800472,       1.528849479
          0,           0,        2335,      -1.513739287,       1.092954153,      0.6536279696,       3.918094622,       1.997937532,        1.52298921
          0,           0,        2336,      -1.513285032,       1.093951992,      0.6623904399,        3.92235631,       1.997871807,       1.531093321
          0,           0,        2337,      -1.512943088,        1.09464244,      0.6692661883,       3.920923487,       1.997807519,       1.527781352
          0,           0,        2338,         -1.512891,       1.094681126,      0.6715700424,       3.919210047,       1.997744651,       1.525452329
          0,           0,        2339,      -1.513912176,         1.0925418,      0.6514898034,       3.918064184,       1.997683222,       1.526237876
          0,           0,        2340,      -1.513775984,       1.092838401,      0.6543765491,       3.917794493,       1.997623229,       1.528911994
          0,           0,        2341,      -1.513843931,        1.09268021,      0.6534728849,       3.917092152,       1.997564669,       1.525594496
          0,           0,        2342,      -1.513949126,       1.092440108,      0.6519570004,       3.917307468,       1.997507541,       1.525644837
          0,           0,        2343,      -1.513900002,       1.092551712,      0.6533793073,       3.917201349,       1.997451838,       1.527368978
          0,           0,        2344,      -1.513102942,       1.094305784,      0.6682696367,       3.919057549,       1.997397557,       1.527104346
          0,           0,        2345,      -1.512865266,       1.094731209,      0.6730254089,       3.919509038,        1.99734469,       1.525146109
          0,           0,        2346,       -1.51336721,       1.093642587,      0.6654337874,       3.918349329,       1.997293238,       1.532407808
          0,           0,        2347,      -1.514120581,       1.092062815,      0.6503631481,       3.917245034,       1.997243189,       1.529580545
          0,           0,        2348,      -1.513976996,       1.092382169,      0.6534017702,       3.918457646,       1.997194555,       1.526907384
          0,           0,        2349,      -1.514010578,       1.092308392,       0.653139092,       3.917328264,       1.997147312,       1.535889385
          0,           0,        2350,      -1.514138389,       1.092017838,      0.6512109568,         3.9183652,       1.997101474,       1.532732538
          0,           0,        2351,      -1.514094536,        1.09211877,      0.6525605701,       3.917213869,       1.997057018,       1.530368214
          0,           0,        2352,      -1.512379356,       1.095863857,      0.6835788799,       3.920494924,       1.997013946,       1.528692305
          0,           0,        2353,       -1.51201729,       1.096416794,      0.6905219849,       3.922691438,       1.996972243,        1.53149377
          0,           0,        2354,      -1.514312718,       1.091605903,      0.6495350929,       3.920200057,       1.996931931,       1.532190343
          0,           0,        2355,      -1.514257806,       1.091710381,      0.6505895706,       3.917848005,       1.996892979,       1.527098892
          0,           0,        2356,      -1.514138732,       1.091952542,       0.653135528,       3.916619168,       1.996855374,       1.535792934
          0,           0,        2357,      -1.514245353,       1.091688646,      0.6514959697,       3.917478354,       1.996819118,       1.532453268
          0,           0,        2358,       -1.51431245,       1.091520397,      0.6507023368,        3.91772705,        1.99678421,       1.528969821
          0,           0,        2359,      -1.514240313,       1.091682542,      0.6524267202,       3.917180104,       1.996750627,       1.538748816
          0,           0,        2360,      -1.513236661,       1.093854683,      0.6716162577,       3.919952257,        1.99671838,        1.53500948
          0,           0,        2361,      -1.512245696,       1.095822699,      0.6900293104,       3.922105181,       1.996687441,       1.533081615
          0,           0,        2362,      -1.514384567,       1.091363481,      0.6501054473,       3.918667793,       1.996657818,       1.531177543
          0,           0,        2363,      -1.514248254,       1.091689459,      0.6529285357,       3.917236412,       1.996629486,       1.535078459
          0,           0,        2364,      -1.514336322,       1.091514278,         0.6516135,       3.917168466,       1.996602451,       1.535976477
          0,           0,        2365,      -1.514441792,       1.091292152,      0.6500321146,       3.916322783,       1.996576688,       1.529050084
          0,           0,        2366,       -1.51440866,       1.091372949,       0.651019232,       3.918136444,       1.996552207,       1.536413001
          0,           0,        2367,      -1.513249601,        1.09388445,      0.6730024228,        3.91855927,       1.996528982,       1.533175709
          0,           0,        2368,       -1.51230209,       1.095723673,      0.6907091436,       3.921628205,        1.99650701,       1.530446187
          0,           0,        2369,      -1.514508987,       1.091100616,      0.6496459662,       3.917095938,       1.996486273,       1.533058309
          0,           0,        2370,      -1.514382316,        1.09136487,      0.6523553861,       3.918241383,        1.99646678,       1.534162491
          0,           0,        2371,      -1.514494165,       1.091095956,      0.6505990992,       3.916210657,       1.996448501,       1.529594228
          0,           0,        2372,       -1.51457458,       1.090892998,      0.6495188435,       3.916050529,       1.996431433,       1.538004317
          0,           0,        2373,      -1.514393874,        1.09128236,      0.6533193925,       3.918091448,       1.996415558,       1.533854589
          0,           0,        2374,      -1.513885424,       1.092346001,      0.6635110453,       3.919016894,       1.996400891,       1.528734475
          0,           0,        2375,       -1.51341804,       1.093230569,      0.6731240458,       3.919523771,       1.996387405,       1.537203756
          0,           0,        2376,      -1.514656853,       1.090621385,      0.6489711254,       3.918072326,       1.996375103,       1.533094648
          0,           0,        2377,      -1.514554512,       1.090828509,      0.6512747392,       3.917137571,        1.99636396,       1.530350328
          0,           0,        2378,      -1.514667816,        1.09055025,      0.6495522886,       3.916671447,       1.996353982,       1.530360366
          0,           0,        2379,      -1.514727912,       1.090395199,      0.6489059673,       3.915568848,        1.99634514,       1.534560218
          0,           0,        2380,      -1.514653667,       1.090544862,      0.6508243011,       3.916252834,       1.996337433,       1.534784057
          0,           0,        2381,      -1.512966036,       1.094232649,      0.6813171219,       3.920404426,       1.996330838,       1.526978206
          0,           0,        2382,      -1.512548993,       1.094900282,      0.6891049892,       3.922177936,       1.996325359,       1.533471025
          0,           0,        2383,       -1.51483901,       1.090069443,      0.6486258924,       3.915963428,       1.996320968,       1.529841752
          0,           0,        2384,      -1.514899854,       1.089919077,      0.6474102869,       3.916349677,       1.996317667,       1.526637285
          0,           0,        2385,      -1.514758754,       1.090218127,      0.6504795617,       3.916203623,       1.996315429,       1.529704712
          0,           0,        2386,      -1.514830733,       1.090036299,      0.6496056393,       3.917258604,       1.996314257,       1.532018831
          0,           0,        2387,      -1.514945185,       1.089768986,      0.6480433842,       3.916622439,       1.996314123,       1.526943018
          0,           0,        2388,      -1.514933547,       1.089800052,      0.6488144906,       3.916360742,       1.996315004,       1.534816041
          0,           0,        2389,       -1.51367975,       1.092551009,      0.6726675943,       3.918246187,       1.996316884,       1.530445531
          0,           0,        2390,      -1.512828301,        1.09422493,      0.6889336295,       3.921590943,       1.996319766,       1.525048981
          0,           0,        2391,      -1.515008552,       1.089710907,      0.6483714744,       3.916644543,       1.996323623,       1.533399034
          0,           0,        2392,      -1.514927181,       1.089996137,      0.6504486912,       3.916352731,       1.996328456,       1.529187392
          0,           0,        2393,        -1.5150661,       1.089858095,      0.6483300567,       3.915565585,       1.996334238,       1.526300114
          0,           0,        2394,       -1.51512778,       1.090008264,      0.6477547729,        3.91564386,       1.996340969,       1.528707058
          0,           0,        2395,      -1.514757849,       1.091289047,      0.6551961915,       3.916372857,       1.996348624,       1.532797121
          0,           0,        2396,       -1.51448891,       1.092480757,      0.6607558378,       3.917200795,       1.996357202,       1.532959249
          0,           0,        2397,      -1.514466131,       1.093119538,      0.6624318662,       3.916960273,       1.996366678,       1.525272992
          0,           0,        2398,      -1.515255173,       1.091659215,      0.6470526413,        3.91653932,        1.99637705,       1.531714432
          0,           0,        2399,      -1.515195111,       1.091339188,      0.6491913928,        3.91552066,       1.996387692,       1.527940468
          0,           0,        2400,      -1.515338185,       1.090496922,      0.6474244939,        3.91601567,       1.996398609,        1.52438596
          0,           0,        2401,      -1.515413136,       1.090067987,      0.6468396364,       3.914879585,       1.996409782,       1.529956093
          0,           0,        2402,      -1.515359778,       1.090137056,      0.6486656185,       3.914517181,       1.996421213,       1.528941495
          0,           0,        2403,      -1.514329242,       1.092463937,      0.6680659057,       3.916942464,       1.996432883,       1.524007271
          0,           0,        2404,      -1.514077606,       1.093000746,      0.6732187629,       3.917987424,       1.996444797,       1.532650764
          0,           0,        2405,       -1.51504329,       1.091088618,      0.6575368121,         3.9157845,        1.99645693,       1.527984097
          0,           0,        2406,      -1.515694253,        1.08983596,      0.6447630976,       3.914582793,       1.996469279,       1.523655983
          0,           0,        2407,      -1.515604551,       1.090106949,       0.647177715,       3.914278147,       1.996481826,        1.52990902
          0,           0,        2408,      -1.515603706,       1.090070907,      0.6478730594,       3.914522084,       1.996494575,       1.528208312
          0,           0,        2409,      -1.515752039,       1.089612041,      0.6456612562,       3.913889877,       1.996507507,       1.523632452
          0,           0,        2410,      -1.515727444,       1.089717834,      0.6464836637,        3.91425654,       1.996520625,       1.528546169
          0,           0,        2411,      -1.514463931,       1.093103242,      0.6694326911,       3.916110295,       1.996533912,       1.529860704
          0,           0,        2412,      -1.514330694,       1.094250491,      0.6714922038,       3.916987938,       1.996547367,       1.523953253
          0,           0,        2413,       -1.51577584,       1.091896384,      0.6450183217,       3.913763949,       1.996560977,       1.531652444
          0,           0,        2414,      -1.515819179,        1.09189812,      0.6446021163,       3.913873824,       1.996574738,       1.527448518
          0,           0,        2415,      -1.515764383,       1.091732919,      0.6468646444,       3.913506177,       1.996588636,       1.522556062
          0,           0,        2416,      -1.515935885,       1.090919237,       0.644946307,       3.913589248,       1.996602669,       1.531147586
          0,           0,        2417,       -1.51604113,        1.09024524,      0.6443854129,       3.913353329,       1.996616822,       1.526556129
          0,           0,        2418,      -1.516043322,       1.089852698,      0.6455880165,       3.913554914,       1.996631092,       1.522893334
          0,           0,        2419,      -1.514649289,       1.092550023,      0.6728229449,       3.915565764,       1.996645466,       1.528210718
          0,           0,        2420,      -1.513179164,       1.095221183,      0.6996925192,       3.920413684,       1.996659929,       1.532242533
          0,           0,        2421,      -1.516164562,       1.088782856,      0.6462768837,       3.913449483,       1.996674458,        1.53273917
          0,           0,        2422,      -1.516237063,       1.088472636,      0.6460370865,       3.913064231,       1.996689048,       1.524736237
          0,           0,        2423,      -1.516342341,       1.088135806,      0.6451803638,       3.912077185,       1.996703688,       1.530294441
          0,           0,        2424,      -1.516519642,       1.087664959,      0.6429867511,       3.912433751,       1.996718372,       1.526659589
          0,           0,        2425,      -1.516526918,       1.087610533,      0.6441425415,       3.912207292,       1.996733091,       1.522648827
          0,           0,        2426,      -1.514860675,       1.091267116,      0.6756971546,       3.915879457,       1.996747839,       1.528415313
          0,           0,        2427,      -1.514532736,       1.091761006,      0.6828315207,       3.917006757,       1.996762601,        1.52846242
          0,           0,        2428,      -1.516892936,       1.086783695,      0.6405799589,       3.912370597,       1.996777369,        1.52334926
          0,           0,        2429,      -1.516878609,       1.086833184,      0.6419517533,        3.91189562,       1.996792141,       1.531333663
          0,           0,        2430,      -1.516818584,       1.086994843,      0.6444783568,       3.911664618,       1.996806912,       1.526678567
          0,           0,        2431,      -1.516994476,       1.086622174,      0.6425520476,       3.911124917,       1.996821672,       1.522212618
          0,           0,        2432,       -1.51712281,       1.086362615,      0.6416955463,       3.911960124,       1.996836416,        1.52887693
          0,           0,        2433,      -1.517017588,       1.086637647,      0.6452452834,       3.911284045,       1.996851134,       1.527237237
          0,           0,        2434,      -1.516567696,       1.087645391,      0.6556782041,       3.912024969,        1.99686582,       1.522812627
          0,           0,        2435,      -1.516154567,       1.088477159,       0.665708637,       3.913601263,       1.996880467,       1.528004117
          0,           0,        2436,      -1.517473201,       1.085726242,      0.6409677447,       3.911088896,       1.996895067,       1.534122311
          0,           0,        2437,      -1.517452228,       1.085815511,      0.6431550506,       3.910136561,       1.996909614,       1.528548085
          0,           0,        2438,      -1.517643477,       1.085422085,      0.6412572387,       3.909895886,       1.996924102,       1.533547326
          0,           0,        2439,      -1.517782567,       1.085147485,      0.6404798118,       3.910220108,       1.996938525,        1.53249705
          0,           0,        2440,      -1.517788537,       1.085181313,      0.6423472175,       3.910238795,       1.996952875,       1.525670775
          0,           0,        2441,      -1.516455225,        1.08818643,      0.6685096606,       3.913011913,       1.996967148,       1.531319684
          0,           0,        2442,      -1.516259267,       1.088486783,      0.6738223075,       3.913726805,       1.996981338,       1.526258721
          0,           0,        2443,      -1.518090673,       1.084622774,      0.6424969441,       3.909450927,        1.99699544,        1.52233409
          0,           0,        2444,      -1.518372284,       1.084056965,      0.6383560213,       3.909821214,       1.997009447,       1.527078245
          0,           0,        2445,      -1.518329063,       1.084209074,       0.641228351,       3.909744269,       1.997023356,       1.531925289
          0,           0,        2446,      -1.518457324,       1.083974333,       0.640833945,       3.909546184,       1.997037162,       1.526705504
          0,           0,        2447,       -1.51867509,       1.083537555,      0.6388266421,       3.909639785,        1.99705086,        1.53063905
          0,           0,        2448,      -1.518761314,        1.08341356,      0.6394356465,       3.909195815,       1.997064445,       1.529911976
          0,           0,        2449,      -1.517565392,       1.086131759,      0.6640986218,       3.911680719,       1.997077913,       1.523055438
          0,           0,        2450,      -1.517059958,       1.087137906,      0.6762707314,       3.912840862,       1.997091262,       1.528600197
          0,           0,        2451,      -1.519098794,       1.082900036,      0.6391281974,       3.909290171,       1.997104487,       1.522939598
          0,           0,        2452,      -1.519127996,       1.082952717,      0.6408675294,       3.908498111,       1.997117576,       1.518749829
          0,           0,        2453,       -1.51937941,       1.082531479,      0.6382771589,       3.907923583,       1.997130522,       1.524493272
          0,           0,        2454,      -1.519489742,       1.082501158,      0.6384843243,       3.907613574,       1.997143321,       1.522646197
          0,           0,        2455,      -1.518535924,       1.084985395,       0.658655155,       3.910004336,        1.99715597,       1.517807673
          0,           0,        2456,      -1.518606511,       1.085336689,      0.6591882279,       3.911114933,       1.997168464,       1.525236813
          0,           0,        2457,      -1.519819016,       1.083917762,      0.6382195168,       3.907244438,         1.9971808,       1.520827513
          0,           0,        2458,      -1.519937686,       1.085474576,      0.6369724038,       3.907679961,       1.997192977,       1.515820409
          0,           0,        2459,      -1.519969256,       1.085853145,      0.6391170841,       3.907543048,       1.997204992,       1.521968221
          0,           0,        2460,      -1.520295158,       1.083122792,      0.6370808004,       3.907152759,       1.997216842,       1.520169441
          0,           0,        2461,      -1.520503775,       1.081521221,      0.6366430112,       3.907277373,       1.997228528,       1.515340066
          0,           0,        2462,      -1.520586609,       1.081076668,      0.6380093325,       3.906581278,       1.997240052,       1.520881957
          0,           0,        2463,      -1.519050802,       1.084476561,      0.6693864061,       3.909888541,       1.997251411,       1.534258185
          0,           0,        2464,      -1.517363826,       1.087982257,      0.7010779538,       3.914034672,       1.997262605,       1.528536886
          0,           0,        2465,      -1.521039905,       1.080253641,      0.6375521839,       3.907106083,        1.99727363,       1.533939246
          0,           0,        2466,      -1.521286543,       1.079827763,      0.6354888489,       3.905445991,       1.997284487,       1.527124286
          0,           0,        2467,      -1.521305475,        1.07992778,       0.638059474,       3.905356916,       1.997295174,       1.518512881
          0,           0,        2468,      -1.521551345,       1.079511577,      0.6362657212,       3.905183709,        1.99730569,       1.513787026
          0,           0,        2469,      -1.521771082,       1.079169566,      0.6350904366,       3.904790987,       1.997316034,       1.518540443
          0,           0,        2470,      -1.521888687,       1.079084981,      0.6358604417,        3.90386658,       1.997326209,       1.513594424
          0,           0,        2471,      -1.520603771,       1.082130483,      0.6631011203,       3.906856907,       1.997336219,        1.51081539
          0,           0,        2472,      -1.519713129,       1.084065379,      0.6826371593,       3.910659253,       1.997346064,       1.512006384
          0,           0,        2473,      -1.522354207,       1.078630622,      0.6357320274,       3.905388742,       1.997355742,       1.519405017
          0,           0,        2474,      -1.522448594,       1.078654142,      0.6370737808,       3.904287309,       1.997365255,       1.535666082
          0,           0,        2475,      -1.522695363,       1.078345547,      0.6354843985,       3.903666762,       1.997374603,       1.526807122
          0,           0,        2476,      -1.522940626,         1.0780609,       0.634005013,       3.903873383,       1.997383786,        1.51179256
          0,           0,        2477,      -1.523059484,       1.078099444,       0.634913259,        3.90370997,       1.997392804,       1.515627413
          0,           0,        2478,      -1.522155015,       1.080428575,      0.6556068078,       3.905558414,       1.997401658,        1.51114553
          0,           0,        2479,      -1.521424699,        1.08219771,      0.6727946336,       3.907982696,       1.997410349,       1.506897174
          0,           0,        2480,      -1.523618659,        1.07786216,      0.6336205301,         3.9041034,       1.997418879,       1.510032009
          0,           0,        2481,      -1.523658869,       1.078136368,      0.6362229977,       3.903238992,       1.997427248,       1.511428616
          0,           0,        2482,      -1.523937087,       1.077838217,      0.6341986629,       3.901514091,       1.997435459,       1.505385063
          0,           0,        2483,      -1.524163217,       1.077587357,      0.6332492172,       3.901562201,       1.997443508,       1.509902156
          0,           0,        2484,      -1.524243843,       1.077562289,       0.634904776,        3.90196184,       1.997451396,       1.511546602
          0,           0,        2485,      -1.523347082,       1.079619249,      0.6552624232,        3.90391197,       1.997459131,       1.504151491
          0,           0,        2486,      -1.522393749,        1.08184196,      0.6756503706,       3.907296584,       1.997466719,       1.511002301
          0,           0,        2487,      -1.524757612,       1.077761117,      0.6324322909,       3.902062307,        1.99747416,       1.507190819
          0,           0,        2488,      -1.524720868,       1.079156968,      0.6353595173,       3.901723844,        1.99748145,       1.501548899
          0,           0,        2489,      -1.524944203,       1.079521471,      0.6339643156,        3.90085839,       1.997488579,        1.50774716
          0,           0,        2490,      -1.525232081,       1.079117107,      0.6320550346,       3.901121989,        1.99749555,       1.506226283
          0,           0,        2491,      -1.525407292,       1.078603998,      0.6326316729,       3.901014553,       1.997502381,       1.500933801
          0,           0,        2492,      -1.524265871,       1.080850219,      0.6582294009,       3.903728781,        1.99750908,       1.507509585
          0,           0,        2493,      -1.523603946,       1.081822388,      0.6748191683,       3.906299405,       1.997515653,       1.525874748
          0,           0,        2494,       -1.52606544,       1.076370258,      0.6317019695,       3.901633647,       1.997522104,       1.509097313
          0,           0,        2495,      -1.526165095,       1.076005245,      0.6338244022,       3.900777898,       1.997528421,       1.509779193
          0,           0,        2496,      -1.526467698,       1.075247721,      0.6318777201,       3.899856625,       1.997534601,       1.504025403
          0,           0,        2497,      -1.526725795,       1.074652866,      0.6308922962,       3.899926977,       1.997540661,       1.500827966
          0,           0,        2498,      -1.526729868,       1.074700414,      0.6347018566,       3.899610181,       1.997546612,       1.503216271
          0,           0,        2499,      -1.526416826,       1.075471367,      0.6449022888,        3.90099542,       1.997552458,       1.511583429
          0,           0,        2500,      -1.526161764,       1.076055958,      0.6543245686,       3.902397974,       1.997558198,       1.505837245
          0,           0,        2501,      -1.527531894,       1.073269215,      0.6307239811,       3.899726702,        1.99756383,       1.509825969
          0,           0,        2502,      -1.527630929,       1.073228431,      0.6328522437,       3.899207828,       1.997569367,       1.505965782
          0,           0,        2503,      -1.527945326,       1.072711079,      0.6308456173,       3.898134537,       1.997574813,       1.508177943
          0,           0,        2504,      -1.528188614,       1.072372092,      0.6303262509,       3.898434804,        1.99758017,       1.506767228
          0,           0,        2505,      -1.528308051,       1.072329759,      0.6322483835,       3.898108973,       1.997585442,       1.508980428
          0,           0,        2506,      -1.527119807,       1.075231659,      0.6579001178,       3.900459893,       1.997590636,       1.502925643
          0,           0,        2507,      -1.527070238,       1.075397358,      0.6628015313,       3.901166084,       1.997595757,       1.501132425
          0,           0,        2508,      -1.528889702,       1.071688878,      0.6341802118,       3.897405058,        1.99760081,       1.500801948
          0,           0,        2509,      -1.529369344,       1.070858674,      0.6283771337,       3.897392945,         1.9976058,        1.49661225
          0,           0,        2510,      -1.529506369,        1.07079678,      0.6302560258,       3.896137179,        1.99761073,       1.493719978
          0,           0,        2511,      -1.529695112,       1.070620111,      0.6309637773,        3.89683736,       1.997615604,       1.495088509
          0,           0,        2512,       -1.53001893,       1.070121277,      0.6292997058,        3.89673691,       1.997620426,       1.499394694
          0,           0,        2513,      -1.530253648,       1.069835474,      0.6295333534,       3.896367365,       1.997625202,       1.517757194
          0,           0,        2514,      -1.530308155,       1.069970018,      0.6329753281,       3.896126066,       1.997629935,        1.50049944
          0,           0,        2515,      -1.529724441,       1.071501165,       0.648869679,       3.897697909,       1.997634628,       1.500933363
          0,           0,        2516,      -1.529080621,       1.073012195,      0.6657704679,       3.900686608,       1.997639286,       1.493975402
          0,           0,        2517,      -1.531245816,       1.068579751,      0.6287121938,       3.896168973,       1.997643914,       1.493723911
          0,           0,        2518,      -1.531331391,       1.068643156,      0.6317881889,       3.895812482,       1.997648517,       1.495508561
          0,           0,        2519,      -1.531639715,       1.068195676,      0.6306294257,        3.89475736,       1.997653099,       1.491781361
          0,           0,        2520,      -1.531983331,       1.067666973,      0.6288727144,       3.894487517,       1.997657664,        1.49705551
          0,           0,        2521,      -1.532158618,       1.067533029,      0.6304118993,       3.894493293,       1.997662222,        1.50454918
          0,           0,        2522,      -1.530919802,       1.070594056,      0.6574873791,       3.897137514,       1.997666779,       1.497097845
          0,           0,        2523,      -1.530964017,        1.07057422,       0.661367361,       3.897789837,       1.997671337,       1.490840121
          0,           0,        2524,      -1.532982269,       1.066467281,      0.6293877727,       3.893693897,       1.997675901,       1.498881538
          0,           0,        2525,      -1.533288407,       1.066068009,      0.6278040801,       3.893358871,       1.997680475,       1.497425485
          0,           0,        2526,      -1.533405687,       1.066113139,      0.6304349717,       3.893212506,       1.997685063,       1.503469893
          0,           0,        2527,      -1.533702828,       1.065772095,      0.6295757329,       3.892487553,        1.99768967,        1.49502299
          0,           0,        2528,      -1.534040309,       1.065396104,      0.6280533231,       3.892972495,       1.997694299,       1.500285688
          0,           0,        2529,      -1.534251139,       1.065444709,      0.6289006528,       3.892405969,       1.997698954,       1.497079758
          0,           0,        2530,      -1.533174775,         1.0686214,      0.6533190242,       3.894838208,       1.997703637,       1.490153072
          0,           0,        2531,      -1.532704302,       1.070755245,      0.6666967024,       3.896672981,       1.997708351,       1.497194921
          0,           0,        2532,      -1.534907878,       1.068163356,      0.6289115507,       3.892170289,       1.997713103,       1.492316931
          0,           0,        2533,      -1.535058535,       1.069186716,      0.6308157762,       3.891683252,       1.997717897,       1.488038517
          0,           0,        2534,       -1.53555322,       1.066133399,      0.6283309522,       3.890805721,       1.997722735,        1.49851888
          0,           0,        2535,      -1.535879626,       1.063969334,      0.6285474961,       3.890443228,        1.99772762,       1.498956611
          0,           0,        2536,      -1.535481966,        1.06465187,      0.6413322123,       3.891884964,       1.997732555,       1.503902403
          0,           0,        2537,      -1.535600144,       1.064468565,      0.6443289102,       3.892676338,       1.997737542,       1.496078435
          0,           0,        2538,      -1.536307346,       1.063125153,      0.6371925197,       3.890904517,       1.997742585,       1.500797715
          0,           0,        2539,      -1.537024793,       1.061849602,      0.6277578487,       3.890573113,       1.997747686,       1.496001524
          0,           0,        2540,      -1.537174625,       1.061816341,      0.6301518339,       3.890010645,       1.997752847,       1.489807263
          0,           0,        2541,      -1.537546971,       1.061274044,       0.628392979,       3.888731327,        1.99775807,       1.495544659
          0,           0,        2542,      -1.537857694,       1.060882584,      0.6278640083,       3.888756631,       1.997763359,       1.494801648
          0,           0,        2543,      -1.538036388,       1.060809858,       0.629825054,       3.888888328,       1.997768716,       1.489501429
          0,           0,        2544,      -1.537110889,       1.063248104,      0.6512578903,       3.890678764,       1.997774141,       1.499882492
          0,           0,        2545,      -1.537136309,       1.063385612,      0.6557681825,       3.891101754,       1.997779637,       1.498532015
          0,           0,        2546,      -1.538511778,       1.060700527,      0.6373882674,       3.887633763,       1.997785204,       1.500980275
          0,           0,        2547,      -1.539323196,       1.059254747,      0.6262724881,       3.887363687,       1.997790846,       1.492887887
          0,           0,        2548,      -1.539472234,        1.05928562,      0.6286806061,       3.887610166,       1.997796563,       1.497725389
          0,           0,        2549,      -1.539706469,       1.059130879,      0.6294225761,       3.887748208,       1.997802356,       1.492093021
          0,           0,        2550,       -1.54009604,       1.058621755,      0.6274422833,       3.887928601,       1.997808227,       1.486778208
          0,           0,        2551,      -1.540348749,       1.058450054,      0.6281215122,       3.886858258,       1.997814176,       1.501522207
          0,           0,        2552,      -1.540001059,       1.059667413,      0.6395475631,       3.887315189,       1.997820205,       1.498921881
          0,           0,        2553,      -1.540039481,       1.059953536,      0.6440427186,        3.88780061,       1.997826313,        1.50334983
          0,           0,        2554,      -1.540591294,       1.059128526,      0.6400426137,       3.887198317,       1.997832503,       1.496102918
          0,           0,        2555,      -1.541493098,       1.057632575,      0.6273203381,       3.886186957,       1.997838772,       1.500177858
          0,           0,        2556,      -1.541633297,       1.057814344,      0.6298915902,       3.885567578,       1.997845121,       1.493876278
          0,           0,        2557,      -1.542000932,       1.057491819,      0.6282899108,       3.884743282,       1.997851549,       1.487123168
          0,           0,        2558,       -1.54232253,       1.057297016,       0.627620059,       3.884454107,       1.997858057,       1.493222519
          0,           0,        2559,      -1.542502692,       1.057441827,      0.6295501751,       3.884272936,       1.997864643,       1.486516121
          0,           0,        2560,      -1.541794534,       1.059576567,      0.6468866514,       3.885953986,       1.997871307,        1.48227099
          0,           0,        2561,      -1.541712483,       1.060117855,       0.653219822,       3.886704016,       1.997878047,       1.492077902
          0,           0,        2562,      -1.542557267,       1.058594287,      0.6447059774,       3.884517549,       1.997884862,        1.49237254
          0,           0,        2563,      -1.543750988,       1.056222076,      0.6263739438,       3.883846668,       1.997891748,       1.496002448
          0,           0,        2564,      -1.543817314,       1.056367711,      0.6295589864,       3.883036111,       1.997898705,       1.489123496
          0,           0,        2565,      -1.544001189,       1.056761829,      0.6300699792,       3.882902541,       1.997905731,       1.494461056
          0,           0,        2566,      -1.544332751,       1.057504493,      0.6276248885,       3.883585242,       1.997912824,       1.488488428
          0,           0,        2567,      -1.544528442,       1.058509443,      0.6281414779,       3.882516767,       1.997919983,       1.481816672
          0,           0,        2568,       -1.54339621,       1.061771746,        0.65280617,       3.884289185,       1.997927206,        1.48730214
          0,           0,        2569,      -1.543435173,       1.061684382,      0.6577016717,       3.887132807,       1.997934491,       1.485929231
          0,           0,        2570,      -1.545489264,       1.057214116,      0.6258122345,       3.882586225,       1.997941837,        1.48129137
          0,           0,        2571,      -1.545590934,       1.056822642,      0.6292704609,       3.882227894,       1.997949241,       1.487893367
          0,           0,        2572,      -1.545944454,       1.055882265,      0.6281860935,       3.881271579,       1.997956701,       1.492001471
          0,           0,        2573,      -1.546301122,       1.055002192,      0.6270627725,       3.881807529,       1.997964215,       1.492733333
          0,           0,        2574,      -1.546524096,       1.054516032,      0.6282710229,         3.8810464,       1.997971795,       1.483620226
          0,           0,        2575,      -1.544915491,       1.058186865,      0.6609632103,       3.884100133,       1.997979435,       1.488352118
          0,           0,        2576,      -1.544150138,       1.059737955,      0.6790522341,        3.88668427,       1.997987122,        1.48194852
          0,           0,        2577,      -1.547392098,       1.052987794,      0.6277790587,       3.880614364,       1.997994855,        1.47829105
          0,           0,        2578,      -1.547713231,       1.052505536,      0.6266771104,       3.879079509,       1.998002631,       1.486644127
          0,           0,        2579,      -1.547848116,       1.052474229,       0.629156029,       3.879162738,       1.998010448,       1.487233065
          0,           0,        2580,      -1.548225823,       1.051906405,      0.6273454903,       3.878544491,       1.998018303,        1.49011338
          0,           0,        2581,      -1.548524218,       1.051547512,      0.6270789135,       3.878687422,       1.998026193,       1.484614413
          0,           0,        2582,      -1.548727333,        1.05142949,      0.6284113562,       3.878668529,       1.998034116,       1.490774574
          0,           0,        2583,      -1.546862284,       1.055928567,      0.6647450605,        3.88191732,       1.998042068,        1.50539298
          0,           0,        2584,      -1.545457999,       1.059028207,       0.691766613,       3.886836107,       1.998050047,       1.500605888
          0,           0,        2585,      -1.549574875,       1.050529965,      0.6282824644,       3.879173611,       1.998058048,       1.505744615
          0,           0,        2586,      -1.550027724,        1.04985318,      0.6246833147,       3.877712937,       1.998066068,       1.500307801
          0,           0,        2587,      -1.550134633,       1.049953474,      0.6274589959,       3.877230397,       1.998074105,        1.49047099
          0,           0,        2588,      -1.550292929,       1.049934861,      0.6294901884,       3.877033481,       1.998082153,       1.495065996
          0,           0,        2589,      -1.550698655,       1.049345067,      0.6272188028,       3.876800979,        1.99809021,       1.505413157
          0,           0,        2590,      -1.550992388,       1.049016657,      0.6270374228,       3.876436684,       1.998098271,        1.49889255
          0,           0,        2591,      -1.550759671,       1.049889343,      0.6360523588,       3.877466346,       1.998106332,       1.489552618
          0,           0,        2592,      -1.550803098,       1.050077441,      0.6402518821,        3.87771737,       1.998114388,       1.493628486
          0,           0,        2593,      -1.551211639,       1.049442236,      0.6386601191,       3.876993836,       1.998122436,       1.487465472
          0,           0,        2594,      -1.552080593,       1.047885106,      0.6268505776,       3.875651631,       1.998130471,       1.479587991
          0,           0,        2595,      -1.552247085,       1.047832603,      0.6287113759,       3.875469256,       1.998138488,       1.484982638
          0,           0,        2596,      -1.552628374,       1.047285991,      0.6268041099,       3.874229636,       1.998146482,        1.47941211
          0,           0,        2597,      -1.552913643,        1.04696128,      0.6266350418,       3.874342025,       1.998154448,       1.475308731
          0,           0,        2598,      -1.553067858,       1.046943607,      0.6287655505,       3.874739602,       1.998162382,       1.481660326
          0,           0,        2599,      -1.552057754,       1.049552549,      0.6501359872,       3.877375312,       1.998170278,       1.481971291
          0,           0,        2600,      -1.552002183,       1.049846437,      0.6555642034,       3.877551202,       1.998178131,       1.484139447
          0,           0,        2601,      -1.553348674,        1.04722005,      0.6388548262,        3.87361444,       1.998185932,       1.479036781
          0,           0,        2602,      -1.554338653,       1.045377295,      0.6247779988,       3.873263462,       1.998193679,       1.482423554
          0,           0,        2603,      -1.554491329,       1.045385537,      0.6266342857,       3.873777193,        1.99820136,       1.490327259
          0,           0,        2604,      -1.554670623,       1.045363252,      0.6278683696,       3.873477462,       1.998208978,       1.487675228
          0,           0,        2605,      -1.555027962,        1.04497644,      0.6260839833,       3.873208979,       1.998216516,       1.492154632
          0,           0,        2606,       -1.55528604,       1.044942647,      0.6261104417,       3.873666053,       1.998223983,       1.487390318
          0,           0,        2607,      -1.555273756,       1.045776126,      0.6303900606,       3.874640689,       1.998231351,       1.485034266
          0,           0,        2608,      -1.554710363,       1.048336222,      0.6442312051,       3.877891257,       1.998238651,        1.47756807
          0,           0,        2609,      -1.554131206,       1.051690912,      0.6577878628,       3.884896542,       1.998245827,        1.47673048
          0,           0,        2610,      -1.556183132,       1.049285418,      0.6252291847,       3.882509905,       1.998252952,       1.472696161
          0,           0,        2611,       -1.55636422,       1.046915318,      0.6282355831,       3.884529034,       1.998259933,       1.476732736
          0,           0,        2612,      -1.556792361,       1.044073141,      0.6268067189,       3.882076593,       1.998266854,       1.472716319
          0,           0,        2613,      -1.557153055,       1.042886895,      0.6254749487,       3.874882469,       1.998273616,       1.471583745
          0,           0,        2614,      -1.557314738,       1.042661493,      0.6273526481,       3.876495994,       1.998280257,       1.469122808
          0,           0,        2615,      -1.555882791,       1.046153599,      0.6550279054,       3.881848995,       1.998286715,       1.473702108
          0,           0,        2616,      -1.555900067,       1.046215837,      0.6591056713,       3.883140645,       1.998293069,       1.470980354
          0,           0,        2617,      -1.558094771,       1.041766303,      0.6273848153,       3.879619943,       1.998299235,       1.473540728
          0,           0,        2618,      -1.558495298,       1.041198918,       0.624041626,        3.88049817,       1.998305293,       1.474578352
          0,           0,        2619,      -1.558543081,       1.041413509,      0.6273785899,       3.876995589,        1.99831115,       1.482567228
          0,           0,        2620,      -1.558854312,       1.041028821,      0.6263421581,       3.878217843,       1.998316865,       1.473969977
          0,           0,        2621,      -1.559197663,       1.040566876,      0.6246897329,        3.87872694,       1.998322363,       1.494501276
          0,           0,        2622,      -1.559384288,       1.040489008,      0.6258595855,       3.880016612,       1.998327722,       1.494431026
          0,           0,        2623,      -1.558230845,       1.043387204,      0.6494771911,       3.880989691,       1.998332858,       1.503203334
          0,           0,        2624,       -1.55744346,       1.045237481,      0.6667991018,       3.883763168,       1.998337836,        1.49420972
          0,           0,        2625,      -1.560147658,       1.039752732,      0.6246307731,        3.87783539,       1.998342575,       1.495163791
          0,           0,        2626,      -1.560225149,        1.03993063,      0.6274042465,       3.877844011,       1.998347145,       1.489562935
          0,           0,        2627,      -1.560585126,       1.039455251,      0.6252135745,       3.876124265,       1.998351466,       1.484839464
          0,           0,        2628,      -1.560870044,        1.03916537,      0.6245003274,       3.876804312,       1.998355604,        1.49745703
          0,           0,        2629,      -1.560844379,        1.03959499,       0.628857072,       3.876685106,       1.998359481,        1.49689975
          0,           0,        2630,      -1.560344313,       1.041054387,      0.6416257062,       3.878661243,       1.998363161,       1.501059333
          0,           0,        2631,      -1.559885841,       1.042289071,      0.6536446976,        3.88029169,       1.998366567,       1.495076562
          0,           0,        2632,      -1.561813201,       1.038523329,       0.623608029,       3.877312397,       1.998369765,       1.506437316
          0,           0,        2633,      -1.561864736,       1.038805161,      0.6264656443,       3.875782695,       1.998372675,       1.525525773
          0,           0,        2634,      -1.562185307,       1.038488302,      0.6248548197,       3.876130179,       1.998375362,        1.51971196
          0,           0,        2635,      -1.562477276,       1.038247612,      0.6236650061,       3.875294531,       1.998377749,       1.501147522
          0,           0,        2636,      -1.562591779,       1.038442603,      0.6256148109,       3.876331651,         1.9983799,       1.502773859
          0,           0,        2637,      -1.561161683,        1.04211019,      0.6522333118,       3.878249488,       1.998381739,       1.490826839
          0,           0,        2638,      -1.561133367,       1.042456688,      0.6563004369,       3.879924566,       1.998383332,       1.486981252
          0,           0,        2639,      -1.563184647,       1.038530881,      0.6269104039,       3.875628383,       1.998384601,       1.489831419
          0,           0,        2640,      -1.563626741,       1.038079453,      0.6220639706,       3.876395089,       1.998385613,       1.488428867
          0,           0,        2641,      -1.563625641,       1.038598898,       0.625476673,        3.87525744,        1.99838629,       1.480683374
          0,           0,        2642,      -1.563882034,       1.038510475,      0.6246916798,       3.876159383,       1.998386687,       1.489967115
          0,           0,        2643,      -1.564191296,       1.038226893,      0.6229163483,       3.875854376,       1.998386735,       1.486350377
          0,           0,        2644,      -1.564332593,       1.038216342,      0.6240283787,       3.875452172,       1.998386501,       1.481531229
          0,           0,        2645,      -1.562671658,       1.042050189,      0.6541363054,       3.876854819,       1.998385905,       1.475990718
          0,           0,        2646,      -1.561798032,       1.043970673,      0.6711303671,       3.881198637,       1.998384998,       1.478629269
          0,           0,        2647,      -1.564765794,        1.03862605,       0.624067307,       3.876607758,       1.998383714,        1.47732039
          0,           0,        2648,      -1.564843378,       1.040078046,      0.6245278956,       3.876140015,       1.998382129,       1.479148933
          0,           0,        2649,      -1.565025401,       1.041075045,      0.6237299873,       3.871246059,       1.998380158,       1.471232416
          0,           0,        2650,        -1.5653102,       1.041083693,      0.6220623223,       3.873984136,        1.99837784,       1.495250238
          0,           0,        2651,      -1.565423932,       1.040898299,      0.6236881113,       3.878557275,       1.998375118,       1.492259989
          0,           0,        2652,      -1.563562968,       1.044775374,      0.6569011196,       3.880959377,       1.998372082,       1.500203552
          0,           0,        2653,      -1.563404317,         1.0446147,      0.6629420606,       3.875152162,       1.998368639,       1.495950864
          0,           0,        2654,      -1.566248583,       1.038405079,      0.6203576743,       3.872178858,       1.998364804,       1.489521261
          0,           0,        2655,      -1.566372795,       1.037976117,      0.6210533442,       3.877947052,       1.998360538,       1.479753152
          0,           0,        2656,      -1.566391206,       1.037870423,       0.623989425,       3.876411687,        1.99835594,       1.485835944
          0,           0,        2657,      -1.566688017,       1.037206321,      0.6221411183,       3.868943667,       1.998350914,       1.478598494
          0,           0,        2658,      -1.566938239,        1.03671586,      0.6211259077,       3.872092475,       1.998345472,       1.508097552
          0,           0,        2659,       -1.56701553,       1.036677447,      0.6227973191,       3.879327878,       1.998339575,       1.505484715
          0,           0,        2660,      -1.565925381,       1.039229554,      0.6441910811,       3.879408419,       1.998333325,       1.514503548
          0,           0,        2661,      -1.564942206,        1.04134667,      0.6631594309,        3.87322557,       1.998326624,       1.509132726
          0,           0,        2662,      -1.567664827,       1.035799636,      0.6202957135,       3.871160644,       1.998319474,       1.509221453
          0,           0,        2663,      -1.567645057,       1.036080059,      0.6233782863,       3.878354865,       1.998311846,       1.511002465
          0,           0,        2664,      -1.567919304,       1.035712241,       0.621718709,       3.876888752,       1.998303846,       1.505868715
          0,           0,        2665,      -1.568183466,       1.035370648,      0.6202399659,       3.867135278,       1.998295373,       1.503433139
          0,           0,        2666,      -1.568289282,       1.035399597,      0.6213145704,        3.86953723,       1.998286427,       1.494464287
          0,           0,        2667,      -1.566779166,       1.038959458,        0.64886212,       3.881110945,        1.99827698,       1.488964257
          0,           0,        2668,      -1.565658403,       1.041379932,      0.6695485427,       3.883188907,       1.998267142,       1.490427328
          0,           0,        2669,      -1.568772896,       1.035063411,      0.6210814386,        3.86836468,       1.998256807,       1.480238557
          0,           0,        2670,      -1.568839798,       1.035160896,      0.6227078527,       3.869887846,       1.998245963,       1.497835955
          0,           0,        2671,      -1.569120546,       1.034765445,       0.620634088,        3.87867941,       1.998234592,       1.494727852
          0,           0,        2672,      -1.569369652,       1.034442027,      0.6193593847,       3.876669068,       1.998222807,       1.500847593
          0,           0,        2673,       -1.56943147,       1.034549374,      0.6210886957,       3.867200197,       1.998210505,       1.497073036
          0,           0,        2674,      -1.568364678,       1.037103569,      0.6417025078,       3.871687422,       1.998197675,       1.488656912
          0,           0,        2675,      -1.567398511,        1.03920475,      0.6600299586,       3.884928677,         1.9981843,       1.484617358
          0,           0,        2676,      -1.570030855,       1.033864454,      0.6184562401,       3.878158562,       1.998170498,        1.48420122
          0,           0,        2677,      -1.570000347,       1.034158641,      0.6216069299,       3.865718402,       1.998156158,       1.479207038
          0,           0,        2678,      -1.570263997,       1.033779323,      0.6197268108,        3.86776702,       1.998141261,       1.481565713
          0,           0,        2679,      -1.570503016,       1.033447984,       0.618244493,       3.878377993,       1.998125798,       1.475451833
          0,           0,        2680,      -1.570593256,       1.033471327,      0.6193756003,       3.878147843,       1.998109888,       1.488091919
          0,           0,        2681,      -1.568807365,       1.037599855,      0.6508733876,       3.868887435,       1.998093422,       1.481473728
          0,           0,        2682,      -1.567511411,       1.040323688,       0.673453681,       3.875620026,       1.998076378,       1.505534869
          0,           0,        2683,      -1.571012524,       1.033181263,      0.6191985953,       3.881394683,       1.998058749,        1.50387665
          0,           0,        2684,      -1.571152918,       1.033109632,      0.6191850072,       3.879249509,        1.99804066,       1.511442092
          0,           0,        2685,      -1.571280202,       1.033095916,      0.6194177876,       3.864900513,       1.998021996,       1.507526502
          0,           0,        2686,      -1.571555088,       1.032800816,      0.6170305886,       3.867540907,       1.998002724,       1.499742747
          0,           0,        2687,      -1.571626719,       1.033096346,      0.6179485508,       3.880175793,       1.997982847,        1.48789642
          0,           0,        2688,      -1.570874483,       1.035508053,      0.6322398237,       3.880174032,       1.997962491,       1.510549878
          0,           0,        2689,      -1.570718019,       1.037134225,      0.6363157305,       3.867480793,       1.997941543,       1.506136649
          0,           0,        2690,      -1.571267454,        1.03833765,      0.6292575033,       3.868184624,       1.997919973,       1.498371988
          0,           0,        2691,      -1.572110319,       1.038138672,      0.6153092248,       3.882108769,       1.997897783,       1.486390316
          0,           0,        2692,      -1.572183083,       1.035287984,      0.6184756164,       3.880187346,       1.997875103,       1.508948189
          0,           0,        2693,      -1.572486883,       1.032724487,        0.61706041,       3.864265685,       1.997851814,       1.504282402
          0,           0,        2694,      -1.572732603,          1.031762,      0.6156320699,       3.865926466,        1.99782787,       1.498110502
          0,           0,        2695,      -1.572775268,       1.031696451,       0.617283882,       3.879236451,       1.997803283,        1.48855246
          0,           0,        2696,      -1.571604475,        1.03443413,      0.6384519913,       3.881829368,       1.997778185,        1.51531963
          0,           0,        2697,      -1.571457997,        1.03479377,      0.6429064994,       3.868232902,       1.997752463,       1.511456224
          0,           0,        2698,      -1.572698455,       1.032318592,      0.6261650656,       3.868617276,       1.997726085,       1.503876134
          0,           0,        2699,      -1.573511955,       1.030768383,      0.6132304826,       3.883726825,       1.997699053,        1.51145541
          0,           0,        2700,      -1.573426397,       1.031155473,      0.6168654189,       3.880725999,         1.9976715,          1.513262
          0,           0,        2701,       -1.57357619,       1.031018529,      0.6165582974,       3.862916483,       1.997643306,       1.519157028
          0,           0,        2702,      -1.573845174,       1.030604499,       0.614148497,       3.865564141,        1.99761442,       1.510825314
          0,           0,        2703,      -1.573895919,       1.030688269,      0.6154144005,       3.880812869,       1.997584864,       1.514553925
          0,           0,        2704,      -1.571728796,       1.035649115,      0.6519080218,       3.884927305,       1.997554775,       1.516314945
          0,           0,        2705,      -1.571331279,       1.036419444,      0.6602844321,       3.870246701,       1.997524033,       1.510138545
          0,           0,        2706,      -1.574488152,       1.029984879,      0.6113800879,       3.866065394,       1.997492591,       1.525654833
          0,           0,        2707,      -1.574449552,       1.030268928,      0.6136359318,       3.881588984,       1.997460463,       1.524311385
          0,           0,        2708,      -1.574423944,       1.030534198,      0.6160618245,       3.879801837,       1.997427787,       1.530235291
          0,           0,        2709,      -1.574688424,       1.030152288,      0.6136707843,       3.863334994,       1.997394445,       1.523006753
          0,           0,        2710,      -1.574835843,       1.030033341,      0.6132002061,       3.866854639,       1.997360392,       1.523951149
          0,           0,        2711,       -1.57461087,       1.030753359,      0.6188078659,       3.881283873,       1.997325639,       1.520138171
          0,           0,        2712,      -1.574075474,       1.032111402,      0.6299129896,       3.881529258,       1.997290321,       1.512685214
          0,           0,        2713,      -1.573658138,        1.03311124,      0.6394521815,       3.868351869,       1.997254325,       1.535823866
          0,           0,        2714,       -1.57532533,       1.029838554,      0.6119165506,       3.868029545,       1.997217608,       1.532748121
          0,           0,        2715,       -1.57525674,       1.030222741,      0.6147682779,       3.881177529,       1.997180177,        1.53812325
          0,           0,        2716,      -1.575473801,        1.02998196,       0.613008944,       3.878874669,       1.997142169,       1.530603364
          0,           0,        2717,       -1.57565988,       1.029825963,      0.6118384568,       3.864026899,        1.99710347,       1.528826225
          0,           0,        2718,      -1.575657322,       1.030101956,      0.6137331838,       3.866572304,       1.997064045,       1.519908069
          0,           0,        2719,      -1.574386266,       1.033168777,      0.6358093839,       3.882585899,       1.997023895,       1.511489901
          0,           0,        2720,      -1.574216611,       1.033673535,      0.6402192505,       3.882573821,       1.996983155,       1.534003059
          0,           0,        2721,       -1.57553095,       1.031185048,      0.6218968128,       3.863865001,       1.996941713,       1.525596236
          0,           0,        2722,      -1.576285791,       1.029910698,      0.6094314636,       3.866424545,       1.996899529,       1.524355234
          0,           0,        2723,      -1.576168501,       1.030512028,      0.6128949319,       3.880407239,       1.996856612,       1.519638019
          0,           0,        2724,      -1.576284231,       1.030617291,      0.6126391229,       3.878705002,       1.996813095,       1.507943623
          0,           0,        2725,        -1.5765251,       1.030466984,       0.610362077,       3.865177754,        1.99676887,       1.508169263
          0,           0,        2726,       -1.57655084,       1.030811215,      0.6117188165,        3.86790026,       1.996723906,        1.50045736
          0,           0,        2727,      -1.574352669,       1.035944823,      0.6481699888,        3.88328431,       1.996678203,        1.49346082
          0,           0,        2728,       -1.57384286,       1.037075649,      0.6579617314,       3.884092855,       1.996631888,       1.504248304
          0,           0,        2729,      -1.577043218,       1.030693892,      0.6076570809,       3.864907023,        1.99658485,       1.501065499
          0,           0,        2730,      -1.576919202,       1.031060289,      0.6109226141,       3.866548589,       1.996537046,       1.494450713
          0,           0,        2731,      -1.576891942,       1.031154921,      0.6123526458,       3.878156518,        1.99648849,       1.495411799
          0,           0,        2732,      -1.577090403,        1.03110563,      0.6096326264,       3.877198135,       1.996439315,       1.488706275
          0,           0,        2733,      -1.577071889,       1.032372048,      0.6101776565,        3.86589973,       1.996389424,       1.485673973
          0,           0,        2734,      -1.575735897,       1.036816781,      0.6323913477,       3.869236528,       1.996338803,       1.484745797
          0,           0,        2735,      -1.575766253,       1.037589791,       0.632674388,       3.874920448,       1.996287431,       1.484836048
          0,           0,        2736,      -1.577215268,       1.034839337,      0.6105458429,       3.870595883,       1.996235384,        1.47975229
          0,           0,        2737,      -1.577407449,        1.03425003,      0.6084050906,       3.867326471,       1.996182598,       1.485650809
          0,           0,        2738,      -1.577378192,       1.033944542,      0.6107808933,       3.869615215,       1.996129098,         1.4774752
          0,           0,        2739,      -1.577619445,       1.033038065,      0.6085370611,       3.870127592,       1.996074847,       1.506092679
          0,           0,        2740,      -1.577757673,       1.032419474,      0.6080704258,       3.869430887,       1.996019905,       1.503085406
          0,           0,        2741,      -1.577759122,       1.032193087,      0.6097780442,       3.868742211,       1.995964217,       1.510698514
          0,           0,        2742,      -1.574817471,       1.038315984,      0.6573409015,       3.874331049,       1.995907823,       1.505683485
          0,           0,        2743,      -1.572673909,       1.042291894,      0.6895491154,       3.881716462,       1.995850679,        1.49972524
          0,           0,        2744,      -1.578038713,       1.031320174,      0.6092773748,       3.871584792,       1.995792843,       1.486542406
          0,           0,        2745,      -1.578290813,       1.030808299,      0.6060883513,       3.866562187,       1.995734256,        1.49667087
          0,           0,        2746,      -1.578161956,       1.031159294,      0.6096295818,       3.866799019,        1.99567495,       1.489239134
          0,           0,        2747,      -1.578313013,       1.030917732,       0.608412672,       3.872512547,       1.995614892,       1.514103638
          0,           0,        2748,      -1.578516439,       1.030582678,      0.6064604181,       3.872676836,       1.995554156,       1.510835522
          0,           0,        2749,       -1.57854443,       1.030663597,      0.6075335088,       3.863848523,       1.995492669,       1.517172699
          0,           0,        2750,      -1.576507496,       1.035181428,      0.6419152165,       3.869950488,       1.995430428,       1.510473595
          0,           0,        2751,      -1.576006324,       1.036110567,      0.6516544294,       3.883386909,       1.995367429,       1.518830404
          0,           0,        2752,      -1.578977133,       1.030151382,      0.6038140072,       3.878462573,       1.995303783,        1.53392248
          0,           0,        2753,      -1.578876807,       1.030524456,      0.6070086988,       3.864236497,       1.995239393,       1.527107791
          0,           0,        2754,      -1.578917972,       1.030578849,      0.6075725199,       3.865813436,       1.995174232,        1.51811733
          0,           0,        2755,       -1.57913903,       1.030219684,        0.60516134,       3.877654143,       1.995108309,       1.514096429
          0,           0,        2756,      -1.579183312,       1.030260237,      0.6060539376,        3.87830606,       1.995041742,       1.503504648
          0,           0,        2757,      -1.578232339,        1.03245942,      0.6233753453,       3.866838487,        1.99497444,       1.498390434
          0,           0,        2758,      -1.578218597,       1.032523521,      0.6249098829,       3.867851705,       1.994906382,       1.490064703
          0,           0,        2759,      -1.579132097,       1.030712954,      0.6117107732,       3.876353643,       1.994837565,         1.4910091
          0,           0,        2760,      -1.579578987,       1.029925757,      0.6044229459,       3.876878927,       1.994768098,       1.479574974
          0,           0,        2761,      -1.579506882,       1.030207886,      0.6071458795,        3.86409352,       1.994697886,       1.476885355
          0,           0,        2762,      -1.579712188,       1.029871042,      0.6050304465,       3.865353736,       1.994626901,       1.474475707
          0,           0,        2763,      -1.579837366,       1.029710593,      0.6043774156,       3.876413643,       1.994555154,       1.469912513
          0,           0,        2764,      -1.579797035,       1.029926265,      0.6066430145,       3.877306569,       1.994482764,        1.47750012
          0,           0,        2765,      -1.577283323,       1.035441291,       0.647665453,       3.872816638,       1.994409649,       1.472747493
          0,           0,        2766,      -1.576638533,       1.036598672,      0.6589256677,       3.873914708,        1.99433581,       1.476605709
          0,           0,        2767,      -1.580261356,       1.029280446,      0.6026661811,       3.864963277,       1.994261212,        1.47773291
          0,           0,        2768,      -1.580319704,        1.02927811,       0.602547874,       3.866757396,       1.994185897,       1.473929626
          0,           0,        2769,      -1.580203652,       1.029677558,      0.6057695343,       3.876178378,       1.994109844,       1.471145495
          0,           0,        2770,      -1.580331295,       1.029571279,       0.604838977,       3.877289287,       1.994033149,       1.473114859
          0,           0,        2771,      -1.580529672,        1.02937764,      0.6028175545,       3.864230366,       1.993955725,        1.47295588
          0,           0,        2772,      -1.580558202,       1.029698394,       0.603471737,       3.864675709,       1.993877545,       1.464690783
          0,           0,        2773,      -1.579089565,       1.033486709,      0.6290300534,       3.877727372,       1.993798619,       1.475457548
          0,           0,        2774,      -1.578344488,       1.036134051,      0.6424684953,       3.882633794,       1.993719062,       1.467261105
          0,           0,        2775,        -1.5806266,       1.033926068,      0.6030688255,       3.868594043,       1.993638792,       1.501010698
          0,           0,        2776,      -1.580558037,       1.035594943,      0.6050771371,       3.867844424,       1.993557808,       1.497826432
          0,           0,        2777,      -1.580938593,       1.031890889,      0.6022132387,       3.865918141,       1.993476085,       1.504542741
          0,           0,        2778,      -1.581093284,       1.029530777,      0.6025340513,       3.867352167,       1.993393676,       1.499663696
          0,           0,        2779,      -1.580389666,       1.030560695,      0.6162500593,       3.877283528,       1.993310553,       1.490552719
          0,           0,        2780,       -1.58022799,       1.030780105,      0.6205273851,       3.880718124,       1.993226796,       1.479215666
          0,           0,        2781,      -1.580699358,       1.029814815,      0.6152347339,       3.864762998,       1.993142319,       1.507425088
          0,           0,        2782,      -1.581538734,       1.028194583,      0.6008097017,       3.865784859,       1.993057083,       1.502837815
          0,           0,        2783,      -1.581445435,       1.028510062,      0.6038233627,       3.875725643,       1.992971112,       1.504742755
          0,           0,        2784,      -1.581636871,       1.028199722,      0.6020116081,       3.876613018,        1.99288453,       1.500134733
          0,           0,        2785,      -1.581791798,       1.027977776,      0.6009491166,       3.876459389,        1.99279727,       1.485177818
          0,           0,        2786,      -1.581768472,       1.028162898,      0.6029930519,       3.874561438,       1.992709372,       1.499963661
          0,           0,        2787,      -1.580552884,       1.030929819,      0.6244826415,       3.864404383,       1.992620756,       1.494220295
          0,           0,        2788,      -1.580327969,       1.031397583,      0.6294774527,       3.867709129,        1.99253138,       1.483243626
          0,           0,        2789,      -1.581427318,       1.029220548,      0.6141487915,       3.875125696,        1.99244128,       1.479498906
          0,           0,        2790,      -1.582335041,       1.027467457,      0.5984990279,       3.876119284,       1.992350584,       1.475788127
          0,           0,        2791,      -1.582200232,       1.027901939,      0.6022515739,       3.876319674,       1.992259226,       1.476126017
          0,           0,        2792,      -1.582286453,       1.027853279,      0.6021736796,       3.874967224,       1.992167243,       1.473455946
          0,           0,        2793,      -1.582524492,       1.027474837,      0.5996468328,       3.863770888,       1.992074568,       1.469630767
          0,           0,        2794,      -1.582544012,       1.027578601,      0.6008095989,       3.865175072,       1.991981186,       1.470958677
          0,           0,        2795,      -1.580442289,       1.032225501,      0.6364990906,       3.878700466,       1.991887105,       1.463353539
          0,           0,        2796,      -1.580107647,       1.032815388,      0.6434366862,       3.883503645,       1.991792434,       1.472218918
          0,           0,        2797,       -1.58300323,       1.027038636,       0.596910624,       3.874209365,       1.991697109,       1.463192308
          0,           0,        2798,      -1.582907086,       1.027401013,       0.599704356,          3.872272,       1.991601162,       1.498954468
          0,           0,        2799,      -1.582858353,       1.027673045,      0.6019747553,       3.862209278,       1.991504521,       1.495635024
          0,           0,        2800,      -1.583098506,       1.027309503,      0.5991736103,       3.864374411,       1.991407155,       1.498770737
          0,           0,        2801,      -1.583186486,       1.027284565,      0.5991330605,        3.87468286,       1.991309097,       1.495942892
          0,           0,        2802,      -1.582680698,       1.028557741,      0.6092468677,       3.878673567,       1.991210473,       1.480051579
          0,           0,        2803,      -1.582354006,       1.029386552,      0.6162533459,       3.879098986,       1.991111218,       1.495903087
          0,           0,        2804,      -1.582413491,         1.0293691,      0.6176326876,       3.877572911,       1.991011368,        1.49006448
          0,           0,        2805,       -1.58355318,       1.027243591,      0.5979748353,       3.868079556,       1.990910867,       1.509185605
          0,           0,        2806,      -1.583458604,       1.027656362,      0.6009260983,         3.8658101,       1.990809722,       1.506830183
          0,           0,        2807,      -1.583647136,       1.027459988,      0.5990057446,       3.871702362,       1.990707922,       1.510002564
          0,           0,        2808,      -1.583789453,        1.02738315,      0.5980002606,       3.874798658,       1.990605546,       1.503871103
          0,           0,        2809,      -1.583754585,       1.027725391,      0.6001366922,       3.864655425,       1.990502527,       1.516081353
          0,           0,        2810,      -1.582695865,        1.03027196,      0.6189142687,       3.866262975,       1.990398861,       1.514339264
          0,           0,        2811,      -1.582333866,       1.031205241,      0.6261401025,        3.87668922,       1.990294547,        1.51709342
          0,           0,        2812,      -1.582972523,       1.030153473,      0.6186144155,        3.87669768,       1.990189683,       1.508681612
          0,           0,        2813,      -1.584277823,       1.027809068,      0.5959363542,        3.86812252,         1.9900842,       1.508329075
          0,           0,        2814,      -1.584146046,       1.028442515,      0.5994522363,       3.866344391,        1.98997811,       1.496050238
          0,           0,        2815,      -1.584185241,       1.028707934,      0.6000853673,       3.862624614,        1.98987138,       1.491186393
          0,           0,        2816,      -1.584429709,       1.028487119,       0.597176289,       3.865941772,       1.989764046,       1.499943494
          0,           0,        2817,      -1.584466533,       1.028644947,      0.5979122756,        3.87271972,       1.989656091,       1.495738612
          0,           0,        2818,      -1.582740735,       1.032395661,      0.6278555889,       3.878383282,       1.989547602,       1.495419395
          0,           0,        2819,      -1.582585068,       1.032501862,       0.631789587,       3.875398032,       1.989438516,        1.49756102
          0,           0,        2820,      -1.584793611,       1.028214185,      0.5946638007,       3.867935528,       1.989328855,       1.495140152
          0,           0,        2821,      -1.584560775,       1.029639242,      0.5984082593,       3.862583811,       1.989218571,       1.489393702
          0,           0,        2822,      -1.584521061,       1.031273802,      0.5987695916,       3.862936959,       1.989107671,       1.507848771
          0,           0,        2823,      -1.584689152,       1.032128019,      0.5963431163,       3.872581875,       1.988996157,       1.505118192
          0,           0,        2824,      -1.584697201,       1.032538019,      0.5976467221,        3.87701372,        1.98888413,       1.498793063
          0,           0,        2825,       -1.58298502,       1.035973617,      0.6277114232,       3.877232058,       1.988771532,       1.499656307
          0,           0,        2826,      -1.582940281,       1.035510918,      0.6303554902,       3.876488337,       1.988658397,       1.493772703
          0,           0,        2827,      -1.585115523,       1.030742566,      0.5960574396,       3.862909056,       1.988544666,       1.490211411
          0,           0,        2828,      -1.585215876,       1.030173905,      0.5953663271,       3.863333863,       1.988430326,        1.49425485
          0,           0,        2829,      -1.585126656,       1.030070436,      0.5984945635,       3.871852489,       1.988315389,       1.491868543
          0,           0,        2830,      -1.585336115,       1.029409137,      0.5964794795,       3.875169031,       1.988199959,       1.484968941
          0,           0,        2831,      -1.585486063,       1.028960444,      0.5955593931,       3.873590772,       1.988083977,       1.507765565
          0,           0,        2832,      -1.585478021,       1.028924383,      0.5971612877,       3.872203938,       1.987967478,       1.503488336
          0,           0,        2833,      -1.583704956,       1.032615896,      0.6284353331,       3.866405105,       1.987850402,       1.501205626
          0,           0,        2834,      -1.582128227,        1.03562005,      0.6548182884,       3.870643036,       1.987732735,        1.50011889
          0,           0,        2835,      -1.585676315,       1.028571097,      0.5973398265,       3.871961743,       1.987614492,       1.495435067
          0,           0,        2836,      -1.585684859,       1.028639378,      0.5986020215,       3.875805797,       1.987495777,       1.491519009
          0,           0,        2837,      -1.585862378,       1.028364587,      0.5969769171,       3.873539082,       1.987376529,       1.489341174
          0,           0,        2838,      -1.586063267,       1.028042358,       0.594931102,       3.872398621,       1.987256784,       1.489201132
          0,           0,        2839,      -1.586088776,       1.028119955,      0.5959789767,       3.862056096,       1.987136486,       1.480058533
          0,           0,        2840,       -1.58411168,       1.032381764,        0.63017685,       3.866464515,       1.987015634,       1.488701847
          0,           0,        2841,       -1.58312355,        1.03426442,      0.6480008577,       3.877284359,        1.98689423,       1.479757859
          0,           0,        2842,      -1.586314872,         1.0279892,      0.5957640532,       3.874902058,       1.986772369,        1.50756274
          0,           0,        2843,      -1.586360387,        1.02801498,      0.5962655702,       3.872949729,       1.986649993,       1.503297206
          0,           0,        2844,      -1.586446342,       1.027939758,      0.5961786856,       3.870757605,        1.98652714,       1.505822335
          0,           0,        2845,       -1.58665347,        1.02761004,      0.5941295026,       3.859333107,       1.986403746,       1.501503416
          0,           0,        2846,      -1.586654301,       1.027720796,      0.5956261438,       3.862187319,       1.986279792,       1.488087512
          0,           0,        2847,      -1.585485996,       1.030292678,      0.6165344012,       3.872120344,         1.9861553,       1.492247103
          0,           0,        2848,      -1.585422912,       1.030396139,      0.6189504811,       3.876233739,       1.986030378,       1.485249147
          0,           0,        2849,      -1.586585638,       1.028108914,      0.6017647636,       3.874002724,       1.985904966,       1.506803425
          0,           0,        2850,      -1.587091966,       1.027182257,       0.593065604,       3.871555658,       1.985779098,       1.502370964
          0,           0,        2851,      -1.586966391,       1.027544673,      0.5966126928,       3.868854256,       1.985652731,       1.490414039
          0,           0,        2852,      -1.587138666,       1.027259018,      0.5949968075,       3.869551675,       1.985525901,       1.507951003
          0,           0,        2853,        -1.5873017,       1.027000009,      0.5936718045,       3.862730712,       1.985398561,       1.504388274
          0,           0,        2854,       -1.58725519,       1.027194709,      0.5959719593,       3.862844894,       1.985270725,       1.505917138
          0,           0,        2855,       -1.58466218,       1.032726345,      0.6386943428,       3.876208725,        1.98514239,       1.499509986
          0,           0,        2856,      -1.584011558,       1.033843353,      0.6501543203,       3.880286528,       1.985013641,       1.503166448
          0,           0,        2857,      -1.587709459,        1.02654752,       0.591814391,       3.871663423,       1.984884422,       1.502308867
          0,           0,        2858,      -1.587707517,       1.026693642,      0.5926821051,       3.872014136,       1.984754771,       1.501408242
          0,           0,        2859,      -1.587579505,       1.027174603,      0.5960779709,       3.859721085,       1.984624625,       1.492271855
          0,           0,        2860,      -1.587720289,       1.027185413,      0.5945726322,       3.860903753,       1.984493973,       1.494861997
          0,           0,        2861,      -1.587873275,       1.027428527,      0.5927878089,       3.870738248,       1.984362834,       1.487476463
          0,           0,        2862,      -1.587826093,       1.028712635,      0.5941150069,       3.873718446,       1.984231309,       1.483334169
          0,           0,        2863,        -1.5865235,       1.033639919,      0.6164711863,       3.874835287,       1.984099338,        1.47994245
          0,           0,        2864,       -1.58558363,       1.037313077,      0.6329615961,       3.877271874,       1.983966958,       1.478990193
          0,           0,        2865,      -1.588067655,       1.029923104,      0.5930261756,       3.871017253,       1.983834127,       1.470893389
          0,           0,        2866,      -1.588090551,       1.027449651,      0.5957259944,       3.870185479,        1.98370089,       1.476063943
          0,           0,        2867,      -1.588353038,       1.026223647,      0.5930980635,       3.859954545,       1.983567187,       1.466936979
          0,           0,        2868,      -1.588460345,        1.02587307,      0.5928207677,       3.860296079,       1.983433016,       1.495054847
          0,           0,        2869,      -1.588392547,       1.026056753,      0.5953227675,       3.868569208,       1.983298388,       1.491388263
          0,           0,        2870,      -1.586751736,       1.029538782,      0.6245750381,       3.875601556,       1.983163397,       1.490964839
          0,           0,        2871,      -1.584909515,       1.033147063,      0.6548610549,       3.878590638,       1.983027984,       1.487804421
          0,           0,        2872,      -1.588713167,       1.025603201,      0.5935827738,       3.871335756,       1.982892186,        1.47495144
          0,           0,        2873,      -1.588696984,       1.025732872,        0.59533826,       3.865146018,       1.982755957,       1.482659892
          0,           0,        2874,      -1.588810227,       1.025582195,      0.5947396872,       3.862788688,       1.982619323,       1.474776594
          0,           0,        2875,      -1.589053352,        1.02514931,      0.5919607537,       3.865538279,       1.982482259,       1.503228154
          0,           0,        2876,      -1.589062217,       1.025227361,      0.5933323737,       3.867199588,       1.982344825,       1.499012349
          0,           0,        2877,      -1.587206902,       1.029236291,      0.6252960875,       3.867694354,       1.982206978,       1.498075984
          0,           0,        2878,      -1.587099515,       1.029344957,      0.6285510434,       3.867259396,       1.982068748,       1.493408882
          0,           0,        2879,       -1.58943043,       1.024736361,      0.5910620929,       3.867657365,       1.981930112,       1.481032373
          0,           0,        2880,      -1.589464773,       1.024779125,      0.5911761843,       3.869219472,       1.981791129,       1.489955037
          0,           0,        2881,      -1.589355229,       1.025121893,      0.5943747334,       3.863293367,       1.981651744,       1.483656689
          0,           0,        2882,      -1.589551577,       1.024800034,      0.5922568598,       3.861076372,       1.981511975,       1.491466656
          0,           0,        2883,      -1.589680831,        1.02462892,       0.591401865,       3.867539564,       1.981371812,        1.48888139
          0,           0,        2884,      -1.589664131,       1.024789855,      0.5930327305,       3.870415135,       1.981231326,       1.481482496
          0,           0,        2885,      -1.587706636,       1.028986917,      0.6269772579,       3.871322447,       1.981090463,        1.47712395
          0,           0,        2886,      -1.586031399,       1.032260673,       0.654528653,        3.87321384,       1.980949255,       1.474563182
          0,           0,        2887,      -1.589800504,       1.024864838,      0.5940473026,       3.859412201,       1.980807655,       1.472728153
          0,           0,        2888,      -1.589859479,       1.024867112,      0.5942423168,       3.860084961,        1.98066568,       1.463412476
          0,           0,        2889,      -1.589991448,       1.024712416,      0.5931646343,       3.867563264,        1.98052333,       1.472816964
          0,           0,        2890,      -1.590196307,       1.024402701,      0.5908926365,       3.871495945,       1.980380684,       1.464941974
          0,           0,        2891,      -1.590174931,       1.024598694,      0.5926956877,       3.869628748,       1.980237688,       1.484504593
          0,           0,        2892,      -1.587791663,       1.029743327,       0.632459154,       3.872093459,        1.98009438,        1.48079392
          0,           0,        2893,      -1.587364673,       1.030492377,      0.6406456262,       3.870490298,       1.979950709,       1.475314588
          0,           0,        2894,      -1.590602284,       1.024169762,      0.5887077087,       3.862603618,       1.979806703,       1.472590011
          0,           0,        2895,      -1.590544583,       1.024468496,       0.590511842,       3.866404611,       1.979662341,       1.461553443
          0,           0,        2896,      -1.590420408,       1.024924217,      0.5937907289,       3.868647969,       1.979517688,       1.469859653
          0,           0,        2897,      -1.590614606,       1.024710883,      0.5916401398,       3.860228468,       1.979372682,        1.46064899
          0,           0,        2898,      -1.590743759,       1.024654007,      0.5906659508,       3.860200457,       1.979227339,       1.489819377
          0,           0,        2899,      -1.590654454,       1.025094708,      0.5933350483,        3.86829606,        1.97908165,       1.481993181
          0,           0,        2900,      -1.589604919,       1.027520031,      0.6127995366,       3.871588072,       1.978935691,       1.468748168
          0,           0,        2901,      -1.588620211,       1.029640627,       0.630717378,       3.873104734,       1.978789406,       1.477450772
          0,           0,        2902,      -1.590998876,       1.025214024,      0.5903079413,       3.869373341,       1.978642838,       1.473147838
          0,           0,        2903,      -1.590868243,       1.025812657,       0.593708246,       3.857901284,       1.978495928,       1.460853955
          0,           0,        2904,       -1.59104759,       1.025734381,      0.5916366553,       3.857750582,       1.978348683,       1.468525146
          0,           0,        2905,      -1.591177679,       1.025710444,       0.590475637,       3.867511767,       1.978201117,       1.458863982
          0,           0,        2906,      -1.591101722,       1.026038694,      0.5929286034,       3.870354521,       1.978053317,       1.486699512
          0,           0,        2907,      -1.587668606,       1.033150428,      0.6473588039,       3.874380392,       1.977905223,       1.477782285
          0,           0,        2908,      -1.586061171,       1.035892311,      0.6711518429,       3.877430192,       1.977756876,       1.464226975
          0,           0,        2909,      -1.591356408,       1.025737754,      0.5896831383,       3.869109627,       1.977608234,       1.466046158
          0,           0,        2910,      -1.591140848,        1.02731055,      0.5927230331,       3.867608843,       1.977459345,       1.460298032
          0,           0,        2911,      -1.591094811,       1.028955784,      0.5929681815,       3.860007543,       1.977310151,       1.470288972
          0,           0,        2912,      -1.591185169,       1.029742447,      0.5917893848,        3.85994774,       1.977160674,       1.465286153
          0,           0,        2913,       -1.59136514,       1.029555279,      0.5899410667,       3.866420143,       1.977010905,       1.458537196
          0,           0,        2914,      -1.591362771,       1.029293966,      0.5917201449,       3.868749923,        1.97686092,       1.480155554
          0,           0,        2915,      -1.589068255,         1.0335458,      0.6305196428,       3.871655533,       1.976710664,        1.47198326
          0,           0,        2916,        -1.5886935,       1.033579934,      0.6381342325,       3.872775458,        1.97656018,       1.469772246
          0,           0,        2917,       -1.59184999,       1.026989745,      0.5879189313,       3.858564078,       1.976409414,       1.464604935
          0,           0,        2918,      -1.591827979,       1.026717655,      0.5892265046,       3.858647988,       1.976258387,       1.456978838
          0,           0,        2919,      -1.591702607,       1.026742474,      0.5926171353,       3.865055741,       1.976107092,       1.461036614
          0,           0,        2920,      -1.591889739,       1.026180425,      0.5905900417,       3.868338542,       1.975955602,       1.458736578
          0,           0,        2921,        -1.5920278,       1.025788515,      0.5894747701,       3.867880735,       1.975803861,       1.457399267
          0,           0,        2922,      -1.591975221,       1.025861139,      0.5915367766,       3.866264486,       1.975651913,       1.450638836
          0,           0,        2923,       -1.59057885,       1.028714881,      0.6164703362,       3.862524252,       1.975499706,       1.448334578
          0,           0,        2924,      -1.589330162,       1.031054451,      0.6380780842,        3.86656579,       1.975347266,       1.446010772
          0,           0,        2925,       -1.59227174,       1.025285825,      0.5890378644,       3.866604498,       1.975194579,       1.443524127
          0,           0,        2926,      -1.592113312,       1.025682617,       0.592808052,       3.867844593,       1.975041716,        1.44874262
          0,           0,        2927,       -1.59228137,       1.025396552,      0.5909429304,       3.866290162,       1.974888624,       1.442484612
          0,           0,        2928,      -1.592436025,       1.025135132,      0.5893611836,       3.866456125,       1.974735347,       1.461351799
          0,           0,        2929,      -1.592412454,       1.025268387,      0.5907989316,       3.857597756,       1.974581829,       1.455605782
          0,           0,        2930,      -1.590755499,       1.028741352,      0.6198069697,       3.860497556,       1.974428091,        1.45793923
          0,           0,        2931,      -1.589470846,       1.031175893,      0.6417323862,       3.871058608,       1.974274129,       1.459775727
          0,           0,        2932,      -1.592646777,       1.024972833,      0.5892065658,       3.869025861,       1.974120019,       1.460254532
          0,           0,        2933,      -1.592498931,       1.025358007,      0.5927775515,       3.866924461,       1.973965701,       1.452519446
          0,           0,        2934,      -1.592674523,       1.025042043,      0.5906884573,       3.864838977,       1.973811222,       1.478247417
          0,           0,        2935,      -1.592822689,       1.024786598,      0.5892334732,       3.863950605,       1.973656535,       1.473411227
          0,           0,        2936,      -1.592677765,       1.025155894,      0.5927117301,       3.863588207,       1.973501681,       1.461187705
          0,           0,        2937,      -1.591856806,       1.026881693,       0.608156719,       3.860240592,       1.973346617,       1.488885397
          0,           0,        2938,      -1.591106491,       1.028306911,      0.6222350129,       3.863264595,        1.97319138,       1.482112198
          0,           0,        2939,      -1.593028024,       1.024555744,      0.5889730277,       3.865246496,       1.973035951,       1.486129266
          0,           0,        2940,      -1.592912178,       1.024840494,      0.5918935501,       3.866927975,       1.972880392,       1.478111413
          0,           0,        2941,      -1.593095446,       1.024489536,      0.5896328328,       3.866255587,       1.972724652,        1.48483717
          0,           0,        2942,      -1.593191173,       1.024324471,      0.5889474453,        3.86436412,       1.972568777,       1.478287249
          0,           0,        2943,      -1.593096961,       1.024570644,      0.5915848791,       3.856392587,       1.972412709,       1.474579397
          0,           0,        2944,      -1.590290287,       1.030408896,      0.6367013141,        3.86325861,       1.972256475,       1.466285076
          0,           0,        2945,      -1.589487457,       1.031739849,      0.6497206634,        3.87070801,       1.972100068,       1.481438682
          0,           0,        2946,       -1.59346772,       1.023941924,      0.5872966476,       3.865827239,       1.971943561,       1.476586497
          0,           0,        2947,      -1.593458744,       1.024054242,      0.5877071684,       3.866630688,       1.971786896,       1.468443817
          0,           0,        2948,      -1.593265221,       1.024617372,      0.5915727656,       3.864393245,       1.971630118,       1.465740285
          0,           0,        2949,      -1.593374609,       1.024657701,      0.5901602019,       3.863574671,       1.971473183,       1.455376379
          0,           0,        2950,      -1.593504467,       1.024925753,      0.5882706646,       3.864345138,       1.971316137,       1.461571771
          0,           0,        2951,      -1.593415597,       1.026277571,      0.5896626242,       3.856770418,       1.971158929,       1.451818879
          0,           0,        2952,      -1.592083778,       1.031205482,      0.6118443674,       3.858037595,       1.971001589,       1.479196848
          0,           0,        2953,      -1.591082603,       1.034855004,      0.6286654381,       3.868323612,       1.970844107,       1.470828765
          0,           0,        2954,      -1.593560192,        1.02742687,       0.588386415,       3.867651515,       1.970686551,       1.459906811
          0,           0,        2955,      -1.593539857,       1.025035626,      0.5912247046,       3.865105517,       1.970528862,       1.475178186
          0,           0,        2956,      -1.593766621,       1.023842819,      0.5885735999,       3.863399087,       1.970371089,       1.471325919
          0,           0,        2957,      -1.593844736,       1.023503807,      0.5883224041,       3.861336429,       1.970213183,       1.474843188
          0,           0,        2958,      -1.593766091,       1.023649839,      0.5905011477,       3.859870675,       1.970055186,       1.465701979
          0,           0,        2959,       -1.59171324,       1.027874286,      0.6254557898,       3.865037898,       1.969897064,       1.474645457
          0,           0,        2960,      -1.589482928,       1.032110315,      0.6599563087,        3.87077619,       1.969738869,       1.483561759
          0,           0,        2961,       -1.59384144,       1.023547614,      0.5912125572,       3.860980709,       1.969580557,       1.476458768
          0,           0,        2962,      -1.593915335,       1.023421912,      0.5907965828,       3.860762251,       1.969422176,       1.465750762
          0,           0,        2963,      -1.593969838,       1.023339662,      0.5906566111,       3.858518139,       1.969263683,       1.485251272
          0,           0,        2964,      -1.594190632,       1.022897983,      0.5877003105,        3.86076125,       1.969105136,       1.466494345
          0,           0,        2965,      -1.594181904,       1.022952978,       0.588822091,       3.861363178,       1.968946494,       1.466843581
          0,           0,        2966,      -1.592990771,       1.025476502,      0.6095765247,       3.863528645,       1.968787807,       1.457274339
          0,           0,        2967,      -1.592918061,       1.025550801,       0.611533594,       3.861213882,       1.968629025,       1.459206137
          0,           0,        2968,      -1.594014171,       1.023372972,      0.5947551466,       3.857228231,       1.968470189,        1.45084552
          0,           0,        2969,      -1.594446565,       1.022571022,      0.5867050135,       3.861115002,       1.968311271,       1.466505592
          0,           0,        2970,      -1.594292451,        1.02294576,      0.5900588163,       3.864573854,       1.968152331,       1.461598583
          0,           0,        2971,      -1.594441681,       1.022678588,      0.5882419131,       3.859522079,       1.967993311,       1.453359019
          0,           0,        2972,      -1.594548032,       1.022506077,      0.5872163075,       3.858528492,       1.967834253,       1.454311067
          0,           0,        2973,      -1.594446798,       1.022786076,      0.5898458801,       3.860672621,       1.967675122,       1.446451124
          0,           0,        2974,      -1.591527644,       1.028884962,      0.6365813044,       3.865390807,       1.967515969,       1.457986325
          0,           0,        2975,      -1.590632343,       1.030416116,      0.6508036929,       3.866912467,        1.96735675,       1.451362802
          0,           0,        2976,      -1.594797476,        1.02226004,      0.5854854918,       3.860611821,       1.967197516,       1.445434867
          0,           0,        2977,      -1.594758039,       1.022420899,      0.5864382359,       3.858011058,       1.967038221,       1.449453552
          0,           0,        2978,      -1.594569409,       1.022910435,      0.5902459525,       3.859141193,       1.966878909,       1.442152456
          0,           0,        2979,       -1.59469584,       1.022731897,      0.5886747422,       3.861044074,       1.966719549,       1.460403751
          0,           0,        2980,      -1.594840429,       1.022527764,      0.5869074458,         3.8629449,       1.966560197,       1.454514767
          0,           0,        2981,      -1.594767717,       1.022811201,      0.5888446286,       3.857077922,       1.966400794,       1.445998193
          0,           0,        2982,      -1.593675655,        1.02518085,       0.608428259,       3.858196275,       1.966241383,       1.448383105
          0,           0,        2983,      -1.592787226,        1.02696357,      0.6242894574,       3.865146518,       1.966081937,       1.442316111
          0,           0,        2984,       -1.59493329,        1.02290538,       0.587190605,       3.862391997,       1.965922517,       1.460072413
          0,           0,        2985,      -1.594804324,       1.023365649,      0.5899976032,       3.860666435,       1.965763064,       1.454123552
          0,           0,        2986,      -1.594984841,       1.023189968,      0.5874274301,       3.859391953,       1.965603628,       1.447584845
          0,           0,        2987,      -1.595033929,       1.023317114,      0.5872274034,       3.855430434,       1.965444161,       1.455392612
          0,           0,        2988,      -1.594953687,       1.023746872,      0.5891132447,       3.858010175,        1.96528471,       1.453115278
          0,           0,        2989,      -1.591944295,       1.030152382,      0.6376714874,       3.865804603,       1.965125244,         1.4418691
          0,           0,        2990,      -1.589066858,       1.035760905,      0.6787298446,       3.872593659,       1.964965822,       1.464522492
          0,           0,        2991,      -1.594886938,        1.02459478,      0.5926582789,       3.861896162,       1.964806387,        1.45860089
          0,           0,        2992,      -1.595168756,       1.024116585,      0.5871829054,        3.85875887,       1.964646987,       1.449077223
          0,           0,        2993,      -1.595077894,        1.02427385,      0.5882834324,       3.854351707,       1.964487575,       1.453032854
          0,           0,        2994,      -1.595167747,       1.023967504,      0.5866364829,       3.856316619,       1.964328197,       1.454048253
          0,           0,        2995,      -1.594921241,       1.024750059,      0.5902463984,       3.860791819,       1.964168824,       1.447964913
          0,           0,        2996,      -1.594926064,       1.025863455,      0.5890577169,       3.863238021,       1.964009511,       1.453972698
          0,           0,        2997,      -1.595010003,         1.0271652,       0.586768545,       3.860854147,       1.963850205,       1.451664433
          0,           0,        2998,      -1.594932278,       1.028189092,      0.5882878481,       3.859595444,       1.963690955,        1.44213889
          0,           0,        2999,      -1.592620677,       1.032927086,      0.6264609551,       3.858939224,       1.963531708,       1.454788237
