"Time_Iter","Outer_Iter","Inner_Iter",    "rms[Rho]"    ,    "rms[RhoU]"   ,    "rms[RhoV]"   ,    "rms[RhoE]"   ,     "rms[k]"     ,     "rms[w]"     
          0,           0,           0,     -0.0393254171,       2.585425263,       1.731151219,       5.179708203,       3.216497495,       3.319040415
          0,           0,           1,      0.0308276974,       2.531844446,       1.589064531,       5.330927624,       3.096061402,       3.877977737
          0,           0,           2,     0.06342710567,        2.47655728,       1.455316606,       5.417524421,       2.966161543,       3.703099468
          0,           0,           3,     0.02478920783,       2.389055091,        1.33377251,       5.414025913,       2.833050222,       3.539576747
          0,           0,           4,    -0.06776812153,       2.248242809,       1.341994358,       5.354722169,       2.704047354,        3.48318013
          0,           0,           5,     -0.1981997571,       2.007296046,       1.296666078,       5.259289901,        2.58447951,       3.461221939
          0,           0,           6,     -0.3143874326,       1.810460849,       1.318189951,       5.167250156,       2.475472841,       3.413494836
          0,           0,           7,     -0.4060266741,       1.861402565,       1.357250454,       5.081108108,       2.375142692,       3.323126776
          0,           0,           8,     -0.5032300531,       1.888315931,       1.519541566,       4.984230224,       2.280565903,       3.215479087
          0,           0,           9,     -0.6265689798,        1.83926697,        1.57570084,       4.871750512,       2.208603081,       3.256316721
          0,           0,          10,     -0.7838852886,       1.791690224,       1.407606028,       4.742658333,       2.155375904,       3.293957483
          0,           0,          11,     -0.9719506277,       1.717012316,        1.35557068,       4.602878616,       2.112256877,       3.191517733
          0,           0,          12,      -1.116154707,       1.693444021,       1.336827599,       4.497867488,       2.075791903,       3.056482492
          0,           0,          13,      -1.121129617,       1.649929573,       1.378925064,       4.471707926,       2.044534128,       3.026878124
          0,           0,          14,      -1.145383201,       1.631193164,        1.41982209,       4.460402581,        2.02099782,       3.151638621
          0,           0,          15,      -1.176189643,       1.601790579,       1.517734856,       4.445869214,       2.007060105,       3.148690641
          0,           0,          16,      -1.181129558,       1.580693581,       1.506086794,       4.444004062,       2.005377952,       3.201840687
          0,           0,          17,      -1.208632868,       1.562516294,        1.39996233,       4.438751729,       2.018024233,       3.260781661
          0,           0,          18,      -1.234041822,       1.550328426,       1.359096305,       4.428740038,       2.041328706,        3.16410346
          0,           0,          19,      -1.254449178,       1.549000842,       1.336473094,        4.39780981,        2.07069823,       3.020030247
          0,           0,          20,      -1.279751296,       1.558755208,       1.344435481,       4.375094693,       2.099535748,       2.961475808
          0,           0,          21,      -1.311109563,       1.556692909,       1.329606659,       4.347163853,       2.123724134,       2.961544503
          0,           0,          22,      -1.266529555,       1.566111398,       1.535192763,       4.352205485,       2.139286089,       3.005151109
          0,           0,          23,      -1.225396518,        1.57243018,       1.585847509,       4.369904259,       2.143822457,       3.094668182
          0,           0,          24,      -1.284611578,       1.568248693,       1.427265389,       4.330613636,       2.136058569,       3.153358296
          0,           0,          25,      -1.319140541,       1.556546494,       1.375524236,        4.32114505,       2.119170352,       2.952789912
          0,           0,          26,      -1.296669542,       1.568119574,       1.389526495,       4.336655857,       2.096465302,       2.974379407
          0,           0,          27,         -1.316446,       1.564251333,       1.351965915,       4.332184654,       2.072109965,       3.161513757
          0,           0,          28,      -1.350762514,       1.555473335,       1.285683528,       4.295729303,       2.050373888,       3.317527771
          0,           0,          29,      -1.343484168,       1.552438848,       1.315798311,       4.293504083,       2.038161405,         3.3800262
          0,           0,          30,      -1.262278464,       1.563142517,       1.511801144,       4.351551422,         2.0360339,       3.335685039
          0,           0,          31,      -1.234407001,       1.570985203,       1.549854916,       4.371925179,       2.039711538,       3.298116162
          0,           0,          32,      -1.318472429,       1.559445464,       1.365693021,       4.294210065,       2.042790049,       3.168588064
          0,           0,          33,       -1.34204616,       1.556100975,       1.298110288,       4.273805455,       2.044149916,       3.000311995
          0,           0,          34,       -1.29572977,       1.568110707,         1.3568064,       4.323634271,       2.041800124,       2.897497973
          0,           0,          35,      -1.301414268,       1.569657608,       1.345671771,       4.299881921,       2.033696311,        2.99603651
          0,           0,          36,      -1.317379322,       1.564400554,       1.383517371,       4.301350618,       2.018949467,       3.097055645
          0,           0,          37,      -1.263226625,       1.562422822,       1.533685593,       4.358794021,       2.001100813,       3.089058193
          0,           0,          38,       -1.23566525,       1.565717191,       1.493719734,       4.368730768,       1.981902165,       3.132795507
          0,           0,          39,      -1.294348774,       1.561807649,       1.396004011,       4.323133008,       1.960913228,       3.231436252
          0,           0,          40,      -1.341868914,       1.554453477,       1.307298111,       4.297700296,       1.937514488,       3.145905303
          0,           0,          41,      -1.348603367,       1.553441404,       1.256022086,        4.28043532,       1.915926593,       3.018445199
          0,           0,          42,      -1.326374032,       1.566547514,       1.305293296,       4.301114798,        1.89726021,       3.050190572
          0,           0,          43,      -1.317620588,       1.567675569,       1.321187346,       4.305450088,       1.880194914,       3.104574797
          0,           0,          44,      -1.308434782,       1.560285085,       1.425666484,       4.302396064,       1.862359526,       3.127569564
          0,           0,          45,      -1.260201225,       1.564214665,       1.549125105,       4.342244761,       1.849545798,       3.079690653
          0,           0,          46,      -1.247577204,       1.575748496,       1.487944384,       4.350764198,       1.842198646,       3.215526836
          0,           0,          47,      -1.325484927,       1.567779756,       1.382090913,        4.27911209,       1.835859499,       3.268544513
          0,           0,          48,      -1.344526486,       1.567157183,       1.341501939,       4.266159753,         1.8290774,       3.163916863
          0,           0,          49,      -1.349572161,       1.560183073,       1.292649268,       4.291311777,       1.825289957,       3.076017143
          0,           0,          50,      -1.333988561,       1.562690956,       1.308967183,       4.285118309,       1.824268047,       3.137534437
          0,           0,          51,      -1.336172043,        1.55967257,       1.301790402,         4.2685621,       1.821674117,       3.207916621
          0,           0,          52,      -1.346136527,       1.555089634,       1.353192427,       4.287001056,       1.813625927,       3.218573627
          0,           0,          53,      -1.293378614,       1.555000493,       1.539498401,       4.335397935,       1.807911657,       3.190449348
          0,           0,          54,      -1.248538222,        1.56633017,       1.509680634,       4.351089379,       1.804882532,       3.259210858
          0,           0,          55,       -1.29261792,       1.564844826,       1.433444733,       4.314604056,       1.799378208,       3.285101705
          0,           0,          56,       -1.34686712,       1.551721545,       1.338884053,       4.288853079,        1.79097737,       3.187683843
          0,           0,          57,      -1.357930356,       1.546287027,       1.283464361,       4.266207861,       1.785156937,       3.073810076
          0,           0,          58,       -1.33227259,       1.551478352,       1.322295689,       4.268204649,       1.783320775,        3.09771478
          0,           0,          59,      -1.331762908,       1.551509251,       1.318133595,       4.284373814,       1.782127792,        3.15885106
          0,           0,          60,      -1.342869407,       1.545399242,       1.395788494,       4.272991065,       1.776130154,       3.108704679
          0,           0,          61,      -1.286753456,       1.543991674,       1.540164512,       4.315201401,       1.775378349,       3.089771557
          0,           0,          62,      -1.259052871,       1.554410427,         1.4866699,       4.328020419,       1.780120887,       3.217059085
          0,           0,          63,      -1.295234283,       1.562877676,       1.431240509,        4.29621711,       1.782021243,       3.285679762
          0,           0,          64,       -1.33013992,       1.557712904,       1.369552306,       4.283451994,       1.783269993,       3.196254189
          0,           0,          65,      -1.348539745,       1.553178472,       1.311556072,       4.301807102,       1.785730046,        3.10550831
          0,           0,          66,      -1.357179161,       1.551156787,       1.292613759,       4.293219773,       1.790571972,       3.122319523
          0,           0,          67,      -1.357672053,       1.547982837,        1.28184389,       4.276447356,       1.797747041,       3.151686905
          0,           0,          68,      -1.336252124,       1.554235841,       1.384433502,       4.310602359,       1.805015239,       3.140739237
          0,           0,          69,      -1.289473735,       1.550327716,       1.547220626,       4.336536031,       1.813091303,       3.113044192
          0,           0,          70,       -1.27575259,       1.549889597,       1.481627975,       4.339621799,       1.819871594,       3.256244758
          0,           0,          71,      -1.360232203,       1.543635535,       1.351435936,       4.290413325,       1.825184286,        3.30599738
          0,           0,          72,      -1.364632938,        1.55254177,       1.336273304,       4.287492577,       1.829871637,       3.226530834
          0,           0,          73,      -1.357912404,       1.554513006,       1.323505173,       4.282169221,        1.83791583,       3.117081676
          0,           0,          74,      -1.329546609,       1.566520563,       1.368953327,       4.294732743,       1.847216654,       3.099207457
          0,           0,          75,       -1.32170272,       1.558165866,       1.350089787,       4.289023605,        1.85290279,       3.144535011
          0,           0,          76,      -1.334471854,       1.546437361,       1.412991655,       4.277921644,       1.856052919,       3.107690161
          0,           0,          77,      -1.303258106,       1.539956152,       1.536491326,       4.300479129,       1.859801131,       3.069576831
          0,           0,          78,      -1.289834473,       1.543795248,       1.461362763,       4.301088764,       1.862555137,       3.201884513
          0,           0,          79,      -1.341038461,        1.55282727,       1.389572631,       4.286164065,       1.866457964,       3.271893001
          0,           0,          80,      -1.332414952,       1.556819367,       1.379333351,       4.294401316,       1.870453666,       3.186206713
          0,           0,          81,      -1.335787652,       1.557515721,       1.344019397,       4.281160461,       1.871236304,       3.090773186
          0,           0,          82,       -1.37117967,       1.547385381,       1.286956744,       4.266471459,       1.869442555,       3.130092372
          0,           0,          83,      -1.398703487,       1.546134868,       1.229023006,       4.259265529,       1.869814357,       3.171348331
          0,           0,          84,      -1.348653055,       1.553608114,       1.373132946,       4.275094824,       1.871866047,       3.163638249
          0,           0,          85,      -1.285106911,       1.550355763,       1.551765024,       4.310938552,       1.870692347,       3.147551774
          0,           0,          86,      -1.272892196,       1.554208589,       1.488966198,        4.32929195,       1.866310245,       3.252045988
          0,           0,          87,      -1.302677607,       1.571191933,       1.433368234,       4.298265863,       1.864615726,        3.29578748
          0,           0,          88,      -1.319845776,       1.563271952,       1.388700334,       4.294401358,       1.864391546,       3.206701308
          0,           0,          89,      -1.354785286,       1.552356949,       1.316525165,       4.288079709,       1.860988908,       3.091260068
          0,           0,          90,      -1.390838692,       1.544830094,       1.246291516,       4.253805319,       1.854091118,       3.104044882
          0,           0,          91,      -1.366655241,       1.554237294,       1.286469237,       4.286911459,        1.85034258,       3.154631523
          0,           0,          92,      -1.323769275,       1.560161726,       1.437209807,       4.331033479,        1.84924121,       3.125747529
          0,           0,          93,      -1.271455062,       1.554988171,       1.560810239,       4.348866337,        1.84456041,       3.046841684
          0,           0,          94,      -1.283918941,       1.545838587,       1.461876551,       4.317129673,       1.835501013,       3.201189288
          0,           0,          95,      -1.348065173,       1.547871766,        1.36566085,         4.2838885,       1.830461969,       3.270923581
          0,           0,          96,       -1.32787159,       1.565297313,       1.387754829,       4.298731326,       1.829014015,        3.18358504
          0,           0,          97,      -1.335251724,       1.562362735,        1.34845845,        4.28619935,       1.823714791,       3.084946134
          0,           0,          98,      -1.364783548,        1.55541887,       1.298706226,       4.258379554,       1.815880423,       3.120143606
          0,           0,          99,      -1.388198624,       1.547699043,       1.231668611,       4.272353319,       1.812386691,       3.168195498
          0,           0,         100,      -1.351003736,       1.552218009,        1.36451414,       4.283462424,       1.813805826,       3.161492405
          0,           0,         101,      -1.283249596,       1.558289367,       1.553310858,       4.314354564,       1.811696043,       3.111098775
          0,           0,         102,      -1.261087752,       1.553096209,       1.500441746,       4.339804559,        1.80652498,       3.196812301
          0,           0,         103,      -1.335480195,       1.546250848,       1.375956999,       4.287159753,       1.806344924,       3.273229424
          0,           0,         104,      -1.339022385,        1.56275344,       1.375959039,       4.297512726,       1.812259254,       3.207415545
          0,           0,         105,      -1.369614483,       1.553720866,       1.301285194,       4.282326678,       1.814698513,       3.125323946
          0,           0,         106,      -1.420343387,       1.539078573,       1.197661409,       4.223478719,        1.81328558,       3.120476203
          0,           0,         107,      -1.389568271,       1.538560194,       1.227361433,       4.235401813,       1.815139716,       3.141873535
          0,           0,         108,      -1.345400958,       1.542739331,       1.401150022,       4.290637731,       1.819279678,       3.120358948
          0,           0,         109,      -1.292814288,        1.54241883,       1.545586705,        4.32318383,        1.82378569,       3.087069905
          0,           0,         110,      -1.284592639,       1.542721127,       1.472059937,       4.308827425,       1.828623371,       3.203213341
          0,           0,         111,      -1.364193245,       1.540619329,       1.360459628,         4.2589808,       1.830402943,       3.278762273
          0,           0,         112,      -1.401594906,       1.531628078,       1.286292421,       4.254934007,       1.830070014,       3.196307887
          0,           0,         113,      -1.380105543,       1.533310667,       1.271618768,       4.270220549,       1.832583112,       3.107011085
          0,           0,         114,      -1.333538459,       1.556405272,       1.361331161,       4.288344023,       1.837551241,       3.120844208
          0,           0,         115,      -1.353152081,        1.55391205,       1.331874372,       4.291178622,       1.838693363,       3.154095149
          0,           0,         116,      -1.353450397,       1.541778695,       1.384206459,       4.280106686,       1.838907346,       3.145099548
          0,           0,         117,      -1.282516324,        1.54056873,       1.552686213,       4.324911511,       1.837371162,       3.100661028
          0,           0,         118,      -1.285969315,       1.529245423,       1.470244915,       4.322919425,       1.820975169,       3.202143407
          0,           0,         119,      -1.457001714,       1.443645063,       1.313163513,       4.185142569,       1.807835737,       3.161274912
          0,           0,         120,      -1.598638784,       1.140031761,       1.188833341,       4.051113152,       1.808937749,       2.995647975
          0,           0,         121,      -1.556101206,       1.329685739,       1.149989866,       4.082006118,       1.811101838,       2.991013877
          0,           0,         122,      -1.530272581,       1.318755822,       1.135186202,       4.130704743,       1.813692877,       2.960322302
          0,           0,         123,      -1.492350622,       1.365440188,       1.155301986,        4.17637876,       1.817055395,       2.959676391
          0,           0,         124,      -1.414437911,       1.465306842,        1.25593616,       4.208771125,       1.824582631,       3.052852103
          0,           0,         125,      -1.384350538,       1.498922395,       1.281517908,       4.237402417,       1.828993549,       3.136106105
          0,           0,         126,       -1.35353855,       1.542099783,       1.336978764,       4.263309384,       1.817048797,       3.096373288
          0,           0,         127,      -1.480377558,       1.444269607,       1.201897928,       4.169633552,       1.801440409,       2.929787041
          0,           0,         128,      -1.567609493,       1.120931104,       1.126406949,       4.079672661,       1.801446391,       2.756664562
          0,           0,         129,      -1.567927321,       1.267269931,       1.074184733,       4.104598055,       1.802313058,       2.729001878
          0,           0,         130,      -1.591468125,        1.22919108,        1.03586648,       4.072481312,       1.803304135,       2.708995386
          0,           0,         131,      -1.481036294,       1.310271611,       1.248400946,       4.181748671,       1.805219195,       2.796809807
          0,           0,         132,      -1.384435283,       1.419934958,       1.479398342,       4.263784155,       1.809109625,       2.896222829
          0,           0,         133,       -1.35177646,       1.445880187,       1.447029367,       4.283088545,       1.812823776,       3.137575363
          0,           0,         134,      -1.353951106,        1.51148265,         1.3903386,       4.264465668,       1.805043342,       3.243078248
          0,           0,         135,      -1.460752068,       1.433940578,       1.312953494,       4.218073031,       1.790798856,       3.127190956
          0,           0,         136,      -1.598442107,       1.086884125,       1.142026337,       4.100371425,       1.790438986,       3.018481238
          0,           0,         137,      -1.556701233,       1.193527033,       1.132509676,       4.127017992,       1.791220472,       2.973607115
          0,           0,         138,      -1.535165404,       1.136044672,       1.149686546,       4.166758875,       1.792458273,       2.978988028
          0,           0,         139,      -1.516407291,       1.285883521,       1.178125767,       4.189984294,       1.794786304,        3.04160603
          0,           0,         140,      -1.500564649,       1.384754364,       1.166436263,       4.189017146,       1.798188692,       3.107056478
          0,           0,         141,      -1.481647714,       1.409721159,       1.160358333,       4.189683572,       1.804659372,       3.131318807
          0,           0,         142,      -1.447696736,       1.477575949,       1.186320662,       4.223712027,       1.798262465,       3.047161824
          0,           0,         143,       -1.50224321,       1.376235026,       1.321549544,       4.137831016,       1.797868998,       2.908944201
          0,           0,         144,      -1.472915621,       1.309074759,       1.320201571,       4.158725238,       1.803166488,       2.908960836
          0,           0,         145,      -1.434569491,       1.376887508,       1.303472418,       4.221380352,       1.811005862,       3.037142558
          0,           0,         146,        -1.4363333,       1.473771883,       1.234285892,       4.242245179,       1.822729575,       3.106725888
          0,           0,         147,      -1.344851432,       1.516191102,       1.494123597,       4.280760986,       1.833805616,        3.09491712
          0,           0,         148,      -1.313118433,       1.535826766,       1.439067005,       4.319615065,       1.829574497,       3.088776435
          0,           0,         149,      -1.420663262,       1.434787152,       1.329188075,       4.224482936,       1.816969416,       2.912901415
          0,           0,         150,      -1.553028236,       1.145749498,       1.207042682,       4.090740148,       1.814677949,       2.777038168
          0,           0,         151,      -1.610695693,       1.029286633,        1.13132451,        4.01156477,       1.816440363,       2.645268631
          0,           0,         152,      -1.652783357,      0.9733668852,       1.072756267,       3.968265564,       1.818514585,       2.570453109
          0,           0,         153,      -1.654270209,      0.9494970186,       1.051952363,        3.97586489,       1.821027882,       2.574511246
          0,           0,         154,      -1.607835781,      0.9450818672,       1.088675338,       4.019074686,       1.824287546,       2.683433885
          0,           0,         155,      -1.582970816,      0.9459437938,       1.104710859,       4.081380346,       1.828561667,       2.820293414
          0,           0,         156,      -1.602207499,      0.9405928138,       1.067944889,       4.086982155,       1.833866059,        2.92765445
          0,           0,         157,      -1.604700259,      0.9607849945,       1.062092204,       4.095576388,        1.84007565,       2.975220634
          0,           0,         158,      -1.467528211,       1.107653713,       1.245661951,       4.203771955,       1.849914069,       2.951340003
          0,           0,         159,      -1.458848948,       1.195829154,       1.255398894,       4.223851706,       1.856159916,       2.929687661
          0,           0,         160,      -1.455826452,       1.320819684,       1.256696409,       4.261591179,       1.860522143,       2.894015315
          0,           0,         161,      -1.377541007,       1.441883737,       1.340920328,       4.315507537,       1.865641854,       2.872860505
          0,           0,         162,       -1.33781425,       1.517549152,       1.524424118,       4.347666978,       1.867643261,       2.925056236
          0,           0,         163,      -1.286503782,       1.499246632,        1.57260158,       4.353813394,       1.853726018,       3.144383992
          0,           0,         164,      -1.416919514,       1.399336296,       1.351082947,       4.240278243,       1.841919307,       3.139339171
          0,           0,         165,      -1.550186399,       1.224760402,       1.232056905,        4.14398315,       1.838752571,       2.975606477
          0,           0,         166,      -1.631473278,       1.026198804,       1.142777301,       3.983477122,       1.839517647,       2.893236363
          0,           0,         167,      -1.656999808,       1.003490078,       1.071330592,       3.943866475,        1.83995137,       2.857593163
          0,           0,         168,      -1.680370644,      0.9646496672,       1.002812195,       3.985805304,       1.840281438,       2.834377393
          0,           0,         169,      -1.631367445,      0.9639493852,       1.033453889,       4.033232547,       1.840613381,       2.829748139
          0,           0,         170,      -1.575814318,      0.9734159472,       1.096421916,       4.087639373,       1.841000712,       2.844443948
          0,           0,         171,      -1.581219018,      0.9578995366,       1.086805973,       4.106922988,       1.841377713,       2.900758284
          0,           0,         172,      -1.556040873,      0.9707037999,       1.114393116,       4.178147647,       1.841231716,       2.976635627
          0,           0,         173,      -1.512087642,       1.059044921,       1.194777398,       4.198078445,       1.842155712,        3.00967426
          0,           0,         174,      -1.513168223,       1.078185798,       1.208114216,       4.193676788,       1.841399523,        2.97535993
          0,           0,         175,      -1.454445499,       1.184776353,       1.285751907,       4.231817701,       1.838175894,       2.888004795
          0,           0,         176,      -1.417529982,       1.296680279,       1.339072577,       4.228726432,       1.831089186,       2.860047229
          0,           0,         177,      -1.393936252,       1.408933544,       1.357096977,       4.240137678,       1.825100629,       2.870506395
          0,           0,         178,      -1.324155246,       1.457442556,       1.502399336,       4.298770812,       1.820717445,       2.951916182
          0,           0,         179,      -1.284714317,       1.512511773,       1.540372116,       4.318257569,       1.804052751,       3.162066216
          0,           0,         180,      -1.459333905,       1.392706402,       1.336490495,       4.158360313,       1.786799069,       3.105762249
          0,           0,         181,      -1.573543601,       1.122640159,       1.226116254,       4.077143094,       1.787569232,       2.985749139
          0,           0,         182,      -1.603050146,       1.255925262,       1.123535216,       4.100629499,       1.787484424,       2.925502226
          0,           0,         183,      -1.541914863,       1.253502358,       1.138236317,       4.164884425,       1.787572188,       2.881658612
          0,           0,         184,      -1.545275536,       1.283814608,       1.098244166,       4.139644926,       1.789094679,       2.920202982
          0,           0,         185,      -1.504588036,       1.409669526,       1.134531211,       4.177323706,       1.793279608,       3.013300379
          0,           0,         186,      -1.462195913,       1.436992241,       1.180415801,       4.194206977,       1.798902182,       3.070004028
          0,           0,         187,      -1.344148577,       1.520737655,        1.35355624,       4.282263678,       1.806877706,       3.028384656
          0,           0,         188,      -1.358225048,       1.524579682,       1.336530767,       4.276143885,         1.8091349,       3.001476988
          0,           0,         189,      -1.391714319,       1.526433248,       1.283355018,       4.247757947,       1.794331711,       2.966659071
          0,           0,         190,      -1.447454858,       1.429873018,       1.242763009,       4.189828783,       1.779220506,       2.860606817
          0,           0,         191,      -1.618980657,       1.154953651,       1.055482958,       4.061839469,       1.781308847,       2.719921247
          0,           0,         192,      -1.574491721,       1.290236135,        1.06193365,       4.055148128,       1.784233832,       2.695136716
          0,           0,         193,      -1.459413806,       1.298045354,       1.214450952,       4.171895271,       1.787390112,       2.725876364
          0,           0,         194,       -1.46137426,       1.328049303,       1.360213067,       4.185239338,       1.793014157,       2.740513787
          0,           0,         195,      -1.383375102,         1.4541666,       1.411728221,       4.267110395,       1.801296613,       2.868805458
          0,           0,         196,      -1.366926328,       1.479695035,       1.385079055,       4.274729326,       1.811249513,       3.042971773
          0,           0,         197,      -1.353564476,       1.521183295,       1.357390019,       4.258493924,       1.803697924,       3.155329377
          0,           0,         198,      -1.460886124,       1.410410479,       1.282167282,        4.19149574,       1.789195134,       3.015596125
          0,           0,         199,      -1.570515594,       1.122332423,       1.184426226,        4.06599768,       1.785353336,       2.818454789
          0,           0,         200,      -1.652655672,       1.046551188,       1.098360596,       3.969431058,       1.786545983,       2.723460784
          0,           0,         201,      -1.720746623,      0.9572485849,      0.9972582009,       3.913034969,       1.787808754,       2.696654566
          0,           0,         202,      -1.705177075,      0.9508572988,      0.9830791802,       3.941818934,        1.78900839,       2.732830956
          0,           0,         203,      -1.598245302,      0.9410152953,       1.090122306,       4.056323165,        1.79036494,       2.808125718
          0,           0,         204,      -1.581803311,      0.9526797781,       1.104186987,       4.110167668,       1.791837975,       2.906080281
          0,           0,         205,      -1.602777419,      0.9297784487,       1.075017403,       4.132053734,       1.793220758,        2.96477634
          0,           0,         206,      -1.575147673,       1.029784934,       1.114932953,       4.158267762,       1.794659117,       2.967351564
          0,           0,         207,      -1.508708983,       1.163534581,        1.21342248,       4.168839713,        1.79916342,       2.955845115
          0,           0,         208,      -1.477471398,       1.289141446,       1.242907034,       4.198575279,       1.801193386,       2.949540122
          0,           0,         209,      -1.379121238,       1.475197946,       1.424025274,       4.273227391,       1.802847007,       2.963926468
          0,           0,         210,      -1.289088719,       1.515298221,       1.524151427,       4.325664083,       1.788769081,       3.050844078
          0,           0,         211,      -1.418582476,        1.42699651,       1.336856651,       4.205206931,       1.769147534,       3.054845497
          0,           0,         212,      -1.562230761,       1.266474548,       1.221005912,       4.059759721,       1.767095986,       2.956448938
          0,           0,         213,      -1.648775378,       1.025388673,       1.069205126,       4.007782779,       1.764669506,       2.923501077
          0,           0,         214,      -1.609298022,       1.223883554,       1.063220889,       4.064217916,       1.761831911,        2.86161121
          0,           0,         215,       -1.53057585,       1.326980818,       1.136195794,       4.154236648,        1.75942553,       2.822255176
          0,           0,         216,      -1.531038281,       1.365161139,       1.104767987,       4.181224361,       1.755940832,       2.793519979
          0,           0,         217,      -1.428863883,       1.480827051,       1.261188118,       4.236861851,       1.757652167,       2.942461137
          0,           0,         218,      -1.328077012,       1.514980528,       1.512121418,       4.311935611,       1.752614404,       2.955621091
          0,           0,         219,      -1.261837545,       1.526750069,       1.583853722,       4.380971963,       1.742004056,       3.088808379
          0,           0,         220,      -1.340577846,       1.510508897,       1.381602457,       4.308866075,       1.726146698,       3.215517046
          0,           0,         221,      -1.437692581,       1.513359389,       1.296990847,       4.225106496,       1.712868744,       3.174291971
          0,           0,         222,      -1.401013853,        1.51780012,       1.300103522,       4.255743225,       1.701378448,       3.020333371
          0,           0,         223,      -1.373039372,       1.530348439,       1.304657312,       4.259129812,       1.691081832,       2.837909239
          0,           0,         224,      -1.379960319,       1.524713765,       1.288666025,       4.249273532,       1.682126881,       3.057755999
          0,           0,         225,      -1.360211749,       1.544083945,        1.35446221,       4.275489862,       1.683957281,       3.161269928
          0,           0,         226,       -1.32202593,       1.539844638,       1.502477311,       4.293925616,       1.678534701,       3.160958299
          0,           0,         227,      -1.291599335,       1.533537718,       1.538303025,       4.319047185,       1.668368792,       3.216336718
          0,           0,         228,      -1.333563268,       1.529334466,       1.364311712,       4.289871493,       1.666342425,       3.228138198
          0,           0,         229,      -1.372062963,       1.534986601,       1.342248769,        4.24165422,       1.671860824,       3.070177141
          0,           0,         230,      -1.382671386,       1.534564137,       1.310115861,       4.253705606,       1.673437611,       2.910501257
          0,           0,         231,      -1.378015799,       1.541691128,       1.295979924,       4.268240401,        1.67299252,       2.927800388
          0,           0,         232,      -1.375362278,       1.536705388,       1.288584267,       4.261565377,       1.670793455,        3.11641351
          0,           0,         233,      -1.372057636,       1.538265949,       1.318195278,       4.261224327,       1.668639853,        3.17104254
          0,           0,         234,      -1.297630049,       1.558150453,       1.514487577,       4.345960262,       1.672231784,       3.138615701
          0,           0,         235,      -1.277572206,       1.551861054,       1.538788579,        4.34634288,       1.680298386,        3.18931051
          0,           0,         236,      -1.350668325,       1.540851938,       1.367905401,       4.264997249,       1.677009972,       3.174159666
          0,           0,         237,      -1.387486832,         1.5375239,       1.310427967,       4.236582778,       1.671753878,        2.98492163
          0,           0,         238,      -1.371780582,       1.538700729,       1.307115511,       4.285164492,       1.670631922,       2.903807688
          0,           0,         239,      -1.374594162,       1.542775277,       1.292392964,       4.273371698,       1.671791962,       2.990763356
          0,           0,         240,       -1.38343338,       1.540201085,       1.328695281,       4.240843559,       1.666909373,       3.137265209
          0,           0,         241,       -1.32251437,       1.542044451,        1.51234018,        4.27650103,        1.65486081,       3.144337571
          0,           0,         242,      -1.263739794,       1.560345077,       1.508617446,       4.329292018,       1.648419049,       3.147454197
          0,           0,         243,      -1.317483212,       1.556767017,       1.417598498,       4.288281352,        1.64752165,       3.175514017
          0,           0,         244,      -1.357097842,       1.550058218,       1.367244735,       4.258144815,       1.639546812,       3.042489283
          0,           0,         245,      -1.368701401,       1.542304285,       1.311052921,        4.25029172,       1.626132715,       2.962076763
          0,           0,         246,      -1.385416391,       1.539835912,       1.273878921,       4.270991592,       1.616629222,       3.094486761
          0,           0,         247,      -1.385219105,       1.541307611,       1.264917015,        4.27989338,       1.609701041,       3.181832059
          0,           0,         248,      -1.334563901,       1.549645393,       1.442025201,       4.314514334,       1.597245374,       3.205804728
          0,           0,         249,        -1.2893552,       1.543666724,       1.553257856,       4.351337928,       1.579162258,        3.11372472
          0,           0,         250,      -1.285327448,       1.551245312,        1.47451422,        4.36409434,       1.573631095,       3.189900724
          0,           0,         251,      -1.317094243,       1.563708461,       1.433216133,       4.317782973,       1.578401179,       3.243100997
          0,           0,         252,      -1.368863579,       1.550458696,        1.34298747,       4.256019059,       1.568950518,        3.15117611
          0,           0,         253,       -1.39403768,       1.537850762,       1.268266605,       4.244614619,       1.554650535,       3.077821535
          0,           0,         254,      -1.385011237,       1.537556638,       1.273375244,       4.249580881,       1.551676938,       3.143523829
          0,           0,         255,      -1.374410646,       1.543726956,       1.293134397,       4.250408505,       1.552196388,       3.201091426
          0,           0,         256,      -1.337232283,       1.550259704,       1.406734686,       4.303330117,       1.550868223,       3.205207995
          0,           0,         257,      -1.319267019,       1.536502329,        1.53739583,       4.308053744,        1.54341951,       3.183138529
          0,           0,         258,      -1.296987387,        1.53865238,       1.474869702,       4.305674217,       1.547033256,       3.255160218
          0,           0,         259,      -1.332632012,       1.549221593,       1.406545138,        4.28530403,       1.557389656,       3.279852379
          0,           0,         260,      -1.363635642,       1.541414807,       1.352618571,       4.280714823,       1.556327829,       3.194550591
          0,           0,         261,      -1.411138924,       1.530901633,       1.248520064,       4.248243342,       1.549927114,       3.089583654
          0,           0,         262,      -1.392468487,       1.533212674,       1.275010544,       4.257967056,       1.553719485,        3.10502606
          0,           0,         263,       -1.35707253,       1.547093044,       1.328458469,       4.285351119,       1.561403491,       3.158279427
          0,           0,         264,      -1.339537066,       1.548562715,       1.441772333,       4.275652156,       1.561083944,       3.119514429
          0,           0,         265,      -1.298306569,       1.533213651,       1.547866998,       4.306689636,        1.55404678,       3.060850112
          0,           0,         266,      -1.285267183,       1.534115146,       1.472059019,       4.326151125,       1.554860216,       3.207353783
          0,           0,         267,       -1.33892394,        1.54340066,        1.40477712,       4.282700111,       1.561442042,       3.275346493
          0,           0,         268,      -1.371276616,       1.544031888,       1.367427253,       4.237739488,       1.559755523,       3.184068586
          0,           0,         269,      -1.375730285,       1.534677834,       1.314620964,       4.235130979,       1.550583973,       3.081873402
          0,           0,         270,      -1.393781061,        1.53531792,       1.280913894,       4.255457449,       1.548977537,       3.122421591
          0,           0,         271,      -1.394506506,       1.535526873,        1.27609157,       4.269124215,       1.553414462,       3.164387114
          0,           0,         272,      -1.397541567,       1.532432902,       1.335624289,       4.285222703,       1.550461773,       3.151360957
          0,           0,         273,      -1.322793981,       1.528465967,       1.534010002,        4.30525363,       1.544679697,       3.131699183
          0,           0,         274,      -1.279193608,       1.540035151,       1.493941068,       4.334673835,       1.541008484,       3.259531776
          0,           0,         275,      -1.346646791,       1.538268902,       1.396027967,       4.290994949,       1.539789557,       3.304641763
          0,           0,         276,      -1.354800076,       1.545559842,       1.375573271,       4.282717415,        1.53349525,       3.218038341
          0,           0,         277,      -1.378451737,       1.537462309,       1.314077189,       4.257888436,        1.51986325,       3.102522862
          0,           0,         278,      -1.396105405,       1.531459579,       1.273924952,       4.259255321,       1.516116974,       3.096909556
          0,           0,         279,      -1.397193148,       1.530160371,       1.267849067,       4.257692698,       1.521242886,       3.142241796
          0,           0,         280,      -1.355431179,       1.540223081,       1.422521363,       4.263861886,       1.520853995,        3.11691116
          0,           0,         281,      -1.290600942,       1.538277731,       1.559345425,       4.317424608,       1.510210186,       3.042305533
          0,           0,         282,       -1.28792357,       1.535465977,       1.482099843,       4.332439993,        1.50636092,       3.204844608
          0,           0,         283,        -1.3498385,       1.533372485,       1.392206856,       4.279791038,       1.510879874,       3.273749759
          0,           0,         284,      -1.395882713,       1.529770672,        1.32057339,       4.230196196,       1.510887204,       3.178169157
          0,           0,         285,      -1.406218839,       1.524068082,       1.252996812,       4.246693432,       1.501480422,        3.08146123
          0,           0,         286,      -1.392784626,       1.536201137,        1.28825615,       4.258416321,       1.506825779,        3.13006477
          0,           0,         287,      -1.390053331,        1.53613726,       1.288445473,       4.253156296,       1.519750287,       3.170687545
          0,           0,         288,      -1.371432003,       1.532213402,       1.362299384,       4.263801214,       1.520696299,       3.160644901
          0,           0,         289,      -1.297835428,       1.540278273,       1.550645428,       4.319962889,       1.520790378,       3.119368702
          0,           0,         290,      -1.287653319,       1.537068764,       1.484712905,       4.327512099,       1.524128679,       3.203954839
          0,           0,         291,      -1.365223206,        1.53039688,       1.361504034,       4.261336977,        1.52523074,       3.266898683
          0,           0,         292,      -1.386703289,       1.536111412,       1.332886991,       4.241254815,        1.52752297,        3.19804379
          0,           0,         293,      -1.367145426,       1.538431108,       1.329094372,       4.288257065,        1.53040563,       3.120423503
          0,           0,         294,       -1.38051718,       1.534464165,       1.298358326,       4.284595579,       1.533421432,       3.125523559
          0,           0,         295,      -1.385664759,       1.532827853,       1.276235219,       4.259686569,       1.538291795,         3.1561297
          0,           0,         296,      -1.378446167,       1.527975315,       1.382608314,       4.258277654,       1.534534148,       3.142968072
          0,           0,         297,      -1.318171097,       1.525014157,       1.534782984,       4.287896109,       1.522126165,       3.123458654
          0,           0,         298,      -1.271615386,       1.540254465,       1.491398622,       4.330016994,       1.528543647,       3.206193092
          0,           0,         299,      -1.310488231,       1.551307783,       1.436720349,       4.301097569,       1.539326935,       3.265189824
          0,           0,         300,       -1.37635265,       1.534708394,       1.343525471,       4.259470241,        1.53546613,       3.176499672
          0,           0,         301,      -1.383038491,       1.535806247,        1.30390176,       4.246569919,       1.534646547,       3.101315103
          0,           0,         302,      -1.381386229,       1.541769119,         1.3034807,       4.246827775,       1.529341536,       3.129042498
          0,           0,         303,      -1.430457104,       1.531765507,       1.225286224,       4.211406485,       1.512527439,        3.17120153
          0,           0,         304,      -1.389359101,       1.527982708,       1.349817828,       4.241937241,       1.481815718,       3.153716672
          0,           0,         305,      -1.356974839,       1.427010856,       1.498906682,        4.26002749,        1.43508032,       2.999637457
          0,           0,         306,      -1.585152883,       1.349044032,       1.188326693,       4.090421861,       1.419948291,       2.889200292
          0,           0,         307,        -1.6617203,       1.004618683,       1.110603951,       3.990640096,       1.417768392,       2.778647938
          0,           0,         308,      -1.710142972,       1.025383319,       1.045053349,       3.910872238,       1.419044951,       2.725059033
          0,           0,         309,      -1.747079744,       1.022540138,      0.9950799789,       3.881073253,        1.42047327,       2.703537426
          0,           0,         310,      -1.793554229,       1.005745496,      0.9317781491,       3.825694919,       1.422073325,       2.709907937
          0,           0,         311,      -1.807930172,      0.9939430163,      0.8905390375,       3.862671796,       1.424105243,       2.728942191
          0,           0,         312,      -1.722564801,      0.9877884652,      0.9671683981,       3.932947817,       1.426912394,       2.753918782
          0,           0,         313,      -1.613327373,       1.000014391,       1.086204584,       4.006407661,       1.430546645,        2.77744655
          0,           0,         314,      -1.635120246,      0.9864328667,       1.051361687,       4.028667497,       1.428750438,       2.789505968
          0,           0,         315,      -1.698847004,      0.9718589228,      0.9684498439,       3.951315957,       1.431283768,       2.736351882
          0,           0,         316,      -1.660511555,      0.9699791738,        1.00108094,       4.007735835,       1.433847281,       2.724639952
          0,           0,         317,      -1.712210716,      0.9585295162,      0.9339101913,       4.000951701,       1.435801338,       2.745285869
          0,           0,         318,      -1.673807435,      0.9981494094,      0.9882647326,       4.066026486,       1.436040324,       2.768858196
          0,           0,         319,      -1.635526245,       1.083376102,       1.084156425,       4.049865662,       1.434145453,        2.77132439
          0,           0,         320,      -1.583323961,       1.056944236,       1.124190909,       4.101947209,       1.430518155,       2.742260758
          0,           0,         321,       -1.52132644,       1.058452393,       1.188136703,       4.163539895,       1.435019692,       2.724098523
          0,           0,         322,      -1.480595711,       1.061370051,        1.23019708,       4.210855832,       1.436806863,       2.636751947
          0,           0,         323,      -1.462980383,         1.1412242,       1.264288947,       4.214297642,       1.459456168,       2.677029705
          0,           0,         324,      -1.454316842,       1.299828888,       1.301794395,       4.231549963,        1.46881528,       2.710091265
          0,           0,         325,      -1.378084252,       1.458011333,        1.50856403,       4.268375221,       1.476508535,       2.848186456
          0,           0,         326,      -1.276077442,       1.490460536,       1.564839561,       4.328248331,       1.457243463,       3.147824731
          0,           0,         327,      -1.380136886,       1.434001806,       1.399030771,       4.257842411,       1.404520381,       3.135695378
          0,           0,         328,       -1.49067214,       1.238715119,       1.309154317,       4.164776019,        1.39234605,       3.015534507
          0,           0,         329,      -1.551964365,      0.9900326928,        1.20786351,       4.123263174,       1.393930294,       2.984369255
          0,           0,         330,      -1.608550298,       1.095189747,       1.106813427,       4.103041956,       1.390819478,       2.949433277
          0,           0,         331,      -1.601168369,       1.142558798,       1.076247386,       4.099307858,       1.394397882,       2.966923236
          0,           0,         332,      -1.525527917,       1.278960339,       1.165337791,       4.162588545,       1.398609852,       2.998357537
          0,           0,         333,      -1.483137313,        1.43699813,       1.194885983,       4.205238327,       1.417695828,       3.026524344
          0,           0,         334,      -1.409553459,       1.484770866,       1.276526126,       4.228131717,       1.449394429,       2.941298104
          0,           0,         335,      -1.336187474,       1.519325907,       1.479265887,       4.291179097,       1.477073006,       2.881279277
          0,           0,         336,      -1.284056095,       1.508852353,       1.572131135,       4.324330833,        1.48008443,       3.058570203
          0,           0,         337,      -1.306695988,       1.515012988,       1.439866742,       4.312533905,       1.435803118,       3.241704436
          0,           0,         338,      -1.495308515,       1.407556442,       1.297972409,       4.162240502,       1.353386728,       3.143103683
          0,           0,         339,      -1.595580857,       1.119967537,        1.21238339,       4.041103968,       1.339430968,       2.961313466
          0,           0,         340,      -1.636382542,       1.002284619,       1.158975762,       3.992217805,       1.341586612,       2.876005224
          0,           0,         341,      -1.694306501,      0.9370285984,       1.079238909,       3.948516096,       1.341784582,       2.825109328
          0,           0,         342,      -1.613570247,      0.9354598225,       1.121729517,       4.024571891,       1.341475535,        2.79904012
          0,           0,         343,      -1.643900297,      0.9108971778,        1.07804761,       4.028933211,       1.342268069,       2.820582186
          0,           0,         344,      -1.679520105,      0.8847676914,       1.031095431,       4.053271417,        1.34399746,       2.907640808
          0,           0,         345,      -1.670528212,      0.8901287131,       1.027847794,       4.091495102,       1.347065447,       3.020679702
          0,           0,         346,      -1.565016129,      0.9476118063,       1.141015226,       4.162158587,       1.353252917,       3.104233713
          0,           0,         347,      -1.496427231,       1.107789276,       1.239053666,       4.195343741,        1.36496889,        3.11949491
          0,           0,         348,      -1.424201017,       1.224300532,       1.337308373,       4.238881674,       1.409626017,       3.079420741
          0,           0,         349,      -1.387941919,       1.325386639,       1.452619173,       4.256962623,       1.427644247,       3.026954241
          0,           0,         350,      -1.331386373,       1.464908806,       1.506253235,       4.279957866,       1.441333227,        3.10575171
          0,           0,         351,       -1.31811968,       1.493562449,       1.437320955,       4.307855713,       1.422614701,       3.243871292
          0,           0,         352,      -1.447124494,       1.420625237,       1.317450583,       4.234642944,       1.361636344,       3.143773866
          0,           0,         353,      -1.576991431,       1.208441415,       1.207936748,       4.106681172,       1.337078143,       2.978157043
          0,           0,         354,      -1.643340073,       1.009475087,       1.140403937,       4.005675152,       1.342597457,        2.88274903
          0,           0,         355,      -1.691856352,      0.9608999725,       1.055846394,       3.976171341,       1.347595464,       2.825578449
          0,           0,         356,      -1.729798318,      0.8946102465,      0.9728334968,       3.919498541,       1.347738629,       2.809009797
          0,           0,         357,        -1.6563265,       0.894330452,       1.033836135,       4.019130745,       1.350103309,       2.844058889
          0,           0,         358,      -1.647730517,      0.8804642361,       1.034355769,       4.052294374,       1.349658407,       2.915159584
          0,           0,         359,      -1.541055691,      0.9274899319,       1.155968407,       4.125035355,       1.354121566,       2.989480845
          0,           0,         360,      -1.498011045,       1.067204064,       1.233461024,       4.176205858,        1.37890382,       3.051134585
          0,           0,         361,       -1.53578175,       1.083975296,       1.196837569,       4.189623047,       1.377896127,       3.069319423
          0,           0,         362,      -1.521701017,       1.209683139,       1.215703884,       4.199067194,        1.39165186,       2.976227927
          0,           0,         363,       -1.39673305,       1.338765252,       1.491175819,       4.234494745,       1.416215797,       2.948636991
          0,           0,         364,      -1.281860481,       1.486377634,       1.569131953,       4.327622841,       1.400515169,       3.116198318
          0,           0,         365,      -1.407086766,       1.403749002,       1.382465265,       4.219645867,       1.324881856,       3.139056444
          0,           0,         366,      -1.517507833,        1.22521717,        1.29557462,        4.13971804,       1.321041453,       3.005647884
          0,           0,         367,      -1.626311087,       1.262817896,       1.118333569,       4.097453641,        1.31258809,       2.951366987
          0,           0,         368,      -1.578851922,       1.247137022,       1.127093357,       4.119198113,       1.311632087,       2.902759748
          0,           0,         369,      -1.557490114,       1.286727199,       1.121618614,       4.140152034,       1.310422876,       2.850406613
          0,           0,         370,      -1.528894395,       1.404551178,       1.122596951,       4.148902171,       1.327433955,       2.843132495
          0,           0,         371,      -1.459720743,        1.43610478,       1.192677466,       4.180449071,       1.354919551,       3.001234548
          0,           0,         372,      -1.387024456,       1.511381295,       1.305770284,       4.263683137,        1.40511451,       2.980119904
          0,           0,         373,      -1.363463012,       1.522455071,       1.339984862,       4.308658629,       1.370863531,       2.891538867
          0,           0,         374,      -1.448989159,       1.426765835,       1.253729323,       4.199598581,       1.291834114,       2.777011031
          0,           0,         375,      -1.441969239,       1.432901428,       1.395008908,       4.222856165,       1.319126327,        2.81955445
          0,           0,         376,      -1.329945444,       1.479618833,       1.532711778,       4.309110468,       1.335763542,       3.009562215
          0,           0,         377,      -1.310357385,       1.513043896,       1.437508418,       4.325556316,       1.330617648,       3.198459183
          0,           0,         378,      -1.492531432,       1.412930855,       1.276929502,       4.166559028,       1.251425635,       3.110804106
          0,           0,         379,      -1.586851253,       1.314860805,       1.211368973,       4.054825231,       1.239566441,       2.969318169
          0,           0,         380,      -1.645917991,       1.074662895,        1.11474624,       4.038479672,        1.23283387,       2.939720969
          0,           0,         381,        -1.5899898,       1.250411359,       1.121283445,       4.086893821,        1.24264592,       2.913490431
          0,           0,         382,      -1.472329733,       1.391297581,       1.237064215,       4.190276856,       1.265015558,       2.953588019
          0,           0,         383,      -1.434072179,       1.425840645,       1.264193261,       4.235508977,       1.299381971,       3.069342677
          0,           0,         384,      -1.393240948,       1.499348851,       1.302859081,       4.263968555,       1.374707984,       3.145347557
          0,           0,         385,      -1.386837677,       1.518445696,       1.293838428,       4.265810868,       1.351277995,       3.091277211
          0,           0,         386,      -1.507492256,       1.400767421,       1.151820227,       4.162966325,       1.239526034,       2.957994374
          0,           0,         387,      -1.627488828,       1.288193366,       1.083309278,       4.038411731,       1.234334475,        2.81749561
          0,           0,         388,      -1.721387744,       1.016863136,      0.9633554255,       4.001243103,       1.226731521,       2.811145467
          0,           0,         389,      -1.619730582,       1.231034213,       1.228691424,        4.11805373,         1.2279226,       2.850083708
          0,           0,         390,      -1.468616325,       1.361957642,       1.315349257,       4.186886908,        1.23739426,       2.940559488
          0,           0,         391,      -1.458207585,       1.391928881,       1.284345073,       4.197872405,       1.257424058,       3.038516496
          0,           0,         392,      -1.402286112,       1.485218697,       1.312193611,       4.239100231,       1.339857658,        3.09304758
          0,           0,         393,      -1.388141597,       1.503242682,       1.338763596,       4.251668657,       1.316186575,       3.052388371
          0,           0,         394,      -1.514635551,       1.384057453,       1.173499861,       4.133752905,       1.198815331,       2.883541192
          0,           0,         395,      -1.677402965,       1.253592986,       1.084377142,       3.971308224,       1.188895418,       2.691125219
          0,           0,         396,      -1.767100888,      0.9602015888,      0.9621596091,       3.963173843,       1.181297441,       2.620816577
          0,           0,         397,      -1.566914597,       1.222464907,       1.114840548,       4.127295912,       1.186173871,       2.631138802
          0,           0,         398,      -1.590488028,       1.314573014,        1.06417396,       4.122679607,       1.200505673,        2.75571949
          0,           0,         399,      -1.576251194,        1.36006631,       1.074526524,       4.148785168,       1.222127148,       2.868026288
          0,           0,         400,      -1.430531817,       1.481290929,       1.274201574,       4.232327572,       1.309709396,       2.908359858
          0,           0,         401,      -1.408357089,       1.500456751,       1.283123851,       4.245309369,       1.343279818,        2.90143773
          0,           0,         402,      -1.398292525,       1.523455483,       1.279997416,       4.244213138,       1.322459847,       2.811123808
          0,           0,         403,      -1.427046747,        1.42273087,       1.265411221,       4.198677847,       1.234868181,        2.70749299
          0,           0,         404,      -1.528852198,       1.394796326,       1.153812122,       4.176883082,       1.250340659,       2.715430131
          0,           0,         405,      -1.456567079,       1.459473299,       1.283580478,       4.231989279,       1.283850691,       2.668885057
          0,           0,         406,       -1.29957548,       1.528421686,       1.537197752,       4.324165003,       1.376466829,       2.877396522
          0,           0,         407,      -1.308930982,        1.52247883,       1.445530065,       4.328161735,       1.336195606,       3.127829817
          0,           0,         408,      -1.457091532,       1.426071844,       1.299474849,       4.221841979,        1.18439305,       3.053804923
          0,           0,         409,      -1.629488812,       1.345365462,        1.16430791,       4.044913934,       1.156449196,       2.922042654
          0,           0,         410,       -1.72841244,      0.9550147259,       1.089377883,       3.984234629,       1.152630392,       2.819568888
          0,           0,         411,      -1.767403848,      0.9755181423,       1.041019442,       3.880834566,       1.152831736,       2.756891002
          0,           0,         412,      -1.787827643,       0.971870592,       1.015975624,       3.862193781,       1.153455065,       2.719316611
          0,           0,         413,       -1.79791731,      0.9681984016,       1.000233682,       3.853811874,       1.154513485,       2.696298263
          0,           0,         414,      -1.808288737,      0.9642307601,      0.9839255878,       3.843246864,       1.155918221,       2.676579597
          0,           0,         415,      -1.817821924,      0.9586935204,      0.9657849823,       3.831698742,       1.157464757,       2.655894032
          0,           0,         416,      -1.830201964,      0.9521071712,      0.9430585732,       3.818697772,       1.159087394,       2.635663973
          0,           0,         417,      -1.817756612,      0.9479123122,      0.9381174642,       3.825748773,       1.160682654,       2.618211594
          0,           0,         418,      -1.831067022,      0.9370006121,      0.9101855697,       3.822439825,       1.162101183,       2.607071974
          0,           0,         419,      -1.804621646,      0.9314131584,      0.9172349958,        3.81516982,       1.163217934,       2.607098683
          0,           0,         420,      -1.824017517,      0.9173105986,      0.8766983701,       3.835050594,        1.16398127,       2.623481355
          0,           0,         421,      -1.831950121,      0.9051938575,      0.8436122561,       3.777198378,       1.164611033,       2.660285182
          0,           0,         422,       -1.79107941,      0.8941620996,      0.8773819093,        3.86067812,       1.165162558,        2.71790896
          0,           0,         423,       -1.60888075,      0.9132223979,       1.086695072,       4.005397992,       1.165813048,       2.791058213
          0,           0,         424,      -1.663860139,      0.9018797572,       1.029619293,       4.035881543,       1.166689072,       2.869779302
          0,           0,         425,      -1.661893152,       0.900315824,       1.020142918,       4.044756399,       1.167846625,       2.950206677
          0,           0,         426,      -1.559242618,       1.062824588,       1.167446198,       4.138096104,       1.168598018,       3.010809286
          0,           0,         427,      -1.559724741,       1.023807488,       1.159935269,       4.144746413,       1.167502623,       3.001278089
          0,           0,         428,      -1.549548354,      0.9857145032,       1.144734512,       4.143073032,       1.173172024,       3.019242138
          0,           0,         429,      -1.470995206,       1.117192603,       1.255597919,        4.19062507,       1.246335251,       3.011411545
          0,           0,         430,       -1.48363997,       1.235662398,       1.234024345,       4.183721685,       1.217792889,       2.934688571
          0,           0,         431,      -1.629118866,       1.263291418,       1.033896094,         4.0653955,       1.160254062,       2.801852767
          0,           0,         432,      -1.639298176,       1.079482149,       1.045865233,        4.00822773,       1.154188216,       2.648173827
          0,           0,         433,      -1.736786566,      0.8276683978,      0.9485772312,       3.900225678,       1.155187095,       2.589512593
          0,           0,         434,      -1.760983928,      0.8025179964,       0.896977762,        3.90439499,       1.155315864,       2.566077343
          0,           0,         435,       -1.75254101,      0.7857277535,      0.9089820296,       3.899043731,       1.156372503,       2.571410228
          0,           0,         436,      -1.696630505,      0.7945528738,      0.9719834877,       3.987610963,       1.159380053,        2.59394292
          0,           0,         437,      -1.624390231,      0.8211262549,       1.067477094,       4.052076891,       1.163474712,       2.645374319
          0,           0,         438,      -1.624781392,      0.8326706526,       1.068411198,       4.067719116,       1.171584723,       2.697551027
          0,           0,         439,      -1.581535672,      0.9783595675,       1.138459799,       4.115869955,       1.179497419,       2.736075229
          0,           0,         440,       -1.54429221,        1.05406656,       1.198839771,       4.181130206,       1.195915625,       2.760707971
          0,           0,         441,      -1.485031122,       1.114005797,       1.276799163,       4.208869393,       1.210087893,       2.759715945
          0,           0,         442,      -1.624040199,      0.9782480986,        1.12852354,       4.088226824,       1.170981572,       2.564393707
          0,           0,         443,      -1.652218357,       0.867533844,       1.072298196,        4.00592335,       1.168229459,       2.404494738
          0,           0,         444,      -1.720345875,      0.7956212779,       1.003953704,       3.870290306,       1.170010645,       2.355626712
          0,           0,         445,      -1.746955185,      0.7340827662,       0.959828573,       3.891749631,       1.171326185,       2.340931119
          0,           0,         446,      -1.815652605,       0.689212752,      0.8715356658,       3.826754632,       1.172366888,       2.339178433
          0,           0,         447,      -1.824831622,      0.6669924167,      0.8284058103,       3.837819138,       1.173773978,       2.321982213
          0,           0,         448,      -1.775759233,      0.6655347217,      0.8601622822,       3.881001816,       1.175395483,       2.311825866
          0,           0,         449,      -1.676318269,      0.7104357135,      0.9996561011,       3.994704621,        1.17722684,       2.290706276
          0,           0,         450,      -1.623761073,      0.7583517031,       1.071990449,        4.05935436,       1.179752693,       2.193523492
          0,           0,         451,       -1.61907561,       0.790265006,       1.082868858,       4.078243504,       1.180646466,       2.203744815
          0,           0,         452,      -1.617582978,        0.81783666,       1.099844045,       4.145231615,       1.188132236,       2.294626671
          0,           0,         453,      -1.519059624,       1.035148568,       1.266626853,       4.208601778,       1.241868323,       2.462925889
          0,           0,         454,      -1.443390275,       1.102662068,       1.465686579,       4.228307348,       1.243846326,       2.764214366
          0,           0,         455,       -1.35741918,       1.241465582,       1.477155318,       4.278750678,       1.233403182,       3.004240143
          0,           0,         456,       -1.48710224,       1.239642059,       1.312719131,       4.200685632,       1.176632785,       2.969456112
          0,           0,         457,      -1.587217706,       1.117417666,       1.207941931,       4.046735825,       1.169434459,       2.828330051
          0,           0,         458,      -1.666427281,      0.8909703692,       1.132429645,        3.95318654,        1.16838188,       2.755921105
          0,           0,         459,      -1.732733555,      0.8457387185,       1.077299854,       3.887839262,       1.168408776,       2.707582536
          0,           0,         460,      -1.733299713,       0.829824434,       1.067458652,       3.884270638,       1.169634987,       2.683199506
          0,           0,         461,      -1.752753596,      0.8120309417,       1.043742585,       3.876666522,       1.170867004,       2.657772273
          0,           0,         462,       -1.76132188,      0.7947523719,       1.023674945,       3.851453284,       1.172001712,       2.632336968
          0,           0,         463,      -1.769130076,      0.7784330933,       1.000793949,       3.844654312,       1.172891985,       2.600559097
          0,           0,         464,      -1.819428385,      0.7466325602,      0.9430049595,       3.789957202,       1.173495948,       2.580368331
          0,           0,         465,      -1.845186342,      0.7262866239,      0.8983490194,       3.775849717,       1.173774755,       2.554605838
          0,           0,         466,      -1.843422376,      0.7107520052,      0.8785872007,       3.775968819,       1.173874457,       2.552350341
          0,           0,         467,      -1.816911071,      0.7002310985,      0.8862367346,       3.863567445,       1.174061658,       2.549428422
          0,           0,         468,      -1.764958674,      0.7011517951,       0.907323848,       3.928527508,       1.174504958,       2.602216644
          0,           0,         469,       -1.74621475,      0.6999368164,      0.9144052553,       3.963585901,        1.17564135,       2.652453261
          0,           0,         470,      -1.689464739,      0.7188088948,      0.9942077569,       4.056015534,       1.176108101,        2.75825641
          0,           0,         471,      -1.621415796,      0.7657711027,       1.084092879,       4.120869423,       1.178539307,       2.825752968
          0,           0,         472,      -1.559823853,      0.8995760097,       1.157779594,       4.140314406,       1.184753859,       2.851799512
          0,           0,         473,      -1.588452016,       0.891584856,       1.123966496,       4.106561916,       1.197078377,       2.888297395
          0,           0,         474,      -1.554217122,       1.009319705,       1.190364453,       4.147917236,       1.253679433,       2.830360159
          0,           0,         475,      -1.541936757,       1.090532177,       1.214364572,       4.159571336,       1.269702293,        2.80613806
          0,           0,         476,      -1.498064802,       1.207325012,       1.275800835,        4.17335086,       1.294667264,       2.809336664
          0,           0,         477,      -1.389891439,       1.324540525,       1.366161257,       4.259372268,       1.323131667,       2.782229303
          0,           0,         478,      -1.330404819,       1.471394211,       1.512417821,       4.324054466,       1.346227158,       2.938575269
          0,           0,         479,      -1.302292755,       1.484448017,       1.546447359,        4.34166686,       1.365602406,       3.204756625
          0,           0,         480,      -1.350074439,       1.505969745,       1.389635238,       4.281400316,       1.383620341,        3.32173266
          0,           0,         481,      -1.407378676,       1.489886811,       1.339942415,       4.254674371,       1.376141448,         3.2768663
          0,           0,         482,      -1.380252407,        1.50708876,       1.343463661,       4.277464047,       1.395569118,       3.171823989
          0,           0,         483,      -1.384633708,       1.506673702,       1.304245806,       4.282180329,         1.3957786,       3.071755486
          0,           0,         484,      -1.395669987,       1.519645051,        1.27797596,       4.260423808,       1.395666275,       3.149494794
          0,           0,         485,      -1.389022819,       1.511315153,       1.326925859,        4.25030292,       1.400777066,       3.194688476
          0,           0,         486,      -1.344664789,       1.524368091,       1.466245014,       4.279261137,       1.377438602,        3.21467736
          0,           0,         487,       -1.28743307,       1.524836199,       1.543288447,       4.335801372,       1.387858833,       3.248027134
          0,           0,         488,      -1.315980563,       1.532641212,       1.400183994,        4.29894018,       1.416106179,       3.234934159
          0,           0,         489,      -1.378664378,        1.52579271,       1.349587201,        4.24313751,       1.254917755,       3.059222934
          0,           0,         490,      -1.439051965,       1.474175508,          1.296341,       4.179253322,       1.257730052,       2.999591976
          0,           0,         491,      -1.487825491,       1.424528308,       1.262916539,       4.130623261,        1.26049551,       2.932077246
          0,           0,         492,      -1.572332915,       1.382800613,       1.201023634,       4.057517677,       1.263019464,        2.85929847
          0,           0,         493,       -1.62481388,       1.319235396,       1.169463875,        4.00051134,       1.265179948,       2.786281969
          0,           0,         494,      -1.682611276,        1.15639083,       1.135676213,       3.957066479,       1.266909785,        2.71911895
          0,           0,         495,      -1.713440808,        1.05615085,       1.108492167,       3.901574183,       1.269158673,       2.661724911
          0,           0,         496,      -1.756293424,       1.007280976,        1.06116555,       3.871463616,       1.271940461,       2.614048861
          0,           0,         497,      -1.725334756,      0.9874964219,       1.054951311,       3.928659785,       1.274413836,       2.577274963
          0,           0,         498,      -1.793382545,      0.9608375809,      0.9776078922,       3.830801065,       1.273249159,        2.56656069
          0,           0,         499,      -1.715338221,      0.9532880224,       1.009358106,       3.908037219,       1.270271627,       2.612701395
          0,           0,         500,      -1.670203991,       0.946476545,       1.043365742,       3.956405167,       1.268602308,       2.724679869
          0,           0,         501,      -1.633859385,      0.9510723151,       1.077544622,       4.055686352,       1.269559603,       2.864036213
          0,           0,         502,       -1.57419197,      0.9589468621,       1.121542863,       4.119079709,       1.271545777,       2.993044358
          0,           0,         503,      -1.579795482,      0.9801651954,       1.106433034,       4.134825876,       1.275710377,       3.100735519
          0,           0,         504,      -1.605321441,      0.9735848684,       1.090614184,       4.107125096,       1.280346442,       3.106180611
          0,           0,         505,      -1.590891521,       1.047799758,       1.107014814,       4.130165589,       1.296717596,       3.113244973
          0,           0,         506,      -1.410896243,        1.27076396,       1.325217958,       4.235629049,       1.353172897,       3.082900179
          0,           0,         507,      -1.378251581,       1.379052025,       1.353339304,       4.248614474,       1.382310673,       3.084358963
          0,           0,         508,      -1.392506414,       1.497895411,       1.336065768,       4.250111542,       1.406587564,       2.965463937
          0,           0,         509,      -1.348146855,       1.509353147,       1.510700878,       4.293998326,       1.421901527,       2.949102851
          0,           0,         510,       -1.29093695,       1.511339593,       1.559542303,       4.345450331,       1.427192425,       3.121939117
          0,           0,         511,      -1.329838572,        1.49578345,       1.399192366,       4.300770288,       1.413079025,       3.282073554
          0,           0,         512,      -1.381342066,       1.504885528,        1.35172216,       4.283016196,       1.414634941,         3.2473588
          0,           0,         513,      -1.385212767,       1.510057695,       1.317836909,       4.278891481,       1.413830447,       3.150323858
          0,           0,         514,      -1.380317296,        1.52375879,       1.310383307,       4.253229618,       1.404307474,       3.092329168
          0,           0,         515,      -1.386656697,       1.512640303,       1.293532297,       4.244476651,       1.398062815,       3.174340966
          0,           0,         516,      -1.400218336,       1.524095818,       1.314848275,       4.268480367,       1.383288893,       3.224019125
          0,           0,         517,       -1.34557095,       1.530850732,       1.479881556,       4.299317935,       1.380913881,       3.239335391
          0,           0,         518,      -1.284963816,       1.534495315,       1.546146494,       4.333278548,       1.395287698,        3.27936689
          0,           0,         519,      -1.338744321,       1.531429601,       1.384438805,       4.286247333,       1.387636797,       3.228514098
          0,           0,         520,      -1.362252878,       1.533018124,       1.370304966,       4.260810843,       1.391635286,       3.067575671
          0,           0,         521,       -1.37983638,       1.526976181,       1.316611536,       4.255559971,       1.375051209,       2.908807152
          0,           0,         522,       -1.42113261,         1.5177274,       1.229111248,       4.252676217,       1.347161892,       2.940739231
          0,           0,         523,      -1.427503072,       1.517134334,       1.234818391,       4.248252754,       1.343052079,       3.097749222
          0,           0,         524,      -1.349696411,       1.528007834,       1.469561948,        4.27671771,         1.3797753,       3.123341474
          0,           0,         525,      -1.293784256,       1.538759435,       1.501078357,       4.331197513,       1.374563405,       3.118943392
          0,           0,         526,      -1.334303443,       1.548709538,       1.415460837,       4.284189806,       1.366945759,       3.174619959
          0,           0,         527,      -1.380362203,       1.537926188,       1.350428262,       4.247756057,       1.354579007,       3.057077338
          0,           0,         528,      -1.415841947,       1.531813842,       1.276696278,       4.214976634,       1.337233963,       2.939037421
          0,           0,         529,      -1.421558207,       1.525308424,       1.238434548,       4.215606612,       1.340124878,       2.988887907
          0,           0,         530,      -1.366834189,       1.532683231,       1.321099909,       4.260678996,       1.377674662,       3.083631106
          0,           0,         531,      -1.337386313,       1.530579425,       1.502659953,       4.294826818,       1.383949809,       3.116351111
          0,           0,         532,      -1.270075368,       1.534144701,       1.560969374,       4.349979771,       1.379096443,       3.107090347
          0,           0,         533,      -1.322224593,       1.528978765,       1.385296455,       4.298975524,       1.360207365,       3.202490928
          0,           0,         534,      -1.417364969,       1.518099734,       1.283594465,       4.217043222,       1.325304005,       3.105913062
          0,           0,         535,      -1.434885523,       1.518988708,       1.237837197,       4.188618496,       1.332572988,         2.9873082
          0,           0,         536,      -1.353097462,       1.546992979,       1.348714654,       4.247459569,       1.383885943,       2.951730049
          0,           0,         537,      -1.355598788,       1.542073043,       1.341083288,       4.264075352,       1.393935949,       3.081016605
          0,           0,         538,      -1.359369085,       1.540703571,       1.354413021,       4.269830689,       1.386122804,       3.116919519
          0,           0,         539,      -1.360180131,       1.530100206,       1.466402906,       4.276180486,       1.367478538,       3.081265719
          0,           0,         540,      -1.313311804,       1.530220278,        1.52518796,       4.303074854,       1.339084537,       3.182585524
          0,           0,         541,      -1.356331055,       1.530701825,       1.352976561,       4.275646386,       1.339294214,       3.203049577
          0,           0,         542,      -1.369554572,       1.536480445,       1.354763827,       4.261029158,       1.389550371,        3.09866536
          0,           0,         543,      -1.356186328,       1.541009092,       1.354099166,       4.303196089,       1.400147139,       2.985259945
          0,           0,         544,      -1.345817902,       1.549673234,       1.355248761,       4.295043419,       1.400937637,       2.934371793
          0,           0,         545,      -1.363326856,       1.541340855,       1.373883375,       4.262278013,       1.377633529,       3.046752567
          0,           0,         546,       -1.32102892,       1.529656931,       1.520666741,       4.291241139,       1.347219985,       3.082382749
          0,           0,         547,      -1.289910612,       1.531517501,       1.486009817,         4.3239353,       1.351954425,       3.135049207
          0,           0,         548,      -1.326675118,       1.542358562,        1.42162635,         4.2998987,        1.40407432,       3.200107345
          0,           0,         549,      -1.363678958,       1.538510763,        1.36786645,        4.26562819,       1.410297232,       3.081333439
          0,           0,         550,       -1.38099146,       1.534634217,       1.301496492,       4.270646375,       1.397997813,       2.960543683
          0,           0,         551,      -1.369345707,       1.539474906,       1.316471357,        4.27760437,        1.37579466,       3.044847823
          0,           0,         552,      -1.393297363,       1.530251745,       1.275544192,       4.244384571,       1.356045389,       3.125780976
          0,           0,         553,      -1.351073583,       1.539167588,       1.436393666,       4.260870329,       1.351675974,       3.148367177
          0,           0,         554,      -1.273151022,       1.548743133,       1.570852739,       4.333472913,        1.39345123,       3.078761204
          0,           0,         555,      -1.289876025,       1.540467272,       1.469063269,       4.338035295,       1.397025632,       3.204378273
          0,           0,         556,      -1.336987577,       1.544312325,       1.406279072,       4.301757395,       1.398076643,       3.259467701
          0,           0,         557,      -1.355018605,       1.543689246,       1.364221553,       4.275928767,       1.370327982,       3.169377964
          0,           0,         558,      -1.402926923,       1.529807054,       1.268742066,       4.257510598,       1.339451676,       3.085441747
          0,           0,         559,      -1.410426163,       1.530381889,       1.255373355,       4.235979903,       1.343872268,       3.128840209
          0,           0,         560,      -1.366890116,       1.543456297,        1.32590873,       4.246065265,       1.401205987,       3.180565462
          0,           0,         561,       -1.36079306,       1.540149447,       1.391662239,       4.268908284,       1.407946107,       3.184562376
          0,           0,         562,      -1.298052878,       1.537634872,       1.547896935,       4.328334889,       1.398150508,       3.134302493
          0,           0,         563,      -1.279426224,       1.541469794,       1.489039696,       4.336603631,       1.379020141,       3.232263399
          0,           0,         564,      -1.360371816,       1.533094448,       1.377139026,       4.262040658,       1.369455991,       3.266985163
          0,           0,         565,      -1.375905293,       1.529838816,       1.333714179,       4.265128211,       1.367102539,       3.186483503
          0,           0,         566,      -1.359834804,       1.547331843,       1.340918281,       4.265133174,        1.41401622,       3.113966392
          0,           0,         567,      -1.359322207,       1.549718597,       1.351564629,       4.270593548,       1.375575641,       3.119382133
          0,           0,         568,      -1.473323132,       1.434248445,       1.185801571,       4.153013405,       1.240895826,       3.051254508
          0,           0,         569,      -1.628932993,       1.385544624,       1.059190651,       4.019920255,       1.228232153,       3.009092251
          0,           0,         570,      -1.633165816,       1.189706884,       1.035813897,       4.025167114,       1.218901405,       2.985157091
          0,           0,         571,      -1.573522616,       1.296287318,       1.075534644,        4.10210554,        1.22255585,       3.024028705
          0,           0,         572,      -1.502357919,       1.402586782,       1.138847878,       4.163809713,       1.245618487,       3.052843188
          0,           0,         573,      -1.482958656,       1.433605346,       1.161972769,        4.20045517,       1.272788405,       3.085466332
          0,           0,         574,      -1.444672298,       1.484648765,       1.207255083,       4.227425149,       1.306423004,       3.106317447
          0,           0,         575,      -1.378235392,       1.513797406,       1.459100205,       4.249537254,       1.350723785,       3.106698208
          0,           0,         576,      -1.262516879,       1.552705977,       1.577002676,       4.354292448,       1.354566155,        3.19491229
          0,           0,         577,       -1.41820175,       1.446209101,       1.371560331,        4.25093626,       1.207282387,       3.123531598
          0,           0,         578,      -1.567768552,       1.152123718,        1.23064851,       4.077930514,       1.197918169,       3.003905533
          0,           0,         579,      -1.591008625,       1.292178806,        1.14250415,       4.073413836,       1.202138468,       2.955952475
          0,           0,         580,      -1.569136774,       1.304935601,       1.112469612,       4.140449502,       1.206585009,       2.931767844
          0,           0,         581,      -1.561737332,        1.34845606,       1.076150408,       4.138372435,       1.225239312,       2.943811801
          0,           0,         582,      -1.528629429,       1.445810921,       1.086617304,       4.162034599,       1.262575376,        3.01207589
          0,           0,         583,      -1.439626428,       1.475505496,         1.2040535,       4.234256794,       1.304573247,       3.055787941
          0,           0,         584,       -1.35047344,       1.529580128,       1.339550842,       4.275129631,       1.376323142,       2.978999593
          0,           0,         585,      -1.374537684,       1.525092307,       1.299910383,       4.270099023,       1.332379987,       2.883891004
          0,           0,         586,      -1.503958377,       1.410241064,       1.138105546,       4.187650624,       1.223830633,       2.724747413
          0,           0,         587,      -1.511476698,       1.441226526,       1.109279242,       4.145630824,       1.251947749,       2.828131659
          0,           0,         588,      -1.386826165,       1.504702447,         1.3449675,       4.249394489,       1.297583552,       2.854530909
          0,           0,         589,      -1.348408747,       1.527944787,       1.491526294,       4.277497509,       1.338381957,       2.912098421
          0,           0,         590,      -1.304445089,       1.536808205,       1.498182056,       4.317212705,       1.313056173,       3.127299094
          0,           0,         591,      -1.451023894,       1.443395123,       1.355896203,       4.220354578,       1.153525855,       3.163873356
          0,           0,         592,       -1.56340257,        1.16053022,       1.252521872,       4.125880733,       1.112326813,       3.010326783
          0,           0,         593,      -1.671411599,       1.096954975,       1.144674131,       3.962426599,       1.107758744,       2.897267606
          0,           0,         594,      -1.761961668,       1.021437113,       1.069599602,       3.842188509,       1.107237286,        2.82090088
          0,           0,         595,      -1.783707282,       1.003047741,        1.04631241,       3.849414046,       1.107637075,       2.779566544
          0,           0,         596,      -1.794746847,      0.9934944464,       1.032532457,       3.806078827,       1.108549145,       2.755049266
          0,           0,         597,      -1.817530253,      0.9844340689,       1.011707073,       3.790717811,       1.109385159,       2.732959905
          0,           0,         598,      -1.807327774,      0.9776982127,       1.009645444,       3.793679209,        1.11014399,       2.713140827
          0,           0,         599,      -1.812959578,      0.9711856512,      0.9995444185,       3.789257796,       1.110826673,       2.695410805
          0,           0,         600,      -1.826227513,      0.9649605775,      0.9848170236,       3.779766589,       1.111433919,       2.679624842
          0,           0,         601,       -1.85174374,      0.9585378081,        0.96240034,       3.752466756,       1.112255828,       2.667705184
          0,           0,         602,      -1.865356894,      0.9522287544,      0.9459213188,       3.742281159,       1.113097252,       2.657022654
          0,           0,         603,      -1.873860214,      0.9458296573,      0.9298057926,       3.740262032,       1.113890388,       2.649293756
          0,           0,         604,      -1.889011518,      0.9383462721,      0.9059569104,       3.719825446,       1.114538883,       2.646678057
          0,           0,         605,      -1.891571736,      0.9312635475,       0.890787446,       3.727222302,       1.114928142,       2.651786817
          0,           0,         606,      -1.870019283,       0.925369796,      0.8879571232,       3.754101646,       1.114956865,       2.667115292
          0,           0,         607,      -1.817599499,      0.9212756099,      0.9235846685,       3.803724159,       1.114530765,       2.694795482
          0,           0,         608,      -1.790160322,      0.9158915399,      0.9281427245,       3.924320967,       1.113713667,       2.735255777
          0,           0,         609,       -1.71506159,       0.916795183,      0.9905180806,       3.973901931,       1.112172674,       2.787374363
          0,           0,         610,      -1.720620957,      0.9015839418,      0.9670157632,       4.004862441,       1.109143586,       2.848371865
          0,           0,         611,      -1.736007703,      0.8944825081,      0.9368578834,       4.010903225,       1.106076124,       2.915175701
          0,           0,         612,      -1.683571178,      0.8944473755,      0.9931409871,       4.031328256,        1.10353226,       2.992175341
          0,           0,         613,      -1.639295291,      0.9108755478,        1.04109453,       4.066975366,        1.10209404,       3.033943117
          0,           0,         614,      -1.629085665,      0.9095200543,       1.042062364,       4.104844901,       1.101158863,       3.033817657
          0,           0,         615,      -1.571247105,       1.048427126,       1.140794275,       4.144543531,       1.109634168,       3.009857918
          0,           0,         616,      -1.449844948,       1.187116189,        1.30026985,       4.203392146,       1.207805512,       2.938127734
          0,           0,         617,      -1.412560995,         1.2666418,       1.310951148,       4.224643054,        1.23481941,       2.837069984
          0,           0,         618,      -1.430755621,         1.4320177,       1.263714731,       4.220886831,       1.284977578,       2.860500434
          0,           0,         619,      -1.429521572,       1.475506663,       1.224726534,       4.241474481,       1.324047754,       2.879774949
          0,           0,         620,      -1.343867396,       1.516538141,       1.492820948,        4.28551905,       1.335958548,       2.943637426
          0,           0,         621,       -1.31392835,       1.503369824,       1.501133271,       4.304113108,       1.320017793,       3.124781819
          0,           0,         622,      -1.348365425,       1.514204352,       1.427110885,       4.308564483,        1.33336442,        3.23044157
          0,           0,         623,      -1.385359805,       1.511832207,       1.356726884,       4.276927008,        1.33629728,       3.269191111
          0,           0,         624,      -1.402991228,       1.520722693,       1.296522185,       4.244011127,       1.337076643,       3.205127542
          0,           0,         625,      -1.385942038,       1.515459079,       1.290425664,       4.234783995,          1.336314,        3.09279982
          0,           0,         626,      -1.378845303,       1.518438273,       1.311070628,       4.266247844,       1.323002712,       2.991484067
          0,           0,         627,      -1.338874138,       1.525434024,        1.48516072,       4.300349872,       1.335420677,       2.949592506
          0,           0,         628,      -1.280271234,       1.538892106,       1.563996925,        4.32299438,       1.373142452,       3.128713398
          0,           0,         629,      -1.319599154,       1.528660759,       1.423990083,       4.276282021,       1.367163635,       3.237232905
          0,           0,         630,      -1.386710603,       1.524828898,       1.351681331,       4.245175826,       1.347180676,        3.26149406
          0,           0,         631,      -1.418484084,       1.521422836,       1.281326138,        4.23289256,       1.349418302,       3.068416427
          0,           0,         632,      -1.408289705,       1.530504684,       1.268303224,       4.247572337,       1.380215199,       2.883138883
          0,           0,         633,       -1.37799156,       1.532877901,       1.306459014,       4.236814372,       1.374483589,       3.076036835
          0,           0,         634,      -1.387874003,       1.532709926,       1.285008443,       4.248303643,       1.356234324,       3.199849157
          0,           0,         635,      -1.344968886,       1.539888843,       1.453854248,        4.31515601,         1.3563173,       3.206151775
          0,           0,         636,       -1.27468551,       1.546430026,       1.566353361,       4.357502093,       1.386783615,       3.175822891
          0,           0,         637,      -1.311447085,       1.540773685,       1.429135688,       4.323620234,        1.37805906,       3.220516654
          0,           0,         638,      -1.396375304,       1.530861249,       1.336239261,       4.244307475,        1.34817442,        3.19586463
          0,           0,         639,      -1.383412476,       1.531686411,       1.326918902,       4.249319914,       1.348286989,       3.101714591
          0,           0,         640,      -1.365093153,       1.541741039,       1.333039158,       4.276770672,       1.372012378,       3.025074234
          0,           0,         641,      -1.380251484,       1.537053963,       1.307991865,       4.254075752,       1.366236492,       3.146178559
          0,           0,         642,      -1.400858425,       1.531252367,        1.26010799,       4.249778965,       1.345440546,       3.207957609
          0,           0,         643,      -1.370844868,       1.527892268,       1.477274401,       4.276658421,       1.342061747,       3.185575386
          0,           0,         644,       -1.27889838,       1.533626022,        1.55703058,       4.346264245,       1.307330294,         3.1384957
          0,           0,         645,      -1.463143371,       1.431138287,       1.325060771,       4.152487528,       1.205634748,       3.097940932
          0,           0,         646,      -1.515971269,       1.413546592,        1.20539657,       4.106497629,       1.177205569,       3.036647249
          0,           0,         647,      -1.535464923,       1.338132144,        1.17286192,        4.10164229,       1.134575039,       2.902498018
          0,           0,         648,      -1.511956532,       1.341415899,       1.189222558,       4.118137869,       1.157619549,       2.805349268
          0,           0,         649,      -1.493587993,       1.399855003,       1.197298636,       4.157572396,       1.182113634,       2.752505005
          0,           0,         650,      -1.442345915,       1.474621992,         1.2503185,       4.196272318,       1.271950557,       2.923477053
          0,           0,         651,      -1.428525127,       1.497395907,       1.234488813,        4.22286532,       1.303891454,       3.016064676
          0,           0,         652,      -1.402674702,        1.52317998,       1.254729945,       4.263184599,       1.346621537,       3.037341417
          0,           0,         653,      -1.409105072,       1.520795911,       1.251235585,       4.240572874,       1.341689293,       2.979014885
          0,           0,         654,      -1.359181014,       1.520840331,       1.466311452,       4.278223683,       1.338870878,       2.869361814
          0,           0,         655,      -1.287086911,       1.543089285,       1.527656514,       4.332813258,       1.334326436,       3.023273673
          0,           0,         656,      -1.328147444,       1.532713693,       1.426823663,       4.305209598,       1.302180429,       3.163253027
          0,           0,         657,      -1.364891419,       1.532938117,       1.369099932,       4.261841315,        1.29090053,       3.213473602
          0,           0,         658,      -1.367729771,       1.537489454,       1.354873803,       4.247177526,       1.316368562,       3.180552375
          0,           0,         659,      -1.376022968,       1.532451446,       1.316549634,        4.26394895,       1.319640228,       3.104670276
          0,           0,         660,      -1.398893267,       1.528593581,       1.292512644,       4.259112598,       1.299351345,       3.011218625
          0,           0,         661,      -1.365166147,       1.525129616,       1.458303519,       4.264088077,       1.282930184,       2.934143077
          0,           0,         662,      -1.293135446,       1.533753497,       1.527210282,       4.308254792,       1.257694099,        3.13265015
          0,           0,         663,       -1.35022578,       1.532111786,       1.390169196,       4.306934029,        1.27377073,       3.132903666
          0,           0,         664,      -1.355912464,       1.540346157,        1.36347629,       4.298079466,       1.320278331,       2.965964321
          0,           0,         665,      -1.383963304,       1.538990084,       1.311684753,       4.258558038,       1.315763153,       2.784431166
          0,           0,         666,      -1.405212422,        1.53570774,       1.267137889,       4.231946586,       1.318320426,       2.881446148
          0,           0,         667,      -1.383904045,       1.531847276,       1.352515129,        4.26224377,         1.3180734,       3.017812378
          0,           0,         668,      -1.326705793,       1.537158815,       1.514401754,       4.305041919,       1.293305096,       3.059235927
          0,           0,         669,      -1.305522188,       1.536127127,       1.462805766,       4.298627407,       1.296304015,       3.135405507
          0,           0,         670,      -1.327694777,       1.539629094,       1.412142299,       4.291178745,       1.330238358,       3.204137047
          0,           0,         671,      -1.394636124,        1.53284838,       1.321993001,       4.250095705,       1.329791766,       3.086783147
          0,           0,         672,      -1.424003429,       1.528586743,       1.238651819,        4.24093017,       1.310869877,       2.926985674
          0,           0,         673,      -1.417346569,       1.530745027,       1.248726889,       4.220579562,       1.301661213,       3.027322922
          0,           0,         674,      -1.381470829,       1.538535976,       1.298426825,       4.239294123,        1.28586145,       3.136744147
          0,           0,         675,       -1.34912965,        1.54105571,       1.451512302,        4.27729119,       1.300431617,       3.104424766
          0,           0,         676,      -1.287209375,       1.547816212,       1.563472767,       4.319541785,       1.332418878,       3.086137261
          0,           0,         677,      -1.288565036,       1.540302454,       1.463780096,       4.311741344,       1.318385053,       3.217869335
          0,           0,         678,      -1.366520521,       1.533967967,       1.373231306,       4.263232786,       1.307183378,       3.240775135
          0,           0,         679,       -1.37873622,       1.532820941,       1.335694931,       4.274953049,       1.310287224,       3.178118622
          0,           0,         680,      -1.397554247,       1.532302857,       1.274647371,       4.242703493,       1.306828334,         3.0745813
          0,           0,         681,      -1.419089506,       1.534705568,         1.2485822,       4.218133265,       1.302077197,        3.12885701
          0,           0,         682,      -1.371711261,       1.544819537,        1.31379892,       4.272712619,       1.294900788,       3.172430251
          0,           0,         683,      -1.339430304,       1.545913456,       1.423779404,       4.292366909,       1.304273544,       3.162680215
          0,           0,         684,      -1.277267306,       1.548872117,       1.568273169,       4.328839231,       1.319241399,       3.148329112
          0,           0,         685,      -1.281788334,       1.545111197,       1.489810806,       4.336918651,       1.310758428,        3.25712246
          0,           0,         686,      -1.388857703,       1.529395267,       1.351290498,        4.24300712,       1.279397975,       3.292840846
          0,           0,         687,       -1.40642818,       1.530812586,       1.308014206,       4.238800976,        1.29031478,         3.1983534
          0,           0,         688,       -1.36483607,       1.544926413,       1.335036544,       4.277171935,       1.326958682,       3.085876737
          0,           0,         689,      -1.370575011,       1.540550203,        1.32888274,       4.261431648,       1.324450612,       3.127329528
          0,           0,         690,       -1.39358591,        1.53476824,       1.277488119,       4.250013487,       1.315312059,       3.185165821
          0,           0,         691,      -1.384236052,       1.530751285,       1.373217427,       4.264919643,       1.305424621,       3.163989111
          0,           0,         692,       -1.33145786,        1.53018316,       1.528488217,       4.287335349,       1.226338401,       3.050546151
          0,           0,         693,      -1.471302971,       1.441048462,       1.273477461,       4.153038349,       1.002771629,       3.044472725
          0,           0,         694,      -1.576592852,       1.132554126,       1.235019539,       4.072644098,      0.9401171656,       2.898245143
          0,           0,         695,      -1.601362976,       1.112016157,       1.193904036,       4.026429252,      0.9305495928,       2.811219386
          0,           0,         696,      -1.816720341,       1.028890808,       1.032593827,       3.830941196,      0.9307604143,       2.767853668
          0,           0,         697,      -1.823669639,       1.013657637,       1.015394706,       3.819914268,      0.9318158823,       2.739533663
          0,           0,         698,      -1.839147892,       1.005480293,      0.9998773891,       3.811936856,      0.9333669521,       2.723797035
          0,           0,         699,      -1.851175121,      0.9984427379,       0.986351726,       3.793161975,      0.9347834491,       2.709736303
          0,           0,         700,      -1.862067974,      0.9921803733,      0.9734700723,        3.77597561,      0.9360760694,       2.697103731
          0,           0,         701,       -1.87215462,      0.9868722972,      0.9610628908,       3.777168546,      0.9372618904,       2.685663717
          0,           0,         702,      -1.881231076,      0.9817222474,      0.9492444845,       3.755506763,      0.9383421782,       2.675196735
          0,           0,         703,      -1.889476824,      0.9773455822,      0.9378351534,       3.749040398,      0.9393414433,       2.665512502
          0,           0,         704,      -1.898032714,      0.9734871293,      0.9260667762,       3.764197631,       0.940271918,       2.656465072
          0,           0,         705,      -1.907973701,      0.9693210801,      0.9136371357,       3.730474139,      0.9411308392,       2.647915754
          0,           0,         706,      -1.916097091,      0.9658670846,      0.9021366938,       3.723747757,       0.941943918,       2.639753679
          0,           0,         707,      -1.918748751,        0.96283361,      0.8924832849,       3.718808789,      0.9427228205,       2.631890822
          0,           0,         708,      -1.915756579,      0.9603887049,      0.8865005402,       3.733240533,      0.9434767696,       2.624259745
          0,           0,         709,      -1.915147527,       0.957597182,      0.8797504773,       3.711982236,       0.944423773,       2.618627435
          0,           0,         710,       -1.91594218,      0.9546570421,      0.8706301819,       3.707790497,      0.9455475208,       2.613385694
          0,           0,         711,      -1.923501826,      0.9511172766,      0.8528891354,       3.703272584,      0.9468953656,        2.60915022
          0,           0,         712,      -1.923845415,      0.9467149005,      0.8386287567,       3.690892852,      0.9485296748,        2.60555412
          0,           0,         713,      -1.815182393,      0.9497968058,      0.9240336859,       3.784539174,       0.950618706,       2.610020342
          0,           0,         714,      -1.795164315,      0.9466635726,      0.9329717176,       3.800261244,      0.9533187969,        2.60804468
          0,           0,         715,      -1.758537492,      0.9453927173,      0.9558052065,       3.861570009,       0.956893175,       2.625853458
          0,           0,         716,      -1.712071209,      0.9437891694,      0.9932232726,       3.924279132,      0.9615341695,       2.638344207
          0,           0,         717,      -1.691893743,        0.94024672,       1.006865811,       3.915375687,      0.9670504676,       2.681168778
          0,           0,         718,      -1.693611114,      0.9324962089,      0.9910556475,       3.903742933,      0.9739613722,       2.724185202
          0,           0,         719,       -1.72939142,      0.9225605155,      0.9430120514,       3.912435445,      0.9829064827,       2.767398029
          0,           0,         720,      -1.780823567,      0.9139188728,      0.8646074138,        3.91494492,      0.9913560979,       2.808890545
          0,           0,         721,      -1.648128159,      0.9360327041,       1.024300644,       4.025102395,         0.9961302,       2.845524495
          0,           0,         722,      -1.614501038,      0.9753650774,       1.073605867,       4.118372076,       1.003156697,       2.845560455
          0,           0,         723,       -1.60817053,       1.007060454,       1.081293979,       4.113784135,       1.014631004,       2.879431128
          0,           0,         724,       -1.50000412,       1.140217977,       1.234694737,       4.143483465,       1.146730629,       2.873121177
          0,           0,         725,      -1.452662146,       1.300588532,       1.288148133,       4.196972659,        1.18717453,       2.867598593
          0,           0,         726,       -1.39789487,       1.458925038,       1.334519003,       4.253915786,        1.24613134,       2.744066326
          0,           0,         727,      -1.356240721,       1.492944048,       1.439258507,       4.308143414,        1.24169669,       2.682451409
          0,           0,         728,      -1.355248831,       1.429132871,       1.520743888,       4.271397223,       1.093277112,       2.731606083
          0,           0,         729,      -1.540070952,       1.210692922,       1.257448861,       4.095876798,       1.052607569,       2.808416439
          0,           0,         730,      -1.628052766,      0.9510834615,       1.130626538,       4.056433787,       1.061109087,       2.802328332
          0,           0,         731,      -1.641282727,       1.114001741,       1.044736283,        4.08773429,       1.048157271,       2.849380734
          0,           0,         732,      -1.559404715,       1.182550737,       1.124375327,       4.144208844,       1.083352838,       2.824816559
          0,           0,         733,      -1.540036108,        1.27673083,       1.142088943,       4.162813815,       1.113453597,       2.742355029
          0,           0,         734,      -1.489948089,       1.433597013,       1.228632159,       4.215294251,       1.181694114,       2.817166765
          0,           0,         735,      -1.378114372,       1.472202888,       1.461139517,       4.287176209,        1.23404757,       2.885432682
          0,           0,         736,      -1.276751051,       1.521325331,       1.530124618,        4.33005714,       1.326031686,       3.153751591
          0,           0,         737,      -1.309597189,       1.523076826,       1.440033981,       4.317943617,       1.289215943,       3.221523601
          0,           0,         738,      -1.472892652,       1.405405095,       1.296174605,       4.164616949,       1.089691572,       3.013021089
          0,           0,         739,      -1.579577392,       1.248268453,       1.208145551,       4.078188329,       1.050574014,       2.825523534
          0,           0,         740,      -1.626128005,      0.9890805882,       1.131881584,       4.072738238,       1.025302261,       2.783418861
          0,           0,         741,      -1.592505396,        1.23431175,       1.106812676,        4.11906984,      0.9791468404,       2.826221257
          0,           0,         742,      -1.507516581,       1.338815333,       1.186679953,       4.156250704,      0.9983896331,       2.952030809
          0,           0,         743,       -1.49264534,       1.364874943,       1.188801443,       4.162009317,       1.056949594,       3.068757022
          0,           0,         744,      -1.426328631,       1.479750177,        1.26322607,       4.229882102,       1.211156712,       3.086919055
          0,           0,         745,       -1.39514051,       1.503485859,       1.290935415,       4.250513336,       1.282347887,       3.102599537
          0,           0,         746,      -1.392751502,        1.51437023,       1.288308252,       4.234309271,       1.241686814,       3.051466485
          0,           0,         747,      -1.498993076,       1.409103861,       1.249351986,       4.181308372,      0.9566220094,        2.92640016
          0,           0,         748,      -1.587986064,       1.075543962,       1.270854492,       4.080547316,      0.8731313246,       2.835373928
          0,           0,         749,      -1.694228407,      0.9593829893,       1.058426826,        3.92855083,      0.8893169721,       2.725978495
          0,           0,         750,      -1.780904206,      0.8628124969,      0.9205532218,       3.872423882,       0.891254511,       2.690012228
          0,           0,         751,      -1.753634317,      0.8508669046,      0.8952029265,       3.927764614,       0.882751807,       2.683217358
          0,           0,         752,      -1.715774625,      0.8242720458,      0.9301632976,       3.998615171,      0.8746387163,       2.708140188
          0,           0,         753,      -1.662785715,      0.8409772104,       1.018005647,       4.047914728,      0.8713492856,       2.709152101
          0,           0,         754,      -1.588521009,      0.8510760524,       1.113386926,       4.088344763,      0.8742930926,       2.690138328
          0,           0,         755,      -1.598319522,      0.9639857256,        1.11545214,       4.138937576,      0.8983962848,        2.62965342
          0,           0,         756,      -1.463317006,       1.195555238,       1.296903272,       4.216393943,       1.091307386,       2.603845988
          0,           0,         757,      -1.462912059,       1.271944512,       1.295656036,       4.224421745,       1.136335119,       2.688446865
          0,           0,         758,      -1.374665954,       1.448559162,       1.401880302,       4.259169996,       1.220356042,       2.842473686
          0,           0,         759,      -1.308075472,       1.491288178,       1.515651338,       4.318901203,       1.277278639,       3.062796955
          0,           0,         760,      -1.300307839,       1.509399028,       1.507367264,       4.320638739,       1.296281728,       3.270977855
          0,           0,         761,       -1.35090987,       1.493536602,       1.395435855,       4.270916828,       1.283919601,       3.351237112
          0,           0,         762,      -1.387235699,       1.501556302,       1.349370631,       4.244349924,       1.296451814,       3.258855781
          0,           0,         763,      -1.397247498,       1.502177813,       1.304468041,       4.252237743,       1.294017335,       3.112978865
          0,           0,         764,      -1.383552096,       1.515766349,       1.291481001,       4.275880355,       1.303187949,        3.00571299
          0,           0,         765,      -1.368803701,       1.517991661,       1.357976381,       4.292061211,       1.295624183,       3.097801353
          0,           0,         766,      -1.321783319,       1.525805317,       1.529449547,       4.300441305,       1.273974857,       3.167299068
          0,           0,         767,      -1.290813401,       1.525271928,       1.492521263,       4.334801136,       1.287798429,       3.221672403
          0,           0,         768,      -1.339679356,       1.535319617,       1.412515146,       4.310154096,       1.337972898,        3.22887053
          0,           0,         769,      -1.399363932,       1.527020283,       1.327591041,       4.252041844,       1.322974231,       3.054117944
          0,           0,         770,      -1.414739414,       1.523156475,       1.259485866,       4.221797757,       1.302802027,       2.922415237
          0,           0,         771,      -1.377676013,       1.522634079,       1.300560351,       4.249566525,       1.303152121,       3.056652155
          0,           0,         772,      -1.367905653,        1.54627225,       1.322660807,       4.265817122,       1.336372076,       3.156972455
          0,           0,         773,      -1.383118749,        1.53464341,       1.381063654,        4.24192065,       1.314456565,       3.185419972
          0,           0,         774,      -1.330065439,       1.528949296,       1.532329493,       4.286512542,       1.279008838,       3.092071027
          0,           0,         775,      -1.284990284,       1.528596863,       1.483062693,       4.343363498,       1.284244904,       3.173394207
          0,           0,         776,      -1.331269901,       1.535153508,       1.410122926,        4.30425602,       1.323147774,       3.235503156
          0,           0,         777,      -1.397481051,       1.528552941,       1.319447266,       4.221702194,        1.31666852,       3.146948278
          0,           0,         778,      -1.428928167,       1.526513439,       1.241306126,       4.193532298,       1.291653492,       3.085095895
          0,           0,         779,      -1.395354642,       1.531233216,        1.28142686,       4.235166766,       1.288893686,       3.149461121
          0,           0,         780,      -1.369054177,       1.535427847,       1.310961944,       4.274530293,       1.313319804,       3.220417538
          0,           0,         781,      -1.377431071,       1.529547953,        1.36355833,       4.253850039,       1.304179059,       3.223791445
          0,           0,         782,      -1.328344126,       1.524131051,       1.529565666,        4.29466082,       1.269823189,       3.183737822
          0,           0,         783,      -1.291894457,        1.53902253,       1.481643793,       4.317156727,       1.274515659,       3.191179052
          0,           0,         784,      -1.316422761,       1.549383626,       1.434330656,        4.29807667,       1.313574514,       3.221049099
          0,           0,         785,      -1.336138467,       1.550987167,       1.399893767,       4.282304646,       1.307928816,       3.138212323
          0,           0,         786,      -1.389335829,       1.537966735,       1.293163259,       4.237484743,       1.286960701,       3.082604578
          0,           0,         787,      -1.409460616,       1.528942853,       1.256315541,       4.239821392,       1.282856584,       3.160305319
          0,           0,         788,      -1.397117476,       1.535747217,       1.266695702,       4.242866232,       1.296488082,       3.219210594
          0,           0,         789,      -1.359459607,       1.536876236,       1.411024387,       4.248091008,       1.293021692,       3.209927899
          0,           0,         790,      -1.301448447,       1.531935799,       1.547433942,        4.29534647,       1.266972592,       3.155953936
          0,           0,         791,      -1.281151641,       1.542947629,       1.483293825,       4.324888713,       1.271375725,       3.195958844
          0,           0,         792,      -1.334464686,       1.545923927,       1.406505731,       4.300770176,       1.313619018,       3.241937992
          0,           0,         793,      -1.380578428,        1.53664216,       1.334337618,       4.247508767,       1.301547627,        3.14779266
          0,           0,         794,      -1.402043078,        1.53147437,       1.266621601,       4.220371796,       1.267695115,       3.069654213
          0,           0,         795,      -1.388128393,       1.538518075,       1.295836123,       4.266850678,       1.272035848,       3.136821208
          0,           0,         796,      -1.384672782,        1.53867642,       1.292201599,       4.278960119,       1.305323353,       3.194873018
          0,           0,         797,      -1.377227826,       1.533911796,       1.373140795,       4.264154058,      0.8733900943,       3.147844446
          0,           0,         798,      -1.451010782,        1.48685614,       1.233615296,       4.202415263,      0.8857931983,       3.091562976
          0,           0,         799,      -1.516996547,        1.43709382,       1.166296135,       4.131595143,      0.8979277214,        3.02697884
          0,           0,         800,       -1.58246252,       1.395479234,       1.115435221,       4.070385837,      0.9088212582,       2.956763365
          0,           0,         801,      -1.652953101,       1.355515353,       1.056073453,       4.003183781,      0.9184606172,       2.886619178
          0,           0,         802,      -1.683426097,        1.18199546,       1.046225353,       3.951082446,      0.9243935577,        2.81571444
          0,           0,         803,      -1.740257502,       1.077129457,      0.9878407793,       3.883988581,      0.9328302361,       2.753644276
          0,           0,         804,      -1.764383778,       1.029407012,      0.9460593568,       3.887150874,       0.942961162,       2.716464531
          0,           0,         805,      -1.789056222,       1.007205127,       0.884445627,       3.835400738,      0.9504264224,       2.698633428
          0,           0,         806,      -1.783954696,       0.992645585,      0.8504089314,       3.848788671,      0.9411611075,       2.690271187
          0,           0,         807,      -1.644795294,       1.102390322,       1.064945332,       3.954376062,      0.9198943035,       2.715447595
          0,           0,         808,      -1.594270803,       1.037320739,        1.11389715,       4.028603706,      0.8997927205,       2.776472668
          0,           0,         809,      -1.698123065,      0.9839511394,      0.9725885116,       3.985869801,      0.8919818439,       2.842884196
          0,           0,         810,      -1.700313601,      0.9535657327,      0.9653860995,       3.988868503,      0.8902682728,       2.882999069
          0,           0,         811,      -1.709959364,      0.9539876137,      0.9384241874,        4.05094285,      0.9103397512,       2.909305338
          0,           0,         812,      -1.613627874,       1.041022873,       1.084945936,       4.116809973,      0.9341900045,        2.92922644
          0,           0,         813,      -1.618068357,       1.119770511,       1.085858349,       4.115437125,        1.01304242,       2.904164617
          0,           0,         814,      -1.507993277,       1.290462385,       1.217133639,       4.171467944,       1.182258343,       2.852580209
          0,           0,         815,      -1.398880469,       1.387536079,        1.41581222,       4.242506732,       1.254827589,       2.847825632
          0,           0,         816,      -1.291102974,       1.507952651,       1.564747704,       4.318407672,       1.301406189,       3.078278953
          0,           0,         817,      -1.279691169,       1.526678559,       1.492202243,       4.332398245,        1.31484979,        3.30318722
          0,           0,         818,      -1.328233456,       1.524519767,       1.430189963,       4.308317429,       1.321625479,       3.350372407
          0,           0,         819,      -1.421152576,       1.503848589,        1.31662665,       4.242759898,       1.303821454,       3.295711749
          0,           0,         820,      -1.413871558,       1.509623348,       1.264738477,       4.242966255,       1.307652131,       3.168800794
          0,           0,         821,      -1.390781526,       1.509859176,       1.280627261,       4.254395393,       1.308486126,       3.096368734
          0,           0,         822,      -1.363533156,       1.530657982,       1.342302817,       4.267615417,       1.301635236,       3.030250245
          0,           0,         823,      -1.332712169,       1.530084535,       1.500817488,       4.296067034,        1.30496857,       3.071626133
          0,           0,         824,      -1.295562443,       1.532473358,       1.537666182,       4.318023451,        1.30676201,       3.176945023
          0,           0,         825,      -1.341274796,       1.528213368,       1.388560561,       4.272308081,       1.298112782,       3.223081888
          0,           0,         826,      -1.367698436,       1.523793907,       1.345925382,       4.245466608,        1.26304526,        3.07387765
          0,           0,         827,      -1.405259232,       1.519104237,       1.270318036,        4.21937957,       1.270169511,       2.945192777
          0,           0,         828,      -1.411270193,        1.52847535,       1.263197019,       4.216640417,       1.318552524,       2.892435974
          0,           0,         829,      -1.359667789,       1.534657899,       1.344193584,       4.267412017,       1.306922652,       3.021138938
          0,           0,         830,      -1.312022715,       1.537142586,       1.517238781,       4.325428511,       1.300785951,       3.019379554
          0,           0,         831,      -1.289014007,       1.532722936,       1.493004362,        4.33849672,       1.308532304,       3.113390585
          0,           0,         832,      -1.342732763,       1.539567821,       1.392807908,        4.30354009,       1.316141502,       3.220646837
          0,           0,         833,      -1.396479798,        1.53111984,       1.310949705,       4.264766804,        1.30183447,       3.120687758
          0,           0,         834,      -1.366605503,       1.537078883,       1.320614172,       4.267312114,       1.323793857,       2.974855981
          0,           0,         835,      -1.349620333,       1.548019474,        1.35179767,        4.29338201,       1.316801967,       2.991090752
          0,           0,         836,       -1.36771691,       1.546229886,       1.332566686,       4.275123305,       1.314740495,       3.077594292
          0,           0,         837,      -1.333922304,       1.535803992,       1.502680834,       4.278440936,       1.300674248,       3.073138882
          0,           0,         838,      -1.291813488,       1.525817063,       1.542631971,       4.316278215,        1.25666281,       3.084335336
          0,           0,         839,      -1.364682142,       1.523600519,       1.336499864,       4.254484284,       1.259448173,       3.195050485
          0,           0,         840,      -1.357957402,       1.548362698,       1.378918136,       4.246918568,       1.332227792,       3.107347247
          0,           0,         841,      -1.372684636,       1.543526795,       1.344259995,       4.263532937,       1.340732418,       3.000738382
          0,           0,         842,      -1.369561456,       1.539899751,       1.310641098,        4.28451034,       1.324782894,       2.995366924
          0,           0,         843,      -1.380914085,       1.531500952,       1.283072356,       4.275765786,       1.290372873,       3.106625464
          0,           0,         844,      -1.406285615,       1.524070925,       1.298993933,       4.227108558,       1.261735444,       3.131369678
          0,           0,         845,      -1.345551602,       1.527272897,       1.474102041,       4.276393402,       1.255840668,       3.083950418
          0,           0,         846,      -1.293603595,       1.547933503,       1.480784185,        4.31975954,       1.330007721,       3.173744882
          0,           0,         847,      -1.323408073,       1.551355774,       1.423801798,       4.306351233,       1.341857566,       3.141210987
          0,           0,         848,      -1.346659565,        1.55131008,       1.374863748,       4.284665515,       1.336856699,       2.962075417
          0,           0,         849,      -1.365841099,       1.540580536,       1.325187116,       4.267459529,       1.300103999,       2.904311573
          0,           0,         850,      -1.391956757,        1.53292266,       1.280952403,       4.251507822,       1.253987852,        2.99985678
          0,           0,         851,      -1.379530238,       1.529128001,       1.473084163,       4.270358637,       1.245184038,       3.107771265
          0,           0,         852,       -1.26572137,       1.544716156,       1.563831852,       4.326999317,       1.335355273,       3.167437153
          0,           0,         853,      -1.325097855,       1.540631369,       1.399819552,       4.307430991,       1.341208458,       3.174851031
          0,           0,         854,      -1.396045519,       1.536376492,       1.315454349,       4.257911475,        1.31923944,       2.988817371
          0,           0,         855,      -1.363145601,       1.544538936,        1.33650628,       4.267488499,       1.278769524,       2.876673222
          0,           0,         856,      -1.383500194,       1.539491236,       1.307889181,       4.254558423,       1.244685498,       2.916906347
          0,           0,         857,      -1.395811966,       1.537347612,       1.290992059,       4.256861855,       1.238607833,        3.08131298
          0,           0,         858,      -1.317914026,       1.544195972,       1.478410545,       4.324645205,       1.314614444,       3.112528501
          0,           0,         859,      -1.284795515,       1.541366715,       1.507742098,       4.333259415,       1.328537857,        3.09086136
          0,           0,         860,      -1.331757611,       1.539869173,       1.389697975,        4.31296692,       1.318075031,       3.164958239
          0,           0,         861,      -1.370488721,       1.542436979,       1.351466801,       4.270442249,       1.279003061,       3.073826968
          0,           0,         862,      -1.409215429,       1.534087736,       1.271419047,       4.225925434,       1.230874856,       2.944006059
          0,           0,         863,      -1.404421161,       1.537623006,       1.267076407,       4.238167193,        1.22921407,       2.966824821
          0,           0,         864,      -1.344959525,       1.547998202,       1.360486327,       4.287639423,       1.321482694,       3.042105401
          0,           0,         865,      -1.306898796,        1.54591148,       1.528107574,       4.334855764,       1.330166568,       3.072251712
          0,           0,         866,      -1.267994048,       1.546261766,       1.565523839,       4.353187075,       1.313345542,       3.088711853
          0,           0,         867,      -1.339128484,       1.537239791,       1.380455471,       4.287953939,       1.273867779,       3.199632599
          0,           0,         868,      -1.424487132,       1.527314804,        1.28334183,       4.219672853,       1.234397379,       3.118566571
          0,           0,         869,      -1.430136657,       1.524431876,       1.238139785,       4.216876557,       1.227218156,       3.018790556
          0,           0,         870,      -1.369362441,       1.538212695,       1.320023218,       4.255104626,       1.309457653,       2.957352064
          0,           0,         871,      -1.370227271,       1.538014826,       1.316214995,       4.273668422,       1.323910859,       3.058319982
          0,           0,         872,       -1.32721951,       1.559194314,       1.397115243,       4.305277453,         1.3156244,       3.094243028
          0,           0,         873,      -1.316046892,       1.555411809,       1.508101381,       4.301065706,       1.280777991,       3.065457545
          0,           0,         874,      -1.317970383,       1.534877375,       1.523510021,       4.292403932,       1.236140587,        3.18487879
          0,           0,         875,      -1.367214259,         1.5308488,       1.338239994,       4.282829462,       1.232818553,       3.205716974
          0,           0,         876,      -1.379579289,       1.542351837,       1.343044044,       4.277652957,       1.323747883,       3.107672891
          0,           0,         877,      -1.380240291,       1.540592109,       1.322870463,       4.256631892,       1.339421015,       3.001534392
          0,           0,         878,      -1.322380196,       1.551334184,        1.37237419,       4.306173711,       1.320848099,       2.940278903
          0,           0,         879,      -1.348659753,       1.540657371,       1.389365664,        4.29291593,       1.216565677,       3.023621498
          0,           0,         880,      -1.402484379,       1.427330073,       1.459916226,       4.219600768,      0.9703848606,       2.986908082
          0,           0,         881,      -1.632163112,       1.360739632,       1.153854378,       4.036782519,      0.8853155644,       2.754605986
          0,           0,         882,      -1.677005723,       1.141365418,       1.059486577,       3.998515364,      0.8341839374,       2.602438483
          0,           0,         883,      -1.580754776,        1.28439776,       1.092063477,       4.104921012,      0.8884138316,       2.649558722
          0,           0,         884,      -1.505210375,       1.396912828,       1.146530028,       4.168253401,      0.9949399985,       2.704161496
          0,           0,         885,      -1.514298051,       1.428460948,       1.094902671,       4.167591615,       1.083229819,       2.743592487
          0,           0,         886,      -1.413102237,       1.506168385,       1.266252763,       4.236163575,       1.241597014,       2.786422105
          0,           0,         887,      -1.347807882,       1.544985531,       1.358391522,       4.268974997,       1.289740588,       2.799225959
          0,           0,         888,      -1.347547709,       1.536022566,       1.409749348,       4.265224084,       1.234562009,       2.766329311
          0,           0,         889,      -1.415078266,       1.430822111,       1.397791019,       4.221097356,      0.9047918334,       2.697491575
          0,           0,         890,      -1.581227026,        1.12014453,       1.196015019,       4.047025417,      0.8796287147,       2.746287998
          0,           0,         891,      -1.616322045,       1.291857448,       1.111108532,       4.046782824,      0.9081205518,       2.747879002
          0,           0,         892,      -1.578928539,       1.295566435,        1.08692562,       4.054008801,      0.9330202902,       2.727507446
          0,           0,         893,      -1.587934059,       1.339629817,       1.021117368,       4.070732941,       1.022111231,       2.660735111
          0,           0,         894,      -1.432250674,       1.459233099,          1.244994,       4.186607335,       1.147837845,       2.729826634
          0,           0,         895,      -1.435553969,        1.47992808,       1.269506645,        4.18970307,       1.216164247,       2.732552655
          0,           0,         896,      -1.356197432,       1.515971808,       1.504459426,       4.273810317,       1.292199156,       2.874383919
          0,           0,         897,      -1.292564966,       1.532696662,       1.504229046,       4.332397402,       1.232335649,       3.112872508
          0,           0,         898,      -1.418970096,       1.417292298,       1.334942395,       4.242933023,      0.9392520582,       3.083560386
          0,           0,         899,      -1.614404319,       1.287081708,        1.19049132,       4.055787714,      0.8317620729,       2.883489851
          0,           0,         900,      -1.712713046,      0.9580788471,       1.118622358,       3.933127091,      0.8343181059,       2.809018169
          0,           0,         901,      -1.707565299,       0.995094381,       1.073362934,       3.956613754,      0.8313255661,       2.770984539
          0,           0,         902,       -1.74750493,      0.9109006415,       1.011779837,       3.951480946,      0.8114499067,       2.747769273
          0,           0,         903,      -1.774915721,      0.9171096654,      0.9644000042,       3.977940289,      0.7885908783,        2.74493936
          0,           0,         904,      -1.642173124,      0.8948555802,       1.077174127,       4.073565044,      0.7709945636,       2.758131845
          0,           0,         905,      -1.635268912,      0.8954450363,        1.08684111,       4.033541326,      0.7668746092,       2.732185586
          0,           0,         906,      -1.751691229,      0.8533303778,      0.9571144026,       3.903387194,      0.7667855773,       2.698315493
          0,           0,         907,      -1.766547404,      0.8415228811,      0.9374767996,       3.867057329,       0.766916151,       2.678896105
          0,           0,         908,      -1.806764984,      0.8348800139,      0.9004819987,       3.802185997,      0.7657431587,       2.675172209
          0,           0,         909,      -1.807900617,      0.8315112933,      0.8925679384,       3.830417586,      0.7645178195,       2.675152204
          0,           0,         910,      -1.920837293,      0.8183883183,      0.7559862285,       3.744365185,      0.7633418378,       2.680779861
          0,           0,         911,      -1.938216825,      0.8143546901,       0.733812518,       3.732627114,      0.7622889445,       2.693462344
          0,           0,         912,      -1.947644778,      0.8100596551,      0.7183784098,       3.709923013,      0.7616015272,       2.713670554
          0,           0,         913,      -1.965964349,      0.8045301615,      0.6907396269,       3.696076938,      0.7615124203,       2.734425506
          0,           0,         914,      -1.951439044,      0.8011358684,      0.7027760204,        3.72135121,      0.7626801123,       2.750781637
          0,           0,         915,       -1.76424819,      0.8211780158,      0.9230037699,       3.862157495,      0.7658108828,       2.760375308
          0,           0,         916,      -1.756214224,      0.8185147682,      0.9227169065,       3.891215966,      0.7711826278,       2.772099773
          0,           0,         917,      -1.642118781,       0.844945351,       1.050190788,       4.008004489,      0.7784077639,       2.779222797
          0,           0,         918,      -1.672323062,      0.8278429227,       1.011620794,       4.029700575,      0.7840944074,       2.817054207
          0,           0,         919,      -1.625196234,      0.8809668233,        1.06441868,       4.076913799,      0.7872443029,       2.810214089
          0,           0,         920,      -1.593261305,       1.028891038,        1.13854367,       4.111309194,      0.7852666045,       2.813740525
          0,           0,         921,      -1.629421241,       0.935764859,       1.090831678,       4.090053262,      0.7961683284,       2.841453862
          0,           0,         922,      -1.552678946,       1.032039934,       1.183529284,       4.115339093,       1.027468004,       2.830823611
          0,           0,         923,      -1.534362735,       1.049259505,       1.200032069,       4.145005661,       1.016863279,       2.834311367
          0,           0,         924,       -1.45835004,       1.140134155,       1.280078839,       4.221628896,       1.102602158,       2.829797092
          0,           0,         925,      -1.462825921,       1.279549957,       1.287602391,       4.250558247,        1.18663989,       2.804484232
          0,           0,         926,      -1.366626845,       1.460016077,       1.481143874,       4.314594326,       1.248469891,       2.881259245
          0,           0,         927,      -1.297501579,       1.486465507,       1.540416403,       4.370159553,       1.232757914,       3.111426911
          0,           0,         928,      -1.420900335,        1.42224881,       1.363059677,        4.25803899,       1.081019873,       3.109987804
          0,           0,         929,      -1.565337972,       1.190891969,       1.249989625,       4.142688168,       1.009258888,       2.965401574
          0,           0,         930,      -1.600182229,       1.007581559,       1.193436648,       4.042344391,       1.030789737,       2.868931045
          0,           0,         931,      -1.694941478,      0.9323836829,       1.092222295,       3.967072223,       1.041100408,       2.832575901
          0,           0,         932,      -1.717940719,      0.8560237039,       1.013475152,       4.000621002,       1.022336618,       2.808046044
          0,           0,         933,      -1.684263187,      0.8471874649,       1.007458722,       4.031439173,       1.010232201,       2.812073497
          0,           0,         934,      -1.668099142,      0.8308085432,       1.007471769,       4.080538923,      0.9792616404,       2.848116677
          0,           0,         935,      -1.593576936,      0.8598351024,       1.104306175,       4.146545947,      0.9746482677,       2.928194261
          0,           0,         936,      -1.479975555,       1.043526829,       1.255992253,       4.197393516,       1.088105848,       3.007177847
          0,           0,         937,      -1.520503112,       1.040469873,       1.206653723,       4.169710911,       1.086998033,       2.974564734
          0,           0,         938,      -1.507457009,       1.178283426,       1.241258305,       4.184923182,       1.139106314,       2.923033282
          0,           0,         939,      -1.422499046,       1.326440212,       1.323015918,        4.23461892,       1.203450728,        2.89094915
          0,           0,         940,        -1.3879406,       1.470999751,       1.336567637,       4.249598801,       1.239350392,       2.889368977
          0,           0,         941,      -1.403982427,       1.483824844,       1.299835275,       4.248508441,       1.209507773,       2.909219928
          0,           0,         942,      -1.457394869,       1.409139634,       1.247857826,        4.20533901,       1.001397241,       2.829567111
          0,           0,         943,       -1.59448143,       1.166978297,       1.140474095,       4.106741029,      0.9310409522,       2.683956862
          0,           0,         944,      -1.672150752,      0.8956720741,        1.04396522,         4.1173551,      0.9464616809,       2.642046803
          0,           0,         945,      -1.543364019,       1.064039829,       1.239093763,       4.172686737,      0.9015943878,       2.647015742
          0,           0,         946,      -1.437298008,       1.100746344,       1.479267762,       4.221209299,      0.9443830797,       2.799498326
          0,           0,         947,      -1.417283027,       1.250427901,       1.417340349,       4.223633247,      0.9672958731,       3.036147599
          0,           0,         948,      -1.485756841,       1.414774337,       1.294513605,       4.202585428,       1.073722635,       3.179404476
          0,           0,         949,      -1.441608487,       1.460642135,       1.287888498,       4.248316435,       1.117848772,       3.196362645
          0,           0,         950,       -1.42667328,        1.42794862,       1.318652251,       4.191899644,       1.017977234,       2.989624658
          0,           0,         951,      -1.628963121,        1.16079153,       1.133894917,       4.030136587,      0.8237630272,       2.834574396
          0,           0,         952,      -1.678226977,      0.9517343328,       1.079923461,       3.969958927,      0.8210616207,       2.765288072
          0,           0,         953,      -1.736067345,      0.8682130988,      0.9978944502,        3.92635299,      0.8117267848,       2.770324555
          0,           0,         954,      -1.812295588,      0.7889407632,      0.9005939707,        3.88289347,      0.7950162603,       2.825123225
          0,           0,         955,      -1.728567341,      0.7828061324,      0.9651696474,       3.967197426,      0.7804123824,       2.893976125
          0,           0,         956,      -1.720390121,      0.7626517287,      0.9799698074,       4.020499811,      0.7683668084,        2.97333336
          0,           0,         957,      -1.822026554,      0.7412692892,      0.8742863144,       3.993516391,      0.7977299982,       2.988881296
          0,           0,         958,      -1.610710138,      0.9111028511,       1.116333901,        4.11481433,      0.9428227646,       2.983841334
          0,           0,         959,      -1.517394988,      0.9758104806,        1.21298993,       4.186472998,      0.9768938356,       2.986332615
          0,           0,         960,      -1.459552337,       1.135300761,        1.27865218,        4.21369433,         1.1157533,       2.980175096
          0,           0,         961,      -1.436869691,       1.301958396,       1.308040601,       4.222351107,       1.187923461,        3.04164668
          0,           0,         962,      -1.388202294,       1.466760346,         1.3516374,       4.243565855,       1.239406843,       3.019237987
          0,           0,         963,       -1.33649231,       1.489354764,       1.497370018,       4.301127957,       1.210966551,       2.958569644
          0,           0,         964,      -1.341058014,       1.420480781,       1.524140736,       4.312798253,       1.015564284,       2.967792118
          0,           0,         965,      -1.541068432,       1.172515566,       1.274720197,       4.142307168,      0.8935245135,       2.891809663
          0,           0,         966,      -1.598244213,       1.000361002,       1.209543675,        4.02321969,      0.9299294532,       2.809093425
          0,           0,         967,      -1.657107507,       0.927373993,       1.122921756,        3.95776544,      0.9557179611,       2.771819733
          0,           0,         968,      -1.716446699,      0.8494966146,       1.026164514,       3.952122649,      0.9488993411,       2.758439225
          0,           0,         969,       -1.64431052,      0.8525674351,       1.060582194,       4.050011464,      0.9598306493,       2.720554888
          0,           0,         970,      -1.590123897,      0.8597307335,       1.105302946,       4.093484408,      0.9542538839,       2.696023643
          0,           0,         971,      -1.578879168,      0.8637557797,       1.121723702,       4.142889535,      0.9702711116,       2.696622417
          0,           0,         972,       -1.51664256,       1.039437582,       1.222336323,       4.180719903,       1.084399095,       2.793254004
          0,           0,         973,       -1.53061864,       1.064478411,       1.216072814,       4.182723304,       1.090820607,       2.873793485
          0,           0,         974,      -1.523492592,       1.124484658,       1.225661018,        4.18248265,       1.157451722,       2.838725555
          0,           0,         975,      -1.397692343,       1.307079328,       1.487593404,       4.254070728,       1.217193044,       2.828193133
          0,           0,         976,      -1.311611617,       1.467408819,        1.53064634,       4.309228821,       1.252393617,       3.009826512
          0,           0,         977,      -1.327863002,       1.487883235,       1.459835548,       4.308664333,       1.230611672,       3.178796415
          0,           0,         978,      -1.435691847,       1.411749247,       1.337149667,       4.223760229,       1.048871876,       3.108562502
          0,           0,         979,      -1.578645034,       1.168468766,       1.216248965,       4.086635233,      0.9495459272,       2.917834722
          0,           0,         980,      -1.610459652,      0.9870122265,       1.167631031,        4.05658403,      0.9704739969,       2.825960078
          0,           0,         981,      -1.630609036,      0.9291384715,       1.129192537,       4.019564535,      0.9844569648,       2.787034059
          0,           0,         982,      -1.626527665,      0.8816234431,       1.108250116,       4.020479485,      0.9636078002,       2.752784846
          0,           0,         983,      -1.753774165,       0.825679659,      0.9822881278,       3.892513495,      0.9626174458,       2.703942656
          0,           0,         984,      -1.821603037,      0.8032349158,      0.9131693849,       3.828154429,      0.9636766832,       2.687722824
          0,           0,         985,      -1.805752181,      0.7951794451,      0.9192908861,       3.829192419,      0.9648515585,       2.688892305
          0,           0,         986,      -1.841509755,      0.7756783264,      0.8794297901,        3.84087837,       0.966476478,       2.708802882
          0,           0,         987,      -1.842841898,       0.762429005,      0.8637914405,       3.834951363,      0.9689319343,       2.745882919
          0,           0,         988,      -1.710747854,      0.7815026035,      0.9889174721,       3.905815594,      0.9724807883,       2.795436404
          0,           0,         989,      -1.705945919,      0.7756576061,      0.9887807172,       3.982229242,      0.9762783715,       2.850971563
          0,           0,         990,      -1.696914502,      0.7690456909,      0.9894259032,       3.995376708,      0.9781577643,       2.928169793
          0,           0,         991,      -1.617730349,      0.7996057275,        1.07355318,       4.070402577,      0.9754204518,       2.929679926
          0,           0,         992,      -1.704413613,      0.7489601827,      0.9700267758,        3.96433463,      0.9746033104,       2.869456576
          0,           0,         993,       -1.83297926,      0.7065363534,      0.8146170934,       3.807159713,      0.9756828236,       2.834586929
          0,           0,         994,      -1.835613009,      0.6984842053,      0.8132465286,       3.788281023,      0.9768206849,       2.811690672
          0,           0,         995,       -1.87682299,      0.6864927888,      0.7573972116,       3.798112407,      0.9779584598,        2.80212331
          0,           0,         996,      -1.853497864,      0.6861125004,      0.7849030926,       3.825761124,       0.978720846,       2.817750904
          0,           0,         997,      -1.708953363,      0.7392183136,      0.9663319673,       3.963227242,      0.9783500381,       2.836475996
          0,           0,         998,      -1.587281326,      0.9999738106,       1.141779889,       4.086548057,      0.9746326721,       2.854238538
          0,           0,         999,      -1.603305172,      0.9278814257,        1.11873823,       4.095781847,      0.9655252538,       2.881063893
          0,           0,        1000,       -1.62511662,      0.8421468039,       1.077718641,       4.062894199,      0.9571178949,       2.858004662
          0,           0,        1001,      -1.706006378,      0.7770577011,      0.9825811453,       3.947000766,      0.9519650519,       2.775532993
          0,           0,        1002,      -1.760637944,      0.7184395083,      0.9341098375,       3.900337123,      0.9502654415,       2.705236036
          0,           0,        1003,      -1.811544248,      0.6904780314,      0.8885080852,       3.786945683,      0.9495134353,       2.663973394
          0,           0,        1004,      -1.822059598,      0.6795002837,      0.8800348433,        3.79245059,      0.9487745323,       2.641946634
          0,           0,        1005,      -1.842148753,      0.6682625157,      0.8610280512,       3.787516629,      0.9478672544,       2.624532655
          0,           0,        1006,      -1.865573908,      0.6558385718,       0.837918841,        3.73968098,      0.9467700496,        2.60799783
          0,           0,        1007,      -1.891883243,      0.6422259105,      0.8093807977,       3.731186263,      0.9454506809,       2.594096104
          0,           0,        1008,      -1.940497504,      0.6222078812,      0.7509230777,        3.69030763,      0.9447867151,       2.572452747
          0,           0,        1009,      -1.963057456,      0.6132408118,      0.7211695771,       3.668542309,       0.943995799,       2.563739513
          0,           0,        1010,      -1.987221182,      0.6037231997,      0.6863135718,       3.645142414,      0.9430350824,       2.556583555
          0,           0,        1011,      -2.054889598,      0.5821703239,      0.5716483619,        3.60324454,      0.9418762193,       2.552177507
          0,           0,        1012,      -2.063262538,      0.5714096751,      0.5495840944,       3.601065462,      0.9404931924,       2.551741413
          0,           0,        1013,      -2.093449554,      0.5586709008,      0.4651941346,       3.580779508,      0.9388699626,       2.556244838
          0,           0,        1014,      -2.005214512,      0.5683694668,      0.6098554868,       3.657462739,      0.9370231507,       2.566119785
          0,           0,        1015,      -1.877958594,      0.5991783605,      0.7895537485,       3.756774047,      0.9350201972,       2.581069432
          0,           0,        1016,      -1.802389226,      0.6250009126,      0.8827723474,       3.854721528,      0.9330144031,       2.600398882
          0,           0,        1017,      -1.895324588,      0.5856205739,      0.7884453161,       3.847313959,      0.9311260251,       2.623581895
          0,           0,        1018,      -1.893458537,      0.5525864358,      0.7796997026,        3.88847235,      0.9283321154,       2.650646396
          0,           0,        1019,      -1.776569968,      0.5845924199,      0.9125012773,       4.002032039,      0.9233874986,       2.680659663
          0,           0,        1020,      -1.768055516,      0.5939096682,      0.9104486932,       4.062922397,      0.9147726175,       2.714138444
          0,           0,        1021,      -1.660547859,      0.7067492582,       1.044728141,       4.072256545,      0.9041055808,       2.747093941
          0,           0,        1022,      -1.550914748,      0.9945494824,       1.189855898,       4.136021073,      0.9001910113,        2.78336334
          0,           0,        1023,      -1.573208588,      0.9810147485,       1.188971541,       4.148178472,      0.9207139992,       2.795310676
          0,           0,        1024,      -1.457681991,       1.077679367,       1.387715129,       4.211660874,        1.10078244,       2.769850227
          0,           0,        1025,      -1.395230426,       1.088811332,       1.516147635,       4.262768682,       1.134487965,       2.936028521
          0,           0,        1026,      -1.392291949,       1.148091587,       1.406823499,       4.277199958,       1.168994542,       3.136063184
          0,           0,        1027,      -1.404092094,        1.30376225,       1.378786707,       4.255659309,       1.200295748,        3.18216655
          0,           0,        1028,      -1.431072498,       1.448329975,       1.331184828,       4.225186927,       1.227475478,       3.147575569
          0,           0,        1029,      -1.419736615,        1.46703084,       1.289046592,       4.242654332,       1.263405525,       3.045896481
          0,           0,        1030,      -1.391722897,       1.499172431,       1.314010541,       4.260474424,       1.282900973,       3.065082729
          0,           0,        1031,      -1.375316718,       1.479802331,       1.456366399,       4.275948315,       1.250913204,        3.05692406
          0,           0,        1032,      -1.320297352,       1.494400984,       1.481441322,       4.319214219,       1.259554089,       3.092125332
          0,           0,        1033,      -1.347881851,        1.50562891,       1.393137909,       4.301461545,      0.9013195857,       3.168634553
          0,           0,        1034,      -1.399006713,       1.449742756,       1.345990285,       4.259758963,      0.9109187553,       3.097586653
          0,           0,        1035,      -1.433780029,       1.399980709,       1.321646101,       4.202981717,      0.9207871422,        3.01240849
          0,           0,        1036,      -1.508344237,       1.358154334,       1.267130186,       4.131857627,      0.9302588354,       2.913416236
          0,           0,        1037,      -1.571790149,       1.242141676,       1.227341897,       4.068610833,      0.9383453547,       2.806844084
          0,           0,        1038,      -1.628122349,       1.091369663,       1.189723738,       4.002922277,      0.9464550466,       2.717815297
          0,           0,        1039,      -1.672866974,      0.9905277611,       1.149498121,       3.968011295,      0.9560515988,       2.662116449
          0,           0,        1040,       -1.69529586,      0.9347860781,       1.115936119,       3.950004315,      0.9668025313,       2.640268554
          0,           0,        1041,       -1.75647598,      0.8947847271,       1.056866251,       3.884644717,      0.9727450344,       2.635535927
          0,           0,        1042,      -1.760212471,      0.8629588156,       1.011948591,       3.884756308,      0.9610345946,       2.628970466
          0,           0,        1043,       -1.71089491,      0.8568214315,       1.030965058,       3.932377193,      0.9428267921,       2.618486696
          0,           0,        1044,      -1.690110486,      0.8482208389,       1.037824514,       3.956547888,      0.9322331311,       2.627324387
          0,           0,        1045,      -1.723866432,      0.8332882122,      0.9960201264,       4.000403822,      0.9294047587,       2.696310265
          0,           0,        1046,      -1.676996842,      0.8334114487,       1.043163867,       4.076198737,      0.9287300158,       2.818440796
          0,           0,        1047,       -1.55399706,       1.048934357,       1.188053334,       4.161669689,      0.9450386869,       2.929347457
          0,           0,        1048,      -1.513435191,       1.028703485,       1.215516383,       4.179186267,      0.9727298218,       3.028369089
          0,           0,        1049,      -1.532225401,       1.017340036,       1.190800037,       4.170043963,        1.02388076,       3.029932666
          0,           0,        1050,      -1.462419198,       1.125515935,        1.27796246,       4.198865697,       1.152697802,       3.057891105
          0,           0,        1051,      -1.374041167,        1.30576858,       1.480208166,       4.253213915,        1.20396749,       3.004580125
          0,           0,        1052,       -1.33409632,       1.452990147,        1.49814938,       4.277864991,       1.232571416,       3.037985668
          0,           0,        1053,      -1.358548084,       1.478621903,       1.410319528,       4.270875095,       1.267574004,       3.153138756
          0,           0,        1054,      -1.362256944,       1.518992887,        1.38264265,       4.266254327,       1.283748604,       3.183679517
          0,           0,        1055,      -1.387125477,       1.493533553,       1.324792972,       4.254493238,       1.254395482,       3.111746111
          0,           0,        1056,      -1.396150215,        1.49869187,       1.290625308,       4.260927584,       1.272249484,       3.080752165
          0,           0,        1057,      -1.401229729,       1.500668916,       1.293062845,       4.264314545,       1.268844701,        2.99542129
          0,           0,        1058,      -1.331083241,        1.52696774,       1.498694321,       4.302041729,       1.276339423,       2.996386918
          0,           0,        1059,      -1.284074874,       1.521724668,         1.5523887,       4.324535567,       1.277622304,       3.104849816
          0,           0,        1060,      -1.344115141,       1.518065496,       1.376448025,       4.294949096,       1.268712119,       3.148523191
          0,           0,        1061,      -1.374600072,       1.522879982,       1.350206558,       4.263580702,        1.26778923,       3.018731593
          0,           0,        1062,      -1.400971749,       1.522902466,       1.305748748,       4.234754383,       1.247473655,       2.800492887
          0,           0,        1063,      -1.388666948,       1.525386676,       1.305977192,       4.255295113,       1.255731558,       2.858801454
          0,           0,        1064,      -1.349532535,       1.535236965,       1.381161155,       4.285039063,       1.303379926,       3.075894191
          0,           0,        1065,      -1.317711018,       1.527716658,       1.521483842,       4.304275161,       1.299615508,       3.114324693
          0,           0,        1066,      -1.291428513,       1.529419711,       1.492783535,       4.310175377,       1.306282904,       3.128193824
          0,           0,        1067,      -1.344983725,       1.532662649,       1.392197581,       4.277053734,       1.292425386,       3.178203069
          0,           0,        1068,      -1.402020254,       1.526907167,        1.32312115,       4.252791838,       1.256150325,        3.04383289
          0,           0,        1069,      -1.427340466,         1.5226177,       1.245774492,       4.210917756,       1.252029217,       2.954490449
          0,           0,        1070,      -1.367880869,       1.542905288,       1.333569249,        4.23009241,       1.306015123,        3.04378404
          0,           0,        1071,       -1.36612037,       1.539240016,       1.326865527,       4.269895147,       1.305075442,       3.130491585
          0,           0,        1072,      -1.350027457,        1.53672484,       1.448215998,       4.303140901,       1.298490419,       3.155396824
          0,           0,        1073,      -1.297630519,       1.531107621,       1.547743044,       4.337863188,       1.278220449,       3.091810231
          0,           0,        1074,      -1.320355535,       1.524153947,       1.422498556,       4.299030729,       1.244706227,       3.198666987
          0,           0,        1075,      -1.408103178,       1.522381268,       1.321543501,       4.243075754,       1.247046312,       3.229929397
          0,           0,        1076,      -1.358283283,       1.546684357,       1.374233587,       4.263486171,       1.318047731,       3.125093563
          0,           0,        1077,      -1.374368148,       1.540746025,       1.323870866,       4.265119257,       1.321663806,       3.045847912
          0,           0,        1078,      -1.387966365,       1.536482133,       1.288574361,       4.259073685,       1.309392472,       3.136461575
          0,           0,        1079,      -1.367787648,       1.538516087,       1.301835802,       4.262707288,       1.279233921,       3.199081587
          0,           0,        1080,      -1.342306777,       1.541587029,       1.413256724,       4.280503306,       1.242539727,       3.191105812
          0,           0,        1081,      -1.304225515,       1.540711742,       1.550263396,       4.305204146,       1.236125499,       3.149293473
          0,           0,        1082,       -1.28289542,       1.542899572,        1.49065799,       4.316745587,       1.315181872,       3.215081433
          0,           0,        1083,      -1.354978427,        1.53999498,       1.391633923,       4.284830857,       1.328364799,       3.260414232
          0,           0,        1084,      -1.396319507,       1.536524083,       1.319736043,       4.268020023,       1.319153319,       3.176198017
          0,           0,        1085,      -1.380125526,        1.54108161,       1.307465383,       4.267851818,       1.283451904,       3.110410378
          0,           0,        1086,      -1.389425326,       1.532737603,       1.293873582,       4.238689402,       1.240474895,       3.144894262
          0,           0,        1087,       -1.39293252,       1.535060473,       1.266901849,        4.23932081,       1.238360254,       3.179934418
          0,           0,        1088,      -1.312692094,       1.561018272,       1.455277028,       4.311988137,       1.328515441,       3.170076779
          0,           0,        1089,      -1.281593006,       1.550257771,       1.563987046,       4.331670487,       1.336711996,       3.128747682
          0,           0,        1090,      -1.289001573,        1.54096424,       1.479114089,       4.329080171,        1.31835162,       3.241828005
          0,           0,        1091,      -1.377343211,       1.531853672,       1.352536842,       4.270788547,       1.282869662,       3.270997481
          0,           0,        1092,      -1.391852942,       1.528291908,       1.315432741,       4.240397338,       1.254088967,       3.176480553
          0,           0,        1093,      -1.387686026,       1.538455394,       1.296921143,       4.242398225,       1.244116639,       3.091599354
          0,           0,        1094,      -1.367030366,        1.54767722,       1.341514299,       4.265456752,       1.318852682,       3.121586911
          0,           0,        1095,      -1.333674041,       1.551013639,       1.363249737,       4.290792194,       1.331427239,       3.161963968
          0,           0,        1096,      -1.323888997,       1.551530462,       1.428348042,       4.316787989,       1.324251446,       3.158862797
          0,           0,        1097,      -1.309803754,       1.538380137,       1.545021172,       4.327201139,       1.284807992,       3.159443204
          0,           0,        1098,       -1.31611513,       1.529683363,       1.456379901,       4.292895775,       1.239485804,       3.263073457
          0,           0,        1099,      -1.339239263,       1.539707869,       1.399844835,       4.274993216,       1.235307579,       3.296707803
          0,           0,        1100,      -1.325666726,       1.550933664,       1.410298355,       4.309115085,       1.323122343,       3.203208763
          0,           0,        1101,      -1.358518833,       1.547089862,       1.351578251,       4.280532939,       1.332678976,       3.091301603
          0,           0,        1102,      -1.394724873,        1.54043414,       1.293646649,       4.255927631,       1.314349629,       3.102654854
          0,           0,        1103,      -1.395915976,       1.532335341,       1.266447659,       4.260104121,       1.279355505,       3.157539736
          0,           0,        1104,      -1.389683011,       1.527525551,          1.366126,       4.261444738,       1.247220034,       3.150594966
          0,           0,        1105,      -1.312698183,       1.527555856,       1.537432142,       4.309735055,       1.242361286,       3.072593918
          0,           0,        1106,      -1.269820143,       1.541644321,       1.498020431,       4.334802124,       1.317599525,        3.19803563
          0,           0,        1107,      -1.331561683,       1.541637599,       1.410647879,       4.302323866,       1.329199399,       3.270111086
          0,           0,        1108,        -1.3493269,       1.549968313,       1.375251294,       4.312422784,       1.319162416,       3.188885385
          0,           0,        1109,      -1.368590111,       1.546289105,        1.32959308,       4.278310818,       1.284380117,       3.090466932
          0,           0,        1110,      -1.408678369,       1.532159228,       1.255444776,       4.227107778,       1.239263296,       3.101316061
          0,           0,        1111,      -1.416960569,       1.528469269,       1.219410125,       4.219400578,       1.237178162,       3.164410461
          0,           0,        1112,      -1.350978974,       1.543578725,       1.401470455,       4.278537973,       1.332696433,       3.150776059
          0,           0,        1113,      -1.287663305,       1.543075803,       1.559641064,       4.335961914,       1.337736903,       3.083305708
          0,           0,        1114,      -1.265539009,        1.54100489,       1.502561965,       4.347301054,       1.319313973,       3.184522238
          0,           0,        1115,      -1.356664263,       1.532678639,       1.373478948,       4.281494666,       1.285979321,       3.265979714
          0,           0,        1116,      -1.414592865,       1.524732277,       1.287363488,       4.262360834,       1.248765397,       3.197994586
          0,           0,        1117,      -1.355449684,       1.549520495,       1.336706025,       4.288684126,       1.239304591,       3.110620232
          0,           0,        1118,      -1.330842684,       1.560354004,       1.390525359,       4.280411025,       1.245734538,       3.104514673
          0,           0,        1119,      -1.476596317,       1.450409316,       1.241591431,        4.16176144,      0.9526767288,        3.03784243
          0,           0,        1120,      -1.624079424,       1.170365824,       1.080202685,       4.030120272,      0.8328588878,       3.003889374
          0,           0,        1121,      -1.654450537,       1.310910798,      0.9915873078,       4.061129099,      0.8544134138,       2.973592409
          0,           0,        1122,      -1.623112267,       1.320661304,      0.9722385373,       4.088541752,      0.8750500514,       3.016935277
          0,           0,        1123,       -1.54864681,       1.363449767,       1.074494761,       4.159124451,      0.9552703078,        3.04034779
          0,           0,        1124,      -1.476708359,       1.446954189,       1.180196119,       4.206625933,       1.036336255,       3.073813925
          0,           0,        1125,      -1.443231813,       1.473948129,       1.210944215,       4.224831856,       1.111840757,       3.118110325
          0,           0,        1126,      -1.403095297,        1.49889519,       1.440944544,       4.242710085,       1.160058588,        3.12573983
          0,           0,        1127,      -1.293363972,       1.515606141,       1.550767636,       4.328199311,       1.191300901,       3.194542776
          0,           0,        1128,      -1.415358435,       1.429060973,       1.366393679,       4.241792299,      0.9566335046,       3.119001359
          0,           0,        1129,      -1.559281682,       1.349949671,       1.251526634,       4.093901105,      0.8363639737,       2.999070357
          0,           0,        1130,      -1.578943215,       1.132342137,       1.188204074,       4.086000269,      0.8279703736,       2.953006267
          0,           0,        1131,       -1.58044504,       1.266189633,       1.133646903,       4.131172889,      0.8922610777,       2.933210644
          0,           0,        1132,      -1.557252317,        1.37149619,       1.097575939,       4.147293626,      0.9725565735,       2.950082584
          0,           0,        1133,      -1.530174015,       1.404994396,       1.073608103,       4.134776513,        1.06776794,       3.017759861
          0,           0,        1134,      -1.402321699,       1.501283984,       1.288896064,       4.199965335,       1.242620828,       3.053773163
          0,           0,        1135,      -1.351671423,       1.522283226,       1.344279761,       4.274549395,       1.226739949,       2.975768996
          0,           0,        1136,      -1.505315876,       1.403746557,       1.141211313,        4.17355812,      0.9552482878,       2.804956803
          0,           0,        1137,      -1.648462026,       1.247846062,       1.050323316,        4.02768676,      0.8596400712,       2.632410684
          0,           0,        1138,      -1.731642269,      0.9616672439,      0.9795834007,       3.882900864,      0.8600059912,       2.501222878
          0,           0,        1139,      -1.759002298,      0.9623532225,      0.9174745846,       3.900536039,      0.8574948031,       2.426706153
          0,           0,        1140,      -1.741378934,      0.8943042602,      0.9357628694,       3.933804518,      0.8477746536,       2.424401204
          0,           0,        1141,      -1.735496411,      0.8958306984,      0.9322410591,       4.022951946,       0.835990867,       2.485870828
          0,           0,        1142,      -1.651850265,       0.875614103,       1.038114168,       4.078301012,      0.8289477108,       2.522899653
          0,           0,        1143,      -1.724134634,      0.8513999392,      0.9550507034,       3.955396747,      0.8294593518,       2.483134592
          0,           0,        1144,      -1.761133313,      0.8195748365,      0.9101320257,       3.900348946,      0.8303881593,       2.439984509
          0,           0,        1145,      -1.863918102,      0.8012951428,      0.7793753792,       3.791935102,      0.8287975606,       2.422248893
          0,           0,        1146,      -1.843078414,       0.794865744,      0.8041541005,       3.800027492,      0.8268641168,       2.412973323
          0,           0,        1147,      -1.941552436,      0.7809483383,      0.6736842956,       3.726228912,      0.8245472096,       2.410819272
          0,           0,        1148,      -1.846824496,      0.7857803295,      0.8076761472,        3.81536405,      0.8218643959,       2.413968931
          0,           0,        1149,       -1.70651942,       0.812284765,      0.9832200376,       3.904531934,      0.8190933128,       2.436966881
          0,           0,        1150,      -1.845768644,      0.7763549974,      0.8132436027,       3.818957853,      0.8170240581,       2.456957937
          0,           0,        1151,      -1.826435645,      0.7688834445,      0.8359584709,       3.849729751,      0.8163163277,       2.502604747
          0,           0,        1152,      -1.761201125,      0.9409836493,      0.9624967974,       3.942070928,      0.8183959884,       2.550201378
          0,           0,        1153,         -1.645332,       1.015472763,       1.100628039,       4.021612923,      0.8241707648,       2.611580022
          0,           0,        1154,      -1.644139919,       0.882037401,       1.066087787,        4.03314826,      0.8305689919,        2.61879953
          0,           0,        1155,      -1.647496579,       0.846841224,       1.055004405,        4.09234934,      0.8394594888,       2.641810358
          0,           0,        1156,      -1.545657048,      0.9413902107,        1.17071774,       4.162374036,      0.9612246013,       2.532669492
          0,           0,        1157,      -1.564545263,      0.9728935921,       1.181735514,        4.14617235,      0.9934662404,       2.542108413
          0,           0,        1158,      -1.480053663,       1.151257763,       1.329671486,       4.170297043,       1.122338899,       2.668330362
          0,           0,        1159,      -1.398561555,       1.264858347,       1.506908439,       4.272560136,       1.183602943,       2.909688564
          0,           0,        1160,      -1.319650326,        1.43205802,       1.473158624,       4.333462835,       1.232085319,        3.20513681
          0,           0,        1161,      -1.366414145,       1.466085688,       1.384426463,       4.298036333,       1.218490642,       3.273378013
          0,           0,        1162,      -1.477964934,       1.405860625,       1.287315648,       4.190832923,       1.058140668,       3.134313522
          0,           0,        1163,      -1.613931798,       1.145140934,       1.182095059,       4.113316196,      0.9582906997,       2.973910376
          0,           0,        1164,      -1.666389121,      0.9526792966,       1.124249307,       3.998579703,       0.980285075,       2.876491376
          0,           0,        1165,      -1.692025677,      0.9452391002,       1.067983754,       3.963403707,      0.9908189107,       2.847378023
          0,           0,        1166,      -1.575267329,       1.049624835,       1.177245958,       4.077251678,      0.9789211552,       2.878638269
          0,           0,        1167,      -1.609063604,      0.8879065371,       1.109607556,       4.063463956,      0.9820064142,       2.938190275
          0,           0,        1168,      -1.615321146,      0.8630125105,       1.090003335,       4.074285101,      0.9693587975,       3.001355363
          0,           0,        1169,      -1.669005045,      0.8288598309,        1.02958539,       4.100395341,      0.9953162964,       3.050183558
          0,           0,        1170,      -1.548694781,       1.035254306,       1.199154349,       4.158111428,       1.099513574,       3.071102002
          0,           0,        1171,      -1.472850709,       1.067831796,       1.269750282,       4.211398664,       1.095492925,       3.044927288
          0,           0,        1172,      -1.471071576,       1.124584404,       1.273401881,         4.2125537,       1.152885606,       2.964757368
          0,           0,        1173,      -1.418563744,       1.273828616,        1.49378735,       4.233695014,       1.216503639,        3.03035216
          0,           0,        1174,       -1.32188948,       1.443784277,       1.559867602,       4.283517213,       1.245325417,       3.218708537
          0,           0,        1175,      -1.337610516,       1.474311706,       1.390379242,       4.286779747,       1.225416937,       3.299093309
          0,           0,        1176,       -1.43812978,        1.42394478,        1.34534834,       4.243103265,       1.030295454,       3.127040976
          0,           0,        1177,      -1.510468156,       1.220751223,       1.290489054,       4.166336328,      0.9714745867,       2.984964548
          0,           0,        1178,      -1.645328834,      0.9446873135,        1.13778847,        4.09697615,      0.9757731475,       2.943725608
          0,           0,        1179,      -1.615132658,         1.0442376,       1.115605889,       4.136558281,      0.9242574745,       2.934409989
          0,           0,        1180,      -1.583110904,       1.061711266,        1.12623155,       4.166279791,       0.958292991,       3.006863802
          0,           0,        1181,      -1.587699684,       1.212893041,       1.093356016,       4.137254205,      0.9809251366,        3.10270605
          0,           0,        1182,      -1.504744363,       1.419473533,       1.180067032,       4.183678309,       1.084884608,       3.162314082
          0,           0,        1183,      -1.427588372,       1.462468231,        1.25684991,       4.236190336,       1.191686732,       3.068129142
          0,           0,        1184,      -1.404877764,       1.492688778,       1.413910167,       4.234433203,       1.216047211,       3.028686224
          0,           0,        1185,      -1.340803213,       1.481838457,       1.485411585,       4.275202811,       1.179973799,       3.114404097
          0,           0,        1186,      -1.403043262,       1.398464866,       1.368094205,       4.233749581,       1.032114785,        3.13288189
          0,           0,        1187,       -1.59496189,       1.204150889,       1.196434308,       4.109015522,      0.8610202315,       2.976390991
          0,           0,        1188,      -1.605441117,      0.9472731918,       1.167380181,       4.034458511,      0.8707179541,        2.90533385
          0,           0,        1189,      -1.716771071,      0.9017334825,       1.056173872,       3.949474439,      0.8787800223,       2.859935288
          0,           0,        1190,      -1.707288946,      0.8355996944,       1.023876871,       3.945525749,      0.8805368439,       2.838254006
          0,           0,        1191,      -1.641612291,      0.8936859319,       1.086286712,       4.060993282,      0.8910873019,        2.82739082
          0,           0,        1192,      -1.558845553,       1.029060763,        1.19205764,       4.106294045,      0.9071960818,       2.816711535
          0,           0,        1193,       -1.55157914,       1.012191432,       1.193470358,       4.128068558,      0.9356490138,       2.881412723
          0,           0,        1194,      -1.510643332,       1.056074073,       1.229188108,       4.179382831,       1.003738994,        2.94318404
          0,           0,        1195,      -1.511319344,       1.108548613,       1.227722893,       4.203829993,       1.040595807,       2.978315942
          0,           0,        1196,      -1.475650314,       1.235487868,        1.26671401,       4.230823679,       1.164928581,       2.983522979
          0,           0,        1197,      -1.455633537,        1.34258811,       1.265982837,       4.211158406,       1.233895482,       2.919584921
          0,           0,        1198,      -1.409499702,       1.482283634,       1.347694183,        4.28153756,       1.277346216,          2.830264
          0,           0,        1199,      -1.321902276,       1.494704744,       1.536270409,       4.321695608,        1.30554396,        2.90562152
          0,           0,        1200,      -1.302504772,       1.501987449,       1.479396657,       4.320652065,       1.253994059,       3.124218621
          0,           0,        1201,      -1.426320365,       1.425430848,       1.358169357,       4.217104754,       1.030331308,       3.103020595
          0,           0,        1202,      -1.575549712,       1.133998045,       1.247460032,       4.111851705,       1.032026428,       2.984493173
          0,           0,        1203,      -1.595095404,       1.256242418,       1.145082088,       4.088747035,        1.02170751,       2.949374869
          0,           0,        1204,      -1.583070312,       1.238217423,       1.112593373,       4.084703684,       1.025996679,       2.920414351
          0,           0,        1205,      -1.556314482,        1.28144384,        1.12992999,       4.107477592,       1.058073332,       2.919309312
          0,           0,        1206,      -1.483585954,       1.411498314,       1.186506629,        4.16614213,       1.121000875,       3.025061564
          0,           0,        1207,      -1.424018973,       1.448656983,       1.254310548,       4.231428572,       1.193302469,       3.121226682
          0,           0,        1208,      -1.399115676,       1.506275513,       1.294705418,       4.259278415,       1.311038921,       3.083058777
          0,           0,        1209,      -1.401489372,       1.506484822,       1.291593348,       4.251105632,        1.27745776,       3.011030332
          0,           0,        1210,      -1.452069622,       1.397549455,       1.354805233,       4.187078765,       1.076122847,       2.881031465
          0,           0,        1211,      -1.484956445,       1.230228876,       1.424526715,       4.131014413,       1.060497292,        2.81503992
          0,           0,        1212,      -1.614834487,       0.944037592,       1.121367471,       4.070815369,        1.03324374,        2.84199302
          0,           0,        1213,      -1.646719403,       1.218112428,        1.06935878,       4.052957689,       1.005954108,       2.860134989
          0,           0,        1214,      -1.523197484,       1.305539221,       1.156180128,       4.129228294,       1.026989931,       2.894615461
          0,           0,        1215,       -1.49386617,       1.347861171,       1.180501689,       4.162305648,       1.084702045,       2.810830931
          0,           0,        1216,      -1.372237092,       1.489277365,       1.453451352,       4.271113702,       1.245322579,       2.830074932
          0,           0,        1217,      -1.297262851,       1.514288062,       1.556011388,        4.34305252,       1.236297368,       3.008236473
          0,           0,        1218,      -1.466927316,       1.403555521,       1.313759331,       4.197097301,       1.011460521,       2.937039967
          0,           0,        1219,      -1.597938148,       1.201563661,       1.218974898,       4.091931339,      0.9766953076,       2.741096869
          0,           0,        1220,      -1.667334801,      0.8751301439,       1.119285046,        4.04808866,      0.9447713223,       2.679808616
          0,           0,        1221,      -1.622073992,       1.127680794,       1.108740767,       4.054058523,      0.9306561891,       2.653269486
          0,           0,        1222,       -1.71636527,      0.9151025305,       1.007482749,       3.957377839,      0.9215530856,       2.590589247
          0,           0,        1223,      -1.790718605,      0.7886557235,      0.9275002314,       3.822506815,       0.920289136,        2.56550918
          0,           0,        1224,      -1.855036296,      0.7608435408,      0.8528636808,       3.794072737,      0.9219392001,       2.595911056
          0,           0,        1225,      -1.761474089,      0.7633150043,      0.9307914537,       3.877360314,      0.9255675247,       2.673571731
          0,           0,        1226,      -1.614568854,      0.8060267985,       1.090904802,       4.026429725,      0.9322769987,       2.744609489
          0,           0,        1227,      -1.645783932,      0.7947274927,       1.054743064,       4.050297661,      0.9387379495,       2.786375298
          0,           0,        1228,      -1.674308368,      0.7969677553,       1.021981646,       4.052573145,      0.9432717088,       2.839883699
          0,           0,        1229,      -1.667510797,      0.8019875708,       1.029873898,        4.09597516,      0.9475478127,       2.884760406
          0,           0,        1230,      -1.591166671,      0.9102761044,       1.120796357,       4.153834312,      0.9593596265,       2.877105096
          0,           0,        1231,      -1.477119716,       1.119604033,       1.275975785,       4.216028328,       1.039189954,       2.805040313
          0,           0,        1232,      -1.595489001,        1.01715503,       1.144826396,       4.106210233,      0.9465514391,       2.673397603
          0,           0,        1233,      -1.693266727,      0.8706599867,       1.019142106,       3.945374263,      0.9383047494,       2.573273474
          0,           0,        1234,      -1.737357188,      0.7580452773,      0.9460571322,       3.935428656,      0.9312372859,       2.560542178
          0,           0,        1235,      -1.709431498,      0.7230069887,      0.9790427554,       3.977624846,      0.9279070173,       2.550576996
          0,           0,        1236,      -1.666867433,      0.7348570576,       1.029636365,       4.055830822,      0.9231800123,       2.590885077
          0,           0,        1237,      -1.629908944,      0.7609238208,       1.076419949,       4.088710107,      0.9201521055,       2.668321183
          0,           0,        1238,      -1.597866621,      0.8254363957,       1.109646002,       4.140873038,      0.9218882792,       2.684704775
          0,           0,        1239,      -1.688406122,      0.8049414674,       1.028541217,       3.980908395,      0.9207223486,       2.598307414
          0,           0,        1240,      -1.770912861,      0.6687643208,      0.9408068024,       3.884955807,       0.914397061,       2.501914901
          0,           0,        1241,      -1.812481959,      0.5844864761,      0.8920887629,       3.836341153,      0.9142826152,       2.447276162
          0,           0,        1242,       -1.87781196,      0.5527780197,      0.8283018632,       3.780037559,      0.9145317324,       2.422045042
          0,           0,        1243,      -1.897525732,      0.5321395511,       0.805702047,       3.757331016,      0.9148816569,        2.39952239
          0,           0,        1244,       -1.95499208,       0.520321256,      0.7445176593,       3.739582939,      0.9153816335,       2.385138768
          0,           0,        1245,      -1.977979964,      0.5733323917,      0.7276019045,       3.763297358,      0.9161486275,       2.374035369
          0,           0,        1246,      -2.091726247,      0.4703739986,      0.5669363087,       3.662605646,      0.9163209552,        2.35610759
          0,           0,        1247,      -2.155570831,      0.4359686213,      0.4444625953,       3.585047419,      0.9169487821,       2.342185259
          0,           0,        1248,      -2.141747073,      0.4379033047,      0.4744946674,       3.571894264,      0.9178568173,       2.335194639
          0,           0,        1249,      -1.997168179,      0.4770128743,      0.6652282727,        3.66373588,      0.9191844771,        2.33471031
          0,           0,        1250,      -1.894571479,      0.5263053902,      0.7988629351,       3.763354821,      0.9211568181,         2.3392644
          0,           0,        1251,      -1.855433819,      0.7361627281,      0.8772763964,       3.788648501,      0.9217808136,       2.338080356
          0,           0,        1252,      -1.791509029,      0.9386814416,       0.986015857,       3.808473423,      0.9221976706,       2.317467647
          0,           0,        1253,      -2.107161109,        0.45644048,       0.582053223,       3.552088482,      0.9228091836,        2.30654577
          0,           0,        1254,      -2.172211515,      0.4249454493,      0.5027776741,       3.457030183,       0.923638253,        2.29864042
          0,           0,        1255,      -2.289250665,      0.3957853764,       0.344808336,       3.390797889,      0.9247109362,       2.291712514
          0,           0,        1256,      -2.238536073,       0.397129047,      0.4149824329,       3.437398179,      0.9261019237,       2.286351404
          0,           0,        1257,      -2.186407402,      0.4065665677,      0.4785274548,       3.493023251,      0.9279059427,       2.284816242
          0,           0,        1258,      -2.118911338,      0.4206238641,      0.5654994932,       3.607163177,      0.9302445414,       2.290600445
          0,           0,        1259,      -2.052637118,      0.4377899608,      0.6436313192,       3.637726829,      0.9332190553,       2.297179298
          0,           0,        1260,      -1.919207787,      0.4937659083,      0.7851580578,       3.739011577,      0.9369099049,       2.316480631
          0,           0,        1261,      -2.001799932,      0.4516291474,      0.6972448132,       3.811898549,       0.941257932,       2.328683263
          0,           0,        1262,      -1.834827954,      0.7213011521,      0.8914374413,       3.908705006,      0.9456293489,        2.33976233
          0,           0,        1263,      -1.684296293,      0.9556305544,       1.072092924,       4.008627779,      0.9486581231,       2.373853258
          0,           0,        1264,      -1.638179839,      0.8324667405,       1.084762991,       4.074817567,       0.948714725,       2.394826588
          0,           0,        1265,      -1.660214762,      0.7404910702,       1.039631124,        4.04822528,      0.9466492228,       2.340603395
          0,           0,        1266,      -1.723106202,      0.6609205764,      0.9802316686,       4.053210093,      0.9457352842,       2.308220108
          0,           0,        1267,      -1.741968451,      0.6333450953,      0.9665707603,       4.059436551,      0.9561275075,       2.273542251
          0,           0,        1268,      -1.537874505,       1.073899071,       1.230503555,       4.155580922,       1.091592904,       2.300302465
          0,           0,        1269,      -1.563981382,        1.03129445,        1.23673742,       4.103078246,        1.02602094,       2.412998273
          0,           0,        1270,       -1.59371728,      0.8991637124,       1.149378701,       4.050274925,      0.9509290058,       2.363864952
          0,           0,        1271,      -1.657870029,      0.7624597872,       1.071137178,        4.02739653,       0.951482128,       2.279286325
          0,           0,        1272,      -1.739146572,      0.6571689772,      0.9628456248,        3.96333862,      0.9418366487,       2.279581889
          0,           0,        1273,      -1.750336787,      0.6351905019,      0.9427356009,       3.926180938,      0.9359358853,       2.290925977
          0,           0,        1274,      -1.621526831,      0.6946305774,       1.091433979,       4.014539419,      0.9284849509,       2.330581332
          0,           0,        1275,      -1.592451798,      0.7214580141,       1.116437096,       4.080758174,      0.9282460625,        2.39376688
          0,           0,        1276,      -1.536101393,      0.9353725226,       1.380551483,       4.122678523,      0.9664037812,         2.5841175
          0,           0,        1277,      -1.392808351,       1.121000504,       1.477274661,       4.217898947,       1.106483835,        2.79873195
          0,           0,        1278,      -1.409294644,       1.123097679,       1.398608877,       4.238515796,       1.056369153,       3.026243878
          0,           0,        1279,       -1.59042138,      0.9750564291,       1.244013354,       4.148908471,      0.9186006208,       2.925581235
          0,           0,        1280,      -1.619910468,      0.9326970888,        1.17145575,       4.046595774,      0.9173532241,       2.784428937
          0,           0,        1281,      -1.736350079,      0.8281795776,        1.08148589,       3.892906071,      0.9187699992,       2.701524129
          0,           0,        1282,      -1.775372905,      0.7421814006,       1.016593059,       3.873417812,      0.9139655018,       2.654539104
          0,           0,        1283,      -1.751141231,      0.7044155968,       1.015725739,        3.86454407,      0.9088915005,       2.613045371
          0,           0,        1284,      -1.667478941,      0.7106298661,       1.063469284,       3.985252113,      0.9027776752,       2.636310327
          0,           0,        1285,      -1.652846754,      0.7261641565,       1.069340409,       4.021903833,      0.8934763021,       2.653248467
          0,           0,        1286,      -1.639108305,      0.7314073238,         1.0640982,       4.087237587,      0.8933411818,       2.728249291
          0,           0,        1287,      -1.633787169,      0.7688628636,       1.072370685,       4.085729041,      0.8896111468,       2.812662397
          0,           0,        1288,      -1.645360816,      0.7790211395,       1.070242672,       4.130107686,       0.928376685,       2.845443493
          0,           0,        1289,      -1.547836924,      0.9956378469,       1.201889053,       4.174469943,      0.9935733249,       2.842569293
          0,           0,        1290,      -1.700063539,       0.836622208,       1.048069127,       4.006961531,       0.893883695,       2.662874428
          0,           0,        1291,      -1.710903621,      0.7221100538,       1.005437093,       3.967790213,      0.8851042721,       2.570847546
          0,           0,        1292,      -1.820883698,      0.6154806888,       0.895299127,       3.840172819,      0.8877597147,       2.511770861
          0,           0,        1293,      -1.824398869,      0.5564852858,      0.8692752134,       3.839912832,       0.888760911,       2.476666906
          0,           0,        1294,      -1.903928264,       0.510081552,      0.7608218937,       3.777841316,      0.8879484118,       2.462853135
          0,           0,        1295,      -1.798329486,      0.6434981569,      0.8762032832,       3.869799022,      0.8859287406,       2.467809784
          0,           0,        1296,      -1.605659193,      0.9745469675,       1.127042958,       4.015045994,      0.8823694356,       2.484565369
          0,           0,        1297,      -1.641849057,        0.81505695,       1.082696372,       4.030066894,      0.8801236171,       2.509452681
          0,           0,        1298,      -1.688574947,      0.7356303284,       1.022160289,       4.042523199,      0.8776105531,       2.540274157
          0,           0,        1299,      -1.689127804,      0.6927806349,       1.020730448,        4.07398091,      0.8882866763,       2.577222727
          0,           0,        1300,      -1.625925588,      0.8917255908,       1.114671284,        4.15079561,      0.9917032477,       2.608545467
          0,           0,        1301,      -1.505190525,       1.064759406,       1.267674516,       4.192645894,       1.002566725,        2.67700352
          0,           0,        1302,      -1.452874238,       1.063256897,       1.429173292,       4.206736296,       1.106344143,       2.797537008
          0,           0,        1303,      -1.342433447,       1.146008001,       1.537342989,       4.288536754,       1.065398242,       3.015006699
          0,           0,        1304,      -1.534368616,       1.054648797,       1.288323382,       4.142322268,      0.9210733724,       2.991959219
          0,           0,        1305,       -1.67856967,      0.8993584751,       1.153415004,       4.014700885,      0.9176248537,       2.827386791
          0,           0,        1306,      -1.700767686,      0.7731779545,        1.11059304,       3.953386186,      0.9173330123,        2.76357645
          0,           0,        1307,      -1.800953837,      0.7003956297,       1.009628964,        3.86108294,      0.9092560646,       2.716687455
          0,           0,        1308,        -1.8090818,      0.6493525929,      0.9605011776,       3.920413961,      0.8993759293,       2.709416556
          0,           0,        1309,      -1.766106046,      0.6482264193,      0.9642506599,        3.96184684,      0.8863652104,       2.680224829
          0,           0,        1310,      -1.719483383,      0.6745954689,      0.9941137304,       4.016911656,      0.8837144491,       2.692348956
          0,           0,        1311,      -1.703581955,      0.6689699479,         1.0001937,       4.069548859,       0.874883485,       2.706346086
          0,           0,        1312,      -1.684479897,      0.6743236545,       1.014309102,        4.11218532,      0.8711618173,       2.798573805
          0,           0,        1313,      -1.657029983,       0.727657827,       1.043308789,       4.104477652,      0.8591274471,       2.868338813
          0,           0,        1314,      -1.581029442,       1.002636607,       1.166452536,       4.110767406,      0.9685501743,       2.907456499
          0,           0,        1315,       -1.52797529,         1.0426035,       1.227614519,        4.18137835,      0.9573584423,       2.895355663
          0,           0,        1316,      -1.586329207,       1.017667732,       1.156685576,       4.096803198,       0.835430806,       2.709998675
          0,           0,        1317,      -1.696341584,      0.8478263445,       1.028054925,        4.02833362,      0.8454339645,       2.620746718
          0,           0,        1318,      -1.766395907,      0.6653072189,      0.9423213421,       4.004562822,      0.8146766307,       2.524787112
          0,           0,        1319,      -1.622170072,      0.7204723063,       1.083625936,       4.046962661,       0.820317846,       2.503875515
          0,           0,        1320,      -1.616756186,      0.7866358074,       1.108091154,       4.074191047,      0.8413405303,       2.526649666
          0,           0,        1321,      -1.535846868,      0.8767558711,       1.396824112,       4.128399344,      0.8487045024,        2.59736027
          0,           0,        1322,      -1.670481147,      0.7602373213,       1.113820825,       4.010678112,      0.8084166748,       2.609137195
          0,           0,        1323,      -1.768104476,       0.629529073,      0.9968332802,       3.911569383,       0.808472046,       2.530588766
          0,           0,        1324,      -1.814311033,        0.55649069,      0.9488477469,        3.81950239,      0.8084577542,       2.492153515
          0,           0,        1325,      -1.872816615,      0.5096007112,      0.8955357899,       3.739967296,      0.8094396252,       2.474116089
          0,           0,        1326,      -1.873916069,      0.4922099077,      0.8874787401,       3.764579757,      0.8110620208,       2.465018132
          0,           0,        1327,      -1.898078927,      0.4704966024,      0.8630548311,       3.724683095,      0.8129586526,       2.457828715
          0,           0,        1328,      -1.937520766,      0.4461336126,      0.8246498678,       3.706016886,      0.8151465447,       2.453638777
          0,           0,        1329,      -1.978334461,      0.4244166053,       0.781305318,       3.654683087,      0.8176928638,       2.453201676
          0,           0,        1330,      -2.013624439,      0.4077794924,      0.7373975045,       3.630603826,      0.8206728049,       2.456742566
          0,           0,        1331,      -2.030565286,      0.4184134724,      0.7050243673,       3.582427408,      0.8242241743,       2.464432985
          0,           0,        1332,      -2.009432602,      0.5350265001,      0.7254258512,       3.611074192,      0.8284787086,       2.476240947
          0,           0,        1333,       -2.03312881,      0.4123488088,       0.665884191,       3.762096785,      0.8334280435,        2.49152922
          0,           0,        1334,       -1.95828031,      0.4507443274,      0.7218260682,       3.803262097,       0.839109051,       2.508332626
          0,           0,        1335,      -1.712386459,      0.5820934115,      0.9942015003,       3.954970471,      0.8434465289,       2.531747806
          0,           0,        1336,      -1.682443962,      0.6350448335,        1.03069997,       4.049907978,      0.8451148076,       2.547506774
          0,           0,        1337,         -1.631593,      0.9644132512,        1.10912878,       4.114218549,      0.8357415353,       2.584801296
          0,           0,        1338,       -1.68308611,      0.8769254492,       1.052323004,       4.067245229,      0.8278569773,       2.588754242
          0,           0,        1339,      -1.665254167,      0.8965939227,       1.071157009,       4.054121998,      0.9239484523,       2.575734191
          0,           0,        1340,      -1.693418744,      0.8556724444,       1.043908471,       4.096152919,      0.8658511566,       2.504267599
          0,           0,        1341,      -1.605371434,      0.8515776671,       1.124227217,       4.064608072,      0.8022514895,       2.422043126
          0,           0,        1342,      -1.692395984,      0.6703195654,       1.008492597,       3.950506194,      0.8026304346,       2.291645487
          0,           0,        1343,       -1.78768572,      0.5832223377,      0.9123980882,       3.874736229,      0.8024397534,       2.264888932
          0,           0,        1344,      -1.917843188,      0.5238999281,      0.7921922336,       3.776342553,      0.8026359777,       2.245321376
          0,           0,        1345,      -2.059266372,      0.4692207485,      0.6264953264,       3.721417119,      0.8028278097,       2.231922935
          0,           0,        1346,      -2.041509151,      0.4666935875,       0.645805411,       3.699589692,      0.8029762264,       2.213692867
          0,           0,        1347,      -2.042919684,      0.4592813545,      0.6461693758,       3.692213463,      0.8029920351,        2.20353362
          0,           0,        1348,      -2.040032996,      0.4518885151,      0.6450108625,       3.692597765,       0.802768242,       2.180283898
          0,           0,        1349,       -2.06360696,      0.4346885558,      0.6242059813,       3.672748646,      0.8021611742,       2.174972949
          0,           0,        1350,      -2.072392691,      0.4154987348,      0.6158998926,       3.643944618,      0.8009045794,       2.154439466
          0,           0,        1351,      -2.126726226,      0.3836771704,       0.559964403,        3.58617223,      0.7986690648,       2.157294601
          0,           0,        1352,      -2.026140745,      0.3904674928,      0.6718794003,       3.665300397,      0.7953947588,        2.13576389
          0,           0,        1353,      -1.792401303,      0.5086675656,      0.9105288996,       3.850632119,      0.7914225246,       2.139400013
          0,           0,        1354,       -1.83317487,      0.4724485215,      0.8689649615,       3.870956819,      0.7875241572,       2.139970148
          0,           0,        1355,       -1.76723738,      0.5022467409,      0.9313836556,       3.934907863,       0.783956574,       2.127172824
          0,           0,        1356,      -1.730785133,      0.5220849409,      0.9709017198,       4.008887334,        0.78109098,       2.204223186
          0,           0,        1357,      -1.684062859,      0.5869435333,       1.006431018,       4.082780606,      0.7776967077,       2.159001456
          0,           0,        1358,       -1.66953156,      0.6944152021,       1.041136758,       4.061734941,      0.7752862744,       2.243698198
          0,           0,        1359,      -1.578487735,      0.9865636182,       1.166179628,       4.116190107,      0.7708731369,        2.28199056
          0,           0,        1360,      -1.569511344,       0.937900213,       1.169650734,       4.148360107,      0.7815047394,       2.435914323
          0,           0,        1361,      -1.483556893,      0.8972555034,       1.428518577,       4.211466099,      0.8456468579,       2.644972283
          0,           0,        1362,       -1.37126046,       1.116753518,       1.482930362,       4.265698197,      0.7776625801,       2.879744054
          0,           0,        1363,      -1.427295954,       1.074680933,        1.38719784,       4.218035124,      0.7876808044,       2.814118369
          0,           0,        1364,      -1.499239207,      0.9483878528,       1.288345693,        4.15835362,       0.801038143,       2.749623779
          0,           0,        1365,      -1.599813583,      0.7612028489,       1.172154889,       4.077740611,      0.7949781436,       2.690958109
          0,           0,        1366,      -1.668286551,      0.7166338639,       1.112157351,        3.98399023,      0.7957216833,       2.644359693
          0,           0,        1367,       -1.72937168,      0.6819591898,       1.058764115,       3.934377375,      0.7965164895,       2.615967309
          0,           0,        1368,      -1.776191441,      0.6407432814,       1.017658559,       3.883403647,      0.7964867515,       2.607920941
          0,           0,        1369,       -1.77928204,      0.6053536915,      0.9923693848,       3.880896803,      0.7942336048,        2.61522405
          0,           0,        1370,      -1.869978095,      0.5470455491,      0.9164295155,       3.819773871,      0.7895176473,       2.625672238
          0,           0,        1371,      -1.858001835,      0.5310551704,      0.8895118302,       3.808536406,      0.7812760092,       2.622680106
          0,           0,        1372,      -1.755667459,      0.5796462005,      0.9662965583,       3.919750602,      0.7723010249,       2.620687524
          0,           0,        1373,      -1.660734661,      0.6470003301,       1.059906416,       4.008882745,      0.7602385812,       2.603281094
          0,           0,        1374,      -1.654535751,       0.665835325,       1.061965914,       4.053882347,      0.7551677838,       2.635190422
          0,           0,        1375,      -1.632571293,      0.6955660373,       1.077767722,       4.099294237,      0.7521064148,       2.660834054
          0,           0,        1376,      -1.614979416,      0.8043066319,       1.106774733,       4.131371084,      0.8452207396,        2.72820164
          0,           0,        1377,       -1.58901023,      0.9158378406,       1.141702573,       4.129764997,       0.875797012,       2.779311061
          0,           0,        1378,      -1.483723563,       1.115985509,       1.276731624,       4.202432732,        1.05948793,       2.796740047
          0,           0,        1379,      -1.488648761,       1.095153696,       1.262398273,       4.217927925,       1.105436779,       2.709218472
          0,           0,        1380,      -1.465939735,       1.160702595,       1.299640573,       4.227980319,        1.15213759,       2.746395251
          0,           0,        1381,      -1.363182838,       1.317360801,       1.521060202,       4.281542727,       1.195214685,       2.827598703
          0,           0,        1382,      -1.298148672,       1.458248691,       1.561724734,       4.316144154,       1.228716423,       3.144316236
          0,           0,        1383,      -1.338906777,       1.474251744,       1.399553288,       4.275953263,       1.253508141,       3.281794066
          0,           0,        1384,      -1.394582177,       1.498405219,       1.348528137,       4.239214329,       1.272815659,       3.204943424
          0,           0,        1385,      -1.417917288,       1.479114732,       1.300990232,       4.237752711,        1.25252951,       3.069399475
          0,           0,        1386,      -1.394038431,       1.496318962,       1.293443507,       4.273703268,       1.263865311,       3.012871798
          0,           0,        1387,      -1.361644801,       1.513571281,       1.345193746,       4.312690377,       1.285709617,       3.147789818
          0,           0,        1388,      -1.355625422,        1.52058553,       1.404410761,       4.302067899,       1.292713775,       3.187625992
          0,           0,        1389,      -1.295269776,       1.530514853,        1.51068802,       4.329122591,       1.290338146,       3.184166033
          0,           0,        1390,      -1.337202034,       1.527196785,        1.37905541,       4.288218583,      0.9433611828,       3.197191657
          0,           0,        1391,      -1.395608276,       1.484387591,       1.315818842,       4.234325203,      0.9519605954,       3.120615057
          0,           0,        1392,      -1.443455669,       1.426537404,       1.279969988,       4.188785844,      0.9608137305,       3.029538869
          0,           0,        1393,      -1.492992676,       1.349770225,       1.251036595,       4.138206765,      0.9696726044,       2.925445637
          0,           0,        1394,      -1.552380201,       1.240704889,       1.217448214,       4.052553368,      0.9769919264,       2.817085746
          0,           0,        1395,      -1.590300328,       1.103284116,       1.198060549,       4.008122264,      0.9812110026,       2.726754272
          0,           0,        1396,       -1.64695555,       1.016286978,       1.157370946,       3.958079105,      0.9820266998,        2.67257893
          0,           0,        1397,      -1.665754677,       1.026225848,       1.124605089,       3.922210247,      0.9814128446,       2.651948177
          0,           0,        1398,      -1.722934385,       1.012966159,       1.063355265,       3.877123718,      0.9796991744,        2.64702447
          0,           0,        1399,      -1.715187233,      0.9805023485,       1.033362852,       3.872338261,      0.9762547751,       2.642517353
          0,           0,        1400,      -1.699613211,      0.9608642581,       1.028876779,       3.893282746,      0.9708776138,       2.634556489
          0,           0,        1401,      -1.659486128,      0.9434661104,       1.054877455,       3.939325193,      0.9676015155,       2.633690518
          0,           0,        1402,      -1.626530616,      0.9396484662,       1.081416927,       3.982731241,       0.967442289,       2.684711554
          0,           0,        1403,      -1.621788594,      0.9248984588,       1.083982014,       3.996287025,      0.9732075905,       2.796719345
          0,           0,        1404,       -1.66328594,      0.9164620156,       1.023372274,       3.990144609,      0.9803290757,       2.917163062
          0,           0,        1405,      -1.564722784,      0.9448649183,       1.129399521,       4.105040557,      0.9906079338,        2.99385012
          0,           0,        1406,      -1.525775766,       1.042978512,       1.183056187,        4.14500736,       1.021680052,        3.03908096
          0,           0,        1407,      -1.469407845,        1.18083898,       1.269178695,       4.196875356,       1.169224505,        3.07145742
          0,           0,        1408,      -1.412629328,       1.328338669,       1.470836866,       4.253209249,       1.217664018,       3.014595922
          0,           0,        1409,      -1.345416383,       1.474433723,       1.480728307,       4.300656952,       1.273704934,       3.047864117
          0,           0,        1410,      -1.373051865,       1.493745847,       1.394990096,       4.292051803,       1.311568844,       3.107466835
          0,           0,        1411,      -1.361560708,       1.507587719,       1.373571859,       4.300561414,       1.331802879,         3.1522162
          0,           0,        1412,      -1.350702098,       1.493928164,       1.395794297,       4.295978373,        1.28594198,       3.123655531
          0,           0,        1413,      -1.359026477,       1.515942879,       1.350266289,       4.277040089,       1.277865991,       3.061670779
          0,           0,        1414,      -1.369461843,       1.527166149,       1.367891359,       4.259986388,       1.278862881,       2.956739874
          0,           0,        1415,      -1.351936912,       1.528708116,       1.403020233,         4.2778042,       1.277321773,       3.009682879
          0,           0,        1416,      -1.309390655,       1.518251174,       1.514337066,       4.322301527,       1.275339141,       3.125298247
          0,           0,        1417,      -1.339797348,        1.51937432,       1.382117872,       4.306800825,       1.261489071,       3.047404003
          0,           0,        1418,      -1.378336923,       1.517041856,       1.325584186,         4.2639796,       1.269807441,       2.797949924
          0,           0,        1419,      -1.395473236,       1.523737351,       1.292632637,       4.271359526,       1.299227485,       2.821019514
          0,           0,        1420,      -1.390238119,       1.530464383,       1.305254181,       4.239615238,       1.295871038,       3.006030288
          0,           0,        1421,      -1.366983357,        1.53295853,       1.379039378,       4.246071994,       1.305147151,       3.088067803
          0,           0,        1422,      -1.296346203,       1.534990881,       1.535728164,       4.307327847,       1.294683871,       3.121246448
          0,           0,        1423,      -1.293156096,       1.533664157,       1.478367191,       4.318773143,       1.259949513,       3.119116973
          0,           0,        1424,      -1.377087965,       1.525837856,       1.355899121,       4.267164653,       1.258538568,       3.150284445
          0,           0,        1425,      -1.390443975,       1.531615489,       1.338779811,        4.28843724,       1.318384404,       3.024425604
          0,           0,        1426,      -1.370663831,       1.532716194,       1.322838998,       4.310513319,       1.320969678,       2.935859498
          0,           0,        1427,      -1.358609276,       1.542022957,       1.335980335,       4.313587887,       1.320656501,       3.099633208
          0,           0,        1428,      -1.369409417,        1.54085659,       1.315439275,       4.291749354,        1.29812674,       3.187477567
          0,           0,        1429,      -1.380364083,       1.528408967,       1.416196101,       4.257577533,       1.263603131,       3.206513027
          0,           0,        1430,      -1.295934708,       1.537398217,       1.548417823,       4.300069753,       1.245032299,       3.134690803
          0,           0,        1431,      -1.280438488,        1.54710521,       1.475693956,       4.322577388,        1.30866343,       3.213399029
          0,           0,        1432,      -1.325356314,       1.548265889,       1.430828352,        4.31448181,       1.318824158,       3.216802039
          0,           0,        1433,      -1.351647023,        1.54318006,       1.376751707,        4.29003983,       1.312359017,       3.115120287
          0,           0,        1434,      -1.387574611,       1.532632629,       1.292130136,        4.26805963,        1.27944442,       3.064237373
          0,           0,        1435,      -1.418431166,       1.522212241,       1.225511906,       4.245491048,       1.232447065,       3.142156623
          0,           0,        1436,      -1.422459087,       1.522504375,       1.202093298,       4.222989117,       1.226807928,       3.195652346
          0,           0,        1437,      -1.355868189,       1.537925972,       1.428092452,       4.259822732,        1.30846412,       3.181997627
          0,           0,        1438,      -1.276007711,       1.548622867,       1.569172229,       4.331861305,       1.321842272,       3.141264272
          0,           0,        1439,      -1.257138783,       1.561362965,       1.510037074,       4.346991337,       1.316861279,       3.212984393
          0,           0,        1440,       -1.36142668,       1.539873434,       1.373708861,       4.263283831,       1.277022499,       3.268463648
          0,           0,        1441,      -1.427869769,       1.522758701,       1.271044853,       4.209029102,       1.234070482,       3.181967547
          0,           0,        1442,      -1.413284547,       1.522742036,       1.244805432,       4.231340108,       1.235522693,       3.092378388
          0,           0,        1443,      -1.356201241,       1.538324237,       1.338235849,       4.281103628,        1.31977999,       3.139265386
          0,           0,        1444,      -1.386125443,       1.537195649,       1.289903738,       4.278715476,       1.331074338,       3.176845365
          0,           0,        1445,      -1.404295925,       1.534328681,       1.340538864,       4.254699488,       1.319222519,       3.175443897
          0,           0,        1446,      -1.321118315,       1.529374971,       1.533745076,       4.317275352,       1.291222919,       3.166754858
          0,           0,        1447,      -1.274466843,       1.546231956,       1.495499487,       4.338979802,       1.258637745,       3.264394899
          0,           0,        1448,      -1.337301488,       1.536836294,       1.395822707,       4.291234619,       1.249121685,       3.301646865
          0,           0,        1449,      -1.343616455,       1.555102777,       1.399828342,       4.289148637,       1.320795132,       3.209184512
          0,           0,        1450,      -1.366526412,       1.549271771,       1.349561202,       4.276471278,       1.332645093,       3.076292525
          0,           0,        1451,       -1.36105722,       1.544224889,       1.323693972,       4.288810638,       1.320022183,        3.08341364
          0,           0,        1452,      -1.401693787,       1.533321308,       1.251417533,       4.261390213,       1.285826185,       3.151297107
          0,           0,        1453,      -1.433317717,       1.524169255,       1.334199595,       4.215933072,       1.245930794,       3.126220951
          0,           0,        1454,      -1.326642508,        1.52869034,       1.531571285,       4.271317582,       1.240495318,       3.046213553
          0,           0,        1455,      -1.282329462,       1.541304391,       1.489439895,       4.316792523,       1.319930978,       3.209408232
          0,           0,        1456,      -1.333438112,       1.541541844,       1.414177189,        4.30627256,       1.331716655,       3.275357711
          0,           0,        1457,      -1.349607854,       1.549326446,       1.377993863,        4.30422961,       1.316905824,        3.18111731
          0,           0,        1458,      -1.399547012,       1.533094451,       1.276859551,       4.244465105,       1.279776595,        3.10274447
          0,           0,        1459,      -1.425672982,       1.528371416,       1.236655754,       4.227635336,       1.237708024,       3.132715318
          0,           0,        1460,      -1.424799817,       1.526839714,        1.21888454,       4.225071788,       1.234671202,       3.168870397
          0,           0,        1461,      -1.369934719,       1.538329967,       1.377653393,       4.257887834,       1.317005588,       3.149923792
          0,           0,        1462,      -1.302382937,       1.538928548,       1.552217536,       4.308818706,       1.330353136,        3.10448425
          0,           0,        1463,      -1.276482031,         1.5391524,       1.492651501,       4.352609332,       1.320855238,        3.20122948
          0,           0,        1464,      -1.334980617,       1.542142662,       1.398858724,       4.309317512,       1.277539048,       3.270420449
          0,           0,        1465,      -1.375877925,       1.548386483,       1.359577102,       4.258911932,       1.230197664,       3.189495489
          0,           0,        1466,      -1.398285554,       1.538292464,       1.288728066,       4.231680917,       1.227376256,       3.106409467
          0,           0,        1467,      -1.370012185,       1.543628861,       1.325296912,       4.272493212,       1.313195359,       3.125998221
          0,           0,        1468,      -1.380194975,       1.541143922,       1.305023292,       4.277231701,       1.327201577,       3.162073534
          0,           0,        1469,      -1.374690225,        1.53738503,       1.385472748,       4.281142944,       1.316912447,       3.142410945
          0,           0,        1470,      -1.309954299,       1.540849069,       1.542209418,        4.30256777,       1.278102587,       3.100523842
          0,           0,        1471,      -1.304160963,       1.531928021,       1.463437826,       4.285554025,       1.228443145,       3.204438333
          0,           0,        1472,      -1.345561739,       1.531183398,       1.387583522,       4.256572219,       1.221162401,       3.266941242
          0,           0,        1473,      -1.346404454,       1.550291891,       1.385412495,       4.273293823,       1.315686269,       3.168317824
          0,           0,        1474,      -1.384235901,       1.541963733,       1.311867636,       4.251792933,       1.327705023,       3.091154869
          0,           0,        1475,      -1.398109792,       1.539174103,        1.27521192,       4.274991179,       1.313011251,       3.132337568
          0,           0,        1476,      -1.398737521,       1.541758942,       1.271144393,       4.302111499,       1.278063506,       3.177923708
          0,           0,        1477,      -1.398549651,       1.534033751,       1.358129631,       4.285608299,       1.184822844,       3.155757142
          0,           0,        1478,      -1.419370447,        1.43175696,        1.47081093,       4.193402504,      0.9181814232,       3.002907915
          0,           0,        1479,      -1.638180593,        1.12402424,       1.154369225,       4.011734553,      0.8274133047,       2.895111125
          0,           0,        1480,      -1.602812486,       1.309730209,       1.099837779,       4.029194176,      0.8601020527,       2.891065093
          0,           0,        1481,      -1.598351645,       1.321708637,       1.045031155,       4.072342409,      0.8926991101,        2.94063917
          0,           0,        1482,      -1.545700321,       1.365485389,       1.083886331,       4.121803663,       0.982976632,       2.950509722
          0,           0,        1483,      -1.443807078,       1.458519137,       1.210721613,       4.189610203,       1.125271467,       2.944836838
          0,           0,        1484,      -1.411907402,       1.495604197,       1.256044315,        4.23803506,       1.171496805,       2.873793239
          0,           0,        1485,      -1.374732878,       1.526120887,       1.380141854,       4.276881001,       1.245895902,       2.813505219
          0,           0,        1486,      -1.307203085,       1.524026376,       1.550004667,       4.325122581,       1.254626664,        2.83180855
          0,           0,        1487,      -1.303315494,       1.514377786,       1.478366996,       4.343354866,        1.16522833,       3.105995292
          0,           0,        1488,      -1.499152474,       1.415989786,       1.290017769,       4.233996788,      0.9207491102,       3.113905437
          0,           0,        1489,      -1.631189554,       1.098096312,       1.186281038,       4.094254586,      0.8802371663,       2.954876219
          0,           0,        1490,      -1.654489802,       1.290347693,       1.088513245,       4.095180818,      0.9015401099,       2.945590228
          0,           0,        1491,      -1.571673437,       1.299063753,       1.118267365,       4.154727103,      0.9219406159,       2.942750067
          0,           0,        1492,      -1.522539508,       1.343784468,       1.145299927,       4.179474959,      0.9719325323,       2.975026377
          0,           0,        1493,       -1.51911031,       1.435646141,        1.09853733,        4.18169573,      0.9518365152,       3.022479647
          0,           0,        1494,      -1.638004497,        1.31982052,       1.010952579,       4.068374987,      0.7879723307,       2.962009775
          0,           0,        1495,      -1.668436757,      0.8846285501,       1.022242331,       4.038635294,      0.7600085551,       2.886520419
          0,           0,        1496,      -1.787845632,      0.8577755349,      0.8965272803,       3.842408497,      0.7635065155,       2.837745158
          0,           0,        1497,      -1.750442979,      0.8793175355,      0.9223258954,       3.852419811,      0.7736427776,       2.804164881
          0,           0,        1498,      -1.818507872,      0.8548798139,      0.8427033274,       3.822844545,      0.7913366107,       2.801416777
          0,           0,        1499,      -1.775729398,      0.8537993241,      0.8835616614,       3.900984035,       0.816012142,        2.78095504
          0,           0,        1500,      -1.668963493,      0.8726427696,       1.013865866,       4.055005073,      0.8313243332,       2.754651956
          0,           0,        1501,      -1.658391176,      0.9765837432,        1.05583633,       3.988137723,      0.8403530717,       2.713368738
          0,           0,        1502,      -1.872886956,      0.8308360661,      0.7701984761,        3.78182996,      0.8454012039,       2.659850892
          0,           0,        1503,       -1.92784522,      0.8187157354,      0.6853862961,       3.724406263,      0.8495577488,       2.636023829
          0,           0,        1504,      -1.962186511,      0.8128989279,      0.6196903921,       3.660518499,      0.8546275829,       2.613243855
          0,           0,        1505,      -1.987581065,      0.8083884494,      0.5639810713,       3.637349042,      0.8607638752,       2.593880605
          0,           0,        1506,      -1.974762193,      0.8069513376,      0.5841194942,       3.614278807,      0.8681056202,       2.580299326
          0,           0,        1507,      -1.918116733,       0.809903342,      0.6883675529,       3.681071772,      0.8767766582,       2.573538668
          0,           0,        1508,      -1.840735806,      0.8185435102,      0.8074530392,       3.753736314,      0.8867544357,       2.572622181
          0,           0,        1509,      -1.842844697,      0.8124089722,      0.8050029299,       3.813735335,      0.8972244414,       2.576973112
          0,           0,        1510,      -1.773263588,      0.8478973487,      0.9039047409,       3.829418329,      0.9070032086,       2.588688223
          0,           0,        1511,      -1.675039029,       1.021138684,       1.055973405,        3.94398344,       0.915547763,       2.613642591
          0,           0,        1512,      -1.707707239,      0.8946744997,      0.9766014993,        4.01001638,      0.9197549642,       2.653483007
          0,           0,        1513,      -1.704185505,      0.8546576934,      0.9701393338,       4.037127928,      0.9153720619,       2.704004946
          0,           0,        1514,      -1.707576717,      0.8235847422,      0.9654179897,       4.017847758,      0.9044946289,       2.752337311
          0,           0,        1515,      -1.706445322,      0.8082428145,      0.9724645366,       4.036559311,      0.8937185157,       2.805306537
          0,           0,        1516,      -1.571115585,        1.01942098,       1.169202033,       4.135958029,      0.9407135535,       2.856204808
          0,           0,        1517,      -1.566693904,      0.9858827876,       1.172441587,       4.130330968,      0.9786459688,       2.889027208
          0,           0,        1518,      -1.462655306,       1.077359648,       1.274467799,       4.185692656,       1.132599024,       2.835002872
          0,           0,        1519,       -1.46627485,        1.13442152,       1.264257691,       4.221223458,       1.173564913,       2.797302955
          0,           0,        1520,      -1.452354354,        1.27998334,        1.28578872,       4.228210238,       1.198188645,       2.765989863
          0,           0,        1521,      -1.395990938,       1.417274972,       1.354997555,       4.259626544,       1.240510116,       2.843636538
          0,           0,        1522,      -1.358066131,        1.50193286,       1.498461703,       4.301815236,        1.22363198,       2.947928388
          0,           0,        1523,      -1.436635748,        1.40380114,       1.305377659,       4.216203053,       1.014556665,       2.959553935
          0,           0,        1524,      -1.592013823,       1.144625892,       1.194476094,       4.093108649,       1.010593923,       2.820183508
          0,           0,        1525,      -1.599068457,        1.24162379,       1.102413883,       4.120408377,      0.9872424937,       2.840147488
          0,           0,        1526,      -1.587879116,       1.210129842,       1.103062374,       4.133775784,       1.002624151,       2.818315581
          0,           0,        1527,       -1.51935665,       1.262935992,       1.160320264,       4.176431374,       1.022660466,       2.787316877
          0,           0,        1528,      -1.512644418,        1.39273607,       1.149367938,        4.16290379,       1.094180439,       2.838804864
          0,           0,        1529,      -1.448121612,       1.440607004,       1.280073132,        4.22144104,         1.1905415,       2.793900791
          0,           0,        1530,      -1.341435545,       1.504570884,       1.516989413,       4.277023743,        1.29725647,       2.840832503
          0,           0,        1531,      -1.293632922,       1.503476454,       1.506250782,       4.315951085,       1.250318187,       3.042205213
          0,           0,        1532,      -1.421005627,       1.408065177,       1.337704705,       4.211387872,       1.000679114,       3.069335102
          0,           0,        1533,      -1.575904829,       1.210850603,       1.220189333,       4.065244244,      0.9743678876,       2.823169789
          0,           0,        1534,      -1.644504817,      0.9361644011,       1.132626731,       4.029406461,      0.9277965652,       2.786877356
          0,           0,        1535,       -1.64642797,       1.155186008,       1.081269409,       4.043691577,      0.8897340106,        2.68233242
          0,           0,        1536,      -1.531944385,          1.231535,       1.169878759,       4.135558295,      0.9497428467,       2.668666092
          0,           0,        1537,      -1.436286307,       1.352096973,       1.283693012,       4.211089661,       1.104622214,       2.832589083
          0,           0,        1538,      -1.431281906,        1.45824808,       1.262904495,        4.23256978,       1.184346033,       2.934634143
          0,           0,        1539,      -1.424942988,       1.485292483,       1.250304833,       4.250548858,       1.265949607,       2.925200718
          0,           0,        1540,      -1.415534453,        1.50199606,       1.258210864,       4.284327185,       1.254021679,       2.939975106
          0,           0,        1541,      -1.364566486,       1.505289472,       1.340067739,       4.332761365,       1.276606204,        2.90653058
          0,           0,        1542,      -1.379199875,       1.510850738,       1.415702027,       4.314638637,       1.218543823,       2.907671884
          0,           0,        1543,      -1.413185602,       1.406530673,       1.479333053,       4.253987985,       1.056234102,       2.849127333
          0,           0,        1544,      -1.642168188,       1.093357786,       1.162538194,       4.061940475,       1.038595985,       2.853604299
          0,           0,        1545,      -1.634589309,       1.279524503,        1.07195393,       4.058548805,       1.037992256,       2.822118644
          0,           0,        1546,      -1.616556936,       1.268939098,       1.020069965,       4.038007099,       1.031464696,       2.822239376
          0,           0,        1547,      -1.524805501,       1.335084719,       1.145669931,       4.140744641,       1.054136799,       2.765745064
          0,           0,        1548,      -1.470732477,       1.435557457,       1.203930148,       4.194456953,       1.130544513,       2.740496535
          0,           0,        1549,      -1.445159933,       1.457093873,       1.226950373,       4.223436011,        1.20366831,       2.852707216
          0,           0,        1550,      -1.360167913,        1.50834505,       1.491092979,       4.296366049,       1.310830461,       2.913428256
          0,           0,        1551,      -1.298018225,       1.510850658,       1.558156979,       4.319602367,       1.257659243,       3.081374296
          0,           0,        1552,      -1.443092798,       1.416930045,       1.344533232,       4.209499722,       1.004934462,       3.034172423
          0,           0,        1553,      -1.568339418,       1.253075302,       1.241782336,       4.102988107,      0.9838020371,       2.831366171
          0,           0,        1554,      -1.675576708,      0.9697802934,       1.106226099,       4.075349322,       0.929988361,       2.768959911
          0,           0,        1555,      -1.558067918,       1.241328903,       1.157464677,       4.166567188,      0.9208761911,       2.703535765
          0,           0,        1556,      -1.521314046,        1.33268272,       1.159442261,       4.191538719,      0.9780080657,       2.688099825
          0,           0,        1557,      -1.485092469,       1.387275212,       1.203867363,       4.212946353,       1.064700865,       2.760452255
          0,           0,        1558,      -1.446415594,       1.480039611,        1.24098813,       4.228493895,       1.168898408,       2.837002958
          0,           0,        1559,      -1.385054575,       1.513706429,       1.315621397,       4.268412103,       1.285161594,       2.918708204
          0,           0,        1560,      -1.388379699,       1.515240574,       1.318556703,       4.276729473,       1.214543369,       2.936288449
          0,           0,        1561,      -1.499896802,       1.411108668,       1.208407589,       4.188043787,       0.961468428,       2.770531473
          0,           0,        1562,      -1.575482114,       1.068617432,       1.353383587,       4.063550304,      0.9425417362,        2.71013703
          0,           0,        1563,      -1.577072392,       1.272815098,       1.143095178,       4.111765144,      0.9576837464,       2.665618142
          0,           0,        1564,      -1.594232646,       1.267596898,       1.109223611,       4.103908856,      0.9911484077,       2.736488896
          0,           0,        1565,       -1.54871687,       1.312480041,       1.110060579,       4.123198739,       1.048816424,       2.727478958
          0,           0,        1566,      -1.446934563,       1.447055852,        1.25009192,       4.210008456,       1.158495107,       2.618237513
          0,           0,        1567,       -1.43128746,       1.464580495,       1.271478958,       4.229451932,       1.213831985,       2.673298234
          0,           0,        1568,      -1.367313973,        1.50835963,       1.413397222,       4.287891128,        1.28912707,       2.747414244
          0,           0,        1569,      -1.304138778,       1.520512266,       1.506472372,       4.334050552,        1.24442898,       2.860210502
          0,           0,        1570,      -1.466911405,       1.403939587,       1.280122097,       4.242034893,        1.01515219,       2.966895157
          0,           0,        1571,      -1.650512045,       1.251032978,       1.167804332,       4.040332295,       1.014375149,       2.744223316
          0,           0,        1572,      -1.680304539,      0.9601430174,       1.069491353,       4.046918691,      0.9889838271,       2.723061353
          0,           0,        1573,      -1.681846972,        1.23252639,       1.020892701,       4.089482047,      0.9863545713,        2.69928283
          0,           0,        1574,      -1.575662945,       1.331418855,       1.095820392,       4.125237572,       1.004827869,       2.724091885
          0,           0,        1575,      -1.561698819,       1.368090079,       1.066846657,       4.154656027,       1.055737685,       2.865162195
          0,           0,        1576,      -1.421833224,        1.48037699,       1.260525965,       4.226226579,       1.230169349,       2.923882149
          0,           0,        1577,      -1.350696497,       1.521392122,       1.399664473,       4.267769281,       1.230558537,       2.934060722
          0,           0,        1578,      -1.391534649,       1.414352766,       1.473672704,       4.217122586,      0.9418287157,       2.866460606
          0,           0,        1579,      -1.573555898,       1.234371015,       1.201998665,        4.06503956,      0.8309561491,       2.729258502
          0,           0,        1580,      -1.707394338,      0.9673431575,       1.069376484,       3.922091212,      0.8177736309,       2.555122784
          0,           0,        1581,      -1.773168628,      0.9404868564,       1.009272372,       3.862551982,      0.8274051315,       2.482703519
          0,           0,        1582,      -1.878268345,      0.9032377232,      0.9029105382,       3.777062679,      0.8364873816,       2.450558655
          0,           0,        1583,      -1.866958242,       0.868068489,      0.8874681899,        3.81757466,      0.8442093364,       2.463224713
          0,           0,        1584,       -1.86114293,       0.834254778,      0.8697055123,       3.834665651,      0.8510679009,        2.50070558
          0,           0,        1585,       -1.85656301,      0.7992897707,       0.851631139,       3.839544811,      0.8590713144,       2.540664741
          0,           0,        1586,      -1.761039117,      0.7901406397,      0.9448960704,       3.914425434,      0.8712592091,       2.577121596
          0,           0,        1587,      -1.746630248,      0.7782366443,      0.9519384459,       3.997545787,      0.8810660942,       2.621904212
          0,           0,        1588,      -1.715054348,      0.7811339091,      0.9724291229,       4.068556497,      0.8908714373,       2.639229592
          0,           0,        1589,      -1.681538779,      0.7960917722,       1.013025418,       4.111865043,      0.8807900982,       2.617249682
          0,           0,        1590,      -1.535028103,       0.892472952,       1.173737102,       4.180896186,       0.880060039,       2.625387729
          0,           0,        1591,      -1.473644689,       1.097115726,       1.268821384,       4.204293375,      0.9798341356,       2.589205079
          0,           0,        1592,      -1.560942618,       1.096439304,       1.197610815,       4.105485409,      0.8575413264,       2.377431479
          0,           0,        1593,      -1.673201625,      0.8631754265,       1.028942299,       3.974016363,      0.8408503803,       2.308969668
          0,           0,        1594,      -1.742039738,      0.7730816144,      0.9553286868,       3.952483997,      0.8271117539,       2.321196944
          0,           0,        1595,      -1.701675443,      0.7387770363,      0.9823582244,       3.998359622,      0.8194160374,       2.264921887
          0,           0,        1596,      -1.629972855,      0.7852658169,       1.069570013,       4.085669027,      0.8168897155,       2.321716491
          0,           0,        1597,      -1.625381314,       0.856764796,       1.087846009,       4.098790584,      0.8142117782,       2.292818873
          0,           0,        1598,      -1.727618457,      0.7398262109,       0.977909129,        3.97562868,      0.8156013914,       2.159048842
          0,           0,        1599,       -1.79847158,      0.6673292538,      0.8974523669,       3.873381843,      0.8156688194,       2.087006842
          0,           0,        1600,      -1.867038286,      0.6315002275,      0.8315710099,       3.788931566,      0.8166059669,       2.051940795
          0,           0,        1601,      -1.851645795,      0.6208822265,      0.8498665766,       3.798572752,      0.8183614894,       2.027224588
          0,           0,        1602,      -1.955949872,      0.5951392061,      0.7351718435,       3.757077611,       0.821452278,       2.015088867
          0,           0,        1603,      -1.941502512,      0.5757108036,       0.738554419,       3.742581508,      0.8264932517,       1.997003429
          0,           0,        1604,      -1.954172666,      0.5567784555,      0.6920087876,        3.72478519,      0.8343777689,       1.953724638
          0,           0,        1605,      -1.916915903,      0.6072197977,      0.7417615081,       3.763269542,      0.8456631722,       1.980878058
          0,           0,        1606,       -1.64729092,       0.974555578,       1.088901078,       4.005053777,      0.8508820468,        2.05633155
          0,           0,        1607,      -1.754276636,      0.6899819111,      0.9425368839,       3.922455511,      0.8538992113,       2.029730908
          0,           0,        1608,      -2.006962264,      0.5568377662,      0.6330907224,       3.657839286,      0.8555842572,       1.991756331
          0,           0,        1609,      -2.031741058,      0.5469855613,      0.5918600316,       3.608167066,      0.8574772427,       1.963865684
          0,           0,        1610,      -2.002210345,      0.5449876255,      0.6294255569,       3.605410598,      0.8598537438,       1.933733918
          0,           0,        1611,      -2.011619863,      0.5381825757,       0.611899919,       3.567543677,      0.8628403729,       1.905268248
          0,           0,        1612,      -2.029988613,      0.5289597902,      0.5775846825,       3.606633915,      0.8665912998,       1.874939954
          0,           0,        1613,      -2.050815155,      0.5185736877,       0.534863614,        3.54229121,      0.8712572863,       1.847413665
          0,           0,        1614,      -2.064522589,      0.5094403425,       0.503202526,       3.575557036,      0.8770158453,        1.82471441
          0,           0,        1615,      -2.056088379,      0.5020625015,      0.5106172867,       3.557127032,      0.8839808463,       1.834602964
          0,           0,        1616,      -1.925527917,      0.5414808965,      0.7205842008,       3.689649192,      0.8921756309,       1.838647059
          0,           0,        1617,      -1.644907073,      0.6831964742,        1.05634637,       3.976365287,      0.9010409955,       1.968405671
          0,           0,        1618,      -1.723106327,      0.6205674768,      0.9711039164,       4.007074674,      0.9088096743,       2.029159867
          0,           0,        1619,      -1.673080927,       0.645136994,       1.014900048,       4.062405905,      0.9126667645,       2.082634486
          0,           0,        1620,      -1.697953151,      0.8059501777,       1.004039209,       4.088725108,      0.9089718869,       2.051473248
          0,           0,        1621,      -1.668346856,      0.9759510704,       1.085548189,       4.087952254,       0.902454326,       2.165168505
          0,           0,        1622,      -1.706185839,      0.7825977444,       1.013227363,       4.066134547,       0.903981888,       2.205545274
          0,           0,        1623,      -1.641272722,      0.7734027829,       1.091011045,       4.084426204,      0.9178955403,         2.3045382
          0,           0,        1624,      -1.631106546,      0.7688514728,       1.135407828,       4.117136909,      0.9540189993,       2.468888521
          0,           0,        1625,       -1.40717751,       1.109484355,       1.430819082,        4.25086017,       1.126099319,       2.651521843
          0,           0,        1626,      -1.369998909,       1.181923579,       1.470282844,       4.263795244,       1.141898842,       2.908570649
          0,           0,        1627,      -1.485451281,       1.162741531,       1.319498761,       4.165775642,      0.9919853403,        2.92693478
          0,           0,        1628,      -1.591287836,       1.042738493,       1.205082974,       4.029098297,       0.928848398,       2.816659444
          0,           0,        1629,      -1.639696236,      0.8496379174,       1.147654083,       3.973526284,      0.9354485447,       2.723644664
          0,           0,        1630,      -1.811633341,      0.7062571735,       1.004015135,       3.903681603,      0.9315083872,       2.671944029
          0,           0,        1631,       -1.74664094,      0.6577645155,       1.006235419,       3.920599993,      0.9082677002,       2.628388413
          0,           0,        1632,      -1.739490295,      0.6487616214,       1.000288288,       3.932357137,      0.9089099763,       2.646753827
          0,           0,        1633,       -1.71301739,      0.7013350435,       1.013075804,       4.032878394,      0.9015323301,        2.69352946
          0,           0,        1634,      -1.647176423,      0.7840254641,       1.070689442,       4.071375782,       0.954317284,       2.805200186
          0,           0,        1635,      -1.487263344,       1.062220831,       1.257589096,       4.193227559,      0.9840550495,        2.84613127
          0,           0,        1636,      -1.596849149,      0.8799107918,       1.129540937,       4.131953183,      0.9140333351,       2.736083802
          0,           0,        1637,      -1.824845249,      0.7256434003,      0.8915143743,        3.83277276,      0.9120247765,       2.685306818
          0,           0,        1638,      -1.857917699,      0.6461788072,      0.8452875303,        3.78430352,      0.9154982426,       2.653901526
          0,           0,        1639,      -1.946844762,      0.5723998552,      0.7346021699,       3.701153338,      0.9176826196,       2.632660669
          0,           0,        1640,      -1.931287072,      0.5320549755,      0.7349804203,       3.758726144,      0.9188128263,        2.61930694
          0,           0,        1641,      -1.956110953,      0.5031725394,      0.6975303065,       3.819981725,       0.919558038,       2.624269757
          0,           0,        1642,       -1.89773119,      0.5184461568,      0.7660085709,       3.878089613,      0.9188199112,       2.637754632
          0,           0,        1643,      -1.756098477,      0.5860393173,      0.9251721941,       3.990830954,       0.915396662,       2.636578534
          0,           0,        1644,      -1.652444477,      0.8485750608,       1.058909767,       4.060021311,      0.9100293917,       2.651884252
          0,           0,        1645,      -1.588719667,      0.9822977192,        1.15130476,       4.091164667,      0.8952917694,       2.646078387
          0,           0,        1646,      -1.667680827,      0.8224715068,       1.052041736,       4.100051546,      0.8852195676,       2.649541994
          0,           0,        1647,      -1.793114241,      0.7166506508,      0.9032906503,       3.904994204,      0.8781038834,       2.614546656
          0,           0,        1648,      -1.747984671,      0.6651710134,      0.9512185028,       3.948592592,      0.8706426388,       2.602602833
          0,           0,        1649,      -1.645910561,      0.7007589715,       1.063127438,       4.045203274,      0.8672885604,       2.575360067
          0,           0,        1650,      -1.706817234,      0.7001213411,       1.007096536,       4.047795272,      0.8677832576,       2.584578781
          0,           0,        1651,      -1.608510398,      0.7605946798,       1.177752779,       4.142903466,      0.8833864897,       2.681298493
          0,           0,        1652,      -1.517167082,      0.9339642326,       1.352450638,       4.207885743,       1.022253329,       2.797373787
          0,           0,        1653,      -1.399717127,       1.036824521,       1.496167511,       4.261023872,       1.002555179,       2.973730266
          0,           0,        1654,      -1.415638539,       1.097015501,       1.375659158,       4.249542626,       1.001689826,       3.135553692
          0,           0,        1655,       -1.57252932,      0.9665378438,       1.249240121,        4.14752374,       0.896651375,       2.959844887
          0,           0,        1656,      -1.663564402,      0.8224476675,       1.155716496,       4.007075417,        0.88333411,       2.846193116
          0,           0,        1657,       -1.76355158,      0.6919975753,       1.077215007,       3.895760754,      0.8844726232,       2.783087949
          0,           0,        1658,      -1.763193889,      0.6394275759,       1.044371973,       3.889845761,      0.8791933016,       2.736567967
          0,           0,        1659,        -1.7695598,      0.6180310582,       1.012702488,       3.946817096,      0.8715729783,       2.703891939
          0,           0,        1660,      -1.714167898,      0.6417153704,        1.03656635,       3.951967053,      0.8628764865,       2.699358543
          0,           0,        1661,      -1.755915049,      0.6230337606,      0.9673034725,       3.954644498,      0.8578272837,       2.753147177
          0,           0,        1662,      -1.663619873,      0.6915608874,       1.050101665,        4.05739033,      0.8555739505,       2.858058857
          0,           0,        1663,      -1.584894411,      0.7914196678,       1.123857597,       4.113593832,      0.8838299946,       2.970455369
          0,           0,        1664,      -1.535606218,       0.992463703,       1.205939313,        4.16339774,       0.952989767,       3.018511607
          0,           0,        1665,      -1.665942658,      0.8360105981,       1.065058848,       4.073201296,      0.8553057079,       2.924150361
          0,           0,        1666,      -1.760634667,      0.7230619826,      0.9650759937,       3.879937303,      0.8553971832,       2.851240058
          0,           0,        1667,      -1.789826711,      0.6684448358,      0.9114336884,       3.851625882,      0.8482479874,       2.816614534
          0,           0,        1668,      -1.654797888,      0.9540686284,       1.085010425,       4.002501496,      0.8482584162,       2.804438097
          0,           0,        1669,      -1.567362803,      0.8927581612,       1.155822971,       4.090631893,      0.8476386836,       2.821791272
          0,           0,        1670,      -1.647139029,      0.7655771492,       1.055571784,       4.074803751,      0.8481777894,        2.80946943
          0,           0,        1671,      -1.686100048,      0.7404671548,         1.0259557,       4.065793163,       0.862525983,        2.83190069
          0,           0,        1672,      -1.638678803,      0.8153981065,       1.088942785,       4.140558961,       0.911619576,       2.847654503
          0,           0,        1673,      -1.480244687,       1.120925732,       1.279539169,       4.227331219,      0.9856403986,       2.834010297
          0,           0,        1674,      -1.626767746,      0.9195056412,       1.115594577,       4.083997512,      0.8608403507,       2.694812562
          0,           0,        1675,      -1.750359094,      0.7727541537,      0.9779515554,       3.947003917,      0.8614174012,       2.536641361
          0,           0,        1676,       -1.77603156,      0.6231095916,      0.9160355264,       3.947035818,      0.8544868653,        2.49367784
          0,           0,        1677,      -1.762859004,      0.6086509137,      0.9422584248,       3.983095506,      0.8473448405,       2.542044593
          0,           0,        1678,      -1.693987732,       0.644763464,       1.010271241,       4.044299047,      0.8340955595,        2.61693693
          0,           0,        1679,      -1.622870668,      0.7059179241,       1.096457749,        4.12557746,      0.8258732714,       2.684387556
          0,           0,        1680,      -1.515866109,      0.9161947701,       1.423982638,       4.197896967,      0.8392077247,       2.775251968
          0,           0,        1681,       -1.39540748,       1.149428155,       1.447928497,        4.25553922,      0.9441179352,        2.89470452
          0,           0,        1682,      -1.593002424,      0.9539121129,       1.229574828,        4.10388046,      0.8320002825,        2.85083673
          0,           0,        1683,      -1.646475945,      0.8209799343,       1.141195167,       3.973658174,      0.8105134379,       2.745498902
          0,           0,        1684,      -1.727864771,      0.7244869564,       1.077129943,       3.889997106,      0.8086204326,       2.683997872
          0,           0,        1685,      -1.737232843,      0.6838709073,       1.064476459,       3.881473582,       0.808258434,       2.648251954
          0,           0,        1686,      -1.777598786,      0.6553765163,       1.034569261,        3.85113169,      0.8084102052,       2.627909566
          0,           0,        1687,      -1.800814532,       0.632167265,       1.015404521,       3.845945525,      0.8085876014,       2.609425594
          0,           0,        1688,      -1.821806056,      0.6115783146,      0.9974869262,       3.819323706,        0.80876037,       2.592511362
          0,           0,        1689,        -1.8412415,      0.5933938088,      0.9803641253,        3.82309676,      0.8091257082,       2.578622207
          0,           0,        1690,      -1.863800382,      0.5729788801,      0.9588994249,       3.775228995,      0.8095247345,       2.564339066
          0,           0,        1691,      -1.889725945,       0.551322521,      0.9299643063,       3.777424923,      0.8099210373,       2.550264538
          0,           0,        1692,      -1.922858294,      0.5271373738,      0.8914680982,       3.722553377,      0.8102903114,        2.53684175
          0,           0,        1693,      -1.975862894,       0.497299175,      0.8312337855,       3.750129285,      0.8106759396,       2.524537333
          0,           0,        1694,      -2.033874189,      0.4646208971,      0.7550605664,       3.649661023,      0.8111045697,       2.515697152
          0,           0,        1695,      -2.069736621,      0.4333239532,      0.6777857362,       3.687380055,      0.8121060138,       2.508681921
          0,           0,        1696,      -1.911952938,       0.464946607,      0.8091266886,        3.71304664,      0.8140227081,       2.508615287
          0,           0,        1697,      -1.725449071,      0.5680025672,      0.9853438198,       3.912238188,      0.8184845347,       2.518686748
          0,           0,        1698,      -1.697854547,      0.5727854896,       1.006334207,       3.973960312,      0.8187325196,       2.518317311
          0,           0,        1699,      -1.764965483,      0.5344816377,      0.9409197859,       3.913693115,      0.8195858577,        2.48563342
          0,           0,        1700,       -1.84138087,      0.4850580948,      0.8693658043,       3.797031706,      0.8201112821,        2.45918851
          0,           0,        1701,       -1.96042138,      0.4327164083,      0.7500943038,       3.655380771,      0.8210131855,       2.451643982
          0,           0,        1702,      -2.059893974,      0.3952531108,      0.6496241801,       3.563534158,      0.8219568139,       2.445535951
          0,           0,        1703,      -2.089318917,      0.3863090251,      0.6158587281,       3.528767578,      0.8229436478,       2.440426494
          0,           0,        1704,      -2.096445239,      0.3860322387,      0.6037653539,       3.516343531,      0.8239745417,       2.436549471
          0,           0,        1705,      -2.093058072,      0.3902906319,      0.6007101872,        3.51399332,      0.8250483413,       2.433691543
          0,           0,        1706,      -2.131858375,       0.381122656,      0.5476577289,       3.494501611,      0.8261639702,       2.431651425
          0,           0,        1707,      -2.166858659,      0.3750675007,      0.4969661759,       3.461106716,      0.8276750827,       2.432658728
          0,           0,        1708,      -2.180447187,      0.3742629989,      0.4718527321,       3.429356386,      0.8296286758,       2.435749042
          0,           0,        1709,      -2.197089642,      0.3726398721,      0.4464946806,       3.431490096,      0.8307364234,       2.432933097
          0,           0,        1710,      -2.201591864,      0.3730842099,      0.4355772771,       3.401884286,      0.8320247666,       2.432296862
          0,           0,        1711,      -2.203480171,      0.3736581324,      0.4296146874,       3.406119447,      0.8333411668,       2.431759403
          0,           0,        1712,      -2.204923118,      0.3742909442,       0.424945343,       3.386351819,      0.8346829649,       2.431501119
          0,           0,        1713,      -2.207178501,      0.3746032177,      0.4194106141,       3.389777988,       0.836047418,       2.431118791
          0,           0,        1714,      -2.208917909,      0.3752186582,      0.4143072923,       3.378971904,      0.8374319168,       2.431174527
          0,           0,        1715,      -2.212866962,      0.3750470268,      0.4063516314,       3.377728301,      0.8388338747,       2.430611992
          0,           0,        1716,      -2.214409514,         0.3756422,      0.4010671998,       3.364047036,      0.8402507756,       2.431930807
          0,           0,        1717,      -2.215301487,      0.3763925303,      0.3958831001,       3.369499314,       0.842070566,       2.435026543
          0,           0,        1718,      -2.215673461,      0.3775982891,      0.3913111599,       3.367914203,      0.8443472476,       2.440240743
          0,           0,        1719,       -2.21503782,      0.3790265942,      0.3865828512,       3.414725376,      0.8471829162,       2.447110451
          0,           0,        1720,      -2.209479443,      0.3817827822,      0.3904564372,       3.512054657,      0.8506948012,       2.456573748
          0,           0,        1721,      -2.139258015,      0.3996510831,      0.4921783939,       3.484595512,      0.8549898254,       2.469193928
          0,           0,        1722,      -2.086505336,      0.4296877743,      0.5660308845,       3.538949802,      0.8601497184,       2.485393055
          0,           0,        1723,      -1.826146604,      0.8909055217,      0.9362514394,       3.748999978,      0.8662128862,       2.505070012
          0,           0,        1724,      -1.852155735,      0.7071412461,      0.8750627523,       3.779548519,      0.8689212773,       2.506682726
          0,           0,        1725,      -1.889190305,      0.5233239877,      0.8010767147,       3.720040522,      0.8723741961,       2.500341878
          0,           0,        1726,      -2.029432774,      0.4513302307,      0.6257979904,       3.665499689,      0.8762701403,       2.502697762
          0,           0,        1727,      -2.027334985,       0.446513328,      0.6255225672,       3.658107073,      0.8804781814,       2.505315299
          0,           0,        1728,      -1.785709717,      0.5522432811,      0.9022224186,       3.858887798,      0.8845759757,       2.534447985
          0,           0,        1729,      -1.809782754,      0.5192407298,      0.8689144629,       3.924317061,      0.8878632155,       2.537608189
          0,           0,        1730,      -1.763732095,       0.544272988,      0.9234869236,       3.951068765,      0.8886615102,       2.596095881
          0,           0,        1731,      -1.777149444,       0.536453236,      0.8983774363,       3.999860543,      0.8882245961,       2.595340437
          0,           0,        1732,      -1.818484152,      0.5167200184,      0.8447435856,       3.860765799,      0.8881659585,       2.558841195
          0,           0,        1733,      -1.824469118,       0.522517624,      0.8431859698,       3.826483428,      0.8872600242,       2.538626779
          0,           0,        1734,      -1.879683485,      0.5164445797,      0.7748904494,       3.725415711,      0.8858365797,       2.524792915
          0,           0,        1735,      -1.847100421,      0.8121190148,      0.8642687968,       3.751109445,      0.8836933728,        2.51825656
          0,           0,        1736,      -1.767154361,      0.9449002274,      0.9864238053,       3.818000433,      0.8805628084,       2.521057938
          0,           0,        1737,      -1.806486553,      0.7207122226,      0.8833791022,       3.866848795,      0.8762546341,       2.524085772
          0,           0,        1738,      -1.742582862,       0.629753047,      0.9382169636,       3.930502658,      0.8748018474,       2.523069866
          0,           0,        1739,      -1.847521581,      0.5667620506,      0.8158448892,       3.866715029,      0.8742269539,       2.468962856
          0,           0,        1740,      -1.989061737,      0.5072656083,      0.6251081012,       3.652126965,      0.8738580083,       2.434840424
          0,           0,        1741,      -2.016342372,      0.4871321461,      0.5795918371,       3.593392218,      0.8730080675,       2.418369462
          0,           0,        1742,      -2.035163717,      0.4672016565,       0.544048046,       3.559381625,       0.871946699,       2.402423926
          0,           0,        1743,      -2.059094487,      0.4465531403,      0.4950143058,       3.529513202,      0.8706250446,       2.388129034
          0,           0,        1744,        -2.0578975,      0.4308586882,      0.4868186699,       3.538054727,      0.8689908645,       2.376033789
          0,           0,        1745,       -2.04985361,      0.4198457243,      0.4948822588,       3.563185807,      0.8669774102,       2.372119786
          0,           0,        1746,      -2.054890966,      0.4086609798,      0.4700652503,       3.546676985,      0.8644929268,       2.368728862
          0,           0,        1747,       -2.02530637,      0.4025230436,      0.5301558704,       3.693409755,      0.8614695558,       2.378799771
          0,           0,        1748,      -1.867845877,      0.4771338712,      0.7851099713,        3.83530738,         0.8577952,       2.389447393
          0,           0,        1749,      -1.673615509,      0.5894781276,       1.031110187,       3.977123418,      0.8535417104,       2.431289582
          0,           0,        1750,      -1.689895516,      0.6136779377,       1.008871119,       4.009463137,       0.852098354,         2.4327906
          0,           0,        1751,      -1.882421589,      0.4725711133,      0.7679330531,        3.80856212,       0.851541255,       2.393463006
          0,           0,        1752,      -1.938983173,      0.4439747691,      0.7044811872,       3.742447977,      0.8503860084,       2.346678664
          0,           0,        1753,      -2.021569302,      0.3799477903,      0.6137444286,       3.652339497,      0.8489577903,       2.305008398
          0,           0,        1754,      -2.021688925,      0.5593197334,      0.6624585201,       3.659173201,      0.8471706032,       2.271712122
          0,           0,        1755,      -1.792402059,      0.9323788342,      0.9799705011,        3.80446786,      0.8449404897,       2.279971197
          0,           0,        1756,      -1.996183533,      0.6472276334,      0.7364407788,       3.730333536,      0.8423340907,       2.274826261
          0,           0,        1757,      -2.016072002,      0.4926289414,      0.6507960901,       3.773147043,      0.8394747392,       2.270677883
          0,           0,        1758,      -1.766847366,      0.5294229771,      0.9295398666,       3.922109783,      0.8368638522,       2.284311997
          0,           0,        1759,      -1.721942543,      0.5621055051,      0.9933445405,       4.016089351,      0.8351061588,       2.306196188
          0,           0,        1760,      -1.644363953,      0.6465279994,        1.06868992,       4.088358661,      0.8344766519,       2.390363674
          0,           0,        1761,      -1.799140746,       0.498758522,      0.8616360295,       3.885097557,      0.8344930625,       2.302703075
          0,           0,        1762,      -1.864851947,      0.4637475541,      0.8121351086,       3.807905421,      0.8348754674,       2.261258257
          0,           0,        1763,      -1.798736254,      0.4669358733,      0.8915834663,       3.836135387,      0.8350962392,       2.226685622
          0,           0,        1764,      -1.954622341,      0.3780939973,       0.706367769,       3.737289967,      0.8350696227,       2.204906696
          0,           0,        1765,      -1.916620868,      0.3865452472,      0.7635420323,        3.81536911,      0.8345936982,       2.212412065
          0,           0,        1766,      -1.732736384,      0.8477893513,       1.002634163,       3.924187351,      0.8335185338,       2.222737556
          0,           0,        1767,      -1.616496105,      0.9657935153,       1.129704784,       4.026442572,      0.8321739333,       2.210782634
          0,           0,        1768,      -1.719685911,      0.7301075794,      0.9939938857,       3.940908003,      0.8316059611,       2.141785443
          0,           0,        1769,      -1.812148781,      0.5576246643,      0.8815140645,       3.829767882,      0.8312845202,       2.106834925
          0,           0,        1770,      -1.824303379,      0.5262806612,      0.8731793073,       3.802602961,      0.8307262002,       2.107994214
          0,           0,        1771,      -2.005354241,      0.3896857117,      0.6644342814,       3.697072759,      0.8297946867,       2.117145019
          0,           0,        1772,       -1.95836423,      0.3836177256,      0.7136223378,       3.720289563,      0.8283267692,         2.1398886
          0,           0,        1773,      -2.025930491,       0.336678468,      0.6463020844,       3.704023231,      0.8263174004,       2.150980626
          0,           0,        1774,      -1.817491599,      0.4918133728,      0.8801230076,       3.893015075,      0.8237230145,       2.166088503
          0,           0,        1775,      -1.766758517,      0.5187408618,      0.9260929423,       3.981362448,      0.8205386175,       2.141175457
          0,           0,        1776,      -1.798556631,        0.46649174,      0.8861237915,       3.996069738,      0.8175378007,       2.234139444
          0,           0,        1777,      -1.704360953,      0.5955118744,      0.9963454679,       4.078351176,      0.8145638225,       2.305653745
          0,           0,        1778,      -1.787853583,      0.5278944536,      0.9109021491,       3.913393625,      0.8135254907,       2.206942134
          0,           0,        1779,      -1.914098046,       0.405903301,      0.7797979425,       3.830851229,      0.8135409791,       2.155858183
          0,           0,        1780,      -1.978156108,       0.458503657,      0.7184234475,       3.749116186,      0.8130298128,       2.141932976
          0,           0,        1781,      -1.976707171,      0.3972951239,      0.7175496863,       3.751123589,      0.8115261192,       2.143076176
          0,           0,        1782,      -2.012553188,      0.3597446741,      0.6792298968,       3.745214374,      0.8087067292,       2.128349889
          0,           0,        1783,      -1.909435827,      0.5367936102,      0.8061843171,       3.881727449,       0.804873743,       2.130941191
          0,           0,        1784,      -1.614567717,      0.9514145088,       1.127423239,       4.040058552,      0.8002506494,       2.096173736
          0,           0,        1785,      -1.671402743,       0.939305958,       1.087969287,       4.029505322,      0.7951129511,       2.129969474
          0,           0,        1786,      -1.738261662,      0.7198618548,      0.9678547345,       3.967134322,      0.7927593575,       1.953759874
          0,           0,        1787,      -1.771019844,      0.6630741027,      0.9371740141,       3.851396109,      0.7913543836,        1.87879087
          0,           0,        1788,      -1.818366191,      0.5941378196,      0.8915277583,       3.783126933,      0.7898043777,       1.889553491
          0,           0,        1789,      -1.906631775,      0.4916197884,      0.7914959474,       3.765589664,      0.7877688518,       1.901679829
          0,           0,        1790,      -1.951519635,      0.4364071001,      0.7530563725,       3.771377599,      0.7853218995,       1.930107038
          0,           0,        1791,      -1.934837754,      0.4307100429,      0.7678909315,       3.797975529,      0.7825161958,       1.891854757
          0,           0,        1792,      -1.808638327,      0.5125335261,      0.9059122205,       3.941148881,      0.7801737532,       1.928885342
          0,           0,        1793,       -1.68597116,      0.5882567306,       1.018275981,       4.037105848,      0.7761492386,       1.852779475
          0,           0,        1794,      -1.790893075,      0.4875072651,      0.9148031594,       3.920669732,      0.7739098192,       1.776071981
          0,           0,        1795,      -2.114747147,      0.3001570044,      0.5873366783,       3.682874076,       0.772934002,       1.649965568
          0,           0,        1796,      -2.055812806,      0.3015844085,      0.6515871044,       3.677986188,      0.7725663983,       1.608019826
          0,           0,        1797,      -2.141768043,      0.2748649284,      0.5649934292,       3.637991813,      0.7720757834,       1.568403763
          0,           0,        1798,      -2.161474562,      0.2617844126,      0.5455187526,       3.615710916,      0.7714165717,         1.4930464
          0,           0,        1799,      -2.197125427,      0.2476935325,      0.5063943069,       3.585619206,      0.7705724655,       1.525939867
          0,           0,        1800,      -2.176976552,      0.2479476586,      0.5247943447,       3.671828823,       0.769535169,       1.482364948
          0,           0,        1801,      -2.225300097,      0.2298002076,      0.4500737374,       3.610811603,      0.7683271991,       1.408906807
          0,           0,        1802,      -2.171087336,      0.2484616393,      0.4795179302,         3.6213718,      0.7671469975,       1.773818819
          0,           0,        1803,      -1.708514482,      0.9330197018,       1.047338019,       3.907882363,      0.7661897564,       1.888345711
          0,           0,        1804,      -1.642179835,       0.912318903,       1.106706947,       4.025754371,      0.7633537132,       2.034123818
          0,           0,        1805,      -1.752520575,      0.6508830327,      0.9557495375,       3.932658259,      0.7618868875,       1.834121088
          0,           0,        1806,      -1.939339273,      0.4977317402,      0.7592661983,       3.729511629,       0.761176355,       1.752229835
          0,           0,        1807,      -2.042165809,      0.4498801218,      0.6630636058,       3.611188105,       0.760934164,       1.703468186
          0,           0,        1808,      -2.123291717,      0.4148410249,      0.5832674595,       3.546417512,      0.7607378561,       1.655469936
          0,           0,        1809,       -2.15981283,      0.3894413309,       0.544564085,        3.47437801,      0.7606225266,       1.605802738
          0,           0,        1810,      -2.178575745,      0.3638028067,      0.5210661755,       3.483948955,      0.7605111226,       1.567669909
          0,           0,        1811,      -2.199779634,      0.3358207906,      0.4940158412,       3.498548056,      0.7604211994,       1.539364963
          0,           0,        1812,      -2.182405708,      0.3146854085,      0.5029795467,       3.509096194,      0.7603799733,       1.487711069
          0,           0,        1813,      -2.170784593,      0.2934939966,      0.5104790942,       3.453177602,      0.7604482623,       1.546125271
          0,           0,        1814,      -2.230869377,      0.2519773857,       0.432102626,       3.459183507,      0.7606983495,       1.534394706
          0,           0,        1815,      -2.246223772,      0.2239179457,      0.4057866305,        3.65405398,      0.7612533022,       1.497512126
          0,           0,        1816,      -1.879907552,      0.4166525195,      0.8283803524,       3.820813743,      0.7621135218,       1.732092682
          0,           0,        1817,      -1.850800575,      0.4208396799,      0.8609645074,       3.881375255,      0.7607300259,       1.766318225
          0,           0,        1818,      -1.939519152,      0.3359750457,      0.7542809267,       3.759748316,      0.7600785736,       1.732727576
          0,           0,        1819,      -1.966617676,      0.3112529337,      0.7264028955,       3.679150339,      0.7599072016,       1.690372846
          0,           0,        1820,      -2.058568154,      0.2642068467,      0.6320970454,       3.555572481,      0.7599792487,       1.662970395
          0,           0,        1821,      -2.214243792,      0.1968965236,      0.4458271738,       3.394791693,      0.7602049231,       1.678491224
          0,           0,        1822,      -2.199357701,      0.2024215467,      0.4520492282,       3.400124031,      0.7605180509,       1.654981241
          0,           0,        1823,       -2.18515263,       0.207010919,      0.4678607112,       3.392481217,      0.7609560354,       1.630408044
          0,           0,        1824,      -2.188465222,      0.2040631103,      0.4628715016,       3.363374588,       0.761564607,       1.601062249
          0,           0,        1825,      -2.190898515,      0.1972901048,      0.4605427544,       3.483348098,      0.7623972237,       1.575032191
          0,           0,        1826,      -2.135913136,      0.2198223837,      0.5393702987,        3.53408864,      0.7634568897,       1.608020129
          0,           0,        1827,      -1.883601784,      0.3899064593,      0.8233528131,       3.772971925,      0.7647570462,       1.720505742
          0,           0,        1828,       -1.82438294,      0.4498365885,       0.885758837,       3.861712243,      0.7661155792,       1.682225496
          0,           0,        1829,      -1.615569177,      0.9514702128,       1.127470781,        4.03129117,      0.7670098418,        1.75653156
          0,           0,        1830,      -1.669857409,       0.885304696,       1.075479142,       4.032415748,      0.7647335615,       1.694365995
          0,           0,        1831,      -1.894580911,      0.5670571372,      0.8061623897,       3.802900342,      0.7635986062,       1.716846126
          0,           0,        1832,      -1.855742623,      0.5323670981,       0.843765135,       3.788074141,      0.7635550942,       1.673428163
          0,           0,        1833,      -2.009531993,      0.4414054246,      0.6704763289,       3.645832517,      0.7635106153,       1.670525269
          0,           0,        1834,      -2.046898644,      0.3927843987,       0.642174689,       3.689620017,      0.7634440474,       1.700802483
          0,           0,        1835,      -2.134090983,      0.3334950629,      0.5596524143,       3.630672175,      0.7632656637,       1.722759175
          0,           0,        1836,      -2.165436971,      0.2864240243,       0.529755284,       3.635107437,      0.7629849012,       1.769165021
          0,           0,        1837,      -2.113199088,      0.2654731495,      0.5906295604,       3.720463568,      0.7625956723,        1.86561603
          0,           0,        1838,      -1.809381062,      0.4452000961,      0.8982968905,       3.868083402,      0.7620027793,       1.882732573
          0,           0,        1839,      -1.612009942,      0.6253512012,       1.096694231,       4.043435687,      0.7618529129,       1.934165645
          0,           0,        1840,      -1.718883055,      0.5354904975,      0.9857945827,       4.041917994,      0.7589992301,       2.075358126
          0,           0,        1841,      -1.802147613,      0.4610538984,      0.8929221128,       3.959179908,      0.7581405209,       1.863109307
          0,           0,        1842,      -1.825898386,      0.4271787847,      0.8545903031,       3.864213702,      0.7578556138,       1.748075066
          0,           0,        1843,      -1.927910907,       0.372627707,      0.7544814323,       3.778641006,      0.7580123045,       1.738625982
          0,           0,        1844,      -1.937009796,      0.3620115939,      0.7506939762,       3.763980813,      0.7583596154,       1.741232607
          0,           0,        1845,      -1.963401228,       0.348167939,      0.7288579868,        3.73703222,      0.7586863096,       1.746394979
          0,           0,        1846,      -1.992886215,      0.3269297074,      0.7031126643,        3.72904418,      0.7589899595,        1.75292552
          0,           0,        1847,      -2.020633983,      0.3134914183,      0.6794859732,       3.698849222,      0.7592679086,        1.75828069
          0,           0,        1848,      -2.048402218,      0.2928621929,      0.6550211183,       3.675974463,      0.7596941632,       1.765880881
          0,           0,        1849,      -2.079545805,      0.2805080608,      0.6276842532,       3.660595428,      0.7601582292,       1.771660967
          0,           0,        1850,      -2.105584407,      0.3256680445,      0.6121253621,       3.637007574,      0.7606406694,       1.778500855
          0,           0,        1851,      -2.149449564,      0.2812556768,      0.5675141981,       3.602978869,      0.7611152236,       1.775777108
          0,           0,        1852,      -2.146949007,      0.3976319512,      0.5845999124,       3.598479996,      0.7615585435,       1.788829225
          0,           0,        1853,      -1.813619782,      0.9200306886,      0.9748191888,       3.822740235,      0.7619604529,       1.784676557
          0,           0,        1854,      -2.077787862,      0.5827324641,      0.6974794243,        3.63669536,      0.7609576849,       1.786232953
          0,           0,        1855,      -2.164436957,       0.319874158,      0.5427524763,       3.530625097,      0.7611877132,       1.766464346
          0,           0,        1856,      -2.189496293,       0.282998191,      0.4991181008,       3.505972891,      0.7614449303,       1.761707806
          0,           0,        1857,       -1.94092387,      0.3865551972,      0.7568799183,       3.680423253,      0.7617163262,        1.74862052
          0,           0,        1858,      -1.898513311,      0.3901654637,      0.8093863143,       3.766383445,      0.7618927069,       1.790495622
          0,           0,        1859,      -1.829786428,      0.4457478071,      0.8793579958,       3.906326601,      0.7616917915,        1.75294921
          0,           0,        1860,       -1.77754276,       0.472045779,      0.9285862995,       3.972981945,      0.7608971847,       1.857084721
          0,           0,        1861,      -1.732590976,       0.480566009,      0.9700233952,        3.98943099,      0.7599490671,       1.886649022
          0,           0,        1862,      -1.741209431,      0.4611560743,      0.9571558591,       3.992775619,      0.7566856131,       1.946938302
          0,           0,        1863,      -1.848916997,      0.3631305294,      0.8554856721,       3.834867734,      0.7552890856,       1.789886226
          0,           0,        1864,      -2.019335817,      0.2354781471,      0.6887882031,       3.721283654,      0.7555621024,        1.75961951
          0,           0,        1865,      -1.913001256,      0.6544463607,      0.8207701461,       3.748610964,      0.7559533925,       1.769788065
          0,           0,        1866,      -1.815185041,      0.9221270497,       0.976336829,       3.826486138,      0.7549928473,       1.761190951
          0,           0,        1867,      -2.189962398,      0.4274777529,      0.5636561808,       3.569165516,      0.7552156045,       1.729796314
          0,           0,        1868,      -2.258942624,      0.2034385386,       0.445807798,       3.507919581,      0.7554471065,       1.720337592
          0,           0,        1869,      -2.205632709,      0.2022669226,      0.4953282977,        3.49749189,      0.7556575455,       1.698954207
          0,           0,        1870,      -1.827983992,      0.4569956465,      0.8804453432,       3.788914314,      0.7558522894,       1.688741425
          0,           0,        1871,      -1.880555474,      0.3823035546,      0.8292791796,       3.830588552,      0.7560432014,       1.651087862
          0,           0,        1872,      -1.932232832,      0.3135681287,      0.7758572276,       3.825357733,      0.7542579317,       1.663960327
          0,           0,        1873,      -2.021932986,      0.2770267672,      0.6814337944,       3.822298114,      0.7533875429,       1.637832189
          0,           0,        1874,      -2.243794641,      0.1312120724,      0.4572433775,       3.509861366,      0.7531051709,       1.582522432
          0,           0,        1875,      -2.225073278,      0.1330558567,      0.4776368734,       3.501908991,      0.7531369385,       1.572181727
          0,           0,        1876,      -2.227548198,      0.1264032461,      0.4758581804,       3.455182641,      0.7531827396,       1.549670805
          0,           0,        1877,      -2.250242306,      0.1101253354,      0.4511510036,       3.402458107,        0.75325881,       1.541829206
          0,           0,        1878,      -2.331402896,     0.06662774574,      0.3531331076,       3.376826454,      0.7533881057,       1.525196015
          0,           0,        1879,      -1.945381218,      0.3220702587,       0.758099283,       3.664574427,      0.7535931671,       1.498826801
          0,           0,        1880,      -1.901165577,      0.4978186438,      0.8155892241,       3.760735434,      0.7538963855,       1.517456284
          0,           0,        1881,      -1.700915767,      0.9364771751,       1.058485298,       3.896145032,      0.7528236045,       1.491648915
          0,           0,        1882,      -2.013461003,      0.5600575185,       0.734939023,       3.667572487,      0.7523688466,       1.469297137
          0,           0,        1883,       -2.12306985,      0.2835744001,      0.5917986075,       3.494994316,       0.752552116,       1.460040091
          0,           0,        1884,      -2.026117688,      0.2990311009,      0.6804039654,       3.591862613,      0.7528026695,       1.466410128
          0,           0,        1885,      -2.063287927,      0.2573474632,      0.6384706936,       3.571758543,      0.7531512718,       1.449733334
          0,           0,        1886,      -2.198997451,      0.1670190528,      0.4990368668,        3.54307296,      0.7536440171,       1.437254115
          0,           0,        1887,      -2.231643385,      0.1387821549,      0.4669916426,       3.450069444,       0.754324189,       1.443504655
          0,           0,        1888,      -1.945832748,      0.3190973965,       0.760587297,       3.657505389,      0.7552652381,        1.46561845
          0,           0,        1889,      -1.919068234,      0.3235359349,       0.788236207,       3.723491379,      0.7564721427,       1.528029109
          0,           0,        1890,      -1.904898083,      0.3300361937,      0.7982625128,       3.777077401,      0.7577410349,       1.697959674
          0,           0,        1891,      -1.837867309,      0.5586646654,      0.8811049553,       3.910992555,      0.7563801491,       1.737178196
          0,           0,        1892,      -1.715989823,       0.924753125,       1.046161351,       3.879205487,      0.7557488573,       1.654563366
          0,           0,        1893,      -1.813071691,      0.4883480246,      0.8975371024,       3.765028676,      0.7556030414,       1.625420164
          0,           0,        1894,       -1.94967372,      0.3381160868,      0.7543885608,       3.667806472,      0.7558140667,       1.635049014
          0,           0,        1895,      -2.232564497,      0.1822416091,       0.457932876,       3.438778136,      0.7560836071,       1.612563378
          0,           0,        1896,      -2.202205314,      0.1841718652,      0.4941168245,       3.439376395,      0.7564234408,        1.59887849
          0,           0,        1897,      -2.208541928,      0.1724114895,      0.4921749458,       3.408106369,      0.7568335674,       1.590473948
          0,           0,        1898,      -2.301072953,      0.1151055423,      0.3950333342,       3.345007368,       0.756402187,       1.562770881
          0,           0,        1899,      -2.293821177,      0.1121181879,      0.4004615121,       3.340823348,      0.7566643523,        1.56857247
          0,           0,        1900,      -2.241482475,      0.1316896235,      0.4529445295,       3.419888224,      0.7569773759,        1.57395801
          0,           0,        1901,      -2.162785884,      0.1547319916,      0.5245659252,       3.511520875,      0.7566841355,       1.583213299
          0,           0,        1902,      -2.361877483,     0.07127349982,      0.3197398805,       3.351560761,      0.7567747775,       1.572894536
          0,           0,        1903,      -2.434995622,     0.04636514939,      0.2379901853,       3.241232488,      0.7569837203,       1.564447317
          0,           0,        1904,      -2.431626919,     0.04905947952,      0.2343034568,        3.31403917,      0.7572390654,       1.561369544
          0,           0,        1905,      -2.446822094,     0.03985438612,      0.2029288657,        3.34168164,      0.7575477799,       1.550111786
          0,           0,        1906,      -2.476508398,     0.02442356757,      0.1844472347,       3.432296911,        0.75791823,       1.564977721
          0,           0,        1907,      -2.252627832,      0.2830534867,       0.456910945,       3.458464776,      0.7583330665,       1.545521414
          0,           0,        1908,      -1.948552478,      0.5714436994,      0.7824637082,       3.676356704,      0.7587775375,       1.531335751
          0,           0,        1909,      -1.838146293,       0.491692043,      0.8747207639,       3.794080343,      0.7580801597,        1.67060332
          0,           0,        1910,      -1.943494956,      0.3296466474,      0.7632024204,         3.6732434,      0.7577939972,       1.549531877
          0,           0,        1911,      -2.147619648,      0.2014407705,      0.5581040546,       3.393114126,      0.7578273338,       1.500348637
          0,           0,        1912,      -2.306145142,      0.1291406858,      0.3830944892,       3.324471735,      0.7578571803,       1.478270273
          0,           0,        1913,      -2.344659618,      0.1057372174,       0.341201861,       3.268646157,      0.7579707137,       1.477450016
          0,           0,        1914,      -2.401817297,     0.07949704213,      0.2791434903,       3.201412189,      0.7581026537,       1.508428604
          0,           0,        1915,      -2.424998954,      0.0691574282,      0.2546038215,       3.246187464,      0.7582536418,       1.525634361
          0,           0,        1916,      -2.194029597,       0.146138599,      0.5013057154,       3.474948371,      0.7584239001,       1.523393339
          0,           0,        1917,      -2.017507786,      0.2412063001,      0.6784011343,       3.684984412,      0.7586099235,       1.563261505
          0,           0,        1918,      -2.140688484,      0.1752666838,      0.5545918678,       3.613198488,      0.7587648298,       1.555823391
          0,           0,        1919,      -1.824849054,      0.4485367809,      0.8869866008,       3.817952394,      0.7587206402,       1.578478308
          0,           0,        1920,      -1.851494295,      0.5721195638,      0.8680073566,        3.86659932,        0.75762425,       1.721061436
          0,           0,        1921,       -1.75570426,      0.9177573517,       1.011020954,       3.846934007,      0.7571216372,       1.610887144
          0,           0,        1922,      -1.885604073,      0.4177933549,      0.8179231275,       3.678143775,       0.756943183,       1.554349638
          0,           0,        1923,      -2.104723836,      0.2452736235,      0.5958557991,       3.494836023,      0.7568505198,       1.533391145
          0,           0,        1924,      -2.221683868,      0.1767731969,      0.4683895126,       3.384331788,      0.7567294411,       1.527746323
          0,           0,        1925,      -2.015162948,      0.2949631818,      0.6918039565,       3.529020097,      0.7565688112,       1.551692013
          0,           0,        1926,      -1.951526496,      0.3151895681,      0.7536165773,       3.642754313,      0.7563586288,       1.567198382
          0,           0,        1927,      -2.120043976,       0.196514926,      0.5702590884,       3.520009867,      0.7560842993,       1.550195197
          0,           0,        1928,      -2.146507422,      0.1738249922,      0.5463676547,       3.599764357,      0.7557052733,       1.615791297
          0,           0,        1929,      -2.206469177,      0.1294807105,       0.482979818,       3.611206789,      0.7551256248,       1.587257253
          0,           0,        1930,      -1.852993399,      0.4017539829,      0.8506614425,       3.869031574,        0.75410164,       1.656772024
          0,           0,        1931,      -1.786790775,      0.5674251142,      0.9285441107,       3.970605273,      0.7523451172,       1.646181454
          0,           0,        1932,      -1.673930383,      0.8815429644,       1.066016472,       4.010182273,      0.7501822427,       1.866628507
          0,           0,        1933,      -1.641754047,      0.9366288321,       1.110251277,       3.989010502,      0.7483883339,       1.947989288
          0,           0,        1934,      -1.729117474,      0.7150760441,      0.9868086808,        3.99714418,      0.7473207369,       2.043140448
          0,           0,        1935,      -1.682785024,       0.697134323,       1.030221222,        4.02420479,       0.748880105,       2.077579256
          0,           0,        1936,      -1.731353145,      0.6144601675,      0.9891633017,       4.011383765,      0.7511609972,         2.1609321
          0,           0,        1937,      -1.687825679,      0.6346840902,       1.114208382,       4.107815434,      0.7617710625,       2.355552364
          0,           0,        1938,      -1.493698435,       0.773479868,       1.354812814,       4.206716012,      0.7964193897,       2.644914268
          0,           0,        1939,      -1.415392965,       0.886696632,       1.483652608,       4.222474005,      0.8508452128,       3.005150781
          0,           0,        1940,       -1.46149301,      0.9604547387,       1.334676295,       4.208272503,       0.818869026,       3.147160825
          0,           0,        1941,      -1.526551266,      0.8140061818,       1.266447281,        4.14975063,      0.8195860844,       3.084300409
          0,           0,        1942,      -1.582472874,      0.7345108251,       1.221544539,       4.106726943,      0.8204148051,        3.01374291
          0,           0,        1943,      -1.636834475,      0.7011505284,       1.190488135,       4.056665125,      0.8213162687,       2.937663133
          0,           0,        1944,      -1.694699566,      0.6722201503,       1.161957011,        3.97438663,      0.8220954624,       2.860272151
          0,           0,        1945,      -1.753591168,      0.6430386921,       1.132328137,       3.898399812,      0.8223150587,       2.790292433
          0,           0,        1946,      -1.733912266,       0.647287784,       1.125490592,       3.885788566,      0.8213662477,       2.732952507
          0,           0,        1947,      -1.783839674,      0.6223527624,       1.080510192,       3.884514344,      0.8183495888,       2.697856465
          0,           0,        1948,      -1.882579546,      0.5781177851,       1.003457518,       3.802650539,      0.8120995801,       2.682023948
          0,           0,        1949,      -1.806427613,      0.6062960638,       1.003328309,       3.819333841,      0.8017666714,       2.676078767
          0,           0,        1950,      -1.838617974,      0.5803597522,      0.9567128279,       3.836962265,      0.7868713636,       2.670603234
          0,           0,        1951,      -1.774069233,        0.62361407,      0.9816081448,       3.887053342,      0.7678461837,       2.671752843
          0,           0,        1952,      -1.779245671,      0.5725588764,      0.9510824131,       3.960587801,      0.7458181336,       2.711981298
          0,           0,        1953,      -1.704820813,      0.6203792033,       1.012818638,       4.087944585,      0.7201638256,       2.811966459
          0,           0,        1954,      -1.551640123,      0.9229803463,       1.179184693,       4.133082125,      0.6948081217,       2.927672837
          0,           0,        1955,      -1.582906975,       1.020406011,       1.173938268,       4.117572574,      0.6771296574,       2.993369643
          0,           0,        1956,      -1.613751518,      0.8920218932,       1.115554987,       4.150676652,      0.6959809259,       2.993003313
          0,           0,        1957,      -1.613893026,      0.9637883692,        1.13104413,       4.128347874,       0.761734289,       3.008022689
          0,           0,        1958,      -1.556851317,       1.024666803,       1.204210264,       4.152580806,      0.8461764851,       2.968402515
          0,           0,        1959,      -1.519937241,      0.9984993675,       1.235326976,       4.172743919,      0.9145238758,       2.969338524
          0,           0,        1960,      -1.441639069,       1.098104726,        1.35377162,       4.228122129,       1.122107227,        2.96025853
          0,           0,        1961,      -1.384244986,       1.072787689,       1.522421136,       4.266017575,       1.066295833,       2.983117954
          0,           0,        1962,      -1.367656731,       1.153565565,       1.468368394,        4.26513662,       1.091079237,       3.180673459
          0,           0,        1963,      -1.421634769,        1.32530318,       1.367090409,       4.252401786,       1.141988375,        3.25852975
          0,           0,        1964,       -1.41729864,       1.421465067,       1.350392979,       4.267284237,       1.192321973,       3.206048971
          0,           0,        1965,      -1.429022387,       1.491876906,       1.293979193,       4.266505316,       1.242054666,       3.116442199
          0,           0,        1966,      -1.358840661,       1.504148885,       1.357316495,       4.290000007,       1.252094505,       3.116694302
          0,           0,        1967,      -1.374737653,       1.501754063,       1.340595621,       4.289829541,       1.223081289,       3.120367176
          0,           0,        1968,      -1.373589282,       1.485522841,       1.458467228,       4.280779486,       1.198038077,       3.156146141
          0,           0,        1969,      -1.318009785,       1.497724777,       1.507504463,       4.300466711,       1.207657254,       3.220843674
          0,           0,        1970,      -1.392482799,       1.493336186,       1.330577078,        4.23293532,       1.225115295,       3.188078084
          0,           0,        1971,      -1.434985416,       1.503793958,        1.26510208,       4.213783816,        1.23333611,       2.899129333
          0,           0,        1972,      -1.453784997,       1.494878486,       1.197359901,       4.236755866,       1.215072321,       2.844369835
          0,           0,        1973,      -1.426472709,       1.509596139,       1.219347114,       4.272285843,       1.220669364,       3.003259768
          0,           0,        1974,      -1.378700344,       1.529014856,       1.359255382,       4.264837254,       1.265366892,       3.153701523
          0,           0,        1975,      -1.334318901,       1.529722847,       1.516147041,       4.299295287,       1.270593857,       3.173517622
          0,           0,        1976,      -1.294608995,       1.521064421,       1.481623186,       4.318672189,       1.249585573,        3.11298762
          0,           0,        1977,      -1.359226847,       1.519085315,       1.363454099,       4.266562965,        1.23040241,       3.143629289
          0,           0,        1978,      -1.392174377,       1.523122641,       1.332797689,       4.233713549,       1.295985398,       3.016989155
          0,           0,        1979,      -1.357979899,        1.54319483,       1.357235415,       4.269229094,        1.33801478,       2.975259526
          0,           0,        1980,      -1.383016236,       1.531615174,       1.319081611,       4.262914913,       1.316854112,       3.129024436
          0,           0,        1981,      -1.375026173,       1.530882716,       1.303099017,       4.289753966,        1.30739917,       3.220400388
          0,           0,        1982,      -1.340516634,         1.5317375,       1.454444933,       4.308136197,        1.31898137,       3.247170348
          0,           0,        1983,      -1.309893422,       1.523781172,       1.537035943,       4.303268489,       1.258380597,       3.163089912
          0,           0,        1984,      -1.327256866,       1.520103683,       1.409504496,       4.288399483,       1.244112516,        3.18470369
          0,           0,        1985,      -1.349666067,       1.535041426,        1.39169411,       4.284971643,       1.311729216,        3.16355068
          0,           0,        1986,      -1.348877199,       1.547358541,       1.385449688,       4.289705426,       1.329841997,       3.067617326
          0,           0,        1987,        -1.3628087,       1.549612918,       1.348123475,       4.274455225,       1.314265687,        3.04115503
          0,           0,        1988,      -1.396649832,       1.534355101,       1.279304211,       4.266248047,       1.273199295,       3.167494644
          0,           0,        1989,      -1.414881937,       1.525744423,        1.23222443,       4.242163767,       1.233183661,       3.244158037
          0,           0,        1990,       -1.38138018,       1.525726502,       1.404832458,       4.232328188,       1.258709938,       3.238052157
          0,           0,        1991,      -1.262119641,       1.551003593,       1.578942974,       4.338900877,       1.324720429,       3.187696148
          0,           0,        1992,      -1.263311097,       1.546614918,       1.503763134,       4.356144459,       1.326515906,       3.205919101
          0,           0,        1993,      -1.336680425,       1.540702289,       1.405135037,       4.319144061,       1.315331911,       3.241533206
          0,           0,        1994,      -1.379059802,       1.536812088,       1.341851036,       4.266929226,       1.320127044,       3.152239459
          0,           0,        1995,      -1.442333844,       1.526886582,       1.213231849,       4.225250451,       1.273630362,        3.08173151
          0,           0,        1996,      -1.403416814,       1.528076676,       1.262374718,       4.244613933,       1.259535461,       3.153767565
          0,           0,        1997,      -1.344230156,       1.542675904,       1.344674358,       4.291611488,       1.332180901,       3.203165793
          0,           0,        1998,      -1.317736821,       1.553617756,         1.4358989,       4.312992646,       1.357541311,        3.20650185
          0,           0,        1999,      -1.268543338,       1.562196542,       1.575832002,       4.354709726,       1.338211752,       3.195538754
          0,           0,        2000,      -1.282441193,       1.542657865,       1.488261884,       4.342391041,       1.298995153,       3.272450196
          0,           0,        2001,      -1.367382821,       1.532896135,       1.374311038,       4.259783229,       1.266052199,       3.297916283
          0,           0,        2002,       -1.36604839,       1.536005369,       1.357430021,       4.250060736,       1.294720683,       3.201352661
          0,           0,        2003,       -1.34649493,       1.545346494,        1.35680643,       4.286900642,       1.350684607,       3.092617858
          0,           0,        2004,      -1.366922757,       1.539600854,       1.324224837,       4.282898536,        1.35383427,       3.102680048
          0,           0,        2005,      -1.384916888,       1.537271572,       1.278806366,       4.269162802,       1.340935242,       3.150417532
          0,           0,        2006,      -1.365653054,       1.533629338,       1.396494702,       4.279665904,        1.32236072,       3.122141654
          0,           0,        2007,      -1.274770338,       1.550838598,        1.56698628,       4.339001012,       1.279738359,       3.062594363
          0,           0,        2008,      -1.271146521,       1.547590524,       1.500323477,       4.334919869,       1.265608341,       3.208276201
          0,           0,        2009,      -1.319576961,       1.551497569,       1.438109901,       4.284289615,       1.338548768,       3.282221218
          0,           0,        2010,      -1.346148009,       1.548388598,       1.392230331,       4.269001247,       1.361830148,       3.199762575
          0,           0,        2011,       -1.36407266,       1.541926181,       1.325413884,       4.279496545,       1.341501776,       3.102503644
          0,           0,        2012,      -1.397224625,       1.532470379,       1.266458864,       4.259242734,       1.301673038,       3.116858118
          0,           0,        2013,      -1.388391665,       1.536465717,       1.276873004,        4.27380388,        1.26246357,       3.151266707
          0,           0,        2014,      -1.374688554,       1.536721065,       1.367668403,       4.275403616,       1.223472257,       3.130080046
          0,           0,        2015,      -1.354216156,       1.448313285,        1.50583477,        4.29165674,       1.088613352,       2.989690791
          0,           0,        2016,      -1.578626209,       1.375127347,       1.194668161,       4.083607413,      0.9424631977,       2.870633847
          0,           0,        2017,      -1.702815904,       1.000528446,       1.085818557,       3.959121985,      0.9303351154,       2.750539137
          0,           0,        2018,      -1.728658201,       1.027123933,       1.042936275,       3.906901046,      0.9384131525,       2.689808576
          0,           0,        2019,      -1.797405287,       1.022235644,      0.9647332003,        3.86717134,      0.9456108124,       2.663897873
          0,           0,        2020,      -1.799673304,       1.002062425,      0.9205080492,       3.878651529,      0.9492608771,       2.670208768
          0,           0,        2021,      -1.815763158,      0.9866739062,      0.8783513462,       3.867709071,      0.9472647033,       2.701564361
          0,           0,        2022,      -1.645560171,      0.9906416399,       1.051890338,       3.983428584,      0.9440284442,       2.728658711
          0,           0,        2023,      -1.698167943,      0.9717429738,       1.000625321,       3.988826943,      0.9418655661,       2.766777272
          0,           0,        2024,      -1.691020958,      0.9549126226,      0.9897935705,       4.003637448,      0.9418760446,        2.80930418
          0,           0,        2025,      -1.680774846,      0.9563096362,       1.002227538,       4.064182906,       0.949708559,        2.83153178
          0,           0,        2026,       -1.64917557,       0.952213547,       1.040860158,       4.099846777,      0.9594805495,       2.841762418
          0,           0,        2027,      -1.578959675,        1.06828141,       1.135546023,       4.143402826,      0.9832891011,       2.813408925
          0,           0,        2028,       -1.47663722,       1.200470194,       1.272380218,        4.18464198,       1.061753398,       2.750685246
          0,           0,        2029,      -1.567125163,       1.211799454,       1.162498454,       4.082207529,      0.9867798777,       2.600255086
          0,           0,        2030,      -1.645931717,       1.027069281,       1.035270992,       3.990168322,      0.9764874399,       2.484160813
          0,           0,        2031,      -1.651345637,      0.9740643933,       1.018393841,       4.004385819,      0.9783382715,        2.46258308
          0,           0,        2032,      -1.683342352,      0.9183717698,      0.9804223712,       4.018374742,      0.9876398713,        2.44206216
          0,           0,        2033,      -1.684317108,      0.9765418701,      0.9800880071,       4.044181825,       1.003429815,       2.454990206
          0,           0,        2034,      -1.668796971,       1.027749917,      0.9998366712,       4.066738367,       1.025026371,       2.396219384
          0,           0,        2035,      -1.552570891,       1.222309023,       1.157513924,       4.165363529,       1.069113542,       2.487024302
          0,           0,        2036,      -1.441240155,       1.379154663,       1.315800376,       4.227562067,       1.126577833,       2.526941325
          0,           0,        2037,      -1.567408557,       1.248593719,       1.224464067,       4.095614219,       1.045682686,       2.392493953
          0,           0,        2038,      -1.662523797,      0.9237117425,       1.073686515,       3.975824014,       1.039687866,       2.388133763
          0,           0,        2039,      -1.792353917,      0.8192462074,       0.908107132,       3.904074433,       1.040157015,       2.425206186
          0,           0,        2040,      -1.753358393,       0.727822116,      0.9173295709,       3.969804499,       1.045641183,       2.442698817
          0,           0,        2041,      -1.651417869,      0.7997544933,       1.039758193,       4.050873804,       1.054432845,       2.492393761
          0,           0,        2042,      -1.644002954,      0.8122232447,       1.062627474,       4.083652545,       1.061470015,       2.512421605
          0,           0,        2043,      -1.659723588,       0.928314838,        1.05834472,       4.148101881,       1.065780276,       2.572815582
          0,           0,        2044,      -1.625316237,       1.050409072,       1.140851297,       4.060385975,       1.064310416,       2.463308023
          0,           0,        2045,      -1.650771303,      0.9932827083,       1.098257481,       3.992696842,       1.058394783,       2.403444874
          0,           0,        2046,      -1.824402611,      0.7356969888,      0.8848567787,       3.835650893,       1.058392899,       2.354769259
          0,           0,        2047,      -1.900503155,      0.6105174978,      0.7738462606,       3.766286332,       1.058545558,        2.33198026
          0,           0,        2048,      -1.918780579,      0.5873850001,      0.7496055669,       3.767212082,       1.058786375,       2.317990768
          0,           0,        2049,      -1.946086696,      0.5703642282,      0.7181100733,       3.728523271,       1.058955545,        2.29976653
          0,           0,        2050,      -1.959405321,      0.5622689207,      0.7035162343,       3.720224678,       1.059207396,       2.288180152
          0,           0,        2051,      -1.870544247,      0.5893377652,      0.8115627615,       3.757482394,       1.059523937,       2.275879629
          0,           0,        2052,      -1.915986232,      0.5725772598,      0.7664475859,       3.727663519,       1.059923725,          2.266059
          0,           0,        2053,      -1.996626309,      0.5459933901,      0.6691849321,       3.684541983,       1.060436129,       2.257905958
          0,           0,        2054,      -1.988478496,      0.5477192463,      0.6823985896,       3.726240671,       1.061090204,       2.257791586
          0,           0,        2055,      -1.913364183,      0.5603475238,      0.7761117648,       3.731178358,       1.061903404,       2.254758269
          0,           0,        2056,      -1.907701777,      0.5668496156,      0.7798732426,       3.782153542,       1.062930898,       2.268357802
          0,           0,        2057,      -1.979160124,      0.5373573774,      0.7012784861,       3.718668977,       1.064123073,       2.271831138
          0,           0,        2058,       -1.80989539,       0.593932569,      0.8916375499,       3.872387545,       1.065509715,       2.263672792
          0,           0,        2059,      -1.767724372,      0.5929017157,      0.9239486702,       3.919675588,       1.066528982,       2.220475446
          0,           0,        2060,      -1.750118345,      0.5997342384,      0.9413510982,       3.950329409,       1.067142662,       2.303306237
          0,           0,        2061,      -1.709205716,      0.6507223457,      0.9925170556,       4.009552161,       1.066621547,       2.324218229
          0,           0,        2062,      -1.681216132,      0.7336270279,       1.028077994,       4.036061709,       1.066551824,       2.310226453
          0,           0,        2063,      -1.552588334,       1.033824004,       1.213370602,       4.126993511,       1.095711632,       2.261257463
          0,           0,        2064,      -1.496230119,       1.050167506,        1.36418095,       4.179733865,       1.100942248,        2.47034939
          0,           0,        2065,      -1.399822137,       1.085703744,       1.510575756,        4.25776403,       1.172059796,       2.844488649
          0,           0,        2066,      -1.403475306,       1.104341396,       1.381053998,       4.249849564,       1.197498871,        3.11122661
          0,           0,        2067,        -1.4567875,       1.177714408,       1.338270123,       4.240620679,       1.228146728,       3.198559912
          0,           0,        2068,      -1.457880258,       1.308196601,        1.31762977,       4.262602797,        1.21836146,         3.1681556
          0,           0,        2069,      -1.468137713,       1.400553702,       1.283029976,       4.224364639,       1.115583741,       3.005545316
          0,           0,        2070,      -1.562384329,        1.16506192,       1.180476945,        4.13796656,       1.089409161,       2.887016316
          0,           0,        2071,      -1.612542562,       1.012972894,       1.102640768,       4.107788434,        1.07659996,       2.899880145
          0,           0,        2072,      -1.623039848,       1.156211154,       1.054743696,        4.14002193,       1.034904436,       2.974366294
          0,           0,        2073,      -1.528510248,       1.287172336,       1.184691921,       4.175239413,       1.074689761,       3.006544824
          0,           0,        2074,      -1.479159009,       1.336565439,       1.232860898,       4.217212367,        1.14788958,       2.975340956
          0,           0,        2075,      -1.477964877,       1.442475723,        1.19942869,       4.226685955,       1.204148002,       2.979235578
          0,           0,        2076,      -1.446518882,       1.470869959,       1.224000693,       4.229505588,       1.224053549,       2.994051491
          0,           0,        2077,      -1.416166002,       1.502907444,       1.274360275,       4.238234183,       1.235540316,       2.976995157
          0,           0,        2078,      -1.386751115,       1.485124564,       1.484491259,       4.268166347,       1.163485775,       2.961215226
          0,           0,        2079,      -1.346267618,       1.409299846,       1.522239052,       4.280682206,       1.073346466,        2.96292154
          0,           0,        2080,      -1.569866712,       1.223209643,       1.251515916,       4.120666984,      0.9286672857,       2.891684548
          0,           0,        2081,      -1.644238876,        0.99877012,       1.160897287,       3.972014195,      0.9204419004,       2.825786869
          0,           0,        2082,      -1.721210393,      0.9514576429,       1.057776227,       3.923460629,      0.9185798747,       2.799695573
          0,           0,        2083,      -1.702342776,      0.8916514262,       1.019035898,       3.980240665,       0.910580783,       2.795061496
          0,           0,        2084,      -1.697700201,      0.8815468112,       1.003127712,        4.00495424,      0.9179357734,       2.798855762
          0,           0,        2085,      -1.645480946,      0.8594534616,       1.043407491,       4.098179079,      0.9343813723,       2.765803322
          0,           0,        2086,      -1.645059524,      0.8670635875,       1.047462581,       4.133013751,       0.957527242,       2.804204064
          0,           0,        2087,      -1.560252902,      0.9483333365,       1.156668474,       4.156922577,       1.018485795,        2.85761283
          0,           0,        2088,      -1.551099947,       1.093910027,       1.184121216,       4.148807364,       1.057425717,       2.921559284
          0,           0,        2089,      -1.465151291,       1.221855949,       1.282492738,       4.211932922,       1.166927461,       2.928954535
          0,           0,        2090,      -1.404162744,       1.357017097,       1.328054545,       4.270465605,       1.236425467,       2.800489801
          0,           0,        2091,      -1.400681692,       1.487812659,       1.325416147,       4.288057224,       1.261075057,       2.658124116
          0,           0,        2092,        -1.3820624,       1.493241373,       1.386393703,       4.316136011,       1.289487877,       2.740751449
          0,           0,        2093,      -1.329076051,        1.50320686,        1.48820325,       4.317065071,       1.308305603,       2.991997522
          0,           0,        2094,      -1.310362863,       1.495690978,       1.436122889,       4.307444404,       1.288550364,       3.201418549
          0,           0,        2095,      -1.366549538,       1.514251666,         1.3862708,       4.273507811,        1.29862775,       3.238136051
          0,           0,        2096,      -1.394462602,         1.5117977,       1.322949204,        4.26760124,       1.316213992,        3.13324669
          0,           0,        2097,      -1.395700516,       1.517725253,       1.277246767,       4.258589012,        1.31482802,        3.06726423
          0,           0,        2098,      -1.411569477,       1.507369542,       1.274294414,       4.229066968,        1.30964148,       3.041723184
          0,           0,        2099,      -1.343458388,       1.524321123,       1.489459569,        4.30389891,       1.288096339,        3.04884335
          0,           0,        2100,      -1.276508974,       1.529613716,       1.558380124,       4.338094071,       1.318267968,       3.140270587
          0,           0,        2101,      -1.294560584,       1.549539632,       1.438666793,        4.31728387,       1.340293162,       3.154242828
          0,           0,        2102,      -1.352301898,       1.533719886,       1.373925945,       4.280732448,       1.333179869,       3.039879993
          0,           0,        2103,      -1.380616508,       1.528301516,       1.320206813,       4.249942712,       1.333138813,       2.825249795
          0,           0,        2104,      -1.391788028,       1.525684046,       1.282960106,       4.243341683,       1.343086005,       2.857232247
          0,           0,        2105,      -1.410286986,       1.526812456,       1.244410649,       4.226502103,        1.30332043,        3.08865804
          0,           0,        2106,      -1.398633682,       1.534901605,       1.311463615,       4.239576329,       1.297495654,       3.162090856
          0,           0,        2107,       -1.33021936,       1.541614168,       1.493703087,        4.29846342,       1.330257901,       3.133144759
          0,           0,        2108,      -1.274139953,       1.541366975,       1.556405408,       4.338850856,       1.339224635,       3.188768303
          0,           0,        2109,      -1.334410891,       1.535746936,       1.386393425,       4.295615023,       1.324271098,       3.152335371
          0,           0,        2110,      -1.396874804,       1.527478195,       1.311919735,       4.248209262,        1.30460697,       3.014021088
          0,           0,        2111,      -1.438037648,        1.52097869,       1.230420627,       4.197487558,       1.267966408,       2.913630461
          0,           0,        2112,      -1.418584143,       1.523265435,       1.231779846,       4.212040062,       1.280912937,       2.985575106
          0,           0,        2113,      -1.344998557,        1.54733376,       1.400751931,       4.276226953,       1.338189118,       3.126129325
          0,           0,        2114,       -1.31130577,       1.537850062,       1.530077166,        4.31283929,       1.342073026,        3.14905787
          0,           0,        2115,      -1.305612193,       1.535779735,       1.469485341,         4.3256119,       1.333411634,       3.122045095
          0,           0,        2116,      -1.353877611,       1.533849429,       1.380552074,       4.282801372,       1.318751439,       3.155496234
          0,           0,        2117,      -1.348978935,       1.543323626,       1.371053915,       4.297374211,       1.264622935,       3.030003843
          0,           0,        2118,      -1.384152659,        1.54297683,       1.313503508,       4.252113039,       0.933292875,       2.922500785
          0,           0,        2119,        -1.4271516,       1.499384682,       1.284012175,       4.212682422,      0.9387491009,       2.865167006
          0,           0,        2120,      -1.471879632,       1.453765854,       1.255914147,       4.173035972,      0.9437478209,       2.804548722
          0,           0,        2121,      -1.546054674,       1.402238808,       1.186712701,       4.111494903,      0.9471769347,       2.747220525
          0,           0,        2122,       -1.59582101,       1.352263668,       1.152919895,       4.037657878,      0.9480561283,       2.702870101
          0,           0,        2123,      -1.647130668,       1.198364639,       1.127276044,       3.982480882,      0.9447687939,       2.680453396
          0,           0,        2124,      -1.702204777,       1.088701945,       1.058160158,       3.935499585,      0.9414202929,       2.683111276
          0,           0,        2125,      -1.713200819,       1.054481962,       1.054432886,       3.905596745,      0.9381367485,       2.708863425
          0,           0,        2126,      -1.738278366,       1.026003595,       1.012142416,       3.886108446,      0.9347166546,       2.753927902
          0,           0,        2127,      -1.758291182,      0.9987557038,      0.9781768898,        3.87110627,      0.9300868138,       2.813571549
          0,           0,        2128,      -1.754501815,      0.9850780313,      0.9632151462,       3.975582767,      0.9263808751,       2.883512574
          0,           0,        2129,      -1.699001357,      0.9720227616,       1.000020667,       4.025070046,      0.9235608618,       2.954271983
          0,           0,        2130,      -1.712233685,      0.9616761085,      0.9677274016,       4.029917656,      0.9267568769,       3.042580497
          0,           0,        2131,      -1.583326782,      0.9748756283,       1.107527041,       4.107443722,       0.932311937,       3.081310771
          0,           0,        2132,      -1.591608404,      0.9775317136,       1.097207738,       4.123912157,      0.9425125466,       3.093597693
          0,           0,        2133,      -1.606685661,      0.9690548899,       1.078617547,       4.100558774,      0.9590844662,       3.092088516
          0,           0,        2134,       -1.61409026,        1.07341683,       1.075197226,       4.106893028,       1.020037273,        3.08952609
          0,           0,        2135,      -1.431420793,       1.319677093,       1.311306813,       4.223702987,       1.184618993,       3.083129405
          0,           0,        2136,      -1.382807243,       1.399704568,       1.340887729,       4.252100388,       1.245279476,       3.082594512
          0,           0,        2137,      -1.374592971,       1.501935379,       1.333847728,       4.268446234,       1.289821588,       3.048483032
          0,           0,        2138,      -1.348114062,       1.503862715,       1.512903395,       4.296729409,       1.304145969,       2.980372716
          0,           0,        2139,       -1.28623627,       1.507639902,       1.566552085,       4.336888085,       1.316546416,       3.158588013
          0,           0,        2140,      -1.345491682,       1.497337125,       1.381603751,       4.283509398,       1.297318181,       3.318954148
          0,           0,        2141,       -1.37840632,       1.508689141,        1.35591673,        4.25643731,       1.302091668,       3.277270694
          0,           0,        2142,      -1.376548272,       1.513663974,       1.335610532,       4.271849056,       1.304706614,       3.198685504
          0,           0,        2143,      -1.367132349,        1.52985239,       1.325674368,       4.281273777,       1.313263447,       3.067891722
          0,           0,        2144,      -1.383090806,       1.520860559,       1.316342835,       4.238037991,       1.304506073,       3.096782632
          0,           0,        2145,      -1.342462051,       1.522974798,       1.495909743,       4.273363694,       1.271013125,       3.107955095
          0,           0,        2146,      -1.297194491,       1.519345303,       1.494035678,       4.313542211,       1.286352451,       3.202088318
          0,           0,        2147,      -1.331744596,       1.529860772,       1.408116755,       4.280150322,       1.327387617,       3.244214627
          0,           0,        2148,      -1.376755762,       1.525981509,       1.351169922,       4.235272653,       1.319361738,       3.107256043
          0,           0,        2149,      -1.381211122,        1.52755097,       1.308116812,       4.248942916,       1.317955179,       2.882507912
          0,           0,        2150,      -1.398473913,        1.52407602,       1.268414688,       4.255616542,       1.308645717,       2.910098291
          0,           0,        2151,      -1.417827487,       1.522915249,       1.236701012,       4.247863789,       1.291626883,        3.03241924
          0,           0,        2152,      -1.357083857,       1.531804079,       1.489244918,        4.29885611,       1.284974188,       3.057183067
          0,           0,        2153,      -1.271826767,       1.544946594,       1.567218937,       4.356814714,       1.326862746,       3.117858992
          0,           0,        2154,      -1.329777614,       1.534829263,       1.389494186,       4.319756251,       1.325783192,       3.232181969
          0,           0,        2155,      -1.352513572,       1.539550256,       1.372879506,       4.295898183,       1.332851174,       3.150652888
          0,           0,        2156,       -1.37355393,       1.533752875,       1.326947845,       4.262965986,        1.30381574,       3.027529194
          0,           0,        2157,      -1.430016914,        1.52271538,       1.215841177,       4.210545367,       1.255928386,       2.935937724
          0,           0,        2158,       -1.43157881,       1.523772479,       1.222791908,       4.201156119,       1.257932155,       3.026473354
          0,           0,        2159,      -1.344863257,       1.538298135,       1.383447636,        4.27492472,       1.323673072,       3.055416785
          0,           0,        2160,       -1.30640646,       1.535659324,       1.506091328,        4.33007018,       1.327017255,       3.031229687
          0,           0,        2161,      -1.295600974,        1.53929397,       1.487841981,       4.327460937,       1.316959027,       3.190843939
          0,           0,        2162,      -1.355023206,       1.536769337,       1.380053328,       4.292662613,       1.286520932,       3.195361646
          0,           0,        2163,      -1.396144644,       1.528035118,       1.302799602,       4.263649584,       1.239266018,       3.036801721
          0,           0,        2164,      -1.393362692,        1.53443128,       1.287941526,       4.232456542,       1.237224465,       2.922796318
          0,           0,        2165,      -1.356689488,       1.543574706,       1.337230099,       4.268241696,        1.31465149,         2.9764653
          0,           0,        2166,      -1.330608603,       1.543907722,       1.442232994,       4.315745665,       1.324888604,        3.07634843
          0,           0,        2167,      -1.275904439,       1.549902962,        1.55519758,       4.351527993,       1.314029932,       3.109205853
          0,           0,        2168,      -1.306517975,       1.539027971,       1.435810712,       4.319312667,       1.275831368,       3.152758358
          0,           0,        2169,      -1.391173153,       1.529456901,       1.338577114,       4.256221926,       1.228874454,       3.148216469
          0,           0,        2170,      -1.416389909,       1.526856237,       1.286732659,       4.221024329,       1.226705412,       3.032637921
          0,           0,        2171,      -1.376616506,       1.540722281,       1.323410218,       4.246787847,       1.316785182,       2.927972615
          0,           0,        2172,      -1.376361283,       1.540858274,       1.315209448,       4.275425708,       1.326220057,       3.088440499
          0,           0,        2173,      -1.363417608,       1.546285964,       1.329696601,       4.279883947,       1.309495736,       3.164411361
          0,           0,        2174,      -1.334119024,       1.536392733,       1.504148218,        4.28710251,       1.274082056,       3.172104632
          0,           0,        2175,      -1.279839838,       1.529055353,       1.557240913,       4.327865865,       1.240237587,       3.122810567
          0,           0,        2176,      -1.346366414,        1.52532082,       1.347921174,       4.262165337,       1.231391564,       3.224987943
          0,           0,        2177,      -1.369175735,       1.537617196,       1.357661457,       4.237184844,       1.309127893,        3.14955127
          0,           0,        2178,      -1.365749423,       1.544957863,       1.352194789,       4.278295644,       1.323576765,       3.046288659
          0,           0,        2179,       -1.35660992,       1.542891932,       1.328854683,       4.307033342,       1.318862741,       3.016573638
          0,           0,        2180,      -1.369037568,        1.53834989,       1.298941423,       4.275473128,       1.277396575,       3.110500626
          0,           0,        2181,      -1.399269337,       1.536027487,       1.293598713,       4.249359122,       1.226566034,       3.143671791
          0,           0,        2182,       -1.34856034,       1.538133093,       1.487937108,       4.292406147,       1.221124151,       3.118125543
          0,           0,        2183,      -1.251378046,       1.551677465,       1.574590081,       4.355738486,       1.317338044,       3.189972223
          0,           0,        2184,       -1.30204895,       1.547156118,       1.419818902,       4.329632966,       1.325592584,        3.21511263
          0,           0,        2185,      -1.372785049,       1.538892538,       1.339899427,       4.284845564,       1.305687288,       3.116685184
          0,           0,        2186,      -1.412473632,       1.530631963,       1.261947787,       4.235448693,       1.266827302,       3.000662324
          0,           0,        2187,      -1.420213721,       1.534891073,       1.238597667,       4.232708665,       1.232415303,       2.951480781
          0,           0,        2188,      -1.366484016,        1.54258804,       1.330072817,       4.269265648,       1.224129015,       3.074781076
          0,           0,        2189,      -1.288542328,       1.546891056,       1.533791923,       4.316561221,       1.304616281,        3.10462769
          0,           0,        2190,      -1.290378927,       1.541280019,       1.500940916,       4.328862357,       1.317364496,       3.111844341
          0,           0,        2191,      -1.346457253,       1.540074896,       1.386929517,       4.305845398,       1.308076978,       3.183967053
          0,           0,        2192,      -1.408474094,       1.531393045,       1.301760605,       4.235988273,        1.26743222,       3.088911693
          0,           0,        2193,      -1.434288194,       1.523587043,       1.216052684,        4.21918636,       1.218337289,       2.954311822
          0,           0,        2194,      -1.409647354,       1.527795439,       1.250394509,       4.250017296,        1.21595341,       2.985357958
          0,           0,        2195,      -1.361097255,       1.543184007,       1.337129533,       4.274708719,       1.310598232,       3.068537482
          0,           0,        2196,      -1.313176399,       1.550992864,       1.526559275,       4.312341453,       1.322055602,       3.077971483
          0,           0,        2197,      -1.254683102,       1.554455702,       1.576770786,       4.372298599,       1.302844258,       3.092080104
          0,           0,        2198,      -1.311446236,       1.544956624,       1.412983519,       4.316492803,       1.265881786,       3.211775712
          0,           0,        2199,      -1.391306652,       1.537430255,       1.334347879,       4.254987307,       1.229772527,       3.132672589
          0,           0,        2200,      -1.419564082,       1.532172836,       1.270847104,       4.227510162,       1.224061959,       3.021607459
          0,           0,        2201,      -1.374877422,       1.541577127,       1.317523556,       4.252635162,       1.305963372,       2.956164034
          0,           0,        2202,      -1.365922885,       1.539734539,       1.321394016,       4.273927354,       1.319558954,       3.043028497
          0,           0,        2203,       -1.34542987,       1.540127862,       1.372879291,       4.319526763,       1.309975923,       3.067669806
          0,           0,        2204,      -1.342072002,       1.531439783,       1.473335549,       4.293375687,       1.272812698,       3.039297216
          0,           0,        2205,      -1.338651492,       1.528296347,       1.453206111,       4.274131011,       1.226031917,       3.197196525
          0,           0,        2206,      -1.351636517,       1.536621367,       1.383008287,       4.266107366,       1.224169312,       3.200599135
          0,           0,        2207,      -1.327270009,       1.555868118,       1.405658984,       4.282107745,        1.31642442,       3.057747087
          0,           0,        2208,      -1.343721268,       1.552458294,       1.371182866,       4.280470665,       1.327293746,       2.963679144
          0,           0,        2209,      -1.342747766,       1.547544179,       1.347569209,       4.300393607,       1.308043584,       2.970250775
          0,           0,        2210,      -1.365128458,       1.537523353,       1.400361914,        4.28552866,       1.267950345,       3.056311602
          0,           0,        2211,      -1.329221795,       1.528670221,       1.517458411,       4.285180533,       1.169297378,       3.088566349
          0,           0,        2212,      -1.469825017,       1.428408414,       1.268157506,       4.188301747,      0.8586929356,        2.97507529
          0,           0,        2213,      -1.641830012,       1.108694918,       1.176211446,       4.075961168,      0.7538058362,       2.639533924
          0,           0,        2214,      -1.592626546,       1.306897127,       1.139660117,       4.120289194,       0.823286904,       2.652578691
          0,           0,        2215,      -1.550010008,       1.322206111,       1.140032072,       4.147710904,      0.8789433863,        2.66984481
          0,           0,        2216,      -1.497551344,       1.370928659,       1.164204042,       4.199069031,      0.9805965766,       2.627646472
          0,           0,        2217,      -1.483236849,       1.458422816,       1.165138676,        4.21689952,       1.120974404,       2.756601571
          0,           0,        2218,      -1.435913861,       1.491105504,        1.21529116,       4.243205715,       1.162457839,       2.838659107
          0,           0,        2219,      -1.376931474,       1.531394551,       1.313096638,       4.279899606,       1.168213382,       2.871316357
          0,           0,        2220,      -1.514334601,       1.421386484,       1.164496751,       4.177987994,      0.8387705281,       2.671011133
          0,           0,        2221,      -1.647159213,       1.082426358,       1.074245325,       4.022570952,      0.6983944605,       2.378102967
          0,           0,        2222,       -1.76719484,       1.009747126,      0.9512934866,       3.897936867,      0.7212561747,       2.270036565
          0,           0,        2223,      -1.766526534,      0.9231082984,      0.9157987127,       3.925288098,      0.7318001491,       2.214258248
          0,           0,        2224,       -1.74887456,      0.9150265859,      0.9220095853,       3.950829089,      0.7334345994,       2.180524964
          0,           0,        2225,      -1.651050304,       0.902382833,       1.041582177,       4.041028197,      0.7428761755,        2.17620044
          0,           0,        2226,      -1.618322738,      0.9067818147,       1.087209758,       4.066329627,      0.7522416448,       2.180635172
          0,           0,        2227,      -1.667140271,      0.8766236896,       1.033957221,       4.083060897,      0.7610136597,       2.167390646
          0,           0,        2228,      -1.717850494,      0.8478219319,      0.9713009838,        3.97913225,      0.7813088533,       2.132205994
          0,           0,        2229,      -1.747096156,      0.8329641945,      0.9250737549,       3.931297427,       0.813146296,       2.297505086
          0,           0,        2230,      -1.668500015,       0.871590989,       1.027415451,       4.027652827,      0.8582093739,       2.358837402
          0,           0,        2231,      -1.592634712,      0.9512518779,       1.129272423,        4.09787993,      0.9008481157,       2.385629184
          0,           0,        2232,      -1.486693283,        1.06564212,        1.29804315,       4.149427964,       1.074597386,       2.502317153
          0,           0,        2233,      -1.414318065,         1.1024337,       1.470799007,       4.233265018,      0.9948269255,       2.574699678
          0,           0,        2234,      -1.543367022,       1.071015961,       1.212315025,       4.158838729,      0.9050571657,       2.669411049
          0,           0,        2235,      -1.649185738,       0.950334879,        1.11231975,       3.991176819,      0.9028261585,       2.548534526
          0,           0,        2236,      -1.700396478,      0.8387251825,       1.035126972,       3.909020202,      0.9007493431,       2.514619224
          0,           0,        2237,      -1.768819392,      0.7916907215,      0.9598164094,        3.85317853,      0.8967663737,        2.51293865
          0,           0,        2238,      -1.779541519,      0.7638902279,      0.9212010452,       3.858813317,      0.8920274427,       2.536280502
          0,           0,        2239,      -1.802918518,      0.7364221243,      0.8691939986,       3.850821719,      0.8878575703,       2.565504698
          0,           0,        2240,      -1.659241174,      0.7623899644,        1.02645603,        3.99556145,      0.8830478611,       2.592058271
          0,           0,        2241,      -1.630051522,      0.7826577836,        1.06979838,       4.044496404,      0.8849119722,       2.606925143
          0,           0,        2242,      -1.649907225,      0.7694607494,       1.044768353,       4.070628161,       0.886441323,       2.644803875
          0,           0,        2243,      -1.636643661,      0.7907923242,       1.062255097,       4.108273313,      0.8931360611,       2.677458169
          0,           0,        2244,      -1.653372897,      0.7862610011,       1.050363898,       4.136073423,      0.9212166962,       2.741416296
          0,           0,        2245,      -1.524882271,       1.072927375,       1.226610655,       4.172124089,       1.089118525,       2.761820047
          0,           0,        2246,      -1.477760268,       1.164028504,       1.288664877,       4.198353222,        1.13145996,       2.744128247
          0,           0,        2247,      -1.490524562,       1.152567321,        1.27532799,       4.215528218,       1.192362603,       2.705492956
          0,           0,        2248,      -1.382883555,       1.290285712,       1.486919847,         4.2950565,       1.238316763,       2.799744713
          0,           0,        2249,      -1.294455517,       1.467738254,        1.55919763,       4.347952309,       1.206901309,        3.11935978
          0,           0,        2250,       -1.45245236,       1.365799349,       1.348350531,       4.215912111,         1.0671406,       3.113061941
          0,           0,        2251,       -1.58797106,         1.1682404,        1.22436013,       4.102870452,       1.019799087,       2.937952047
          0,           0,        2252,      -1.696020764,      0.8831698769,       1.127867864,       3.957028148,       1.015903837,       2.848449156
          0,           0,        2253,      -1.699054194,      0.8364120526,       1.067975517,        3.96333988,       1.006039193,       2.807995087
          0,           0,        2254,      -1.713598299,       0.781572675,       1.014565647,       3.994948426,       1.000080451,       2.777524533
          0,           0,        2255,      -1.636080763,      0.7983446582,        1.07077894,       4.052378404,      0.9940116176,       2.768118139
          0,           0,        2256,      -1.598230986,      0.8148010851,       1.111317195,       4.093628658,      0.9984693033,       2.784444836
          0,           0,        2257,      -1.626799547,      0.8102760693,       1.078434997,       4.127541648,       1.017097866,       2.851274868
          0,           0,        2258,      -1.584298717,      0.9421332224,       1.146646665,       4.153080298,       1.068815988,       2.939006342
          0,           0,        2259,      -1.510115793,       1.091865174,       1.235562464,       4.210173625,       1.083486512,       2.948725103
          0,           0,        2260,      -1.449531132,       1.196076701,       1.311849976,        4.22841974,       1.166963702,       2.936112968
          0,           0,        2261,      -1.437208674,       1.308103451,       1.316687519,       4.246735973,       1.214814105,       2.879234248
          0,           0,        2262,      -1.436893437,       1.447215578,       1.281601985,       4.268984069,       1.232533311,       2.805129829
          0,           0,        2263,      -1.399776568,       1.475152999,       1.337766161,       4.286440355,       1.264900959,       2.779043122
          0,           0,        2264,      -1.338398109,       1.503532183,       1.527610191,       4.312391304,        1.22664302,       2.923883683
          0,           0,        2265,      -1.431360539,       1.395637936,       1.335805804,       4.206871109,       1.057963619,       3.040142098
          0,           0,        2266,      -1.518764553,        1.32852389,       1.252607591,       4.166424252,       1.017716577,         3.0709858
          0,           0,        2267,      -1.579631527,       1.262113785,       1.185608394,       4.116685255,      0.9556786357,       2.988194906
          0,           0,        2268,      -1.640253203,       1.254115322,        1.05744776,        4.08774388,      0.9888957144,       2.924270379
          0,           0,        2269,      -1.532144588,       1.292551451,       1.147641216,       4.154848381,       1.018789213,       2.856916239
          0,           0,        2270,      -1.452038989,       1.419421714,       1.241314582,       4.198832175,       1.184598015,       2.905419679
          0,           0,        2271,      -1.372064882,       1.469070159,       1.343768643,       4.255343524,       1.249584372,       2.974628338
          0,           0,        2272,      -1.384180764,       1.513847702,       1.314280996,       4.274452204,        1.29232822,       2.947440657
          0,           0,        2273,      -1.353842467,       1.512287619,       1.505903327,       4.301069583,       1.286139356,       2.805438062
          0,           0,        2274,      -1.272422986,       1.520723124,       1.588226256,       4.343489797,       1.294457162,       3.099390182
          0,           0,        2275,      -1.290465062,       1.511351108,       1.470538821,       4.324800082,       1.294093802,       3.281967873
          0,           0,        2276,      -1.361677621,       1.516464765,        1.39268068,       4.269509252,       1.286791895,       3.336101352
          0,           0,        2277,      -1.366758531,       1.516953672,       1.362717788,       4.281439324,       1.315426651,       3.183037134
          0,           0,        2278,      -1.386827856,       1.522543815,       1.297210371,       4.257705035,       1.326308849,       3.056878504
          0,           0,        2279,      -1.388412869,       1.523498689,       1.305588078,       4.218538844,       1.328688601,        3.16124855
          0,           0,        2280,          -1.38506,        1.52626609,       1.297765856,       4.238762451,          1.275769,       3.220954936
          0,           0,        2281,      -1.478724662,       1.423619565,        1.22711147,       4.206066915,       1.111069315,        3.14971989
          0,           0,        2282,      -1.595296788,       1.126058793,       1.120401166,        4.04986197,       1.076053189,       3.009657759
          0,           0,        2283,      -1.707298116,       1.042940386,       1.010262921,       3.872741021,       1.084210935,         2.9086771
          0,           0,        2284,       -1.77011402,      0.9623651939,      0.9016139353,       3.831856057,        1.08282596,       2.881755353
          0,           0,        2285,      -1.678709031,      0.9667823251,      0.9735046523,       3.947868317,       1.074126755,       2.904964142
          0,           0,        2286,      -1.675743061,      0.9486218026,      0.9831622273,       4.052945733,       1.065467945,       2.964957578
          0,           0,        2287,      -1.616050506,        0.95055859,       1.066279177,       4.134787663,       1.055097616,       3.009667525
          0,           0,        2288,       -1.64402395,      0.9356157617,       1.035660755,       4.104176008,       1.055474373,       3.024500655
          0,           0,        2289,      -1.642190162,      0.9485312926,       1.048202677,       4.083700244,       1.071433567,        3.01362764
          0,           0,        2290,      -1.586861111,      0.9698166265,       1.125823168,       4.143141856,       1.114178339,       2.982521823
          0,           0,        2291,       -1.43668645,       1.155783157,       1.353723029,       4.229200221,       1.228846874,       2.900712788
          0,           0,        2292,      -1.334947505,        1.20465777,        1.55386602,       4.294658907,        1.24449257,       2.918016299
          0,           0,        2293,      -1.316659406,       1.187985885,       1.514181953,       4.327073511,       1.192343671,       3.126816553
          0,           0,        2294,      -1.475079652,       1.149613471,       1.333550185,       4.225238757,       1.122478092,       3.094731661
          0,           0,        2295,      -1.470081573,       1.281000758,        1.31703255,       4.209146491,       1.128979327,       3.110312197
          0,           0,        2296,      -1.512859067,       1.255560226,       1.234184436,       4.169739388,       1.091283705,       2.969468026
          0,           0,        2297,      -1.541848886,        1.24570929,       1.172762427,         4.1682197,       1.101402371,       2.964541997
          0,           0,        2298,      -1.521014935,       1.332230757,       1.176310406,       4.169983037,       1.139787642,       3.041240643
          0,           0,        2299,      -1.446254434,       1.385923568,       1.267924124,        4.21026331,       1.237791046,       3.112330981
          0,           0,        2300,      -1.427728495,       1.459114708,       1.290103328,       4.233887312,       1.215720298,        3.12237056
          0,           0,        2301,      -1.562308952,       1.333206684,       1.130794248,       4.165820536,       1.079581263,       2.968332748
          0,           0,        2302,      -1.655769198,      0.9856829465,       1.068775878,       3.969600906,       1.087281919,       2.817170038
          0,           0,        2303,      -1.710751249,       1.025444527,      0.9529078971,       3.980746267,       1.074868382,       2.750586267
          0,           0,        2304,      -1.713264218,      0.9227539109,      0.9553796369,       4.046284898,       1.062252633,       2.770562064
          0,           0,        2305,      -1.612868078,       1.125370513,       1.115635993,       4.126952715,       1.059036227,       2.842750548
          0,           0,        2306,      -1.498951353,       1.263728959,       1.370303237,       4.172576112,        1.06922941,       2.940399148
          0,           0,        2307,       -1.42158326,       1.331872753,        1.40613461,       4.223916237,       1.129669074,       3.034137627
          0,           0,        2308,      -1.371189175,       1.459627118,       1.400453561,       4.274377492,        1.25254726,       3.138299779
          0,           0,        2309,      -1.372565057,       1.483510857,       1.352678867,       4.264213578,       1.237536443,       3.143647742
          0,           0,        2310,      -1.492019477,       1.390049417,       1.252800276,       4.157046888,       1.058694769,       2.962699034
          0,           0,        2311,      -1.613912787,       1.140949675,        1.16443423,       4.036238449,       1.025537028,       2.805290092
          0,           0,        2312,      -1.698144166,      0.8819219401,        1.06921924,       3.998330083,       1.027603959,       2.742424296
          0,           0,        2313,      -1.724569933,      0.9823541415,       0.968410467,       4.014558535,      0.9982611174,       2.779500287
          0,           0,        2314,      -1.706852294,       0.972470428,      0.9615791937,       4.056908616,       1.009679849,       2.922070103
          0,           0,        2315,      -1.530357939,       1.241247151,       1.180910846,       4.165099729,        1.02478555,       3.016105467
          0,           0,        2316,      -1.500420229,       1.389505608,       1.189707574,       4.197247743,       1.099442161,       2.988361472
          0,           0,        2317,      -1.417492454,        1.43715877,       1.260050998,       4.228748672,       1.200452599,       2.972194583
          0,           0,        2318,      -1.378377045,       1.502240115,       1.428521298,       4.250226518,       1.246128085,       2.881206163
          0,           0,        2319,       -1.34351445,       1.491959532,       1.488530983,       4.269702346,       1.272143605,       3.002426947
          0,           0,        2320,      -1.334321096,       1.510585827,       1.448298542,       4.296480299,       1.303243591,       3.185672806
          0,           0,        2321,      -1.366444542,        1.51534255,       1.395878556,       4.305754535,       1.316081412,       3.238866218
          0,           0,        2322,      -1.377712123,       1.520560767,       1.341857171,       4.286007055,       1.005200597,       3.148838693
          0,           0,        2323,      -1.433596277,       1.479155914,        1.28176641,       4.219153713,       1.010829396,       3.085067815
          0,           0,        2324,      -1.505671617,       1.419229089,       1.218701204,       4.161756282,       1.015186214,       3.011397615
          0,           0,        2325,      -1.556810847,       1.343095645,       1.193318648,       4.117972809,       1.019934735,       2.929906869
          0,           0,        2326,      -1.606840221,        1.23482191,       1.161087509,       4.070431546,       1.024150083,       2.846948149
          0,           0,        2327,       -1.65450362,       1.092049439,       1.128251335,       4.003540158,       1.026888224,       2.774401709
          0,           0,        2328,      -1.716030425,      0.9901693606,       1.074117578,       3.911696482,       1.028054632,       2.727310691
          0,           0,        2329,      -1.728496424,      0.9932272516,       1.035642099,        3.88919716,       1.028772568,       2.714857072
          0,           0,        2330,      -1.768478245,      0.9787390949,      0.9655211497,       3.893508704,       1.026866396,       2.734298547
          0,           0,        2331,      -1.753491843,      0.9440184136,      0.9347550459,       3.888929933,       1.021495293,       2.776950508
          0,           0,        2332,      -1.708896564,      0.9224647053,      0.9584445345,       3.910936429,       1.014931506,       2.844772357
          0,           0,        2333,      -1.583667517,      0.9327900902,       1.107871458,       4.057651091,       1.006932334,       2.905659626
          0,           0,        2334,      -1.631266954,       0.899779757,       1.052319447,       4.044999262,       1.000864054,       2.970465852
          0,           0,        2335,        -1.6795538,      0.8828238736,      0.9945823076,       4.043460549,      0.9980884907,       3.013780827
          0,           0,        2336,      -1.703052814,      0.8667662376,      0.9693706544,       4.104417662,       1.002902539,       3.023487868
          0,           0,        2337,      -1.708466396,      0.8900643702,      0.9786604168,       4.081307832,       1.011407117,       3.050412866
          0,           0,        2338,       -1.52546256,       1.077084989,       1.213799377,       4.148094324,       1.147188188,       3.017090221
          0,           0,        2339,      -1.489522225,       1.154516122,       1.247840028,       4.197875655,       1.168790766,       3.041406615
          0,           0,        2340,      -1.444149898,       1.324881469,       1.294133253,       4.231304704,       1.214848191,       3.090064653
          0,           0,        2341,      -1.369391425,       1.429125466,       1.426851476,        4.30529638,       1.265939799,       3.081507752
          0,           0,        2342,      -1.321158272,       1.498985511,       1.543170614,        4.33758884,       1.298458514,        3.11695771
          0,           0,        2343,      -1.288571812,       1.506437142,       1.500797599,       4.352602787,       1.316010737,       3.275335192
          0,           0,        2344,      -1.329631438,       1.519515986,       1.431216706,       4.318923775,       1.323404117,        3.32399394
          0,           0,        2345,      -1.379908722,       1.504472917,       1.352769988,       4.279812483,       1.294799819,       3.272719761
          0,           0,        2346,      -1.400286875,       1.510946078,       1.282162399,       4.283027891,       1.290575081,       3.159911096
          0,           0,        2347,      -1.406774982,       1.507769812,       1.266578049,       4.273639578,       1.292781422,       3.120876172
          0,           0,        2348,       -1.36049336,       1.535619727,       1.349747213,       4.287940688,       1.287146803,       3.105078812
          0,           0,        2349,      -1.326537294,       1.533668209,       1.513205715,       4.299034243,       1.286258075,       3.150560574
          0,           0,        2350,      -1.273620129,       1.532389993,       1.552742057,       4.331491894,       1.288832797,       3.226165107
          0,           0,        2351,      -1.334530146,       1.525971966,       1.389776488,       4.281607291,       1.295512688,        3.26553681
          0,           0,        2352,       -1.41272417,       1.519655308,       1.298503863,       4.243090956,       1.263147364,       3.083661955
          0,           0,        2353,      -1.414825032,        1.51709544,       1.268720875,       4.261724986,       1.273790303,       2.883508185
          0,           0,        2354,      -1.378259665,       1.538736593,       1.312129147,       4.270022837,       1.315486257,       2.869355372
          0,           0,        2355,      -1.373489315,       1.535727743,       1.326998786,        4.28460556,       1.332061619,        3.05445354
          0,           0,        2356,      -1.349742966,       1.534413147,       1.398183836,       4.298572174,       1.316535241,       3.085250598
          0,           0,        2357,      -1.313014905,        1.53519136,       1.488305185,       4.318435804,       1.293250836,       3.045017993
          0,           0,        2358,      -1.319514872,       1.547871038,       1.404700035,       4.288924323,       1.252754259,       3.172065248
          0,           0,        2359,      -1.379553141,       1.537653175,       1.355930872,       4.244809299,       1.282821772,        3.07862812
          0,           0,        2360,      -1.380304997,       1.540671079,       1.334089535,       4.260045862,       1.314761975,       2.900295299
          0,           0,        2361,      -1.375778739,       1.535471985,        1.31803739,        4.27508401,       1.305767292,       2.926127593
          0,           0,        2362,      -1.393554036,        1.53275791,       1.280662962,       4.264763346,       1.289399275,       3.035394617
          0,           0,        2363,      -1.371826554,       1.527089578,       1.481180464,       4.289396904,       1.274058894,       3.080837274
          0,           0,        2364,      -1.309835882,       1.521417091,       1.535994569,       4.296277212,       1.231429267,       3.064738426
          0,           0,        2365,      -1.334680984,       1.531207191,       1.374576604,       4.282589476,        1.23335357,        3.17967966
          0,           0,        2366,      -1.344144211,       1.550797481,       1.403418968,       4.292495307,       1.301140441,       3.116107905
          0,           0,        2367,      -1.347487239,       1.548138669,       1.381104599,        4.28583165,       1.308670529,       3.003220169
          0,           0,        2368,      -1.376484469,       1.544616084,       1.318548872,       4.275899211,       1.298910313,       2.970624559
          0,           0,        2369,      -1.401298382,       1.535419802,        1.27098477,       4.265591661,       1.271017543,       3.121606901
          0,           0,        2370,      -1.405230116,       1.527303902,       1.262540969,       4.249941942,       1.230716704,       3.185272117
          0,           0,        2371,       -1.36617208,        1.52584286,       1.473699126,       4.272660304,        1.23881359,       3.170714756
          0,           0,        2372,      -1.282781109,       1.539071641,       1.553049261,       4.331778127,       1.312128767,       3.204887592
          0,           0,        2373,      -1.321589288,       1.538107067,       1.395867369,       4.300927444,       1.321748584,       3.214835041
          0,           0,        2374,      -1.353438107,       1.539907689,       1.364651964,       4.286814567,       1.307886759,       3.121491624
          0,           0,        2375,      -1.346836563,       1.553975335,       1.369663571,       4.299709555,       1.286962513,       3.015107485
          0,           0,        2376,      -1.389143436,       1.546934955,       1.303400046,       4.242050219,       1.241058872,       2.969327767
          0,           0,        2377,      -1.405152327,       1.532521938,        1.24677304,       4.212806069,       1.234180856,       3.093519785
          0,           0,        2378,      -1.338636262,       1.541666634,       1.376376512,       4.274707797,       1.316504036,       3.147675087
          0,           0,        2379,       -1.30548323,       1.541721334,       1.503930594,       4.321954332,        1.33370582,       3.109243507
          0,           0,        2380,      -1.268137467,       1.550619459,       1.548959701,       4.348385657,       1.318641891,        3.17973821
          0,           0,        2381,      -1.340955292,       1.539385806,       1.387005047,        4.28124739,       1.281619929,       3.183082391
          0,           0,        2382,      -1.414486869,       1.527110541,       1.283919494,       4.242472534,       1.246594688,       3.021761117
          0,           0,        2383,      -1.406135372,       1.528962776,       1.269682627,       4.249149475,       1.261626493,       2.914970733
          0,           0,        2384,      -1.356266109,        1.54359748,       1.334660765,       4.272944502,       1.321183985,       2.949632251
          0,           0,        2385,      -1.339440445,       1.544710403,       1.406956544,       4.298382188,       1.326231625,       3.090211244
          0,           0,        2386,      -1.287591558,       1.551318849,       1.544991194,       4.348244902,       1.310415068,       3.101308315
          0,           0,        2387,      -1.278716262,       1.548989206,       1.496183463,       4.338699397,       1.277067239,       3.134945034
          0,           0,        2388,      -1.372569792,       1.531504691,       1.352722376,       4.253325505,       1.233216899,       3.200887915
          0,           0,        2389,      -1.417924833,       1.525279592,       1.282473877,         4.2469584,       1.224937433,       3.077146713
          0,           0,        2390,      -1.362155404,       1.548250938,        1.34721874,       4.274568882,       1.310779475,       2.947961926
          0,           0,        2391,      -1.353058966,       1.550376137,       1.362969004,       4.280605917,       1.325638315,       3.060753769
          0,           0,        2392,      -1.360970958,       1.545783163,       1.329223153,       4.284969568,       1.310653869,       3.141342434
          0,           0,        2393,      -1.367825958,       1.534784655,       1.411063359,       4.277851824,       1.273706944,       3.157036211
          0,           0,        2394,      -1.326112151,       1.525008305,       1.529330726,       4.312130039,       1.231609193,       3.074821971
          0,           0,        2395,      -1.299591532,       1.528124171,        1.45675063,       4.322511049,       1.238828881,       3.202948273
          0,           0,        2396,      -1.318168281,       1.551113292,       1.433155118,       4.298758586,       1.316829315,       3.273470062
          0,           0,        2397,      -1.356010032,       1.545124366,       1.380695953,       4.277622365,       1.323739384,       3.184244962
          0,           0,        2398,      -1.353602123,       1.541736753,       1.337774562,       4.304438253,       1.307986897,        3.10828437
          0,           0,        2399,      -1.389173397,       1.533854062,       1.278066897,       4.270601376,       1.279675507,       3.132197183
          0,           0,        2400,      -1.398013306,       1.539353884,       1.265999479,       4.234582333,       1.235555753,       3.167939713
          0,           0,        2401,      -1.371319488,       1.537784603,       1.367479716,       4.257573462,       1.228389846,       3.159042022
          0,           0,        2402,      -1.273120275,        1.55215018,       1.573314161,       4.334247113,       1.312592684,       3.111944136
          0,           0,        2403,      -1.258639016,       1.553504743,       1.521084712,       4.351607438,        1.32737234,       3.207847137
          0,           0,        2404,      -1.330173638,       1.546165429,       1.415066103,       4.301410865,       1.313042691,       3.268610157
          0,           0,        2405,      -1.367931735,       1.536686748,       1.352470418,       4.282109294,       1.272301169,       3.193605173
          0,           0,        2406,      -1.418220442,       1.525911778,       1.236906574,       4.235069843,       1.229439612,       3.114128651
          0,           0,        2407,      -1.396848742,       1.530285951,       1.262591164,       4.245632753,       1.247401704,       3.127491773
          0,           0,        2408,      -1.356780108,       1.551443964,       1.339893799,       4.275152414,       1.245360995,       3.143349097
          0,           0,        2409,      -1.463201421,       1.440673394,       1.271280226,       4.189723023,      0.9318351967,       3.027097088
          0,           0,        2410,       -1.59044017,       1.140888856,       1.131184328,       4.055824295,      0.8006786008,       2.929289564
          0,           0,        2411,      -1.612922875,       1.306849638,       1.054741137,       4.069431379,      0.8261952365,       2.893170059
          0,           0,        2412,      -1.571467752,        1.32016645,       1.078982129,       4.111588034,      0.8691969513,       2.933839546
          0,           0,        2413,      -1.540696867,       1.362742771,       1.086546779,        4.16035612,      0.9557111932,       2.966489219
          0,           0,        2414,      -1.513345655,       1.444946381,       1.105436717,       4.168474226,       1.042241961,        2.97123187
          0,           0,        2415,      -1.406515007,       1.489146243,       1.418343128,         4.2428739,       1.114120125,       3.002299182
          0,           0,        2416,      -1.299822212,       1.518887079,       1.559493322,       4.329101619,       1.171743359,       3.094875931
          0,           0,        2417,      -1.286883982,       1.530090155,       1.466099404,       4.351842554,       1.207204694,       3.254238829
          0,           0,        2418,       -1.44484172,       1.424291955,       1.341379471,       4.254986874,      0.9929843858,       3.183428856
          0,           0,        2419,      -1.600152256,       1.320266342,       1.211829335,       4.084484311,      0.9173644296,       3.031126903
          0,           0,        2420,      -1.627712827,       1.074301057,       1.145994393,       4.039868905,       0.916127791,       3.006998722
          0,           0,        2421,      -1.596308253,       1.258135827,        1.11397313,       4.089275295,      0.9698278359,       3.019681882
          0,           0,        2422,      -1.568452942,       1.369580191,       1.075224646,       4.123920353,       1.036319988,        3.08354738
          0,           0,        2423,      -1.510114747,        1.40653187,       1.098763065,       4.154674127,       1.111890158,       3.160548198
          0,           0,        2424,      -1.411529749,       1.492665865,       1.259041713,       4.208621331,       1.173275548,       3.177315884
          0,           0,        2425,      -1.501475182,       1.383556066,       1.186052738,       4.191314059,      0.9862806708,       3.015651374
          0,           0,        2426,      -1.660948075,      0.9829258579,       1.026644232,       3.996626424,      0.9304224567,       2.907724134
          0,           0,        2427,      -1.765535029,       0.912198532,      0.8810538167,       3.911400855,      0.9238734009,       2.806064545
          0,           0,        2428,      -1.808067375,      0.8908907457,      0.8342735524,       3.809141064,      0.9157617129,       2.752042623
          0,           0,        2429,      -1.779950093,      0.8635643428,      0.8540538434,       3.869049836,      0.9056598108,        2.72840392
          0,           0,        2430,      -1.656905183,      0.8768589779,         1.0310874,       3.986310612,      0.9067100474,       2.700372938
          0,           0,        2431,       -1.73584801,      0.8523501511,      0.9336923735,       3.966240639,       0.909524786,        2.64448781
          0,           0,        2432,      -1.890059405,       0.818718543,       0.695785441,       3.736850998,      0.9112256141,       2.603640787
          0,           0,        2433,      -1.902607878,      0.8146361618,      0.6636305111,       3.680391374,      0.9099591846,       2.585250503
          0,           0,        2434,      -1.934161627,      0.8076525431,       0.622369324,       3.651965862,      0.9083656088,       2.568513919
          0,           0,        2435,      -1.925328451,      0.8048690107,       0.658994034,       3.718446208,      0.9062930365,       2.555452727
          0,           0,        2436,      -1.804091595,      0.8169506111,      0.8635504193,       3.786444756,      0.9035560456,        2.54831483
          0,           0,        2437,      -1.918077506,      0.7949214487,      0.6588435212,       3.728321029,      0.9000610361,       2.549241806
          0,           0,        2438,      -1.949879135,      0.7842502683,      0.5986598581,       3.624406735,       0.895578875,       2.559851674
          0,           0,        2439,      -1.972613113,      0.7812778368,       0.586043679,       3.688424308,       0.890061142,       2.581160015
          0,           0,        2440,      -1.913376128,      0.7720240022,       0.670120475,       3.710575812,      0.8838106966,       2.613730363
          0,           0,        2441,      -1.822473623,      0.8231864629,      0.8277811719,       3.854210559,      0.8771876708,       2.657288622
          0,           0,        2442,      -1.640636557,        1.01776023,       1.089084714,       4.028492488,      0.8709230632,       2.709339298
          0,           0,        2443,      -1.612765178,      0.8789732577,       1.095595008,       4.068296902,       0.864584901,       2.768036882
          0,           0,        2444,      -1.575451752,      0.8710590728,       1.124815718,       4.096936949,      0.8617320946,       2.825039719
          0,           0,        2445,      -1.664893621,      0.8195595921,       1.012391934,        4.04703608,      0.8742711089,       2.865027323
          0,           0,        2446,      -1.626846297,      0.9930340021,       1.107976219,       4.055053632,      0.9000045663,       2.881508373
          0,           0,        2447,      -1.544079065,       1.095868496,       1.227661572,       4.122040133,       1.084772064,       2.864278031
          0,           0,        2448,       -1.52820037,        1.09570627,       1.225560989,       4.174610632,       1.100584453,       2.808790037
          0,           0,        2449,      -1.473203118,       1.161262136,       1.344155263,       4.223136499,       1.162868821,       2.772751046
          0,           0,        2450,       -1.39840823,       1.300708481,       1.486704331,       4.271649489,       1.230819304,       2.912059241
          0,           0,        2451,       -1.33146006,       1.461789961,       1.474579265,       4.348806172,       1.271513468,        3.18223195
          0,           0,        2452,      -1.327439304,       1.502391915,        1.41431686,       4.338341687,       1.249565504,       3.305834229
          0,           0,        2453,      -1.417767608,       1.438959644,       1.349879945,       4.245858149,       1.094369126,       3.112371062
          0,           0,        2454,      -1.574248165,       1.193215451,       1.203225511,       4.133478835,       1.018038753,       2.929728987
          0,           0,        2455,      -1.606940099,       1.023492021,        1.16467791,        4.00868063,       1.032808083,       2.843249625
          0,           0,        2456,      -1.696064186,      0.9461348261,       1.070750195,        3.94740288,       1.036281102,       2.819627143
          0,           0,        2457,      -1.676017799,      0.8811218185,       1.039694249,       4.015742724,       1.015118041,       2.848587706
          0,           0,        2458,      -1.644070573,       0.864443248,        1.05507284,       4.092210222,       1.010873552,       2.912283024
          0,           0,        2459,      -1.606540375,      0.8570754935,       1.094700393,       4.120509204,      0.9949819653,       2.982904729
          0,           0,        2460,      -1.594019885,      0.8728571965,       1.111402513,       4.148707404,       1.009679779,       3.056401368
          0,           0,        2461,      -1.515895475,       1.035247278,       1.220708149,       4.170470557,       1.113973801,       3.061399341
          0,           0,        2462,      -1.532471545,       1.043877487,       1.201564698,        4.16317035,       1.114491385,       3.019548905
          0,           0,        2463,       -1.51494862,        1.11769843,       1.221625687,       4.194119024,       1.152218455,       2.962714208
          0,           0,        2464,      -1.445164407,       1.307460073,       1.290316966,       4.219282788,        1.20381815,       3.001662272
          0,           0,        2465,      -1.383832054,       1.487558198,       1.351701816,       4.264947329,       1.228568983,       3.013310307
          0,           0,        2466,      -1.365821835,       1.490426039,       1.461717076,        4.26492652,       1.205881085,       2.938980362
          0,           0,        2467,      -1.397177136,       1.408392217,       1.434367085,       4.222973458,       1.004638298,       2.951830588
          0,           0,        2468,      -1.559731779,        1.15621943,       1.238680095,       4.107456919,       0.937174032,       2.936411558
          0,           0,        2469,      -1.594714336,      0.9109945816,       1.179451533,          4.099098,       0.951415328,       2.936474261
          0,           0,        2470,       -1.61550732,       1.026753702,       1.091738281,       4.101906896,      0.9132571953,       2.886111795
          0,           0,        2471,      -1.610956151,       1.047414288,       1.081839701,       4.123431463,      0.9718247528,       2.803220785
          0,           0,        2472,      -1.531082908,       1.258045755,       1.192490009,       4.175079717,       1.005205095,       2.826431831
          0,           0,        2473,      -1.441620262,       1.414598496,       1.464550229,        4.24115188,       1.088106067,       2.888526915
          0,           0,        2474,      -1.275038879,       1.477116925,        1.57376722,       4.360268566,       1.183109869,        3.17809161
          0,           0,        2475,      -1.301538174,       1.518424851,       1.439105119,        4.34939571,       1.214851506,        3.24952472
          0,           0,        2476,      -1.485340548,       1.411199878,       1.332155245,       4.209318579,       1.012619421,       3.079711521
          0,           0,        2477,       -1.64690976,       1.065656965,       1.197141912,       4.017108575,      0.9304293352,       2.855154477
          0,           0,        2478,      -1.704388843,      0.9158287092,       1.131539169,       3.966860494,      0.9487026206,       2.746321599
          0,           0,        2479,       -1.72137232,      0.8540722633,       1.081709418,        3.95113943,       0.958671842,       2.691248394
          0,           0,        2480,      -1.650836734,      0.8423019549,        1.10098899,       4.032503657,      0.9588816485,       2.683537677
          0,           0,        2481,      -1.591488264,      0.8468618015,        1.14075289,       4.078235027,       0.952917681,       2.740717297
          0,           0,        2482,      -1.628336663,      0.8284724973,       1.097794878,        4.07629713,      0.9381569816,       2.852983161
          0,           0,        2483,      -1.633009193,      0.8195076646,       1.080582455,         4.0916989,      0.9275986899,       2.963726372
          0,           0,        2484,      -1.616919731,      0.8605192315,       1.090230145,       4.132117018,      0.9530243436,       3.065287172
          0,           0,        2485,      -1.515534153,       1.075645399,        1.23103956,       4.175865888,       1.119563562,       3.044098492
          0,           0,        2486,      -1.472364172,       1.148738991,       1.267844845,       4.189335561,       1.159635047,       3.059666643
          0,           0,        2487,      -1.427143404,       1.303690086,       1.316278658,       4.220877172,       1.200749448,       3.083116562
          0,           0,        2488,      -1.383506526,       1.387075019,       1.491496825,       4.273208912,       1.243758404,       3.082524674
          0,           0,        2489,      -1.293792208,       1.496520101,       1.569046908,       4.346433236,       1.219853813,       3.186627617
          0,           0,        2490,      -1.469702805,       1.382129084,       1.334653856,       4.206696347,       1.020482122,       3.137050586
          0,           0,        2491,       -1.59562698,       1.104786252,       1.217997881,       4.074284307,      0.9685923939,       2.967546429
          0,           0,        2492,      -1.686484543,      0.8906877155,       1.123591756,       3.986068748,       0.976398801,       2.884925963
          0,           0,        2493,      -1.685601259,       0.842180476,       1.061342019,        3.96549974,      0.9796589496,       2.833725519
          0,           0,        2494,      -1.682203264,       0.810642569,       1.022021169,       3.984556418,      0.9817101052,       2.795871109
          0,           0,        2495,      -1.680661103,      0.7916749619,      0.9919431983,       4.016393101,      0.9805967116,       2.770148928
          0,           0,        2496,      -1.702050885,      0.7745942067,      0.9484756868,       4.027618326,      0.9838185445,       2.781743753
          0,           0,        2497,      -1.654545547,      0.8003106093,       1.030754768,       4.076921538,      0.9919260817,       2.859604847
          0,           0,        2498,      -1.555144328,      0.8785999785,       1.161787458,       4.164236795,       1.035220179,       2.982982414
          0,           0,        2499,      -1.433497812,       1.144565608,       1.314252951,       4.249500478,       1.163813063,       3.019557805
          0,           0,        2500,      -1.449171159,       1.161548142,       1.305977666,       4.200006424,       1.206713664,        2.99845584
          0,           0,        2501,      -1.437780531,       1.254761996,       1.307799214,       4.217173257,       1.229447694,       2.932422669
          0,           0,        2502,      -1.389735152,       1.357364181,       1.333103943,       4.276157257,       1.255433813,       2.863257125
          0,           0,        2503,      -1.396900364,       1.484570607,       1.303422815,       4.278192552,       1.296645402,       2.834926686
          0,           0,        2504,      -1.411703159,       1.490229279,       1.269730396,        4.28202618,       1.306865149,       2.741525189
          0,           0,        2505,      -1.335107202,       1.512811113,       1.515813966,       4.332255487,       1.323505069,       2.883728195
          0,           0,        2506,      -1.264887887,       1.503246195,       1.596641537,       4.356047397,       1.249250132,       3.122317627
          0,           0,        2507,      -1.441688393,       1.394033289,       1.348488157,       4.188091581,       1.075955372,       3.103168256
          0,           0,        2508,      -1.584373169,       1.208992982,       1.226183493,       4.040129585,       1.029097304,       2.931956942
          0,           0,        2509,      -1.666594748,       0.974684722,       1.139054745,       3.970321676,       1.028107558,        2.83411717
          0,           0,        2510,      -1.666123709,       0.963128479,       1.078097631,       3.966555926,       1.022122134,        2.78539974
          0,           0,        2511,      -1.674513993,      0.9215886671,       1.024955125,       3.979331952,       1.014576866,       2.733648665
          0,           0,        2512,      -1.680010181,      0.9085604349,       1.009476446,       3.934992503,       1.013517855,       2.681870682
          0,           0,        2513,       -1.70310892,      0.8876863912,      0.9566835763,        3.91695774,       1.014605523,       2.662197981
          0,           0,        2514,      -1.668889511,      0.8834807355,       1.003253445,       3.938851705,       1.018962559,       2.683937775
          0,           0,        2515,      -1.574468273,      0.9031003236,       1.121828681,       4.047884368,       1.028545206,       2.745170145
          0,           0,        2516,      -1.643158552,      0.8673819625,       1.037087068,       4.035065036,       1.041515034,       2.836729423
          0,           0,        2517,      -1.638098778,      0.8605937191,       1.048334789,       4.085715624,       1.052846305,       2.927783345
          0,           0,        2518,      -1.591631947,        1.01102902,        1.11798478,       4.110002712,       1.063518165,       2.960823472
          0,           0,        2519,      -1.570383414,        1.07015873,       1.179206983,       4.148877323,       1.068555191,       2.971708555
          0,           0,        2520,      -1.462545738,       1.121393169,       1.285567036,       4.214725299,        1.09541004,        2.93413803
          0,           0,        2521,      -1.576087019,       1.029285209,       1.149534314,       4.089469182,       1.005678511,       2.759628951
          0,           0,        2522,       -1.64314374,      0.8909466435,       1.055283289,       3.988613962,      0.9892087123,       2.651326226
          0,           0,        2523,      -1.742848171,      0.8084655931,      0.9456796301,       3.902362707,      0.9857034796,       2.588958655
          0,           0,        2524,      -1.730392971,      0.7600871281,      0.9498490038,       3.909955969,      0.9799592507,       2.547941247
          0,           0,        2525,      -1.817793528,         0.7181661,      0.8348881505,       3.874663617,      0.9724549218,       2.531839469
          0,           0,        2526,      -1.796682334,      0.7068525932,      0.8544132791,       3.902798998,      0.9636800106,       2.540602938
          0,           0,        2527,      -1.753467878,      0.6999057547,      0.9092583037,       3.949249287,      0.9510841955,       2.569441991
          0,           0,        2528,      -1.787057653,      0.6864467724,      0.8634162405,       3.993070422,      0.9422037534,       2.580088867
          0,           0,        2529,      -1.818266082,      0.6503080676,      0.8230035121,       3.849082402,      0.9381141689,       2.531702095
          0,           0,        2530,      -1.799961577,      0.6480881028,      0.8584884772,       3.818394882,      0.9367729764,       2.484097086
          0,           0,        2531,      -1.888172228,      0.6171195311,      0.7389885132,       3.747524217,      0.9351689822,       2.464538529
          0,           0,        2532,      -1.767182837,      0.6533434944,      0.9058769967,       3.837751121,      0.9333744663,       2.448294784
          0,           0,        2533,      -1.830998793,       0.629652261,      0.8282004623,       3.786373198,      0.9325466721,       2.425648721
          0,           0,        2534,      -1.919953812,      0.6051493685,      0.7091882911,       3.699306988,      0.9318743856,       2.412767902
          0,           0,        2535,      -2.029232944,      0.5821773098,      0.5152657145,       3.604167751,      0.9312615296,       2.402297198
          0,           0,        2536,      -2.032730767,       0.580011119,      0.5247063844,       3.601769015,      0.9305779789,       2.395901052
          0,           0,        2537,      -1.961453205,      0.5924121674,       0.667152841,       3.664717719,      0.9298606003,       2.391558482
          0,           0,        2538,      -1.844449531,      0.6181582201,      0.8188179802,       3.741506015,      0.9294474551,       2.382285311
          0,           0,        2539,      -2.043648095,      0.5735404368,       0.503493938,       3.559390679,      0.9291204169,       2.376609068
          0,           0,        2540,      -2.049099854,      0.5708196955,      0.4970147936,       3.552480255,      0.9288013413,       2.374761993
          0,           0,        2541,      -2.078383677,      0.5647956212,      0.4508797321,       3.538267162,      0.9285300716,       2.374788041
          0,           0,        2542,      -2.102879684,      0.5606561494,      0.4110425548,       3.517679373,      0.9283801758,        2.37924046
          0,           0,        2543,      -2.064605849,      0.5642875353,      0.4987892563,        3.53444023,      0.9284544478,       2.388041581
          0,           0,        2544,      -1.995344056,      0.5708760439,      0.6221076671,       3.596207823,       0.928924851,       2.403284901
          0,           0,        2545,      -1.857958055,      0.6017397577,         0.8156308,        3.72881698,      0.9300465259,       2.427346543
          0,           0,        2546,      -1.830279484,      0.6083071119,      0.8544365916,       3.747853536,      0.9321111272,       2.452783479
          0,           0,        2547,      -1.742867538,      0.6680672446,      0.9535302299,       3.842826234,      0.9355812657,       2.494535808
          0,           0,        2548,      -1.630295532,      0.9765151034,       1.108789955,       3.957378552,      0.9405368271,        2.53774132
          0,           0,        2549,      -1.627639858,      0.8413303174,       1.089690313,       4.001379479,      0.9456408561,       2.583650675
          0,           0,        2550,       -1.70770413,      0.7354569114,      0.9707914331,       3.984246468,      0.9478862927,       2.648512575
          0,           0,        2551,      -1.752326237,      0.6498342356,      0.9340337945,       3.946253769,      0.9435324015,       2.686900914
          0,           0,        2552,      -1.790041506,      0.6970168145,      0.8904143125,       4.024067694,        0.92854417,       2.686230388
          0,           0,        2553,      -1.723599134,      0.8621149314,       1.014891711,         4.0860024,      0.9005982395,       2.649527448
          0,           0,        2554,      -1.571433496,      0.8645283225,       1.161215614,       4.138112239,      0.8812597898,       2.561662487
          0,           0,        2555,      -1.429596581,       1.025066604,       1.454196565,       4.225770995,       1.073170059,       2.586994648
          0,           0,        2556,      -1.396649423,       1.112644807,       1.470118358,       4.256760592,       1.026431015,       2.832349023
          0,           0,        2557,      -1.540843757,      0.9353997313,        1.28518212,       4.116776359,      0.8684284903,       2.871175712
          0,           0,        2558,      -1.658220011,      0.8354304075,       1.155939991,       3.996264009,      0.8671394606,       2.765959591
          0,           0,        2559,      -1.771731601,      0.7108971895,       1.064763461,       3.872047963,      0.8631547609,       2.687262062
          0,           0,        2560,      -1.846305498,      0.6641515866,        1.00861129,       3.799957804,      0.8649125483,       2.652503004
          0,           0,        2561,      -1.848420022,       0.627287606,      0.9906574998,       3.798937046,      0.8661246764,        2.62303758
          0,           0,        2562,      -1.899845896,      0.5947850731,      0.9335853528,       3.752377719,      0.8667477397,       2.594958763
          0,           0,        2563,      -1.881625752,      0.5743390728,      0.9210709585,       3.789626497,      0.8669340302,       2.567734125
          0,           0,        2564,      -1.855018467,      0.5764035504,      0.8981498493,       3.804434062,      0.8669137323,       2.558023166
          0,           0,        2565,      -1.741241617,      0.6124405435,      0.9846242975,       3.920733642,      0.8673105861,       2.561560475
          0,           0,        2566,      -1.702123624,      0.6322600364,       1.010733964,       3.991600715,      0.8678917166,       2.600331607
          0,           0,        2567,      -1.629339036,      0.6897181118,        1.07561773,       4.054841238,      0.8737278324,       2.655522423
          0,           0,        2568,      -1.671006666,      0.6831874919,       1.031836848,       4.082003504,      0.8736873209,       2.745618361
          0,           0,        2569,       -1.67913339,      0.7245325527,       1.024908546,        4.11775389,      0.8890663596,       2.798812252
          0,           0,        2570,      -1.550493689,      0.9900115217,       1.193614138,       4.140085996,       1.030105508,       2.812006097
          0,           0,        2571,      -1.558557612,      0.9838729314,       1.187118007,       4.130811353,      0.9335831272,        2.84396274
          0,           0,        2572,      -1.665164005,      0.8715440516,       1.064639632,       4.024211059,      0.8386648967,       2.694574912
          0,           0,        2573,      -1.828470792,      0.6492781812,      0.8837770994,       3.858572031,      0.8399217676,       2.619041606
          0,           0,        2574,      -1.800304122,      0.5684763881,      0.8816164995,       3.923847684,      0.8300895256,       2.569786401
          0,           0,        2575,      -1.735112716,      0.5920879748,      0.9619146634,       3.978776266,      0.8268437775,       2.546907043
          0,           0,        2576,      -1.651158188,      0.6798972263,       1.053812585,       4.047289127,        0.82417461,        2.50141573
          0,           0,        2577,       -1.71857878,      0.6514730972,      0.9825806763,        4.06129771,       0.819779602,        2.55191778
          0,           0,        2578,      -1.638566755,      0.7796736161,         1.0865689,        4.13396179,      0.8595611389,       2.543302873
          0,           0,        2579,       -1.51292103,        1.00247827,       1.255419111,       4.206139184,      0.9411800022,       2.653109151
          0,           0,        2580,      -1.533019246,      0.8779192597,       1.379306887,        4.12411069,      0.8233039478,        2.58318521
          0,           0,        2581,      -1.634528703,      0.7653177016,       1.084631378,       4.003538906,      0.8115129048,       2.425186767
          0,           0,        2582,       -1.82459537,      0.5952270451,      0.9112583549,       3.847461482,      0.8139389607,       2.346122856
          0,           0,        2583,      -1.827365555,      0.5165477825,      0.8927962043,       3.849633973,      0.8147539703,       2.344024417
          0,           0,        2584,      -1.881186432,      0.5068193034,      0.8399870505,        3.80896396,       0.814386953,       2.381908256
          0,           0,        2585,      -1.705236032,      0.9411192479,       1.047144953,       3.946839218,      0.8137741115,       2.433623933
          0,           0,        2586,      -1.736394549,      0.8204217957,       1.002153024,       3.923118674,      0.8124917886,        2.47593981
          0,           0,        2587,      -1.732528936,      0.6606432145,      0.9694075855,       3.969034943,      0.8110142983,       2.529229583
          0,           0,        2588,      -1.730163579,      0.6386092057,      0.9749977003,       4.011126253,      0.8152339198,       2.572042523
          0,           0,        2589,      -1.660588784,      0.6884198668,       1.049084093,       4.120479059,      0.8162253063,       2.587745285
          0,           0,        2590,      -1.611441878,      0.8269805796,       1.115742024,       4.122608392,      0.8442196139,       2.554346794
          0,           0,        2591,      -1.502077451,       1.016814652,       1.241608282,        4.16867536,       1.034261206,       2.531606948
          0,           0,        2592,      -1.534717133,      0.9787599309,       1.204533115,       4.173341303,      0.9416699741,       2.396356109
          0,           0,        2593,      -1.663714365,      0.8086019598,       1.063616995,       4.087183591,      0.8213295775,       2.373977698
          0,           0,        2594,      -1.686816605,      0.6802931338,       1.024415414,       3.988582621,      0.8267909133,       2.174718311
          0,           0,        2595,      -1.669963699,      0.9619933009,       1.080064363,        4.02189433,      0.8159048384,       2.198938585
          0,           0,        2596,      -1.672659814,      0.9089622555,       1.072511624,       4.026576168,      0.8132515768,       2.142842363
          0,           0,        2597,      -1.837575714,      0.6424277486,      0.8685259073,       3.865369551,       0.812387384,        2.02497155
          0,           0,        2598,      -1.804925065,      0.5987556472,      0.8969648481,       3.930186906,      0.8074137852,       1.893095771
          0,           0,        2599,      -1.668150319,      0.6512263616,       1.037862371,       4.010201221,       0.807414156,       1.950307622
          0,           0,        2600,      -1.676606293,      0.6367626573,       1.031042844,       4.037464373,      0.8040447712,       1.912627711
          0,           0,        2601,      -1.681099198,      0.6276882507,       1.053451716,       4.092194949,      0.8018043782,       2.178368729
          0,           0,        2602,      -1.640617314,      0.6655340759,       1.158952882,       4.146027227,      0.7968120375,       2.355277606
          0,           0,        2603,      -1.550457177,      0.7349994044,       1.372170789,       4.161138544,      0.8185690195,       2.677724226
          0,           0,        2604,      -1.504274084,      0.8631664013,       1.299707256,       4.195319445,      0.8882342536,       2.897381868
          0,           0,        2605,      -1.460026931,       1.059183206,       1.350454548,       4.219178415,       1.097806903,       3.002608705
          0,           0,        2606,      -1.438787612,       1.168585574,       1.339266414,       4.239498766,        1.15384717,       3.085627071
          0,           0,        2607,      -1.381631618,        1.27584688,       1.504963223,       4.279507195,       1.176058471,       3.121946959
          0,           0,        2608,      -1.348298239,        1.35818614,       1.437651995,       4.315233271,       1.139453097,       3.121155474
          0,           0,        2609,      -1.453433334,       1.387297358,       1.312481589,       4.197762662,      0.9576364025,       2.928919068
          0,           0,        2610,      -1.578146183,       1.135082278,        1.22428291,       4.072545481,      0.8612553823,       2.703029168
          0,           0,        2611,      -1.641752298,      0.8892006985,       1.162269798,       3.997351599,      0.8562045586,       2.558413748
          0,           0,        2612,      -1.733232145,       0.831469818,        1.08086384,       3.906591205,      0.8548741385,       2.482798046
          0,           0,        2613,      -1.806795952,      0.7999487095,       1.028052512,       3.844593388,      0.8559591741,       2.443240176
          0,           0,        2614,       -1.80688123,      0.7891517802,        1.01841615,       3.837356443,      0.8590945809,       2.423265133
          0,           0,        2615,      -1.816593997,      0.7765903912,       1.001489695,        3.83038224,      0.8620010348,       2.403803168
          0,           0,        2616,      -1.829890612,      0.7640251969,      0.9796866034,       3.819583463,      0.8642114868,       2.387540902
          0,           0,        2617,      -1.848522569,      0.7517075262,       0.951106913,       3.799722972,      0.8652454361,       2.378750662
          0,           0,        2618,      -1.875160597,      0.7376344269,      0.9161284787,       3.780359769,      0.8647475282,       2.383363183
          0,           0,        2619,      -1.888719137,      0.7267942593,      0.8884061533,       3.777667379,      0.8625210025,       2.407772379
          0,           0,        2620,       -1.89524507,      0.7174362159,       0.867382595,        3.80663646,      0.8588558354,       2.455844659
          0,           0,        2621,      -1.756111251,      0.7439407224,      0.9885082923,       3.883238621,      0.8542938021,        2.52659715
          0,           0,        2622,      -1.747060185,      0.7309912787,      0.9840443674,       3.887301427,      0.8504632214,       2.612746502
          0,           0,        2623,       -1.73718172,      0.7192624661,      0.9687767824,       3.932224356,      0.8499636929,       2.704749351
          0,           0,        2624,      -1.755994864,       0.702121739,      0.9277136925,       3.965728429,      0.8457923538,       2.767695233
          0,           0,        2625,      -1.796094973,      0.6918389056,      0.8730168898,       3.911781934,      0.8462328715,        2.75898472
          0,           0,        2626,      -1.843351785,      0.6798862368,      0.8131956281,       3.816307449,      0.8467208775,       2.735114214
          0,           0,        2627,      -1.851182532,      0.6767935475,       0.800873998,       3.754883104,      0.8473764646,       2.723168965
          0,           0,        2628,      -1.867780075,      0.6734741441,      0.7774686622,       3.737832909,      0.8481197463,       2.712406731
          0,           0,        2629,      -1.879875669,      0.6717426426,      0.7587661476,       3.691492506,      0.8489780616,       2.702790818
          0,           0,        2630,      -1.885094049,      0.6720764877,      0.7480775448,       3.678366985,      0.8499449316,        2.69407134
          0,           0,        2631,      -1.885901734,      0.6744208916,      0.7434416041,       3.669434009,      0.8510166479,       2.686096572
          0,           0,        2632,      -1.883133927,      0.6788734021,      0.7438476566,       3.665388861,      0.8521851532,       2.678785163
          0,           0,        2633,      -1.872801815,      0.6838230824,      0.7554952561,       3.662680373,      0.8537025265,       2.673760832
          0,           0,        2634,      -1.872578747,      0.6835722099,       0.751797182,       3.660286516,      0.8551006587,       2.665643727
          0,           0,        2635,      -1.882170418,      0.6795526301,      0.7334085916,       3.635953057,       0.856528361,       2.659762163
          0,           0,        2636,       -1.90781386,      0.6705640488,      0.6889688351,       3.610027484,      0.8580228823,       2.654258315
          0,           0,        2637,      -1.927852409,      0.6641174613,      0.6510863462,       3.587815056,      0.8595778942,       2.649075179
          0,           0,        2638,      -1.941160364,      0.6601634623,      0.6260831541,       3.575313272,      0.8611888907,       2.644159433
          0,           0,        2639,      -1.951178564,       0.657511904,      0.6122572426,       3.572123471,      0.8631828851,       2.641235896
          0,           0,        2640,      -1.949124988,      0.6576583289,      0.6342914042,       3.585432952,      0.8657310273,       2.639108537
          0,           0,        2641,      -1.894422214,      0.6695433023,        0.74861934,       3.645395595,      0.8676367268,       2.631707035
          0,           0,        2642,      -1.856760499,      0.6786539331,      0.8100046635,       3.704201484,      0.8694231747,       2.627064464
          0,           0,        2643,      -1.864294462,      0.6748731786,      0.8029039479,       3.699217989,       0.871579881,        2.62449105
          0,           0,        2644,      -1.880249797,      0.6695126565,      0.7797325784,       3.673884708,      0.8734885852,       2.618853547
          0,           0,        2645,      -1.927243523,      0.6606103905,      0.7040965875,       3.607975621,      0.8753249373,       2.614770465
          0,           0,        2646,      -1.965079559,      0.6543064415,      0.6413433866,       3.557801201,      0.8771685685,       2.610881026
          0,           0,        2647,      -2.002831652,      0.6492429153,      0.5892259285,       3.518677233,      0.8790171326,       2.607366487
          0,           0,        2648,      -2.013474973,      0.6477997565,      0.5728421546,       3.529663319,      0.8812025103,       2.605668081
          0,           0,        2649,      -2.015249302,      0.6475727368,      0.5645468936,       3.504518711,      0.8839041026,        2.60510899
          0,           0,        2650,      -2.017657333,      0.6471412392,      0.5517456725,       3.511355429,      0.8872014314,       2.606116195
          0,           0,        2651,      -2.016661228,      0.6470109316,      0.5596886788,       3.505100528,        0.89120743,       2.609448679
          0,           0,        2652,      -1.916331367,      0.6618251727,      0.7177270603,       3.615943889,      0.8959602877,       2.615799233
          0,           0,        2653,       -1.86265808,      0.6688578253,       0.784932022,       3.689762196,       0.901513185,       2.625987552
          0,           0,        2654,      -1.837583981,      0.6778705271,      0.8258618037,       3.727435162,      0.9076865465,       2.640096409
          0,           0,        2655,      -1.816823948,      0.6821696103,      0.8542361209,       3.760662543,      0.9142432928,       2.661417865
          0,           0,        2656,      -1.728417251,      0.7457372798,      0.9608385746,       3.934140282,      0.9201957259,       2.674426621
          0,           0,        2657,       -1.71671794,      0.7208402336,      0.9718576308,       3.949582784,      0.9237857966,       2.721285907
          0,           0,        2658,      -1.671047392,      0.7306573662,       1.013136577,        3.99799584,       0.920947836,       2.768621924
          0,           0,        2659,      -1.628250156,      0.9028403626,       1.078094705,       4.089876785,      0.9062333249,       2.777160022
          0,           0,        2660,      -1.608924895,       1.004716909,       1.135835251,       4.120006983,      0.8747842306,       2.771934916
          0,           0,        2661,      -1.587886108,      0.9822608607,       1.157882615,       4.128584792,       0.838804604,       2.784059805
          0,           0,        2662,      -1.469699499,        1.10123455,       1.282266029,       4.182280468,       1.020179858,       2.822586893
          0,           0,        2663,      -1.480363208,       1.074320512,       1.267053635,       4.205735818,      0.7980367305,       2.786236943
          0,           0,        2664,      -1.489774642,        1.01828609,       1.239807988,       4.190587485,      0.7966903697,       2.735659145
          0,           0,        2665,       -1.52714124,      0.9802978732,       1.198858867,       4.131469906,      0.7957509511,        2.68169269
          0,           0,        2666,      -1.577024292,      0.9471509637,       1.149102161,       4.056050622,      0.7957471442,       2.628408544
          0,           0,        2667,      -1.675893907,      0.9052332437,       1.055155499,       3.963438525,      0.7974126577,       2.577329587
          0,           0,        2668,      -1.696905778,      0.8765013317,       1.033105904,       3.958904438,      0.8014030097,       2.535734649
          0,           0,        2669,      -1.760290963,      0.8224220779,      0.9726158089,       3.871338809,      0.8045376693,       2.507104153
          0,           0,        2670,      -1.754811713,      0.7526419371,       0.966149492,       3.896724144,       0.796436626,        2.49175385
          0,           0,        2671,      -1.777926735,      0.7020620515,      0.9265748367,       3.857329822,      0.7763871667,       2.478854734
          0,           0,        2672,        -1.7910701,      0.6619064348,      0.8939817138,       3.888065759,      0.7575136246,        2.48206687
          0,           0,        2673,      -1.725436116,      0.6785705274,      0.9557402655,       3.951677906,      0.7335354429,       2.495680407
          0,           0,        2674,      -1.790104134,      0.6299005063,      0.8944630167,       3.940203919,      0.7149694554,       2.495469645
          0,           0,        2675,      -1.706179539,      0.6384573839,      0.9798799996,       4.060451644,      0.6824077959,       2.492605275
          0,           0,        2676,      -1.671241886,      0.6885300466,       1.021173045,       4.104821326,       0.698664042,       2.486400012
          0,           0,        2677,      -1.620202745,      0.8025074478,       1.092483279,       4.106410109,      0.7650306581,       2.521828619
          0,           0,        2678,      -1.647949545,      0.8202492734,       1.081502583,       4.095220692,      0.8475474992,       2.450118478
          0,           0,        2679,      -1.536167613,       1.002925712,       1.233326638,       4.164297442,       1.040943324,       2.469746201
          0,           0,        2680,      -1.457568995,       1.060848239,       1.362048522,        4.22971551,       1.086903946,       2.611832502
          0,           0,        2681,      -1.351556021,       1.194089196,       1.536450244,       4.295262864,       1.141960628,       2.956337844
          0,           0,        2682,      -1.347465762,       1.296563389,       1.456596571,       4.306407541,       1.189907771,       3.205326934
          0,           0,        2683,       -1.39728774,       1.455136756,        1.38179125,       4.255929041,       1.216603593,       3.263456632
          0,           0,        2684,      -1.383794476,       1.483099974,       1.370738416,       4.251171056,       1.239847538,       3.188236074
          0,           0,        2685,      -1.378060719,       1.506449316,       1.339812267,       4.259987053,       1.259109565,       3.058942391
          0,           0,        2686,      -1.413199205,       1.487273891,       1.284573077,        4.21445583,       1.247431455,       3.104054157
          0,           0,        2687,      -1.387789653,       1.498649684,       1.329769618,       4.232755372,       1.259723488,       3.115781133
          0,           0,        2688,       -1.34329927,       1.500400258,       1.475876626,       4.291849561,       1.274182494,       3.152868123
          0,           0,        2689,      -1.278105247,       1.525395276,       1.551272791,        4.34230981,       1.275338784,       3.172191826
          0,           0,        2690,      -1.339479377,       1.511157953,        1.38127436,       4.318515073,       1.263954804,        3.16506638
          0,           0,        2691,      -1.397689271,       1.513489192,       1.334533895,       4.272459198,       1.269142844,       3.042050856
          0,           0,        2692,      -1.400155539,       1.509761036,       1.294661082,        4.28508084,       1.290751534,       2.878228343
          0,           0,        2693,      -1.384383287,       1.520458451,       1.291399049,       4.287761311,       1.312131717,       2.917477402
          0,           0,        2694,      -1.410983714,       1.518621783,       1.257449805,       4.247103751,       1.301755045,       3.125921464
          0,           0,        2695,      -1.395937643,       1.524452198,       1.315532622,        4.25911731,       1.311901702,       3.186906708
          0,           0,        2696,      -1.324306413,       1.535503796,       1.498448745,       4.321897399,       1.296818747,       3.155283254
          0,           0,        2697,      -1.264971646,       1.540782556,       1.564132833,       4.347245247,       1.307583723,       3.181465593
          0,           0,        2698,      -1.351445283,       1.528434817,       1.371192565,       4.266657114,        1.30158056,        3.16910647
          0,           0,        2699,      -1.416574607,       1.523844625,       1.293819578,       4.224587862,       1.286292748,       3.016431108
          0,           0,        2700,      -1.415149292,       1.525076244,       1.273076879,       4.212027772,       1.282395316,       2.909918039
          0,           0,        2701,      -1.381624012,       1.531784359,       1.297391754,       4.226369343,        1.31052969,        2.96889433
          0,           0,        2702,      -1.357714592,       1.533435066,       1.353691978,       4.249447949,       1.306038328,       3.123580273
          0,           0,        2703,      -1.325923979,       1.532246392,       1.514590995,       4.299880502,       1.310730453,       3.151976073
          0,           0,        2704,      -1.294672197,        1.53755931,       1.488846997,       4.337348548,        1.29737996,       3.133405674
          0,           0,        2705,      -1.340640772,       1.540882369,       1.406564504,       4.302605198,         1.2735384,       3.159628969
          0,           0,        2706,      -1.356788667,       1.542523453,         1.3816125,       4.299971031,       1.282995477,       3.040205286
          0,           0,        2707,      -1.363366513,       1.545740005,        1.35197927,       4.302020717,        1.32962697,       2.966112565
          0,           0,        2708,       -1.37611252,       1.538611495,       1.309137125,       4.295612597,       1.323272442,       3.093688764
          0,           0,        2709,       -1.40600959,       1.530913317,       1.244744583,       4.232121953,       1.285095411,       3.184181551
          0,           0,        2710,       -1.38489465,       1.527608145,       1.407694059,       4.245112359,       1.272284712,       3.211013344
          0,           0,        2711,      -1.284206069,        1.54302373,       1.559103824,       4.334903518,       1.288224429,       3.129864493
          0,           0,        2712,      -1.282952713,       1.538993919,       1.469076026,       4.341491127,       1.293011944,       3.190907764
          0,           0,        2713,      -1.356594256,       1.537476781,       1.382933245,       4.271446203,       1.310629194,       3.209192373
          0,           0,        2714,      -1.402986652,        1.53034456,       1.307649393,        4.24989792,       1.296652597,       3.117233896
          0,           0,        2715,       -1.39596197,       1.530108138,       1.281932049,       4.243160451,       1.287450258,       3.059095303
          0,           0,        2716,      -1.395365157,       1.532983116,       1.275472696,       4.239537185,       1.282782361,       3.139657037
          0,           0,        2717,      -1.372582199,       1.545741988,       1.315791915,       4.271007582,        1.31171476,       3.200830132
          0,           0,        2718,      -1.343568716,       1.546723021,       1.430008032,       4.263368816,       1.308012165,       3.191121045
          0,           0,        2719,       -1.29581354,       1.544081691,       1.555932862,       4.303941143,       1.299404337,       3.149367452
          0,           0,        2720,      -1.291418224,       1.535406907,       1.474907669,       4.317498895,       1.293492314,       3.206236924
          0,           0,        2721,      -1.353638822,       1.531571928,       1.379754072,       4.275375079,       1.284963464,       3.260631072
          0,           0,        2722,      -1.364569531,       1.534281399,        1.35205256,       4.264987121,       1.289241127,       3.182024015
          0,           0,        2723,      -1.384217272,       1.535435886,       1.305441473,        4.26169762,       1.307814155,       3.105714268
          0,           0,        2724,      -1.417147838,       1.531529387,        1.24729971,       4.264135603,       1.306692981,         3.1401386
          0,           0,        2725,      -1.410502496,       1.531425233,       1.241316882,       4.259416157,       1.313461119,       3.175602911
          0,           0,        2726,      -1.353412891,       1.543179074,       1.397754785,       4.286795248,       1.303597309,       3.161145085
          0,           0,        2727,      -1.297336324,       1.545385115,       1.554460814,        4.33682185,       1.277243581,       3.149962965
          0,           0,        2728,        -1.2990613,       1.536265874,       1.470167889,       4.318241939,       1.284568327,        3.26640461
          0,           0,        2729,      -1.339820483,       1.540725482,       1.398059646,       4.292954367,       1.318173478,       3.302418262
          0,           0,        2730,      -1.369068125,       1.535610978,       1.351216802,       4.261807805,         1.3113453,       3.207348696
          0,           0,        2731,      -1.360917248,       1.547251649,       1.341156314,       4.263609777,        1.31953165,       3.098479448
          0,           0,        2732,      -1.376956781,       1.540215215,       1.311067147,       4.274764375,       1.305517351,       3.108725569
          0,           0,        2733,      -1.395918474,       1.531250467,       1.257877615,       4.260164311,       1.265805472,       3.156919513
          0,           0,        2734,      -1.367817849,       1.536875608,       1.389558055,       4.267422863,       1.264292521,       3.124840629
          0,           0,        2735,      -1.283912006,       1.549249151,       1.566995601,       4.325011333,       1.322322425,       3.055784091
          0,           0,        2736,       -1.27651239,       1.547462859,       1.498481841,        4.34788293,       1.321176927,       3.209590652
          0,           0,        2737,      -1.355229131,       1.543878371,       1.396399622,       4.289333537,       1.310648646,       3.275895367
          0,           0,        2738,      -1.377700017,       1.538032561,       1.346070878,        4.27103047,       1.291830803,       3.185965425
          0,           0,        2739,      -1.395981216,       1.529777309,       1.270964038,       4.250334026,       1.256013924,       3.099354061
          0,           0,        2740,      -1.433219423,       1.525367235,       1.199011267,        4.21744649,        1.25415972,       3.126452722
          0,           0,        2741,      -1.399609683,       1.536410219,       1.268921498,       4.245753314,        1.31892849,       3.164371945
          0,           0,        2742,      -1.347350708,       1.543307334,       1.398394125,       4.290798919,        1.33174195,       3.143590378
          0,           0,        2743,      -1.276658032,       1.551394144,        1.56664044,        4.33796383,       1.328545989,       3.098016647
          0,           0,        2744,        -1.2701219,       1.548536844,       1.501232986,       4.338250868,        1.29835819,        3.20246635
          0,           0,        2745,      -1.361856152,       1.540058443,       1.377957211,       4.261824984,       1.253432621,       3.273736989
          0,           0,        2746,      -1.398285025,       1.535012057,       1.317993564,       4.246744283,       1.246300953,       3.190462694
          0,           0,        2747,      -1.363409104,       1.546377393,       1.339618177,       4.289484842,       1.326999827,       3.115342113
          0,           0,        2748,      -1.355006969,       1.545874076,       1.341517296,       4.310039674,       1.274769755,       3.118515031
          0,           0,        2749,      -1.448345913,       1.440941024,       1.230722325,       4.222613442,      0.9834288892,       3.045334144
          0,           0,        2750,      -1.549649999,       1.363491226,       1.150330885,       4.114557609,      0.8898733794,       2.984084351
          0,           0,        2751,      -1.645628416,       1.019362143,       1.068693179,       3.995457959,      0.8767450701,        2.87908296
          0,           0,        2752,      -1.683931951,       1.041798294,       1.012417962,       3.957613673,      0.8906702922,       2.823889753
          0,           0,        2753,      -1.790937176,        1.03470551,      0.8924812622,       3.872627343,      0.9019594576,       2.807278144
          0,           0,        2754,      -1.795836961,       1.018947073,      0.8582422929,       3.876477549,      0.9085533097,       2.778489851
          0,           0,        2755,      -1.720877216,        1.01199501,      0.9573388743,       3.944087966,      0.9096318488,       2.798908323
          0,           0,        2756,      -1.655005094,       1.005979517,       1.038511864,       4.026513351,      0.9056414842,       2.797547765
          0,           0,        2757,      -1.667065472,      0.9862438646,        1.01965262,       4.044928995,      0.8980628587,       2.836912031
          0,           0,        2758,      -1.679862573,      0.9783160135,       0.998154803,       4.059226888,      0.8893886092,       2.895000497
          0,           0,        2759,        -1.6409975,      0.9707214598,       1.040558233,       4.112614684,      0.8738782445,       2.935804833
          0,           0,        2760,       -1.61017658,      0.9890046874,       1.069385506,       4.133054772,      0.8641561708,       2.939738648
          0,           0,        2761,      -1.587618306,      0.9912005905,       1.095101314,       4.128935768,      0.8784981473,       2.958857947
          0,           0,        2762,      -1.520376063,       1.177106217,       1.197919406,        4.16579366,      0.9099641494,       2.958670999
          0,           0,        2763,      -1.489568818,       1.232238776,       1.256400383,       4.154915331,      0.9230317059,       2.831512651
          0,           0,        2764,      -1.635931568,       1.051506771,       1.062150176,       3.983886739,      0.8701579951,       2.742393572
          0,           0,        2765,       -1.69257053,      0.9486796269,      0.9838289727,       3.934939631,      0.8720409039,       2.683084447
          0,           0,        2766,      -1.753687792,      0.9232138613,      0.9137518306,       3.866838023,      0.8722007516,       2.653381916
          0,           0,        2767,      -1.759536464,      0.9027601694,      0.8959343362,       3.868668348,      0.8729342373,        2.62909519
          0,           0,        2768,      -1.824714698,      0.8816448292,      0.8035023885,        3.80135888,      0.8754236144,       2.591620477
          0,           0,        2769,      -1.836118703,      0.8744938026,      0.7806718283,       3.777500029,      0.8766535181,       2.572585513
          0,           0,        2770,      -1.843121022,      0.8700714704,       0.766523388,        3.77236965,       0.877318566,       2.558418053
          0,           0,        2771,      -1.851553353,      0.8658552728,      0.7499600969,       3.778168913,      0.8780215459,       2.544944405
          0,           0,        2772,      -1.859432349,      0.8619448829,      0.7339025381,       3.757806297,      0.8787648129,       2.535498967
          0,           0,        2773,      -1.867173038,      0.8581678521,       0.717511991,       3.768332872,      0.8795561135,       2.523231321
          0,           0,        2774,      -1.884716768,      0.8525908074,      0.6784683281,       3.739955507,      0.8803968284,       2.516416235
          0,           0,        2775,      -1.907884646,      0.8467041909,      0.6161619912,       3.734899559,      0.8812937842,       2.507960317
          0,           0,        2776,      -1.916591909,      0.8423987998,       0.584749503,       3.728400167,      0.8822491841,       2.498756983
          0,           0,        2777,      -1.916856608,      0.8390758854,      0.5802634843,       3.726178381,      0.8832102661,       2.496453261
          0,           0,        2778,      -1.931327376,      0.8341748949,       0.552708406,       3.712123821,      0.8845810438,       2.491326285
          0,           0,        2779,      -1.934173429,       0.829703315,      0.5527566737,       3.707450933,      0.8865678902,       2.493994984
          0,           0,        2780,      -1.935826345,      0.8248450513,       0.574365871,       3.701985404,      0.8894846492,       2.494999458
          0,           0,        2781,      -1.939826204,      0.8190332749,      0.5762869084,       3.694404309,      0.8937966734,       2.505434499
          0,           0,        2782,      -1.811087336,      0.8297679458,      0.8188839371,       3.786189074,       0.900162589,       2.517502648
          0,           0,        2783,      -1.880067436,      0.8117926351,       0.733442837,       3.731479926,      0.9094410405,       2.534657752
          0,           0,        2784,      -1.815728884,      0.8090822853,      0.8279180131,       3.768937434,      0.9226324617,       2.555573267
          0,           0,        2785,      -1.770663617,      0.8057175399,      0.8881609901,       3.831232596,      0.9403814751,       2.585795506
          0,           0,        2786,      -1.679594636,      0.8188631174,      0.9963422419,       3.977147438,      0.9622522561,       2.602697862
          0,           0,        2787,      -1.674547473,      0.8055208986,       1.006088842,       3.998044345,      0.9860976553,        2.61675739
          0,           0,        2788,      -1.643050869,      0.8054025848,       1.044275674,       4.039177237,       1.007265717,       2.598976703
          0,           0,        2789,      -1.625517392,      0.8909467084,       1.071352235,       4.099899502,       1.021141778,       2.560092853
          0,           0,        2790,      -1.577743669,       1.014877282,       1.152991902,       4.161657142,       1.020824442,       2.465853591
          0,           0,        2791,       -1.56113585,         1.0320356,       1.192050555,       4.154794815,       1.028918096,       2.545114739
          0,           0,        2792,      -1.543152732,       1.049270994,       1.245982707,       4.139894267,       1.058572678,       2.670091276
          0,           0,        2793,      -1.424318041,       1.128135747,       1.472286166,       4.242392833,        1.18214391,       2.844652604
          0,           0,        2794,       -1.36471166,       1.192153978,       1.479525806,       4.287120534,       1.168649311,       3.067802749
          0,           0,        2795,      -1.464897787,       1.209070618,        1.32752721,       4.202114296,       1.052320448,       3.039812346
          0,           0,        2796,      -1.577692491,       1.088652207,       1.224036574,       4.105740111,       1.050597011,          2.933509
          0,           0,        2797,      -1.598733753,       1.022513425,       1.155104414,       4.117605402,       1.051044723,       2.936820738
          0,           0,        2798,      -1.619459353,       1.089191119,       1.105087902,       4.105856813,       1.037736693,       2.916083908
          0,           0,        2799,       -1.64652974,       1.167613298,       1.061543946,       4.133283391,       1.079337207,       2.914824934
          0,           0,        2800,      -1.537455418,       1.277816807,       1.173927149,       4.187150046,       1.169027392,       2.965620163
          0,           0,        2801,      -1.482750298,       1.398692308,       1.220959096,       4.235773289,       1.200434937,       2.973096486
          0,           0,        2802,      -1.429169618,       1.430887035,       1.312039616,       4.269299789,       1.188620445,       2.927760266
          0,           0,        2803,      -1.489167038,       1.348835761,       1.249622577,       4.188861862,        1.08485649,       2.808676293
          0,           0,        2804,      -1.498506739,       1.354339139,       1.230082543,       4.154875764,       1.101740989,       2.722028486
          0,           0,        2805,      -1.399903621,       1.416709527,       1.477057338,       4.247138616,       1.119471934,       2.919784407
          0,           0,        2806,      -1.341716631,       1.460211544,       1.431279843,       4.302606609,        1.24228464,       3.141913017
          0,           0,        2807,      -1.366970054,       1.507831501,       1.377643454,       4.294082022,       1.200970701,       3.201634404
          0,           0,        2808,      -1.479972135,       1.411136976,       1.288499303,       4.173000905,      0.9904816177,       3.048209408
          0,           0,        2809,      -1.611784788,       1.080367011,       1.169115666,       4.028464335,      0.9498756042,       2.843640276
          0,           0,        2810,       -1.63295796,       1.248024046,       1.096161587,       4.045076661,      0.9569110786,       2.821884707
          0,           0,        2811,      -1.553431232,       1.234053838,       1.142940415,       4.104775941,      0.9572908525,       2.882723875
          0,           0,        2812,      -1.548406738,       1.283532696,        1.13256292,       4.122072348,       1.008623807,       2.998432784
          0,           0,        2813,      -1.478059554,       1.416174519,       1.203225324,       4.174272724,        1.12894493,       3.087962367
          0,           0,        2814,      -1.448888938,       1.441185685,       1.220889356,       4.218802529,       1.202694446,          3.073121
          0,           0,        2815,      -1.368683443,        1.51196154,       1.373718734,        4.30042812,       1.219665661,       3.033419846
          0,           0,        2816,      -1.443037532,       1.403043083,       1.415948245,       4.229753777,       1.065589731,        2.96644013
          0,           0,        2817,      -1.475045907,       1.347621071,       1.288069294,       4.232511614,       1.014387965,       3.014336098
          0,           0,        2818,      -1.580766563,       1.285442463,       1.194244354,       4.147790311,      0.9330589842,       2.958163998
          0,           0,        2819,      -1.597193908,        1.24789913,       1.130611173,       4.114546908,      0.9542295932,       2.934246433
          0,           0,        2820,      -1.504200988,       1.299096447,        1.18618883,        4.19807064,       0.974917216,       2.899214958
          0,           0,        2821,      -1.469239358,       1.410424562,       1.221134659,       4.222954895,       1.139870719,       2.823647897
          0,           0,        2822,      -1.451395548,       1.446866666,       1.241510499,       4.231327571,       1.208799377,       2.798894247
          0,           0,        2823,      -1.349406004,       1.519288309,       1.497537301,       4.288121896,       1.276637061,       2.745189671
          0,           0,        2824,      -1.257759452,       1.525531179,       1.589176647,       4.364980638,       1.230216627,       3.098432408
          0,           0,        2825,      -1.432596818,       1.417419473,       1.349584961,       4.215655768,       1.081165443,       3.053046086
          0,           0,        2826,      -1.485386963,       1.432384364,       1.240791955,       4.197010416,       1.050808132,       2.922147764
          0,           0,        2827,      -1.560116369,       1.270458833,       1.168908872,       4.125115213,      0.9612190112,       2.787703432
          0,           0,        2828,      -1.623968535,       1.334758454,       1.059258016,        4.08570786,       1.032337425,       2.683934755
          0,           0,        2829,      -1.527355221,       1.367806329,       1.125905114,       4.149655295,       1.059687432,       2.684531427
          0,           0,        2830,      -1.462545616,        1.42582089,       1.215072648,       4.203606034,       1.145229836,       2.823208547
          0,           0,        2831,      -1.411962879,       1.496967219,        1.28576571,       4.234315187,       1.261219007,       2.820389538
          0,           0,        2832,      -1.392589408,       1.520130798,       1.300837355,        4.23868453,       1.322715916,       2.854781049
          0,           0,        2833,      -1.377292861,       1.528014316,       1.351336665,         4.2776692,       1.267905231,       2.881720874
          0,           0,        2834,      -1.399431203,        1.42717893,       1.453416438,       4.207402848,        1.12041443,       2.834322315
          0,           0,        2835,      -1.429704234,       1.369910372,       1.352978378,       4.196893012,       1.138026556,       2.981265115
          0,           0,        2836,      -1.448553258,        1.43881294,       1.271922771,       4.213493145,       1.180131649,       3.052206385
          0,           0,        2837,      -1.420205632,       1.519555156,       1.297489906,       4.261009236,        1.31592479,       3.086517158
          0,           0,        2838,      -1.356620238,       1.536595983,       1.365377379,       4.313212996,       1.293961629,       3.004612562
          0,           0,        2839,      -1.475684889,       1.413301303,       1.210082992,       4.264790567,       1.082075864,       2.897247518
          0,           0,        2840,      -1.587643023,       1.273532098,        1.13537287,       4.110075214,       1.066951641,       2.782543138
          0,           0,        2841,      -1.547217747,       1.085412662,        1.19141848,       4.127000586,       1.058815083,        2.82594071
          0,           0,        2842,      -1.620757487,       1.256258501,       1.065689067,       4.119142564,       1.057558842,       2.879462561
          0,           0,        2843,      -1.581179227,       1.341020824,       1.065132143,       4.169305583,        1.08233458,       2.904677216
          0,           0,        2844,      -1.501986171,       1.394525183,       1.174240887,       4.190190632,       1.128071332,       2.952161808
          0,           0,        2845,      -1.425889925,       1.475940567,       1.253016462,        4.24307887,       1.204991348,       2.933870728
          0,           0,        2846,      -1.350013459,       1.505419616,       1.493428841,       4.304798588,       1.301038042,       3.004435521
          0,           0,        2847,      -1.308814557,       1.505516315,       1.549969094,       4.325420846,       1.284403668,       3.195110006
          0,           0,        2848,      -1.351761118,       1.499569489,       1.365741656,       4.308182501,       1.277650082,       3.294327489
          0,           0,        2849,      -1.395815354,       1.508245804,        1.33375275,       4.282948075,       1.262208348,       3.230437553
          0,           0,        2850,      -1.433385414,        1.50301697,       1.259518266,       4.250955152,       1.219968168,        3.13683648
          0,           0,        2851,       -1.41601729,       1.515170864,        1.25077392,       4.254702047,       1.217497272,       3.060056159
          0,           0,        2852,      -1.365182893,       1.528764858,       1.354791068,       4.275501538,       1.256792023,       3.114924575
          0,           0,        2853,      -1.317413354,       1.530448034,       1.524145526,       4.310455829,      0.8901660096,       3.089801055
          0,           0,        2854,      -1.367343001,       1.487623614,       1.476188216,       4.260790914,      0.8991278667,       3.021854309
          0,           0,        2855,      -1.430852444,       1.430834447,       1.430946112,       4.198087188,      0.9087849084,       2.948584201
          0,           0,        2856,      -1.551303789,        1.35108985,        1.17786331,       4.094885345,      0.9180437946,       2.872051091
          0,           0,        2857,      -1.623298472,       1.235568118,       1.121908478,       3.996501111,      0.9252317407,       2.798604553
          0,           0,        2858,      -1.643457204,       1.085475607,       1.115685682,       3.959371471,      0.9288037312,       2.736204931
          0,           0,        2859,      -1.704772373,        1.00436986,        1.07662191,       3.886812747,      0.9300977072,       2.688961716
          0,           0,        2860,      -1.736342952,       1.026851588,       1.035437724,       3.887198459,      0.9302991449,       2.650616215
          0,           0,        2861,      -1.791225455,       1.007832779,      0.9608168512,       3.808604704,      0.9285236483,       2.630953434
          0,           0,        2862,      -1.817089485,      0.9713201985,      0.9011448583,       3.831770872,      0.9241129488,       2.632778412
          0,           0,        2863,      -1.722955391,      0.9580535405,      0.9808151174,        3.88648827,      0.9246146203,       2.645393428
          0,           0,        2864,      -1.652156394,      0.9550529187,       1.052865345,       3.968861761,      0.9331707825,       2.685878115
          0,           0,        2865,      -1.638039695,      0.9400382355,        1.06148489,       4.002630357,      0.9463971532,       2.718008409
          0,           0,        2866,      -1.630498209,      0.9406681731,       1.063253311,       4.016284804,      0.9611756608,       2.788323124
          0,           0,        2867,      -1.622525392,      0.9250823896,       1.062347578,       4.034686779,      0.9707010784,       2.847480826
          0,           0,        2868,      -1.604249445,      0.9556519673,       1.072016404,       4.119645789,       0.972286459,       2.900751078
          0,           0,        2869,      -1.465258186,       1.174807432,       1.276090817,       4.215304338,       1.105653806,       2.919690923
          0,           0,        2870,      -1.474696281,       1.251941082,       1.261975269,       4.232039795,       1.143160832,       2.865321744
          0,           0,        2871,      -1.437746062,       1.417847367,       1.289429828,       4.236141055,       1.221373799,        2.76719174
          0,           0,        2872,      -1.350802278,       1.478784919,       1.492601965,        4.28959496,       1.276240475,       2.661179428
          0,           0,        2873,      -1.308153165,       1.510023289,       1.494530467,       4.326844818,       1.290069008,       2.972383028
          0,           0,        2874,       -1.33206195,       1.500765222,       1.442403974,       4.308191244,       1.273922062,       3.134753528
          0,           0,        2875,      -1.370104733,       1.512229857,       1.379772099,       4.266769623,       1.283927424,       3.231539095
          0,           0,        2876,      -1.421837111,        1.50442734,       1.282478871,       4.236812393,       1.279107236,       3.184059977
          0,           0,        2877,       -1.40844524,       1.512793022,       1.253882265,       4.243976478,       1.278142925,       3.091495258
          0,           0,        2878,      -1.373889984,       1.507399845,       1.328035456,       4.254707486,       1.271664373,       3.017099861
          0,           0,        2879,      -1.354973855,       1.516111426,       1.476939319,       4.264896081,       1.271045815,       2.986677129
          0,           0,        2880,      -1.269699299,       1.526808757,       1.565605746,        4.33400688,           1.28377,       3.123499094
          0,           0,        2881,      -1.291749253,       1.537565688,       1.448333724,        4.32192103,       1.301127171,       3.210933028
          0,           0,        2882,      -1.354810654,        1.53388425,       1.398191569,       4.286463341,       1.290226791,       3.221416352
          0,           0,        2883,      -1.398435132,       1.526657752,       1.323111855,       4.261460766,       1.265396298,       3.053665037
          0,           0,        2884,      -1.413112682,        1.52394561,       1.264500874,       4.223878786,       1.286161844,       2.917360115
          0,           0,        2885,       -1.38790122,       1.530358676,       1.287876108,       4.241510256,        1.32275978,        3.10202736
          0,           0,        2886,      -1.379202569,       1.529316115,       1.291628628,       4.243222852,       1.309126318,       3.204869219
          0,           0,        2887,      -1.331122274,       1.536811584,       1.505185264,       4.291456808,       1.304804663,       3.198653114
          0,           0,        2888,      -1.285607121,       1.529957576,       1.553303916,       4.342227791,       1.291006969,       3.192809155
          0,           0,        2889,      -1.359393065,       1.523445935,       1.344044926,       4.287933385,       1.258074413,       3.232203711
          0,           0,        2890,      -1.400208063,       1.531909651,       1.320034906,       4.238927314,       1.256973433,         3.1308902
          0,           0,        2891,      -1.356365126,       1.547313777,       1.363834844,       4.265663268,       1.303769474,       3.025442832
          0,           0,        2892,      -1.349328691,       1.537370915,       1.340424759,       4.303608358,       1.302302931,       2.982622883
          0,           0,        2893,      -1.370228909,       1.536197536,       1.304460368,       4.273922411,        1.30156352,       3.104871023
          0,           0,        2894,      -1.394827525,       1.531726909,       1.304767908,         4.2480713,       1.276661782,       3.122253693
          0,           0,        2895,      -1.349637915,       1.532778359,       1.473186914,       4.303410386,       1.228106636,        3.08115579
          0,           0,        2896,       -1.29701908,       1.533453018,       1.537236803,       4.317351308,       1.232762768,       3.181881649
          0,           0,        2897,      -1.326240377,       1.544297053,       1.408250554,       4.287085237,        1.30591321,       3.183472061
          0,           0,        2898,      -1.360947193,        1.54102785,       1.366430973,       4.278447214,       1.315118555,       3.041104733
          0,           0,        2899,      -1.381203233,       1.537331793,       1.316561988,       4.283208143,       1.305803653,       2.944111735
          0,           0,        2900,      -1.393806067,        1.53067001,       1.266613637,       4.270052641,       1.270993787,       2.965559226
          0,           0,        2901,      -1.377536351,       1.534189152,       1.348654637,       4.249977615,       1.225678982,       3.092841832
          0,           0,        2902,      -1.317734962,       1.531785147,       1.522982563,       4.298557979,       1.227263648,       3.111577984
          0,           0,        2903,      -1.267687514,       1.546015433,       1.509948959,       4.356479999,       1.314577145,       3.119988225
          0,           0,        2904,      -1.318688404,       1.552542633,       1.429865961,        4.32250929,       1.328219968,       3.175192227
          0,           0,        2905,      -1.370594543,       1.543943528,       1.350592682,       4.264490833,       1.314504976,       3.050567238
          0,           0,        2906,       -1.40693036,       1.531655574,       1.257443624,       4.237901798,       1.276817229,        2.94497485
          0,           0,        2907,      -1.416895224,       1.526137759,       1.226966546,       4.217391829,       1.242531625,       3.081891643
          0,           0,        2908,      -1.369584515,       1.544989173,       1.313147972,       4.236445924,       1.227937417,       3.169796612
          0,           0,        2909,      -1.320800439,       1.553001785,       1.477591711,       4.284595975,        1.30892276,       3.192342507
          0,           0,        2910,      -1.277035654,       1.544253117,       1.566264377,       4.340321856,       1.325812719,       3.103126929
          0,           0,        2911,      -1.280857895,       1.541872783,       1.476437262,       4.350687919,       1.322744802,       3.193799746
          0,           0,        2912,      -1.373825823,       1.531990937,       1.359279848,       4.283602285,       1.279372267,       3.249797806
          0,           0,        2913,      -1.398793326,       1.535147593,       1.317035212,       4.258639959,       1.227251692,        3.16072993
          0,           0,        2914,      -1.397586694,       1.532025169,       1.285169495,       4.247147626,       1.228614178,       3.083535525
          0,           0,        2915,      -1.358647811,       1.543921579,       1.343484455,       4.259420677,       1.323101132,       3.135549621
          0,           0,        2916,      -1.369339732,       1.539745536,       1.313025616,       4.257078869,       1.327677459,       3.192810349
          0,           0,        2917,      -1.357471214,       1.538523018,       1.382085963,       4.270385444,       1.305740947,       3.190714215
          0,           0,        2918,      -1.317452373,       1.535053311,       1.539194279,       4.313917699,       1.266956065,       3.166892008
          0,           0,        2919,      -1.297290867,       1.539356073,       1.478443324,       4.309277187,       1.233922457,       3.252800519
          0,           0,        2920,      -1.346555335,       1.541807632,       1.392903257,       4.275126982,       1.227911525,        3.28794941
          0,           0,        2921,      -1.350006527,       1.545188937,       1.376437855,       4.289757628,       1.305372676,       3.197560328
          0,           0,        2922,      -1.357336952,       1.541110864,       1.337766018,       4.288637927,       1.318349889,       3.086210598
          0,           0,        2923,      -1.352933803,       1.547407504,       1.335255255,       4.295060207,        1.30853838,       3.110928634
          0,           0,        2924,      -1.371380641,       1.543058013,       1.311760866,       4.274923308,       1.268108448,       3.165480044
          0,           0,        2925,      -1.384583522,       1.530663954,       1.389044478,       4.247300873,       1.218960451,       3.126011787
          0,           0,        2926,      -1.311694409,       1.528608487,       1.538452909,        4.29659602,       1.219440484,       3.066648258
          0,           0,        2927,      -1.273966307,       1.543383037,       1.492784175,       4.326495542,       1.313533846,       3.202490993
          0,           0,        2928,      -1.338629464,       1.543397386,       1.408621438,       4.305433531,       1.326298798,       3.270936766
          0,           0,        2929,       -1.36807278,       1.547307955,       1.362821893,       4.296590901,       1.304878189,       3.183155236
          0,           0,        2930,      -1.400249463,        1.53683755,       1.282684031,       4.275945829,       1.264412593,       3.080375464
          0,           0,        2931,      -1.437340929,       1.527245946,       1.212052524,        4.22144837,        1.23597097,       3.119517546
          0,           0,        2932,       -1.40528517,       1.525652318,       1.235906358,       4.264743678,       1.236774581,       3.170360831
          0,           0,        2933,       -1.32982818,       1.542662059,       1.413176372,       4.287669258,       1.314606959,       3.167905654
          0,           0,        2934,      -1.287294289,       1.545317435,        1.56190823,       4.338061745,       1.322101112,       3.118091968
          0,           0,        2935,      -1.266986902,       1.553075869,       1.507850957,        4.35891951,       1.309522076,       3.204870064
          0,           0,        2936,      -1.315152272,       1.551226701,       1.426496042,       4.311626252,       1.268831852,       3.269913926
          0,           0,        2937,      -1.384264586,       1.531973445,       1.321972071,       4.247367915,       1.217960359,       3.198220435
          0,           0,        2938,      -1.431949021,       1.524246129,       1.212941201,       4.231155393,       1.215526877,       3.118891159
          0,           0,        2939,      -1.380305226,       1.541892973,        1.31687022,        4.23854311,       1.312022361,       3.119645635
          0,           0,        2940,      -1.357703554,       1.549802764,       1.347328413,        4.27330911,       1.253018949,        3.13344512
          0,           0,        2941,      -1.455487488,       1.437405031,       1.257814077,       4.222191539,      0.8764804073,       3.017298768
          0,           0,        2942,      -1.574710089,       1.362564059,       1.141944708,        4.05854704,      0.8253375045,       2.923904635
          0,           0,        2943,      -1.685491328,       1.134713386,       1.013364849,       4.013930907,      0.7923819427,       2.889389328
          0,           0,        2944,      -1.604224853,       1.283337169,       1.053555296,       4.074909157,      0.8596768923,       2.931256217
          0,           0,        2945,      -1.558624172,       1.390983981,       1.062652824,       4.122164615,      0.9790498257,       2.962124869
          0,           0,        2946,      -1.501954835,       1.426348163,       1.121709895,        4.16228293,       1.071185257,       2.969020744
          0,           0,        2947,      -1.448456175,       1.480195152,       1.386841714,       4.209361589,       1.153843255,        3.00294018
          0,           0,        2948,      -1.293316105,       1.524799362,       1.560424704,       4.328398495,        1.17274271,       3.058803292
          0,           0,        2949,      -1.367425807,       1.445584437,       1.409004649,       4.235817584,        0.99505472,       3.095307509
          0,           0,        2950,         -1.537336,        1.31647161,       1.269467619,       4.140805447,      0.7428974653,       2.954230687
          0,           0,        2951,      -1.642005429,       1.021294846,        1.15819107,       3.994266673,      0.7634306618,       2.873200062
          0,           0,        2952,       -1.74093423,       1.012598691,       1.058460734,       3.931654141,      0.7912805067,       2.830587298
          0,           0,        2953,      -1.699168561,      0.9304102623,       1.050817793,       3.950194066,       0.799973834,        2.80461258
          0,           0,        2954,      -1.642393082,      0.9414055721,       1.073654481,       4.037564199,      0.8170022631,       2.805801109
          0,           0,        2955,      -1.625283992,      0.8943980806,        1.08212339,       4.077655554,      0.8298329942,       2.833256343
          0,           0,        2956,      -1.687367392,      0.9309774074,       1.006499102,       4.044827741,      0.8575926088,       2.907005424
          0,           0,        2957,      -1.621484782,      0.9810180709,       1.081277484,       4.120929255,      0.8918010384,       3.005660891
          0,           0,        2958,       -1.56037502,       1.205048569,       1.138903962,       4.180794408,      0.9252832912,       2.979799537
          0,           0,        2959,       -1.52258148,       1.252563041,       1.194398832,       4.133586037,      0.9198285912,       2.841955814
          0,           0,        2960,      -1.617208429,      0.9700804369,       1.079548457,       4.000267002,      0.8587430559,       2.715829724
          0,           0,        2961,      -1.728405746,      0.8444989784,      0.9522344018,       3.915941372,      0.8586841655,       2.645332133
          0,           0,        2962,      -1.747148095,      0.8166328248,      0.9329154246,         3.8651348,      0.8592432495,       2.604740253
          0,           0,        2963,      -1.740947125,      0.8111841866,      0.9442821204,       3.861639325,      0.8587462295,       2.583240133
          0,           0,        2964,      -1.726315813,      0.8078815872,      0.9621620249,       3.870368651,       0.858366599,       2.563914046
          0,           0,        2965,      -1.885546483,      0.7800477778,      0.7579095615,       3.739806529,      0.8576226512,       2.547928988
          0,           0,        2966,      -1.947996725,      0.7643094137,       0.636005107,       3.728915409,      0.8568069184,       2.531733893
          0,           0,        2967,      -1.961194326,      0.7567758247,      0.5917449659,       3.698259289,      0.8558700079,       2.516278409
          0,           0,        2968,       -1.95653492,      0.7517359206,       0.594360749,       3.696933813,      0.8548125839,       2.502522897
          0,           0,        2969,      -1.990545493,      0.7437944808,      0.5255668023,       3.675810123,      0.8536809566,       2.490969524
          0,           0,        2970,      -1.977950429,      0.7670309425,      0.5993782262,       3.660452556,      0.8527250896,       2.481403002
          0,           0,        2971,      -1.715241389,       1.000479983,       1.024612212,       3.864076057,      0.8522682653,       2.473104111
          0,           0,        2972,      -1.792398294,      0.8202492015,      0.9031547565,       3.812648955,      0.8531144999,       2.465373394
          0,           0,        2973,      -1.793469544,      0.7893743874,      0.8693908288,       3.819810863,      0.8558596015,       2.458050247
          0,           0,        2974,      -1.779900221,      0.7544036829,      0.8887818267,       3.855800903,      0.8621527239,       2.455869983
          0,           0,        2975,      -1.700197224,      0.7633576972,      0.9825323985,       3.957602207,      0.8704215616,       2.461948595
          0,           0,        2976,      -1.687941825,      0.7692879371,      0.9896340172,       4.027448172,      0.8801978408,       2.475147516
          0,           0,        2977,       -1.64119108,      0.7940062511,        1.04591239,       4.105514366,       0.891706761,       2.474594688
          0,           0,        2978,      -1.626408681,      0.9019791379,       1.078042689,       4.138698057,      0.9204182276,       2.558228793
          0,           0,        2979,      -1.509055788,       1.121799599,       1.250556462,       4.199271238,       1.081728373,       2.639034992
          0,           0,        2980,      -1.523401835,       1.076687599,       1.236636404,       4.173882723,       1.098272209,       2.731396976
          0,           0,        2981,      -1.461639232,       1.144426975,       1.337191146,        4.20308729,       1.164002674,       2.808407982
          0,           0,        2982,      -1.360515514,       1.283814707,       1.530691693,       4.291346275,       1.215019938,       2.962356531
          0,           0,        2983,      -1.325901627,       1.421311379,       1.493793791,       4.317108165,       1.189165756,       3.170155273
          0,           0,        2984,      -1.484038349,       1.345131736,       1.303224715,       4.191673168,       1.048805445,       3.115070096
          0,           0,        2985,       -1.60493886,       1.178771914,       1.208012346,       4.101076061,       1.000207059,       2.964223085
          0,           0,        2986,      -1.686670747,      0.8609621342,       1.136699898,       4.020909109,      0.9985175022,       2.891259498
          0,           0,        2987,      -1.707699726,      0.8188554043,       1.075865924,        3.98182353,      0.9961053773,       2.850396144
          0,           0,        2988,      -1.681214178,      0.7838273338,       1.058255274,       3.997152027,      0.9985346487,       2.826751017
          0,           0,        2989,      -1.603952555,      0.8151450983,       1.115834862,       4.101173645,        1.00100771,       2.843675112
          0,           0,        2990,      -1.598284497,      0.8153244064,       1.121695571,       4.113906866,       1.009926426,       2.915649633
          0,           0,        2991,      -1.625559919,      0.8170170697,       1.079928634,       4.155285048,       1.009990044,       3.004252788
          0,           0,        2992,      -1.580526587,      0.9326697045,       1.145313404,       4.153653655,       1.054922377,       3.064806133
          0,           0,        2993,      -1.522022733,       1.092000468,       1.227755027,       4.162418867,       1.099632831,       3.066736562
          0,           0,        2994,      -1.481271533,       1.189049878,       1.286733815,       4.197970277,       1.184360821,       2.999573205
          0,           0,        2995,      -1.414693742,       1.308606012,       1.334069893,       4.245155328,         1.2307566,       2.886149217
          0,           0,        2996,      -1.400372564,       1.450307688,       1.321032985,        4.25734943,       1.248846157,       2.919202347
          0,           0,        2997,      -1.388426045,       1.474743211,        1.31546846,       4.272499577,       1.271815157,       2.903068586
          0,           0,        2998,       -1.39360927,       1.500932644,       1.392347735,       4.262490314,        1.28850199,       2.872502352
          0,           0,        2999,      -1.359911488,       1.482587128,       1.487322423,       4.261534808,       1.216740998,       2.983868931
