Replacing 'MARKER_TAG=       2' with 'MARKER_TAG=       w2' in file 'initial_grid/grid.INL.su2'.
grep: : No such file or directory
Replacement failed or '' not found in the file.


=======================================================================
=======================================================================
                       SU2 - INITIAL SOLUTION



MPI - REPORT BINDINGS:

-------------------------------------------------------------------------
|    ___ _   _ ___                                                      |
|   / __| | | |_  )   Release 7.5.1 "Blackbird"                         |
|   \__ \ |_| |/ /                                                      |
|   |___/\___//___|   Suite (Computational Fluid Dynamics Code)         |
|                                                                       |
-------------------------------------------------------------------------
| SU2 Project Website: https://su2code.github.io                        |
|                                                                       |
| The SU2 Project is maintained by the SU2 Foundation                   |
| (http://su2foundation.org)                                            |
-------------------------------------------------------------------------
| Copyright 2012-2023, SU2 Contributors                                 |
|                                                                       |
| SU2 is free software; you can redistribute it and/or                  |
| modify it under the terms of the GNU Lesser General Public            |
| License as published by the Free Software Foundation; either          |
| version 2.1 of the License, or (at your option) any later version.    |
|                                                                       |
| SU2 is distributed in the hope that it will be useful,                |
| but WITHOUT ANY WARRANTY; without even the implied warranty of        |
| MERCHANTABILITY or FITNESS FOR A PARTICULAR PURPOSE. See the GNU      |
| Lesser General Public License for more details.                       |
|                                                                       |
| You should have received a copy of the GNU Lesser General Public      |
| License along with SU2. If not, see <http://www.gnu.org/licenses/>.   |
-------------------------------------------------------------------------

Parsing config file for zone 0

----------------- Physical Case Definition ( Zone 0 ) -------------------
Compressible RANS equations.
Turbulence model: Menter's k-omega SST-2003m with sustaining terms, and with Vorticity production.
Hybrid RANS/LES: No Hybrid RANS/LES
Mach number: 0.001.
Angle of attack (AoA): 0 deg, and angle of sideslip (AoS): 0 deg.
Reynolds number: 0. Reference length 1.
No restart solution, use the values at infinity (freestream).
Dimensional simulation.
The reference area is 1 m^2.
The semi-span will be computed using the max y(3D) value.
The reference length is 1 m.
Reference origin for moment evaluation is (0, 0, 0).
Surface(s) where the force coefficients are evaluated: 4.

Surface(s) plotted in the output file: 4.
Surface(s) to be analyzed in detail: 4.
Input mesh file name: admesh.INL.su2

--------------- Space Numerical Integration ( Zone 0 ) ------------------
Roe (with entropy fix = 1) solver for the flow inviscid terms.
Standard Roe without low-dissipation function.
First order integration in space.
Scalar upwind solver for the turbulence model.
First order integration in space.
Average of gradients with correction (viscous flow terms).
Average of gradients with correction (viscous turbulence terms).
Gradient for upwind reconstruction: unweighted Least-Squares.
Gradient for viscous and source terms: Green-Gauss.

--------------- Time Numerical Integration  ( Zone 0 ) ------------------
Local time stepping (steady state simulation).
Euler implicit method for the flow equations.
FGMRES is used for solving the linear system.
Using a ILU(0) preconditioning.
Convergence criteria of the linear solver: 1e-06.
Max number of linear iterations: 20.
CFL adaptation. Factor down: 0.5, factor up: 1.25,
                lower limit: 0.1, upper limit: 5,
                acceptable linear residual: 0.001.
Courant-Friedrichs-Lewy number:        1
Euler implicit time integration for the turbulence model.

------------------ Convergence Criteria  ( Zone 0 ) ---------------------
Maximum number of solver subiterations: 3000.
Begin convergence monitoring at iteration 10.
Residual minimum value: 1e-20.
Cauchy series min. value: 1e-10.
Number of Cauchy elements: 100.
Begin windowed time average at iteration 0.

-------------------- Output Information ( Zone 0 ) ----------------------
File writing frequency: 
+------------------------------------+
|                     File| Frequency|
+------------------------------------+
|                  RESTART|      1000|
|            RESTART_ASCII|      1000|
|                 PARAVIEW|      1000|
|            TECPLOT_ASCII|      1000|
|         SURFACE_PARAVIEW|      1000|
+------------------------------------+
Writing the convergence history file every 1 inner iterations.
Writing the screen convergence history every 50 inner iterations.
The tabular file format is CSV (.csv).
Convergence history file name: history_2nd.
Forces breakdown file name: forces_breakdown.dat.
Surface file name: surface_flow.
Volume file name: flow.
Restart file name: solution.dat.

------------- Config File Boundary Information ( Zone 0 ) ---------------
+-----------------------------------------------------------------------+
|                        Marker Type|                        Marker Name|
+-----------------------------------------------------------------------+
|                     Symmetry plane|                                  6|
+-----------------------------------------------------------------------+
|                   Riemann boundary|                                  1|
|                                   |                                  5|
+-----------------------------------------------------------------------+
|                     Heat flux wall|                                 w2|
|                                   |                                 w3|
|                                   |                                 w4|
+-----------------------------------------------------------------------+

-------------------- Output Preprocessing ( Zone 0 ) --------------------

WARNING: SURFACE_PRESSURE_DROP can only be computed for at least 2 surfaces (outlet, inlet, ...)

Screen output fields: INNER_ITER, RMS_DENSITY, NONPHYSICAL_POINTS
History output group(s): ITER, RMS_RES
Ignoring Convergence Field(s): RESIDUAL 
Warning: No (valid) fields chosen for convergence monitoring. Convergence monitoring inactive.
Warning: No (valid) fields chosen for time convergence monitoring. Time convergence monitoring inactive.
Volume output fields: COORDINATES, SOLUTION, PRIMITIVE

------------------- Geometry Preprocessing ( Zone 0 ) -------------------
Two dimensional problem.
6810 grid points before partitioning.
9800 volume elements before partitioning.
6 surface markers.
31 boundary elements in index 0 (Marker = 1).
28 boundary elements in index 1 (Marker = w2).
53 boundary elements in index 2 (Marker = w3).
91 boundary elements in index 3 (Marker = w4).
35 boundary elements in index 4 (Marker = 5).
102 boundary elements in index 5 (Marker = 6).
Executing the partitioning functions.
Building the graph adjacency structure.
Calling ParMETIS... graph partitioning complete (450 edge cuts).
Distributing ParMETIS coloring.
Rebalancing vertices.
Rebalancing volume element connectivity.
Rebalancing markers and surface elements.
7463 vertices including ghost points. 
10250 interior elements including halo cells. 
6583 triangles.
3667 quadrilaterals.
Establishing MPI communication patterns.
Setting point connectivity.
Renumbering points (Reverse Cuthill McKee Ordering).
Recomputing point connectivity.
Setting element connectivity.
Checking the numerical grid orientation.
All volume elements are correctly orientend.
There has been a re-orientation of 347 LINE surface elements.
Identifying edges and vertices.
Setting the control volume structure.
Area of the computational grid: 1138.18.
Searching for the closest normal neighbors to the surfaces.
Storing a mapping from global to local point index.
Compute the surface curvature.
Max K: 13.0183. Mean K: 0.164825. Standard deviation K: 1.08684.
Checking for periodicity.
Computing mesh quality statistics for the dual control volumes.
+--------------------------------------------------------------+
|           Mesh Quality Metric|        Minimum|        Maximum|
+--------------------------------------------------------------+
|    Orthogonality Angle (deg.)|        66.9897|             90|
|     CV Face Area Aspect Ratio|        1.00688|        1965.41|
|           CV Sub-Volume Ratio|              1|        261.743|
+--------------------------------------------------------------+
Finding max control volume width.
Communicating number of neighbors.
Wetted area = 0 m^2.
Area projection in the x-plane = 0 m, y-plane = 0 m.
Max. coordinate in the x-direction = -1e+10 m, y-direction = -1e+10 m.
Min. coordinate in the x-direction = 1e+10 m, y-direction = 1e+10 m.
Checking if Euler & Symmetry markers are straight/plane:
Boundary marker 6 is a single straight.
Computing wall distances.

-------------------- Solver Preprocessing ( Zone 0 ) --------------------
Viscous flow: Computing pressure using the ideal gas law
based on the free-stream temperature and a density computed
from the Reynolds number.
Force coefficients computed using free-stream values.

-- Models:
+------------------------------------------------------------------------------+
|          Viscosity Model|        Conductivity Model|              Fluid Model|
+------------------------------------------------------------------------------+
|               SUTHERLAND|          CONSTANT_PRANDTL|                IDEAL_GAS|
+------------------------------------------------------------------------------+
-- Fluid properties:
+------------------------------------------------------------------------------+
|                  Name|    Dim. value|    Ref. value|      Unit|Non-dim. value|
+------------------------------------------------------------------------------+
|        Ref. Viscosity|     1.716e-05|             1|   N.s/m^2|     1.716e-05|
|      Sutherland Temp.|        273.15|             1|         K|        273.15|
|     Sutherland Const.|         110.4|             1|         K|         110.4|
+------------------------------------------------------------------------------+
|        Prandtl (Lam.)|             -|             -|         -|          0.72|
|       Prandtl (Turb.)|             -|             -|         -|           0.9|
+------------------------------------------------------------------------------+
|          Gas Constant|           297|             1|  N.m/kg.K|           297|
|      Spec. Heat Ratio|             -|             -|         -|           1.4|
+------------------------------------------------------------------------------+
-- Initial and free-stream conditions:
+------------------------------------------------------------------------------+
|                  Name|    Dim. value|    Ref. value|      Unit|Non-dim. value|
+------------------------------------------------------------------------------+
|       Static Pressure|        800000|             1|        Pa|        800000|
|               Density|       7.99289|             1|    kg/m^3|       7.99289|
|           Temperature|           337|             1|         K|           337|
|          Total Energy|        250223|             1|   m^2/s^2|        250223|
|            Velocity-X|      0.374332|             1|       m/s|      0.374332|
|            Velocity-Y|             0|             1|       m/s|             0|
|    Velocity Magnitude|      0.374332|             1|       m/s|      0.374332|
+------------------------------------------------------------------------------+
|             Viscosity|   2.01598e-05|             1|   N.s/m^2|   2.01598e-05|
|          Conductivity|             -|             1|   W/m^2.K|             -|
|     Turb. Kin. Energy|   0.000525467|             1|   m^2/s^2|   0.000525467|
|     Spec. Dissipation|       20.8335|             1|       1/s|       20.8335|
+------------------------------------------------------------------------------+
|           Mach Number|             -|             -|         -|         0.001|
|       Reynolds Number|             -|             -|         -|        148414|
+------------------------------------------------------------------------------+
Initialize Jacobian structure (Navier-Stokes). MG level: 0.
Initialize Jacobian structure (SST model).

------------------- Numerics Preprocessing ( Zone 0 ) -------------------

----------------- Integration Preprocessing ( Zone 0 ) ------------------

------------------- Iteration Preprocessing ( Zone 0 ) ------------------
Euler/Navier-Stokes/RANS fluid iteration.

------------------------------ Begin Solver -----------------------------

Simulation Run using the Single-zone Driver
WARNING: SU2 was not compiled for an AVX-capable architecture. Performance could be better,
         see https://su2code.github.io/docs_v7/Build-SU2-Linux-MacOS/#compiler-optimizations
+--------------------------------------+
|  Inner_Iter|    rms[Rho]|Nonphysical_|
+--------------------------------------+
|           0|    1.676452|           0|
|          50|    0.664850|           0|
|         100|    0.423229|           0|
|         150|    0.379846|           0|
|         200|    0.377993|           0|
|         250|    0.317648|           0|
|         300|    0.235278|           0|
|         350|    0.168028|           0|
|         400|    0.102309|           0|
|         450|    0.011830|           0|
|         500|   -0.080539|           0|
|         550|   -0.175493|           0|
|         600|   -0.288645|           0|
|         650|   -0.432277|           0|
|         700|   -0.638417|           0|
|         750|   -0.976130|           0|
|         800|   -0.934119|           0|
|         850|   -0.771792|           0|
|         900|   -0.728136|           0|
|         950|   -0.866784|           0|
|        1000|   -1.080758|           0|
+-----------------------------------------------------------------------+
|        File Writing Summary       |              Filename             |
+-----------------------------------------------------------------------+
|SU2 binary restart                 |solution.dat                       |
|SU2 ASCII restart                  |solution.csv                       |
|Paraview                           |flow.vtu                           |
|Tecplot ASCII                      |flow.dat                           |
|Paraview surface                   |surface_flow.vtu                   |
+-----------------------------------------------------------------------+
+--------------------------------------+
|  Inner_Iter|    rms[Rho]|Nonphysical_|
+--------------------------------------+
|        1050|   -0.925376|           0|
|        1100|   -0.850747|           0|
|        1150|   -0.927812|           0|
|        1200|   -1.166455|           0|
|        1250|   -1.566100|           0|
|        1300|   -1.354286|           0|
|        1350|   -1.201554|           0|
|        1400|   -1.222450|           0|
|        1450|   -1.394350|           0|
|        1500|   -1.632949|           0|
|        1550|   -1.527607|           0|
|        1600|   -1.430379|           0|
|        1650|   -1.462906|           0|
|        1700|   -1.610194|           0|
|        1750|   -1.878327|           0|
|        1800|   -2.100124|           0|
|        1850|   -1.973565|           0|
|        1900|   -1.905928|           0|
|        1950|   -1.936024|           0|
|        2000|   -2.019186|           0|
+-----------------------------------------------------------------------+
|        File Writing Summary       |              Filename             |
+-----------------------------------------------------------------------+
|SU2 binary restart                 |solution.dat                       |
|SU2 ASCII restart                  |solution.csv                       |
|Paraview                           |flow.vtu                           |
|Tecplot ASCII                      |flow.dat                           |
|Paraview surface                   |surface_flow.vtu                   |
+-----------------------------------------------------------------------+
+--------------------------------------+
|  Inner_Iter|    rms[Rho]|Nonphysical_|
+--------------------------------------+
|        2050|   -2.066305|           0|
|        2100|   -2.029637|           0|
|        2150|   -1.989760|           0|
|        2200|   -1.997903|           0|
|        2250|   -2.063193|           0|
|        2300|   -2.181871|           0|
|        2350|   -2.329202|           0|
|        2400|   -2.430569|           0|
|        2450|   -2.446873|           0|
|        2500|   -2.447168|           0|
|        2550|   -2.465014|           0|
|        2600|   -2.483026|           0|
|        2650|   -2.481805|           0|
|        2700|   -2.472724|           0|
|        2750|   -2.479554|           0|
|        2800|   -2.514760|           0|
|        2850|   -2.577973|           0|
|        2900|   -2.657522|           0|
|        2950|   -2.731604|           0|
|        2999|   -2.780993|           0|

----------------------------- Solver Exit -------------------------------

Maximum number of iterations reached (ITER = 3000) before convergence.
+-----------------------------------------------------------------------+
|      Convergence Field     |     Value    |   Criterion  |  Converged |
+-----------------------------------------------------------------------+
+-----------------------------------------------------------------------+
-------------------------------------------------------------------------
+-----------------------------------------------------------------------+
|        File Writing Summary       |              Filename             |
+-----------------------------------------------------------------------+
|SU2 binary restart                 |solution.dat                       |
|SU2 ASCII restart                  |solution.csv                       |
|Paraview                           |flow.vtu                           |
|Tecplot ASCII                      |flow.dat                           |
|Paraview surface                   |surface_flow.vtu                   |
+-----------------------------------------------------------------------+

------------------------- Solver Postprocessing -------------------------
Deleted CNumerics container.
Deleted CIntegration container.
Deleted CSolver container.
Deleted CIteration container.
Deleted CInterface container.
Deleted CGeometry container.
Deleted CFreeFormDefBox class.
Deleted CSurfaceMovement class.
Deleted CVolumetricMovement class.
Deleted CConfig container.
Deleted nInst container.
Deleted COutput class.
-------------------------------------------------------------------------

------------------------- Exit Success (SU2_CFD) ------------------------



=======================================================================
=======================================================================
                       PREPROCESSING - LEVEL 1
 
  -------------------------------------------------------------------
    NODE-PAIR CODE   -   PREPROCESSING PHASE
  -------------------------------------------------------------------
    Department of Aerospace Engineering - Politecnico di Milano
    authors: Alberto Guardone, Marco Fossati
 
    Warning: Check the status of file CORNERS.grid_name
 
 
    Domain nodes:         6810
    Boundary nodes:          680
    Domain elements:         9800
    Boundary elements:          340
 
    Generating node-pairs...
    I have found        23565  node-pairs in the domain
    I have found          340  node-pairs in the boundary
 
    Generating metric quantities...
    Domain finite element metrics...
    Domain finite volumes metrics...
    Boundary metrics...
 
    Checking metric consistency...
      FEM maximum eta residual on DOMAIN points --->  1.9136265974366088E-26
      - on domain node          203
      - of coordinates   7.477615623883735E-004   3.24933603264703     
      FEM maximum eta residual on BOUNDARY points --->  1.8790336153112325E-26
      - on boundary node          412    (domain           698 )
      - of coordinates    64.9999999995302        16.2466256000000     
 
      Domain area (cell) =   1089.81007505249     
      Domain area (mass,mass_ii) =   1089.81007505249     
      Boundary closure (xi) =  2.324825636500870E-014
      Boundary closure (chi) =  4.951026010149555E-015
 
      FVM maximum eta residual on DOMAIN points --->  1.4999532504452872E-30
      - on domain node          376
      - of coordinates  -0.102366438916123        3.23566996446120     
      FVM maximum eta residual on BOUNDARY points --->  2.9224475853184638E-25
      - on boundary node          414    (domain           873 )
      - of coordinates    64.9999999993346        16.2452206720000     
 
    done
 
    Checking AXISYMMETRIC metric consistency...
 
      FEM maximum eta residual on DOMAIN points --->  3.8084929394020152E-24
      - on domain node          328
      - of coordinates    46.6304803439033        16.2490000000000     
      FEM maximum eta residual on BOUNDARY points --->  4.7031871030165749E-24
      - on boundary node          412    (domain           698 )
      - of coordinates    64.9999999995302        16.2466256000000     
 
      Domain area (cell) =    1089.81007505249     
      Domain area (mass,mass_ii) =    1089.81007505249     
      Boundary closure (xi) =   9.122058352100921E-013
 
      FVM maximum eta residual on DOMAIN points --->  1.8644452094687690E-09
      - on domain node         3528
      - of coordinates   5.758277751492979E-002   3.19886993530571     
      FVM maximum eta residual on BOUNDARY points --->  3.9403920660021058E-01
      - on boundary node          224    (domain            82 )
      - of coordinates   0.000000000000000E+000   16.2500000000000     
      - resid -->   9.839947225420254E-003  4.166667810778790E-008
 
    done
 
 
    Generating rotation matrices...
    done
 
    Saving...
    node-pairs...
    metric quantities...
    axisymmetric metric quantities...
    done
 
    Elapsed time   0.6323E+00 s
 


=======================================================================
=======================================================================
                     MESH ADAPTATION - LEVEL 1
 
  -------------------------------------------------------------------
    DARWIN
  -------------------------------------------------------------------
    CFD Laboratory - McGill University
    2009-2012 - Marco Fossati
    Department of Aerospace Engineering - Politecnico di Milano
    2003-2009 - Alberto Guardone, Marco Fossati
 
    Reading grid 0 ...
    Reading SU2 solution
    - equations:  RANS SST model
    - thermodynamics:  not used
 
    Adapt grid from level 0 to level 1
    Averaging error...
    Quality enforcement...
    - edges marked for quality enforcement:      155
 
    Grid 1 nodes     8767 element    12885
 
    Postprocessing
    - errors.INL.plt
    - admesh.INL.plt
    - admesh.INL.su2
 


=======================================================================
=======================================================================
                            SU2 - LEVEL 1



MPI - REPORT BINDINGS:

-------------------------------------------------------------------------
|    ___ _   _ ___                                                      |
|   / __| | | |_  )   Release 7.5.1 "Blackbird"                         |
|   \__ \ |_| |/ /                                                      |
|   |___/\___//___|   Suite (Computational Fluid Dynamics Code)         |
|                                                                       |
-------------------------------------------------------------------------
| SU2 Project Website: https://su2code.github.io                        |
|                                                                       |
| The SU2 Project is maintained by the SU2 Foundation                   |
| (http://su2foundation.org)                                            |
-------------------------------------------------------------------------
| Copyright 2012-2023, SU2 Contributors                                 |
|                                                                       |
| SU2 is free software; you can redistribute it and/or                  |
| modify it under the terms of the GNU Lesser General Public            |
| License as published by the Free Software Foundation; either          |
| version 2.1 of the License, or (at your option) any later version.    |
|                                                                       |
| SU2 is distributed in the hope that it will be useful,                |
| but WITHOUT ANY WARRANTY; without even the implied warranty of        |
| MERCHANTABILITY or FITNESS FOR A PARTICULAR PURPOSE. See the GNU      |
| Lesser General Public License for more details.                       |
|                                                                       |
| You should have received a copy of the GNU Lesser General Public      |
| License along with SU2. If not, see <http://www.gnu.org/licenses/>.   |
-------------------------------------------------------------------------

Parsing config file for zone 0

----------------- Physical Case Definition ( Zone 0 ) -------------------
Compressible RANS equations.
Turbulence model: Menter's k-omega SST-2003m with sustaining terms, and with Vorticity production.
Hybrid RANS/LES: No Hybrid RANS/LES
Mach number: 0.001.
Angle of attack (AoA): 0 deg, and angle of sideslip (AoS): 0 deg.
Reynolds number: 0. Reference length 1.
Reading and writing binary SU2 native restart files.
Read flow solution from: solution_interpolated.dat.
Dimensional simulation.
The reference area is 1 m^2.
The semi-span will be computed using the max y(3D) value.
The reference length is 1 m.
Reference origin for moment evaluation is (0, 0, 0).
Surface(s) where the force coefficients are evaluated: 4.

Surface(s) plotted in the output file: 4.
Surface(s) to be analyzed in detail: 4.
Input mesh file name: admesh.INL.su2

--------------- Space Numerical Integration ( Zone 0 ) ------------------
Roe (with entropy fix = 1) solver for the flow inviscid terms.
Standard Roe without low-dissipation function.
Second order integration in space, with slope limiter.
Venkatakrishnan slope-limiting method, with constant: 0.05.
The reference element size is: 1. 
Scalar upwind solver for the turbulence model.
First order integration in space.
Average of gradients with correction (viscous flow terms).
Average of gradients with correction (viscous turbulence terms).
Gradient for upwind reconstruction: unweighted Least-Squares.
Gradient for viscous and source terms: Green-Gauss.

--------------- Time Numerical Integration  ( Zone 0 ) ------------------
Local time stepping (steady state simulation).
Euler implicit method for the flow equations.
FGMRES is used for solving the linear system.
Using a ILU(0) preconditioning.
Convergence criteria of the linear solver: 1e-06.
Max number of linear iterations: 20.
CFL adaptation. Factor down: 0.5, factor up: 1.25,
                lower limit: 0.1, upper limit: 5,
                acceptable linear residual: 0.001.
Courant-Friedrichs-Lewy number:        1
Euler implicit time integration for the turbulence model.

------------------ Convergence Criteria  ( Zone 0 ) ---------------------
Maximum number of solver subiterations: 3000.
Begin convergence monitoring at iteration 10.
Residual minimum value: 1e-20.
Cauchy series min. value: 1e-10.
Number of Cauchy elements: 100.
Begin windowed time average at iteration 0.

-------------------- Output Information ( Zone 0 ) ----------------------
File writing frequency: 
+------------------------------------+
|                     File| Frequency|
+------------------------------------+
|                  RESTART|      1000|
|            RESTART_ASCII|      1000|
|                 PARAVIEW|      1000|
|            TECPLOT_ASCII|      1000|
|         SURFACE_PARAVIEW|      1000|
+------------------------------------+
Writing the convergence history file every 1 inner iterations.
Writing the screen convergence history every 50 inner iterations.
The tabular file format is CSV (.csv).
Convergence history file name: history_2nd.
Forces breakdown file name: forces_breakdown.dat.
Surface file name: surface_flow.
Volume file name: flow.
Restart file name: solution.dat.

------------- Config File Boundary Information ( Zone 0 ) ---------------
+-----------------------------------------------------------------------+
|                        Marker Type|                        Marker Name|
+-----------------------------------------------------------------------+
|                     Symmetry plane|                                  6|
+-----------------------------------------------------------------------+
|                   Riemann boundary|                                  1|
|                                   |                                  5|
+-----------------------------------------------------------------------+
|                     Heat flux wall|                                 w2|
|                                   |                                 w3|
|                                   |                                 w4|
+-----------------------------------------------------------------------+

-------------------- Output Preprocessing ( Zone 0 ) --------------------

WARNING: SURFACE_PRESSURE_DROP can only be computed for at least 2 surfaces (outlet, inlet, ...)

Screen output fields: INNER_ITER, RMS_DENSITY, NONPHYSICAL_POINTS
History output group(s): ITER, RMS_RES
Ignoring Convergence Field(s): RESIDUAL 
Warning: No (valid) fields chosen for convergence monitoring. Convergence monitoring inactive.
Warning: No (valid) fields chosen for time convergence monitoring. Time convergence monitoring inactive.
Volume output fields: COORDINATES, SOLUTION, PRIMITIVE

------------------- Geometry Preprocessing ( Zone 0 ) -------------------
Two dimensional problem.
8767 grid points before partitioning.
12885 volume elements before partitioning.
6 surface markers.
31 boundary elements in index 0 (Marker = 1).
56 boundary elements in index 1 (Marker = w2).
63 boundary elements in index 2 (Marker = w3).
91 boundary elements in index 3 (Marker = w4).
35 boundary elements in index 4 (Marker = 5).
125 boundary elements in index 5 (Marker = 6).
Executing the partitioning functions.
Building the graph adjacency structure.
Calling ParMETIS... graph partitioning complete (500 edge cuts).
Distributing ParMETIS coloring.
Rebalancing vertices.
Rebalancing volume element connectivity.
Rebalancing markers and surface elements.
9422 vertices including ghost points. 
13383 interior elements including halo cells. 
8994 triangles.
4389 quadrilaterals.
Establishing MPI communication patterns.
Setting point connectivity.
Renumbering points (Reverse Cuthill McKee Ordering).
Recomputing point connectivity.
Setting element connectivity.
Checking the numerical grid orientation.
All volume elements are correctly orientend.
There has been a re-orientation of 410 LINE surface elements.
Identifying edges and vertices.
Setting the control volume structure.
Area of the computational grid: 1130.3.
Searching for the closest normal neighbors to the surfaces.
Storing a mapping from global to local point index.
Compute the surface curvature.
Max K: 26.0365. Mean K: 0.235097. Standard deviation K: 1.92927.
Checking for periodicity.
Computing mesh quality statistics for the dual control volumes.
+--------------------------------------------------------------+
|           Mesh Quality Metric|        Minimum|        Maximum|
+--------------------------------------------------------------+
|    Orthogonality Angle (deg.)|        57.0678|             90|
|     CV Face Area Aspect Ratio|        1.00689|        1965.41|
|           CV Sub-Volume Ratio|              1|        207.458|
+--------------------------------------------------------------+
Finding max control volume width.
Communicating number of neighbors.
Wetted area = 0 m^2.
Area projection in the x-plane = 0 m, y-plane = 0 m.
Max. coordinate in the x-direction = -1e+10 m, y-direction = -1e+10 m.
Min. coordinate in the x-direction = 1e+10 m, y-direction = 1e+10 m.
Checking if Euler & Symmetry markers are straight/plane:
Boundary marker 6 is a single straight.
Computing wall distances.

-------------------- Solver Preprocessing ( Zone 0 ) --------------------
Viscous flow: Computing pressure using the ideal gas law
based on the free-stream temperature and a density computed
from the Reynolds number.
Force coefficients computed using free-stream values.

-- Models:
+------------------------------------------------------------------------------+
|          Viscosity Model|        Conductivity Model|              Fluid Model|
+------------------------------------------------------------------------------+
|               SUTHERLAND|          CONSTANT_PRANDTL|                IDEAL_GAS|
+------------------------------------------------------------------------------+
-- Fluid properties:
+------------------------------------------------------------------------------+
|                  Name|    Dim. value|    Ref. value|      Unit|Non-dim. value|
+------------------------------------------------------------------------------+
|        Ref. Viscosity|     1.716e-05|             1|   N.s/m^2|     1.716e-05|
|      Sutherland Temp.|        273.15|             1|         K|        273.15|
|     Sutherland Const.|         110.4|             1|         K|         110.4|
+------------------------------------------------------------------------------+
|        Prandtl (Lam.)|             -|             -|         -|          0.72|
|       Prandtl (Turb.)|             -|             -|         -|           0.9|
+------------------------------------------------------------------------------+
|          Gas Constant|           297|             1|  N.m/kg.K|           297|
|      Spec. Heat Ratio|             -|             -|         -|           1.4|
+------------------------------------------------------------------------------+
-- Initial and free-stream conditions:
+------------------------------------------------------------------------------+
|                  Name|    Dim. value|    Ref. value|      Unit|Non-dim. value|
+------------------------------------------------------------------------------+
|       Static Pressure|        800000|             1|        Pa|        800000|
|               Density|       7.99289|             1|    kg/m^3|       7.99289|
|           Temperature|           337|             1|         K|           337|
|          Total Energy|        250223|             1|   m^2/s^2|        250223|
|            Velocity-X|      0.374332|             1|       m/s|      0.374332|
|            Velocity-Y|             0|             1|       m/s|             0|
|    Velocity Magnitude|      0.374332|             1|       m/s|      0.374332|
+------------------------------------------------------------------------------+
|             Viscosity|   2.01598e-05|             1|   N.s/m^2|   2.01598e-05|
|          Conductivity|             -|             1|   W/m^2.K|             -|
|     Turb. Kin. Energy|   0.000525467|             1|   m^2/s^2|   0.000525467|
|     Spec. Dissipation|       20.8335|             1|       1/s|       20.8335|
+------------------------------------------------------------------------------+
|           Mach Number|             -|             -|         -|         0.001|
|       Reynolds Number|             -|             -|         -|        148414|
+------------------------------------------------------------------------------+
Initialize Jacobian structure (Navier-Stokes). MG level: 0.
Initialize Jacobian structure (SST model).

The number of points in the restart file (6810) does not match the mesh (8767).
A recursive nearest neighbor interpolation will be performed.
Number of recursions: 1.
Elapsed time: 0.00529185s.


The number of points in the restart file (6810) does not match the mesh (8767).
A recursive nearest neighbor interpolation will be performed.
Number of recursions: 1.
Elapsed time: 0.00352322s.


------------------- Numerics Preprocessing ( Zone 0 ) -------------------

----------------- Integration Preprocessing ( Zone 0 ) ------------------

------------------- Iteration Preprocessing ( Zone 0 ) ------------------
Euler/Navier-Stokes/RANS fluid iteration.

------------------------------ Begin Solver -----------------------------

Simulation Run using the Single-zone Driver
WARNING: SU2 was not compiled for an AVX-capable architecture. Performance could be better,
         see https://su2code.github.io/docs_v7/Build-SU2-Linux-MacOS/#compiler-optimizations
+--------------------------------------+
|  Inner_Iter|    rms[Rho]|Nonphysical_|
+--------------------------------------+
|           0|    0.700363|           0|
|          50|   -0.121003|           0|
|         100|   -0.269621|           0|
|         150|   -0.273750|           0|
|         200|   -0.306359|           0|
|         250|   -0.381904|           0|
|         300|   -0.457639|           0|
|         350|   -0.547683|           0|
|         400|   -0.663170|           0|
|         450|   -0.700099|           0|
|         500|   -0.824704|           0|
|         550|   -0.887220|           0|
|         600|   -0.880815|           0|
|         650|   -1.096521|           0|
|         700|   -1.099121|           0|
|         750|   -1.333165|           0|
|         800|   -1.325508|           0|
|         850|   -1.324086|           0|
|         900|   -1.340789|           0|
|         950|   -1.339351|           0|
|        1000|   -1.395488|           0|
+-----------------------------------------------------------------------+
|        File Writing Summary       |              Filename             |
+-----------------------------------------------------------------------+
|SU2 binary restart                 |solution.dat                       |
|SU2 ASCII restart                  |solution.csv                       |
|Paraview                           |flow.vtu                           |
|Tecplot ASCII                      |flow.dat                           |
|Paraview surface                   |surface_flow.vtu                   |
+-----------------------------------------------------------------------+
+--------------------------------------+
|  Inner_Iter|    rms[Rho]|Nonphysical_|
+--------------------------------------+
|        1050|   -1.350253|           0|
|        1100|   -1.398818|           0|
|        1150|   -1.404000|           0|
|        1200|   -1.411934|           0|
|        1250|   -1.417125|           0|
|        1300|   -1.423373|           0|
|        1350|   -1.418390|           0|
|        1400|   -1.440039|           0|
|        1450|   -1.442629|           0|
|        1500|   -1.458888|           0|
|        1550|   -1.468751|           0|
|        1600|   -1.478765|           0|
|        1650|   -1.487543|           0|
|        1700|   -1.439152|           0|
|        1750|   -1.506117|           0|
|        1800|   -1.514265|           0|
|        1850|   -1.521919|           0|
|        1900|   -1.528286|           0|
|        1950|   -1.533855|           0|
|        2000|   -1.538279|           0|
+-----------------------------------------------------------------------+
|        File Writing Summary       |              Filename             |
+-----------------------------------------------------------------------+
|SU2 binary restart                 |solution.dat                       |
|SU2 ASCII restart                  |solution.csv                       |
|Paraview                           |flow.vtu                           |
|Tecplot ASCII                      |flow.dat                           |
|Paraview surface                   |surface_flow.vtu                   |
+-----------------------------------------------------------------------+
+--------------------------------------+
|  Inner_Iter|    rms[Rho]|Nonphysical_|
+--------------------------------------+
|        2050|   -1.542997|           0|
|        2100|   -1.547363|           0|
|        2150|   -1.547939|           0|
|        2200|   -1.556806|           0|
|        2250|   -1.561189|           0|
|        2300|   -1.566867|           0|
|        2350|   -1.574444|           0|
|        2400|   -1.547726|           0|
|        2450|   -1.595741|           0|
|        2500|   -1.606981|           0|
|        2550|   -1.618527|           0|
|        2600|   -1.629030|           0|
|        2650|   -1.638696|           0|
|        2700|   -1.647083|           0|
|        2750|   -1.647673|           0|
|        2800|   -1.636728|           0|
|        2850|   -1.657289|           0|
|        2900|   -1.656531|           0|
|        2950|   -1.651844|           0|
|        2999|   -1.535187|           0|

----------------------------- Solver Exit -------------------------------

Maximum number of iterations reached (ITER = 3000) before convergence.
+-----------------------------------------------------------------------+
|      Convergence Field     |     Value    |   Criterion  |  Converged |
+-----------------------------------------------------------------------+
+-----------------------------------------------------------------------+
-------------------------------------------------------------------------
+-----------------------------------------------------------------------+
|        File Writing Summary       |              Filename             |
+-----------------------------------------------------------------------+
|SU2 binary restart                 |solution.dat                       |
|SU2 ASCII restart                  |solution.csv                       |
|Paraview                           |flow.vtu                           |
|Tecplot ASCII                      |flow.dat                           |
|Paraview surface                   |surface_flow.vtu                   |
+-----------------------------------------------------------------------+

------------------------- Solver Postprocessing -------------------------
Deleted CNumerics container.
Deleted CIntegration container.
Deleted CSolver container.
Deleted CIteration container.
Deleted CInterface container.
Deleted CGeometry container.
Deleted CFreeFormDefBox class.
Deleted CSurfaceMovement class.
Deleted CVolumetricMovement class.
Deleted CConfig container.
Deleted nInst container.
Deleted COutput class.
-------------------------------------------------------------------------

------------------------- Exit Success (SU2_CFD) ------------------------



=======================================================================
=======================================================================
                       PREPROCESSING - LEVEL 2
 
  -------------------------------------------------------------------
    NODE-PAIR CODE   -   PREPROCESSING PHASE
  -------------------------------------------------------------------
    Department of Aerospace Engineering - Politecnico di Milano
    authors: Alberto Guardone, Marco Fossati
 
    Warning: Check the status of file CORNERS.grid_name
 
 
    Domain nodes:         8767
    Boundary nodes:          802
    Domain elements:        12885
    Boundary elements:          401
 
    Generating node-pairs...
    I have found        30143  node-pairs in the domain
    I have found          401  node-pairs in the boundary
 
    Generating metric quantities...
    Domain finite element metrics...
    Domain finite volumes metrics...
    Boundary metrics...
 
    Checking metric consistency...
      FEM maximum eta residual on DOMAIN points --->  5.0563470726511916E-27
      - on domain node          608
      - of coordinates   0.497597672000000        16.2466256000000     
      FEM maximum eta residual on BOUNDARY points --->  3.1996268655707675E-26
      - on boundary node          390    (domain           165 )
      - of coordinates    57.3151785000000        16.2500000000000     
 
      Domain area (cell) =   1089.81007506631     
      Domain area (mass,mass_ii) =   1089.81007506631     
      Boundary closure (xi) =  1.326007919293007E-014
      Boundary closure (chi) =  4.140142087543180E-015
 
      FVM maximum eta residual on DOMAIN points --->  5.8283561477169503E-30
      - on domain node          258
      - of coordinates   0.497597672000000        16.2490000000000     
      FVM maximum eta residual on BOUNDARY points --->  1.3111326844131042E-25
      - on boundary node          340    (domain           140 )
      - of coordinates    36.1063178000000        16.2500000000000     
 
    done
 
    Checking AXISYMMETRIC metric consistency...
 
      FEM maximum eta residual on DOMAIN points --->  1.3302564159687078E-24
      - on domain node          608
      - of coordinates   0.497597672000000        16.2466256000000     
      FEM maximum eta residual on BOUNDARY points --->  8.9056379698041228E-24
      - on boundary node          390    (domain           165 )
      - of coordinates    57.3151785000000        16.2500000000000     
 
      Domain area (cell) =    1089.81007506631     
      Domain area (mass,mass_ii) =    1089.81007506631     
      Boundary closure (xi) =   1.820189499196139E-012
 
      FVM maximum eta residual on DOMAIN points --->  2.5994498811420639E-09
      - on domain node         2653
      - of coordinates   2.976799140000000E-002   3.22356780000000     
      FVM maximum eta residual on BOUNDARY points --->  3.9403933111648654E-01
      - on boundary node          224    (domain            82 )
      - of coordinates   0.000000000000000E+000   16.2500000000000     
      - resid -->   9.839948911148255E-003  4.166620026779810E-008
 
    done
 
 
    Generating rotation matrices...
    done
 
    Saving...
    node-pairs...
    metric quantities...
    axisymmetric metric quantities...
    done
 
    Elapsed time   0.7967E+00 s
 


=======================================================================
=======================================================================
                     MESH ADAPTATION - LEVEL 2
 
  -------------------------------------------------------------------
    DARWIN
  -------------------------------------------------------------------
    CFD Laboratory - McGill University
    2009-2012 - Marco Fossati
    Department of Aerospace Engineering - Politecnico di Milano
    2003-2009 - Alberto Guardone, Marco Fossati
 
    Reading grid 1 ...
    Reading SU2 solution
    - equations:  RANS SST model
    - thermodynamics:  not used
 
    Adapt grid from level 1 to level 2
    Averaging error...
    Quality enforcement...
    - edges marked for quality enforcement:      316
 
    Grid 1 nodes     8767 element    12885
    Grid 2 nodes     9852 element    14086
 
    Postprocessing
    - errors.INL.plt
    - admesh.INL.plt
    - admesh.INL.su2
 


=======================================================================
=======================================================================
                            SU2 - LEVEL 2



MPI - REPORT BINDINGS:

-------------------------------------------------------------------------
|    ___ _   _ ___                                                      |
|   / __| | | |_  )   Release 7.5.1 "Blackbird"                         |
|   \__ \ |_| |/ /                                                      |
|   |___/\___//___|   Suite (Computational Fluid Dynamics Code)         |
|                                                                       |
-------------------------------------------------------------------------
| SU2 Project Website: https://su2code.github.io                        |
|                                                                       |
| The SU2 Project is maintained by the SU2 Foundation                   |
| (http://su2foundation.org)                                            |
-------------------------------------------------------------------------
| Copyright 2012-2023, SU2 Contributors                                 |
|                                                                       |
| SU2 is free software; you can redistribute it and/or                  |
| modify it under the terms of the GNU Lesser General Public            |
| License as published by the Free Software Foundation; either          |
| version 2.1 of the License, or (at your option) any later version.    |
|                                                                       |
| SU2 is distributed in the hope that it will be useful,                |
| but WITHOUT ANY WARRANTY; without even the implied warranty of        |
| MERCHANTABILITY or FITNESS FOR A PARTICULAR PURPOSE. See the GNU      |
| Lesser General Public License for more details.                       |
|                                                                       |
| You should have received a copy of the GNU Lesser General Public      |
| License along with SU2. If not, see <http://www.gnu.org/licenses/>.   |
-------------------------------------------------------------------------

Parsing config file for zone 0

----------------- Physical Case Definition ( Zone 0 ) -------------------
Compressible RANS equations.
Turbulence model: Menter's k-omega SST-2003m with sustaining terms, and with Vorticity production.
Hybrid RANS/LES: No Hybrid RANS/LES
Mach number: 0.001.
Angle of attack (AoA): 0 deg, and angle of sideslip (AoS): 0 deg.
Reynolds number: 0. Reference length 1.
Reading and writing binary SU2 native restart files.
Read flow solution from: solution_interpolated.dat.
Dimensional simulation.
The reference area is 1 m^2.
The semi-span will be computed using the max y(3D) value.
The reference length is 1 m.
Reference origin for moment evaluation is (0, 0, 0).
Surface(s) where the force coefficients are evaluated: 4.

Surface(s) plotted in the output file: 4.
Surface(s) to be analyzed in detail: 4.
Input mesh file name: admesh.INL.su2

--------------- Space Numerical Integration ( Zone 0 ) ------------------
Roe (with entropy fix = 1) solver for the flow inviscid terms.
Standard Roe without low-dissipation function.
Second order integration in space, with slope limiter.
Venkatakrishnan slope-limiting method, with constant: 0.05.
The reference element size is: 1. 
Scalar upwind solver for the turbulence model.
First order integration in space.
Average of gradients with correction (viscous flow terms).
Average of gradients with correction (viscous turbulence terms).
Gradient for upwind reconstruction: unweighted Least-Squares.
Gradient for viscous and source terms: Green-Gauss.

--------------- Time Numerical Integration  ( Zone 0 ) ------------------
Local time stepping (steady state simulation).
Euler implicit method for the flow equations.
FGMRES is used for solving the linear system.
Using a ILU(0) preconditioning.
Convergence criteria of the linear solver: 1e-06.
Max number of linear iterations: 20.
CFL adaptation. Factor down: 0.5, factor up: 1.25,
                lower limit: 0.1, upper limit: 5,
                acceptable linear residual: 0.001.
Courant-Friedrichs-Lewy number:        1
Euler implicit time integration for the turbulence model.

------------------ Convergence Criteria  ( Zone 0 ) ---------------------
Maximum number of solver subiterations: 3000.
Begin convergence monitoring at iteration 10.
Residual minimum value: 1e-20.
Cauchy series min. value: 1e-10.
Number of Cauchy elements: 100.
Begin windowed time average at iteration 0.

-------------------- Output Information ( Zone 0 ) ----------------------
File writing frequency: 
+------------------------------------+
|                     File| Frequency|
+------------------------------------+
|                  RESTART|      1000|
|            RESTART_ASCII|      1000|
|                 PARAVIEW|      1000|
|            TECPLOT_ASCII|      1000|
|         SURFACE_PARAVIEW|      1000|
+------------------------------------+
Writing the convergence history file every 1 inner iterations.
Writing the screen convergence history every 50 inner iterations.
The tabular file format is CSV (.csv).
Convergence history file name: history_2nd.
Forces breakdown file name: forces_breakdown.dat.
Surface file name: surface_flow.
Volume file name: flow.
Restart file name: solution.dat.

------------- Config File Boundary Information ( Zone 0 ) ---------------
+-----------------------------------------------------------------------+
|                        Marker Type|                        Marker Name|
+-----------------------------------------------------------------------+
|                     Symmetry plane|                                  6|
+-----------------------------------------------------------------------+
|                   Riemann boundary|                                  1|
|                                   |                                  5|
+-----------------------------------------------------------------------+
|                     Heat flux wall|                                 w2|
|                                   |                                 w3|
|                                   |                                 w4|
+-----------------------------------------------------------------------+

-------------------- Output Preprocessing ( Zone 0 ) --------------------

WARNING: SURFACE_PRESSURE_DROP can only be computed for at least 2 surfaces (outlet, inlet, ...)

Screen output fields: INNER_ITER, RMS_DENSITY, NONPHYSICAL_POINTS
History output group(s): ITER, RMS_RES
Ignoring Convergence Field(s): RESIDUAL 
Warning: No (valid) fields chosen for convergence monitoring. Convergence monitoring inactive.
Warning: No (valid) fields chosen for time convergence monitoring. Time convergence monitoring inactive.
Volume output fields: COORDINATES, SOLUTION, PRIMITIVE

------------------- Geometry Preprocessing ( Zone 0 ) -------------------
Two dimensional problem.
9852 grid points before partitioning.
14086 volume elements before partitioning.
6 surface markers.
31 boundary elements in index 0 (Marker = 1).
100 boundary elements in index 1 (Marker = w2).
65 boundary elements in index 2 (Marker = w3).
91 boundary elements in index 3 (Marker = w4).
35 boundary elements in index 4 (Marker = 5).
128 boundary elements in index 5 (Marker = 6).
Executing the partitioning functions.
Building the graph adjacency structure.
Calling ParMETIS... graph partitioning complete (509 edge cuts).
Distributing ParMETIS coloring.
Rebalancing vertices.
Rebalancing volume element connectivity.
Rebalancing markers and surface elements.
10514 vertices including ghost points. 
14591 interior elements including halo cells. 
9282 triangles.
5309 quadrilaterals.
Establishing MPI communication patterns.
Setting point connectivity.
Renumbering points (Reverse Cuthill McKee Ordering).
Recomputing point connectivity.
Setting element connectivity.
Checking the numerical grid orientation.
All volume elements are correctly orientend.
There has been a re-orientation of 461 LINE surface elements.
Identifying edges and vertices.
Setting the control volume structure.
Area of the computational grid: 1128.09.
Searching for the closest normal neighbors to the surfaces.
Storing a mapping from global to local point index.
Compute the surface curvature.
Max K: 52.073. Mean K: 0.371556. Standard deviation K: 3.61066.
Checking for periodicity.
Computing mesh quality statistics for the dual control volumes.
+--------------------------------------------------------------+
|           Mesh Quality Metric|        Minimum|        Maximum|
+--------------------------------------------------------------+
|    Orthogonality Angle (deg.)|        56.4196|             90|
|     CV Face Area Aspect Ratio|        1.00562|        1965.41|
|           CV Sub-Volume Ratio|              1|        208.145|
+--------------------------------------------------------------+
Finding max control volume width.
Communicating number of neighbors.
Wetted area = 0 m^2.
Area projection in the x-plane = 0 m, y-plane = 0 m.
Max. coordinate in the x-direction = -1e+10 m, y-direction = -1e+10 m.
Min. coordinate in the x-direction = 1e+10 m, y-direction = 1e+10 m.
Checking if Euler & Symmetry markers are straight/plane:
Boundary marker 6 is a single straight.
Computing wall distances.

-------------------- Solver Preprocessing ( Zone 0 ) --------------------
Viscous flow: Computing pressure using the ideal gas law
based on the free-stream temperature and a density computed
from the Reynolds number.
Force coefficients computed using free-stream values.

-- Models:
+------------------------------------------------------------------------------+
|          Viscosity Model|        Conductivity Model|              Fluid Model|
+------------------------------------------------------------------------------+
|               SUTHERLAND|          CONSTANT_PRANDTL|                IDEAL_GAS|
+------------------------------------------------------------------------------+
-- Fluid properties:
+------------------------------------------------------------------------------+
|                  Name|    Dim. value|    Ref. value|      Unit|Non-dim. value|
+------------------------------------------------------------------------------+
|        Ref. Viscosity|     1.716e-05|             1|   N.s/m^2|     1.716e-05|
|      Sutherland Temp.|        273.15|             1|         K|        273.15|
|     Sutherland Const.|         110.4|             1|         K|         110.4|
+------------------------------------------------------------------------------+
|        Prandtl (Lam.)|             -|             -|         -|          0.72|
|       Prandtl (Turb.)|             -|             -|         -|           0.9|
+------------------------------------------------------------------------------+
|          Gas Constant|           297|             1|  N.m/kg.K|           297|
|      Spec. Heat Ratio|             -|             -|         -|           1.4|
+------------------------------------------------------------------------------+
-- Initial and free-stream conditions:
+------------------------------------------------------------------------------+
|                  Name|    Dim. value|    Ref. value|      Unit|Non-dim. value|
+------------------------------------------------------------------------------+
|       Static Pressure|        800000|             1|        Pa|        800000|
|               Density|       7.99289|             1|    kg/m^3|       7.99289|
|           Temperature|           337|             1|         K|           337|
|          Total Energy|        250223|             1|   m^2/s^2|        250223|
|            Velocity-X|      0.374332|             1|       m/s|      0.374332|
|            Velocity-Y|             0|             1|       m/s|             0|
|    Velocity Magnitude|      0.374332|             1|       m/s|      0.374332|
+------------------------------------------------------------------------------+
|             Viscosity|   2.01598e-05|             1|   N.s/m^2|   2.01598e-05|
|          Conductivity|             -|             1|   W/m^2.K|             -|
|     Turb. Kin. Energy|   0.000525467|             1|   m^2/s^2|   0.000525467|
|     Spec. Dissipation|       20.8335|             1|       1/s|       20.8335|
+------------------------------------------------------------------------------+
|           Mach Number|             -|             -|         -|         0.001|
|       Reynolds Number|             -|             -|         -|        148414|
+------------------------------------------------------------------------------+
Initialize Jacobian structure (Navier-Stokes). MG level: 0.
Initialize Jacobian structure (SST model).

The number of points in the restart file (8767) does not match the mesh (9852).
A recursive nearest neighbor interpolation will be performed.
Number of recursions: 1.
Elapsed time: 0.00694697s.


The number of points in the restart file (8767) does not match the mesh (9852).
A recursive nearest neighbor interpolation will be performed.
Number of recursions: 1.
Elapsed time: 0.00677586s.


------------------- Numerics Preprocessing ( Zone 0 ) -------------------

----------------- Integration Preprocessing ( Zone 0 ) ------------------

------------------- Iteration Preprocessing ( Zone 0 ) ------------------
Euler/Navier-Stokes/RANS fluid iteration.

------------------------------ Begin Solver -----------------------------

Simulation Run using the Single-zone Driver
WARNING: SU2 was not compiled for an AVX-capable architecture. Performance could be better,
         see https://su2code.github.io/docs_v7/Build-SU2-Linux-MacOS/#compiler-optimizations
+--------------------------------------+
|  Inner_Iter|    rms[Rho]|Nonphysical_|
+--------------------------------------+
|           0|    0.240321|           0|
|          50|   -0.778873|           0|
|         100|   -0.875422|           0|
|         150|   -0.851316|           0|
|         200|   -0.885233|           0|
|         250|   -0.945014|           0|
|         300|   -1.008857|           0|
|         350|   -0.938626|           0|
|         400|   -0.920882|           0|
|         450|   -1.105145|           0|
|         500|   -1.208247|           0|
|         550|   -1.317613|           0|
|         600|   -1.489249|           0|
|         650|   -1.505014|           0|
|         700|   -1.540829|           0|
|         750|   -1.610744|           0|
|         800|   -1.647172|           0|
|         850|   -1.430857|           0|
|         900|   -1.575708|           0|
|         950|   -1.603990|           0|
|        1000|   -1.747173|           0|
+-----------------------------------------------------------------------+
|        File Writing Summary       |              Filename             |
+-----------------------------------------------------------------------+
|SU2 binary restart                 |solution.dat                       |
|SU2 ASCII restart                  |solution.csv                       |
|Paraview                           |flow.vtu                           |
|Tecplot ASCII                      |flow.dat                           |
|Paraview surface                   |surface_flow.vtu                   |
+-----------------------------------------------------------------------+
+--------------------------------------+
|  Inner_Iter|    rms[Rho]|Nonphysical_|
+--------------------------------------+
|        1050|   -1.752529|           0|
|        1100|   -1.756190|           0|
|        1150|   -1.762313|           0|
|        1200|   -1.774469|           0|
|        1250|   -1.784110|           0|
|        1300|   -1.794329|           0|
|        1350|   -1.803655|           0|
|        1400|   -1.800513|           0|
|        1450|   -1.819620|           0|
|        1500|   -1.820190|           0|
|        1550|   -1.817603|           0|
|        1600|   -1.812609|           0|
|        1650|   -1.809073|           0|
|        1700|   -1.807531|           0|
|        1750|   -1.809202|           0|
|        1800|   -1.818699|           0|
|        1850|   -1.826827|           0|
|        1900|   -1.837614|           0|
|        1950|   -1.848740|           0|
|        2000|   -1.862087|           0|
+-----------------------------------------------------------------------+
|        File Writing Summary       |              Filename             |
+-----------------------------------------------------------------------+
|SU2 binary restart                 |solution.dat                       |
|SU2 ASCII restart                  |solution.csv                       |
|Paraview                           |flow.vtu                           |
|Tecplot ASCII                      |flow.dat                           |
|Paraview surface                   |surface_flow.vtu                   |
+-----------------------------------------------------------------------+
+--------------------------------------+
|  Inner_Iter|    rms[Rho]|Nonphysical_|
+--------------------------------------+
|        2050|   -1.614705|           0|
|        2100|   -1.768188|           0|
|        2150|   -1.856832|           0|
|        2200|   -1.862372|           0|
|        2250|   -1.844952|           0|
|        2300|   -1.868565|           0|
|        2350|   -1.873602|           0|
|        2400|   -1.874721|           0|
|        2450|   -1.878670|           0|
|        2500|   -1.883284|           0|
|        2550|   -1.890029|           0|
|        2600|   -1.893797|           0|
|        2650|   -1.898128|           0|
|        2700|   -1.897434|           0|
|        2750|   -1.903559|           0|
|        2800|   -1.904843|           0|
|        2850|   -1.902232|           0|
|        2900|   -1.904117|           0|
|        2950|   -1.352777|           0|
|        2999|   -1.378896|           0|

----------------------------- Solver Exit -------------------------------

Maximum number of iterations reached (ITER = 3000) before convergence.
+-----------------------------------------------------------------------+
|      Convergence Field     |     Value    |   Criterion  |  Converged |
+-----------------------------------------------------------------------+
+-----------------------------------------------------------------------+
-------------------------------------------------------------------------
+-----------------------------------------------------------------------+
|        File Writing Summary       |              Filename             |
+-----------------------------------------------------------------------+
|SU2 binary restart                 |solution.dat                       |
|SU2 ASCII restart                  |solution.csv                       |
|Paraview                           |flow.vtu                           |
|Tecplot ASCII                      |flow.dat                           |
|Paraview surface                   |surface_flow.vtu                   |
+-----------------------------------------------------------------------+

------------------------- Solver Postprocessing -------------------------
Deleted CNumerics container.
Deleted CIntegration container.
Deleted CSolver container.
Deleted CIteration container.
Deleted CInterface container.
Deleted CGeometry container.
Deleted CFreeFormDefBox class.
Deleted CSurfaceMovement class.
Deleted CVolumetricMovement class.
Deleted CConfig container.
Deleted nInst container.
Deleted COutput class.
-------------------------------------------------------------------------

------------------------- Exit Success (SU2_CFD) ------------------------



=======================================================================
=======================================================================
                       PREPROCESSING - LEVEL 3
 
  -------------------------------------------------------------------
    NODE-PAIR CODE   -   PREPROCESSING PHASE
  -------------------------------------------------------------------
    Department of Aerospace Engineering - Politecnico di Milano
    authors: Alberto Guardone, Marco Fossati
 
    Warning: Check the status of file CORNERS.grid_name
 
 
    Domain nodes:         9852
    Boundary nodes:          900
    Domain elements:        14086
    Boundary elements:          450
 
    Generating node-pairs...
    I have found        34269  node-pairs in the domain
    I have found          450  node-pairs in the boundary
 
    Generating metric quantities...
    Domain finite element metrics...
    Domain finite volumes metrics...
    Boundary metrics...
 
    Checking metric consistency...
      FEM maximum eta residual on DOMAIN points --->  5.0563470726511916E-27
      - on domain node          608
      - of coordinates   0.497597672000000        16.2466256000000     
      FEM maximum eta residual on BOUNDARY points --->  3.1996268655707675E-26
      - on boundary node          390    (domain           165 )
      - of coordinates    57.3151785000000        16.2500000000000     
 
      Domain area (cell) =   1089.81007506659     
      Domain area (mass,mass_ii) =   1089.81007506659     
      Boundary closure (xi) =  4.318519617106102E-014
      Boundary closure (chi) =  3.696600890198496E-015
 
      FVM maximum eta residual on DOMAIN points --->  5.8283561477169503E-30
      - on domain node          258
      - of coordinates   0.497597672000000        16.2490000000000     
      FVM maximum eta residual on BOUNDARY points --->  1.3111326844131042E-25
      - on boundary node          340    (domain           140 )
      - of coordinates    36.1063178000000        16.2500000000000     
 
    done
 
    Checking AXISYMMETRIC metric consistency...
 
      FEM maximum eta residual on DOMAIN points --->  1.3302564159687078E-24
      - on domain node          608
      - of coordinates   0.497597672000000        16.2466256000000     
      FEM maximum eta residual on BOUNDARY points --->  8.9056379698041228E-24
      - on boundary node          390    (domain           165 )
      - of coordinates    57.3151785000000        16.2500000000000     
 
      Domain area (cell) =    1089.81007506659     
      Domain area (mass,mass_ii) =    1089.81007506659     
      Boundary closure (xi) =   2.501765471142982E-012
 
      FVM maximum eta residual on DOMAIN points --->  3.0863092358215056E-09
      - on domain node         7610
      - of coordinates   6.481760970000000E-002   3.21791418000000     
      FVM maximum eta residual on BOUNDARY points --->  3.9403933111648654E-01
      - on boundary node          224    (domain            82 )
      - of coordinates   0.000000000000000E+000   16.2500000000000     
      - resid -->   9.839948911148255E-003  4.166620026779810E-008
 
    done
 
 
    Generating rotation matrices...
    done
 
    Saving...
    node-pairs...
    metric quantities...
    axisymmetric metric quantities...
    done
 
    Elapsed time   0.8944E+00 s
 


=======================================================================
=======================================================================
                     MESH ADAPTATION - LEVEL 3
 
  -------------------------------------------------------------------
    DARWIN
  -------------------------------------------------------------------
    CFD Laboratory - McGill University
    2009-2012 - Marco Fossati
    Department of Aerospace Engineering - Politecnico di Milano
    2003-2009 - Alberto Guardone, Marco Fossati
 
    Reading grid 2 ...
    Reading SU2 solution
    - equations:  RANS SST model
    - thermodynamics:  not used
 
    Adapt grid from level 2 to level 3
    Averaging error...
    Quality enforcement...
    - edges marked for quality enforcement:      534
 
    Grid 1 nodes     8767 element    12885
    Grid 2 nodes     9852 element    14086
    Grid 3 nodes    11752 element    16467
 
    Postprocessing
    - errors.INL.plt
    - admesh.INL.plt
    - admesh.INL.su2
 


=======================================================================
=======================================================================
                            SU2 - LEVEL 3



MPI - REPORT BINDINGS:

-------------------------------------------------------------------------
|    ___ _   _ ___                                                      |
|   / __| | | |_  )   Release 7.5.1 "Blackbird"                         |
|   \__ \ |_| |/ /                                                      |
|   |___/\___//___|   Suite (Computational Fluid Dynamics Code)         |
|                                                                       |
-------------------------------------------------------------------------
| SU2 Project Website: https://su2code.github.io                        |
|                                                                       |
| The SU2 Project is maintained by the SU2 Foundation                   |
| (http://su2foundation.org)                                            |
-------------------------------------------------------------------------
| Copyright 2012-2023, SU2 Contributors                                 |
|                                                                       |
| SU2 is free software; you can redistribute it and/or                  |
| modify it under the terms of the GNU Lesser General Public            |
| License as published by the Free Software Foundation; either          |
| version 2.1 of the License, or (at your option) any later version.    |
|                                                                       |
| SU2 is distributed in the hope that it will be useful,                |
| but WITHOUT ANY WARRANTY; without even the implied warranty of        |
| MERCHANTABILITY or FITNESS FOR A PARTICULAR PURPOSE. See the GNU      |
| Lesser General Public License for more details.                       |
|                                                                       |
| You should have received a copy of the GNU Lesser General Public      |
| License along with SU2. If not, see <http://www.gnu.org/licenses/>.   |
-------------------------------------------------------------------------

Parsing config file for zone 0

----------------- Physical Case Definition ( Zone 0 ) -------------------
Compressible RANS equations.
Turbulence model: Menter's k-omega SST-2003m with sustaining terms, and with Vorticity production.
Hybrid RANS/LES: No Hybrid RANS/LES
Mach number: 0.001.
Angle of attack (AoA): 0 deg, and angle of sideslip (AoS): 0 deg.
Reynolds number: 0. Reference length 1.
Reading and writing binary SU2 native restart files.
Read flow solution from: solution_interpolated.dat.
Dimensional simulation.
The reference area is 1 m^2.
The semi-span will be computed using the max y(3D) value.
The reference length is 1 m.
Reference origin for moment evaluation is (0, 0, 0).
Surface(s) where the force coefficients are evaluated: 4.

Surface(s) plotted in the output file: 4.
Surface(s) to be analyzed in detail: 4.
Input mesh file name: admesh.INL.su2

--------------- Space Numerical Integration ( Zone 0 ) ------------------
Roe (with entropy fix = 1) solver for the flow inviscid terms.
Standard Roe without low-dissipation function.
Second order integration in space, with slope limiter.
Venkatakrishnan slope-limiting method, with constant: 0.05.
The reference element size is: 1. 
Scalar upwind solver for the turbulence model.
First order integration in space.
Average of gradients with correction (viscous flow terms).
Average of gradients with correction (viscous turbulence terms).
Gradient for upwind reconstruction: unweighted Least-Squares.
Gradient for viscous and source terms: Green-Gauss.

--------------- Time Numerical Integration  ( Zone 0 ) ------------------
Local time stepping (steady state simulation).
Euler implicit method for the flow equations.
FGMRES is used for solving the linear system.
Using a ILU(0) preconditioning.
Convergence criteria of the linear solver: 1e-06.
Max number of linear iterations: 20.
CFL adaptation. Factor down: 0.5, factor up: 1.25,
                lower limit: 0.1, upper limit: 5,
                acceptable linear residual: 0.001.
Courant-Friedrichs-Lewy number:        1
Euler implicit time integration for the turbulence model.

------------------ Convergence Criteria  ( Zone 0 ) ---------------------
Maximum number of solver subiterations: 3000.
Begin convergence monitoring at iteration 10.
Residual minimum value: 1e-20.
Cauchy series min. value: 1e-10.
Number of Cauchy elements: 100.
Begin windowed time average at iteration 0.

-------------------- Output Information ( Zone 0 ) ----------------------
File writing frequency: 
+------------------------------------+
|                     File| Frequency|
+------------------------------------+
|                  RESTART|      1000|
|            RESTART_ASCII|      1000|
|                 PARAVIEW|      1000|
|            TECPLOT_ASCII|      1000|
|         SURFACE_PARAVIEW|      1000|
+------------------------------------+
Writing the convergence history file every 1 inner iterations.
Writing the screen convergence history every 50 inner iterations.
The tabular file format is CSV (.csv).
Convergence history file name: history_2nd.
Forces breakdown file name: forces_breakdown.dat.
Surface file name: surface_flow.
Volume file name: flow.
Restart file name: solution.dat.

------------- Config File Boundary Information ( Zone 0 ) ---------------
+-----------------------------------------------------------------------+
|                        Marker Type|                        Marker Name|
+-----------------------------------------------------------------------+
|                     Symmetry plane|                                  6|
+-----------------------------------------------------------------------+
|                   Riemann boundary|                                  1|
|                                   |                                  5|
+-----------------------------------------------------------------------+
|                     Heat flux wall|                                 w2|
|                                   |                                 w3|
|                                   |                                 w4|
+-----------------------------------------------------------------------+

-------------------- Output Preprocessing ( Zone 0 ) --------------------

WARNING: SURFACE_PRESSURE_DROP can only be computed for at least 2 surfaces (outlet, inlet, ...)

Screen output fields: INNER_ITER, RMS_DENSITY, NONPHYSICAL_POINTS
History output group(s): ITER, RMS_RES
Ignoring Convergence Field(s): RESIDUAL 
Warning: No (valid) fields chosen for convergence monitoring. Convergence monitoring inactive.
Warning: No (valid) fields chosen for time convergence monitoring. Time convergence monitoring inactive.
Volume output fields: COORDINATES, SOLUTION, PRIMITIVE

------------------- Geometry Preprocessing ( Zone 0 ) -------------------
Two dimensional problem.
11752 grid points before partitioning.
16467 volume elements before partitioning.
6 surface markers.
31 boundary elements in index 0 (Marker = 1).
167 boundary elements in index 1 (Marker = w2).
67 boundary elements in index 2 (Marker = w3).
91 boundary elements in index 3 (Marker = w4).
35 boundary elements in index 4 (Marker = 5).
134 boundary elements in index 5 (Marker = 6).
Executing the partitioning functions.
Building the graph adjacency structure.
Calling ParMETIS... graph partitioning complete (604 edge cuts).
Distributing ParMETIS coloring.
Rebalancing vertices.
Rebalancing volume element connectivity.
Rebalancing markers and surface elements.
12544 vertices including ghost points. 
17069 interior elements including halo cells. 
10383 triangles.
6686 quadrilaterals.
Establishing MPI communication patterns.
Setting point connectivity.
Renumbering points (Reverse Cuthill McKee Ordering).
Recomputing point connectivity.
Setting element connectivity.
Checking the numerical grid orientation.
All volume elements are correctly orientend.
There has been a re-orientation of 534 LINE surface elements.
Identifying edges and vertices.
Setting the control volume structure.
Area of the computational grid: 1125.26.
Searching for the closest normal neighbors to the surfaces.
Storing a mapping from global to local point index.
Compute the surface curvature.
Max K: 104.146. Mean K: 0.536419. Standard deviation K: 6.46103.
Checking for periodicity.
Computing mesh quality statistics for the dual control volumes.
+--------------------------------------------------------------+
|           Mesh Quality Metric|        Minimum|        Maximum|
+--------------------------------------------------------------+
|    Orthogonality Angle (deg.)|        56.1389|             90|
|     CV Face Area Aspect Ratio|        1.00138|        1965.41|
|           CV Sub-Volume Ratio|              1|        208.573|
+--------------------------------------------------------------+
Finding max control volume width.
Communicating number of neighbors.
Wetted area = 0 m^2.
Area projection in the x-plane = 0 m, y-plane = 0 m.
Max. coordinate in the x-direction = -1e+10 m, y-direction = -1e+10 m.
Min. coordinate in the x-direction = 1e+10 m, y-direction = 1e+10 m.
Checking if Euler & Symmetry markers are straight/plane:
Boundary marker 6 is a single straight.
Computing wall distances.

-------------------- Solver Preprocessing ( Zone 0 ) --------------------
Viscous flow: Computing pressure using the ideal gas law
based on the free-stream temperature and a density computed
from the Reynolds number.
Force coefficients computed using free-stream values.

-- Models:
+------------------------------------------------------------------------------+
|          Viscosity Model|        Conductivity Model|              Fluid Model|
+------------------------------------------------------------------------------+
|               SUTHERLAND|          CONSTANT_PRANDTL|                IDEAL_GAS|
+------------------------------------------------------------------------------+
-- Fluid properties:
+------------------------------------------------------------------------------+
|                  Name|    Dim. value|    Ref. value|      Unit|Non-dim. value|
+------------------------------------------------------------------------------+
|        Ref. Viscosity|     1.716e-05|             1|   N.s/m^2|     1.716e-05|
|      Sutherland Temp.|        273.15|             1|         K|        273.15|
|     Sutherland Const.|         110.4|             1|         K|         110.4|
+------------------------------------------------------------------------------+
|        Prandtl (Lam.)|             -|             -|         -|          0.72|
|       Prandtl (Turb.)|             -|             -|         -|           0.9|
+------------------------------------------------------------------------------+
|          Gas Constant|           297|             1|  N.m/kg.K|           297|
|      Spec. Heat Ratio|             -|             -|         -|           1.4|
+------------------------------------------------------------------------------+
-- Initial and free-stream conditions:
+------------------------------------------------------------------------------+
|                  Name|    Dim. value|    Ref. value|      Unit|Non-dim. value|
+------------------------------------------------------------------------------+
|       Static Pressure|        800000|             1|        Pa|        800000|
|               Density|       7.99289|             1|    kg/m^3|       7.99289|
|           Temperature|           337|             1|         K|           337|
|          Total Energy|        250223|             1|   m^2/s^2|        250223|
|            Velocity-X|      0.374332|             1|       m/s|      0.374332|
|            Velocity-Y|             0|             1|       m/s|             0|
|    Velocity Magnitude|      0.374332|             1|       m/s|      0.374332|
+------------------------------------------------------------------------------+
|             Viscosity|   2.01598e-05|             1|   N.s/m^2|   2.01598e-05|
|          Conductivity|             -|             1|   W/m^2.K|             -|
|     Turb. Kin. Energy|   0.000525467|             1|   m^2/s^2|   0.000525467|
|     Spec. Dissipation|       20.8335|             1|       1/s|       20.8335|
+------------------------------------------------------------------------------+
|           Mach Number|             -|             -|         -|         0.001|
|       Reynolds Number|             -|             -|         -|        148414|
+------------------------------------------------------------------------------+
Initialize Jacobian structure (Navier-Stokes). MG level: 0.
Initialize Jacobian structure (SST model).

The number of points in the restart file (9852) does not match the mesh (11752).
A recursive nearest neighbor interpolation will be performed.
Number of recursions: 1.
Elapsed time: 0.00743828s.


The number of points in the restart file (9852) does not match the mesh (11752).
A recursive nearest neighbor interpolation will be performed.
Number of recursions: 1.
Elapsed time: 0.00522804s.


------------------- Numerics Preprocessing ( Zone 0 ) -------------------

----------------- Integration Preprocessing ( Zone 0 ) ------------------

------------------- Iteration Preprocessing ( Zone 0 ) ------------------
Euler/Navier-Stokes/RANS fluid iteration.

------------------------------ Begin Solver -----------------------------

Simulation Run using the Single-zone Driver
WARNING: SU2 was not compiled for an AVX-capable architecture. Performance could be better,
         see https://su2code.github.io/docs_v7/Build-SU2-Linux-MacOS/#compiler-optimizations
+--------------------------------------+
|  Inner_Iter|    rms[Rho]|Nonphysical_|
+--------------------------------------+
|           0|    0.161887|           0|
|          50|   -0.761795|           0|
|         100|   -0.927811|           0|
|         150|   -1.099548|           0|
|         200|   -1.221228|           0|
|         250|   -1.242925|           0|
|         300|   -1.274328|           0|
|         350|   -1.355864|           0|
|         400|   -1.490662|           0|
|         450|   -1.626483|           0|
|         500|   -1.821304|           0|
|         550|   -1.523623|           0|
|         600|   -1.710296|           0|
|         650|   -1.568352|           0|
|         700|   -1.991995|           0|
|         750|   -1.887295|           0|
|         800|   -1.989213|           0|
|         850|   -1.973640|           0|
|         900|   -1.981306|           0|
|         950|   -1.622793|           0|
|        1000|   -1.968491|           0|
+-----------------------------------------------------------------------+
|        File Writing Summary       |              Filename             |
+-----------------------------------------------------------------------+
|SU2 binary restart                 |solution.dat                       |
|SU2 ASCII restart                  |solution.csv                       |
|Paraview                           |flow.vtu                           |
|Tecplot ASCII                      |flow.dat                           |
|Paraview surface                   |surface_flow.vtu                   |
+-----------------------------------------------------------------------+
+--------------------------------------+
|  Inner_Iter|    rms[Rho]|Nonphysical_|
+--------------------------------------+
|        1050|   -1.963004|           0|
|        1100|   -1.562479|           0|
|        1150|   -1.182142|           0|
|        1200|   -1.725468|           0|
|        1250|   -1.553581|           0|
|        1300|   -1.733490|           0|
|        1350|   -1.424869|           0|
|        1400|   -1.789720|           0|
|        1450|   -1.890875|           0|
|        1500|   -1.839863|           0|
|        1550|   -1.937755|           0|
|        1600|   -1.939845|           0|
|        1650|   -1.601628|           0|
|        1700|   -2.084506|           0|
|        1750|   -2.139994|           0|
|        1800|   -2.118149|           0|
|        1850|   -2.109073|           0|
|        1900|   -1.318064|           0|
|        1950|   -1.310762|           0|
|        2000|   -1.446206|           0|
+-----------------------------------------------------------------------+
|        File Writing Summary       |              Filename             |
+-----------------------------------------------------------------------+
|SU2 binary restart                 |solution.dat                       |
|SU2 ASCII restart                  |solution.csv                       |
|Paraview                           |flow.vtu                           |
|Tecplot ASCII                      |flow.dat                           |
|Paraview surface                   |surface_flow.vtu                   |
+-----------------------------------------------------------------------+
+--------------------------------------+
|  Inner_Iter|    rms[Rho]|Nonphysical_|
+--------------------------------------+
|        2050|   -1.524570|           0|
|        2100|   -1.490813|           0|
|        2150|   -1.631105|           0|
|        2200|   -1.325729|           0|
|        2250|   -1.223138|           0|
|        2300|   -1.267926|           0|
|        2350|   -1.379579|           0|
|        2400|   -1.288805|           0|
|        2450|   -1.351661|           0|
|        2500|   -1.331863|           0|
|        2550|   -1.413148|           0|
|        2600|   -1.659292|           0|
|        2650|   -1.638791|           0|
|        2700|   -1.953612|           0|
|        2750|   -1.891158|           0|
|        2800|   -1.682346|           0|
|        2850|   -1.548410|           0|
|        2900|   -1.982183|           0|
|        2950|   -2.185078|           0|
|        2999|   -1.938798|           0|

----------------------------- Solver Exit -------------------------------

Maximum number of iterations reached (ITER = 3000) before convergence.
+-----------------------------------------------------------------------+
|      Convergence Field     |     Value    |   Criterion  |  Converged |
+-----------------------------------------------------------------------+
+-----------------------------------------------------------------------+
-------------------------------------------------------------------------
+-----------------------------------------------------------------------+
|        File Writing Summary       |              Filename             |
+-----------------------------------------------------------------------+
|SU2 binary restart                 |solution.dat                       |
|SU2 ASCII restart                  |solution.csv                       |
|Paraview                           |flow.vtu                           |
|Tecplot ASCII                      |flow.dat                           |
|Paraview surface                   |surface_flow.vtu                   |
+-----------------------------------------------------------------------+

------------------------- Solver Postprocessing -------------------------
Deleted CNumerics container.
Deleted CIntegration container.
Deleted CSolver container.
Deleted CIteration container.
Deleted CInterface container.
Deleted CGeometry container.
Deleted CFreeFormDefBox class.
Deleted CSurfaceMovement class.
Deleted CVolumetricMovement class.
Deleted CConfig container.
Deleted nInst container.
Deleted COutput class.
-------------------------------------------------------------------------

------------------------- Exit Success (SU2_CFD) ------------------------



=======================================================================
=======================================================================
                       PREPROCESSING - LEVEL 4
 
  -------------------------------------------------------------------
    NODE-PAIR CODE   -   PREPROCESSING PHASE
  -------------------------------------------------------------------
    Department of Aerospace Engineering - Politecnico di Milano
    authors: Alberto Guardone, Marco Fossati
 
    Warning: Check the status of file CORNERS.grid_name
 
 
    Domain nodes:        11752
    Boundary nodes:         1050
    Domain elements:        16467
    Boundary elements:          525
 
    Generating node-pairs...
    I have found        41238  node-pairs in the domain
    I have found          525  node-pairs in the boundary
 
    Generating metric quantities...
    Domain finite element metrics...
    Domain finite volumes metrics...
    Boundary metrics...
 
    Checking metric consistency...
      FEM maximum eta residual on DOMAIN points --->  1.0270733073992139E-26
      - on domain node          204
      - of coordinates   1.000000000000000E-003   3.25000000000000     
      FEM maximum eta residual on BOUNDARY points --->  3.1996268655707675E-26
      - on boundary node          390    (domain           165 )
      - of coordinates    57.3151785000000        16.2500000000000     
 
      Domain area (cell) =   1089.81007506762     
      Domain area (mass,mass_ii) =   1089.81007506762     
      Boundary closure (xi) =  3.093108918967950E-014
      Boundary closure (chi) =  3.699933789232514E-015
 
      FVM maximum eta residual on DOMAIN points --->  5.8283561477169503E-30
      - on domain node          258
      - of coordinates   0.497597672000000        16.2490000000000     
      FVM maximum eta residual on BOUNDARY points --->  1.3111326844131042E-25
      - on boundary node          340    (domain           140 )
      - of coordinates    36.1063178000000        16.2500000000000     
 
    done
 
    Checking AXISYMMETRIC metric consistency...
 
      FEM maximum eta residual on DOMAIN points --->  1.3302564159687078E-24
      - on domain node          608
      - of coordinates   0.497597672000000        16.2466256000000     
      FEM maximum eta residual on BOUNDARY points --->  8.9056379698041228E-24
      - on boundary node          390    (domain           165 )
      - of coordinates    57.3151785000000        16.2500000000000     
 
      Domain area (cell) =    1089.81007506762     
      Domain area (mass,mass_ii) =    1089.81007506762     
      Boundary closure (xi) =   4.320288261961177E-012
 
      FVM maximum eta residual on DOMAIN points --->  3.8699299154474640E-09
      - on domain node         3528
      - of coordinates   5.758277750000000E-002   3.19886994000000     
      FVM maximum eta residual on BOUNDARY points --->  3.9403933111648654E-01
      - on boundary node          224    (domain            82 )
      - of coordinates   0.000000000000000E+000   16.2500000000000     
      - resid -->   9.839948911148255E-003  4.166620026779810E-008
 
    done
 
 
    Generating rotation matrices...
    done
 
    Saving...
    node-pairs...
    metric quantities...
    axisymmetric metric quantities...
    done
 
    Elapsed time   0.1065E+01 s
 


=======================================================================
=======================================================================
                     MESH ADAPTATION - LEVEL 4
 
  -------------------------------------------------------------------
    DARWIN
  -------------------------------------------------------------------
    CFD Laboratory - McGill University
    2009-2012 - Marco Fossati
    Department of Aerospace Engineering - Politecnico di Milano
    2003-2009 - Alberto Guardone, Marco Fossati
 
    Reading grid 3 ...
    Reading SU2 solution
    - equations:  RANS SST model
    - thermodynamics:  not used
 
    Adapt grid from level 3 to level 4
    Averaging error...
    Quality enforcement...
    - edges marked for quality enforcement:      527
 
    Grid 1 nodes     8767 element    12885
    Grid 2 nodes     9852 element    14086
    Grid 3 nodes    11752 element    16467
    Grid 4 nodes    14331 element    20274
 
    Postprocessing
    - errors.INL.plt
    - admesh.INL.plt
    - admesh.INL.su2
 


=======================================================================
=======================================================================
                            SU2 - LEVEL 4



MPI - REPORT BINDINGS:

-------------------------------------------------------------------------
|    ___ _   _ ___                                                      |
|   / __| | | |_  )   Release 7.5.1 "Blackbird"                         |
|   \__ \ |_| |/ /                                                      |
|   |___/\___//___|   Suite (Computational Fluid Dynamics Code)         |
|                                                                       |
-------------------------------------------------------------------------
| SU2 Project Website: https://su2code.github.io                        |
|                                                                       |
| The SU2 Project is maintained by the SU2 Foundation                   |
| (http://su2foundation.org)                                            |
-------------------------------------------------------------------------
| Copyright 2012-2023, SU2 Contributors                                 |
|                                                                       |
| SU2 is free software; you can redistribute it and/or                  |
| modify it under the terms of the GNU Lesser General Public            |
| License as published by the Free Software Foundation; either          |
| version 2.1 of the License, or (at your option) any later version.    |
|                                                                       |
| SU2 is distributed in the hope that it will be useful,                |
| but WITHOUT ANY WARRANTY; without even the implied warranty of        |
| MERCHANTABILITY or FITNESS FOR A PARTICULAR PURPOSE. See the GNU      |
| Lesser General Public License for more details.                       |
|                                                                       |
| You should have received a copy of the GNU Lesser General Public      |
| License along with SU2. If not, see <http://www.gnu.org/licenses/>.   |
-------------------------------------------------------------------------

Parsing config file for zone 0

----------------- Physical Case Definition ( Zone 0 ) -------------------
Compressible RANS equations.
Turbulence model: Menter's k-omega SST-2003m with sustaining terms, and with Vorticity production.
Hybrid RANS/LES: No Hybrid RANS/LES
Mach number: 0.001.
Angle of attack (AoA): 0 deg, and angle of sideslip (AoS): 0 deg.
Reynolds number: 0. Reference length 1.
Reading and writing binary SU2 native restart files.
Read flow solution from: solution_interpolated.dat.
Dimensional simulation.
The reference area is 1 m^2.
The semi-span will be computed using the max y(3D) value.
The reference length is 1 m.
Reference origin for moment evaluation is (0, 0, 0).
Surface(s) where the force coefficients are evaluated: 4.

Surface(s) plotted in the output file: 4.
Surface(s) to be analyzed in detail: 4.
Input mesh file name: admesh.INL.su2

--------------- Space Numerical Integration ( Zone 0 ) ------------------
Roe (with entropy fix = 1) solver for the flow inviscid terms.
Standard Roe without low-dissipation function.
Second order integration in space, with slope limiter.
Venkatakrishnan slope-limiting method, with constant: 0.05.
The reference element size is: 1. 
Scalar upwind solver for the turbulence model.
First order integration in space.
Average of gradients with correction (viscous flow terms).
Average of gradients with correction (viscous turbulence terms).
Gradient for upwind reconstruction: unweighted Least-Squares.
Gradient for viscous and source terms: Green-Gauss.

--------------- Time Numerical Integration  ( Zone 0 ) ------------------
Local time stepping (steady state simulation).
Euler implicit method for the flow equations.
FGMRES is used for solving the linear system.
Using a ILU(0) preconditioning.
Convergence criteria of the linear solver: 1e-06.
Max number of linear iterations: 20.
CFL adaptation. Factor down: 0.5, factor up: 1.25,
                lower limit: 0.1, upper limit: 5,
                acceptable linear residual: 0.001.
Courant-Friedrichs-Lewy number:        1
Euler implicit time integration for the turbulence model.

------------------ Convergence Criteria  ( Zone 0 ) ---------------------
Maximum number of solver subiterations: 3000.
Begin convergence monitoring at iteration 10.
Residual minimum value: 1e-20.
Cauchy series min. value: 1e-10.
Number of Cauchy elements: 100.
Begin windowed time average at iteration 0.

-------------------- Output Information ( Zone 0 ) ----------------------
File writing frequency: 
+------------------------------------+
|                     File| Frequency|
+------------------------------------+
|                  RESTART|      1000|
|            RESTART_ASCII|      1000|
|                 PARAVIEW|      1000|
|            TECPLOT_ASCII|      1000|
|         SURFACE_PARAVIEW|      1000|
+------------------------------------+
Writing the convergence history file every 1 inner iterations.
Writing the screen convergence history every 50 inner iterations.
The tabular file format is CSV (.csv).
Convergence history file name: history_2nd.
Forces breakdown file name: forces_breakdown.dat.
Surface file name: surface_flow.
Volume file name: flow.
Restart file name: solution.dat.

------------- Config File Boundary Information ( Zone 0 ) ---------------
+-----------------------------------------------------------------------+
|                        Marker Type|                        Marker Name|
+-----------------------------------------------------------------------+
|                     Symmetry plane|                                  6|
+-----------------------------------------------------------------------+
|                   Riemann boundary|                                  1|
|                                   |                                  5|
+-----------------------------------------------------------------------+
|                     Heat flux wall|                                 w2|
|                                   |                                 w3|
|                                   |                                 w4|
+-----------------------------------------------------------------------+

-------------------- Output Preprocessing ( Zone 0 ) --------------------

WARNING: SURFACE_PRESSURE_DROP can only be computed for at least 2 surfaces (outlet, inlet, ...)

Screen output fields: INNER_ITER, RMS_DENSITY, NONPHYSICAL_POINTS
History output group(s): ITER, RMS_RES
Ignoring Convergence Field(s): RESIDUAL 
Warning: No (valid) fields chosen for convergence monitoring. Convergence monitoring inactive.
Warning: No (valid) fields chosen for time convergence monitoring. Time convergence monitoring inactive.
Volume output fields: COORDINATES, SOLUTION, PRIMITIVE

------------------- Geometry Preprocessing ( Zone 0 ) -------------------
Two dimensional problem.
14331 grid points before partitioning.
20274 volume elements before partitioning.
6 surface markers.
31 boundary elements in index 0 (Marker = 1).
235 boundary elements in index 1 (Marker = w2).
67 boundary elements in index 2 (Marker = w3).
91 boundary elements in index 3 (Marker = w4).
35 boundary elements in index 4 (Marker = 5).
146 boundary elements in index 5 (Marker = 6).
Executing the partitioning functions.
Building the graph adjacency structure.
Calling ParMETIS... graph partitioning complete (605 edge cuts).
Distributing ParMETIS coloring.
Rebalancing vertices.
Rebalancing volume element connectivity.
Rebalancing markers and surface elements.
15115 vertices including ghost points. 
20876 interior elements including halo cells. 
12927 triangles.
7949 quadrilaterals.
Establishing MPI communication patterns.
Setting point connectivity.
Renumbering points (Reverse Cuthill McKee Ordering).
Recomputing point connectivity.
Setting element connectivity.
Checking the numerical grid orientation.
All volume elements are correctly orientend.
There has been a re-orientation of 615 LINE surface elements.
Identifying edges and vertices.
Setting the control volume structure.
Area of the computational grid: 1117.86.
Searching for the closest normal neighbors to the surfaces.
Storing a mapping from global to local point index.
Compute the surface curvature.
Max K: 104.146. Mean K: 0.49866. Standard deviation K: 6.04491.
Checking for periodicity.
Computing mesh quality statistics for the dual control volumes.
+--------------------------------------------------------------+
|           Mesh Quality Metric|        Minimum|        Maximum|
+--------------------------------------------------------------+
|    Orthogonality Angle (deg.)|        46.1184|             90|
|     CV Face Area Aspect Ratio|        1.00188|        1965.41|
|           CV Sub-Volume Ratio|              1|        208.849|
+--------------------------------------------------------------+
Finding max control volume width.
Communicating number of neighbors.
Wetted area = 0 m^2.
Area projection in the x-plane = 0 m, y-plane = 0 m.
Max. coordinate in the x-direction = -1e+10 m, y-direction = -1e+10 m.
Min. coordinate in the x-direction = 1e+10 m, y-direction = 1e+10 m.
Checking if Euler & Symmetry markers are straight/plane:
Boundary marker 6 is a single straight.
Computing wall distances.

-------------------- Solver Preprocessing ( Zone 0 ) --------------------
Viscous flow: Computing pressure using the ideal gas law
based on the free-stream temperature and a density computed
from the Reynolds number.
Force coefficients computed using free-stream values.

-- Models:
+------------------------------------------------------------------------------+
|          Viscosity Model|        Conductivity Model|              Fluid Model|
+------------------------------------------------------------------------------+
|               SUTHERLAND|          CONSTANT_PRANDTL|                IDEAL_GAS|
+------------------------------------------------------------------------------+
-- Fluid properties:
+------------------------------------------------------------------------------+
|                  Name|    Dim. value|    Ref. value|      Unit|Non-dim. value|
+------------------------------------------------------------------------------+
|        Ref. Viscosity|     1.716e-05|             1|   N.s/m^2|     1.716e-05|
|      Sutherland Temp.|        273.15|             1|         K|        273.15|
|     Sutherland Const.|         110.4|             1|         K|         110.4|
+------------------------------------------------------------------------------+
|        Prandtl (Lam.)|             -|             -|         -|          0.72|
|       Prandtl (Turb.)|             -|             -|         -|           0.9|
+------------------------------------------------------------------------------+
|          Gas Constant|           297|             1|  N.m/kg.K|           297|
|      Spec. Heat Ratio|             -|             -|         -|           1.4|
+------------------------------------------------------------------------------+
-- Initial and free-stream conditions:
+------------------------------------------------------------------------------+
|                  Name|    Dim. value|    Ref. value|      Unit|Non-dim. value|
+------------------------------------------------------------------------------+
|       Static Pressure|        800000|             1|        Pa|        800000|
|               Density|       7.99289|             1|    kg/m^3|       7.99289|
|           Temperature|           337|             1|         K|           337|
|          Total Energy|        250223|             1|   m^2/s^2|        250223|
|            Velocity-X|      0.374332|             1|       m/s|      0.374332|
|            Velocity-Y|             0|             1|       m/s|             0|
|    Velocity Magnitude|      0.374332|             1|       m/s|      0.374332|
+------------------------------------------------------------------------------+
|             Viscosity|   2.01598e-05|             1|   N.s/m^2|   2.01598e-05|
|          Conductivity|             -|             1|   W/m^2.K|             -|
|     Turb. Kin. Energy|   0.000525467|             1|   m^2/s^2|   0.000525467|
|     Spec. Dissipation|       20.8335|             1|       1/s|       20.8335|
+------------------------------------------------------------------------------+
|           Mach Number|             -|             -|         -|         0.001|
|       Reynolds Number|             -|             -|         -|        148414|
+------------------------------------------------------------------------------+
Initialize Jacobian structure (Navier-Stokes). MG level: 0.
Initialize Jacobian structure (SST model).

The number of points in the restart file (11752) does not match the mesh (14331).
A recursive nearest neighbor interpolation will be performed.
Number of recursions: 1.
Elapsed time: 0.00785143s.


The number of points in the restart file (11752) does not match the mesh (14331).
A recursive nearest neighbor interpolation will be performed.
Number of recursions: 1.
Elapsed time: 0.00717771s.


------------------- Numerics Preprocessing ( Zone 0 ) -------------------

----------------- Integration Preprocessing ( Zone 0 ) ------------------

------------------- Iteration Preprocessing ( Zone 0 ) ------------------
Euler/Navier-Stokes/RANS fluid iteration.

------------------------------ Begin Solver -----------------------------

Simulation Run using the Single-zone Driver
WARNING: SU2 was not compiled for an AVX-capable architecture. Performance could be better,
         see https://su2code.github.io/docs_v7/Build-SU2-Linux-MacOS/#compiler-optimizations
+--------------------------------------+
|  Inner_Iter|    rms[Rho]|Nonphysical_|
+--------------------------------------+
|           0|    0.051076|           0|
|          50|   -0.959645|           0|
|         100|   -0.973833|           0|
|         150|   -0.994727|           0|
|         200|   -1.030154|           0|
|         250|   -1.057941|           0|
|         300|   -1.030130|           0|
|         350|   -1.049626|           0|
|         400|   -1.063132|           0|
|         450|   -1.016596|           0|
|         500|   -1.056847|           0|
|         550|   -1.126724|           0|
|         600|   -1.165228|           0|
|         650|   -1.279086|           0|
|         700|   -1.296009|           0|
|         750|   -1.340366|           0|
|         800|   -1.297217|           0|
|         850|   -1.387572|           0|
|         900|   -1.396773|           0|
|         950|   -1.392138|           0|
|        1000|   -1.377437|           0|
+-----------------------------------------------------------------------+
|        File Writing Summary       |              Filename             |
+-----------------------------------------------------------------------+
|SU2 binary restart                 |solution.dat                       |
|SU2 ASCII restart                  |solution.csv                       |
|Paraview                           |flow.vtu                           |
|Tecplot ASCII                      |flow.dat                           |
|Paraview surface                   |surface_flow.vtu                   |
+-----------------------------------------------------------------------+
+--------------------------------------+
|  Inner_Iter|    rms[Rho]|Nonphysical_|
+--------------------------------------+
|        1050|   -1.396218|           0|
|        1100|   -1.416835|           0|
|        1150|   -1.379257|           0|
|        1200|   -1.400783|           0|
|        1250|   -1.406901|           0|
|        1300|   -1.428732|           0|
|        1350|   -1.415197|           0|
|        1400|   -1.389105|           0|
|        1450|   -1.408387|           0|
|        1500|   -1.420530|           0|
|        1550|   -1.420127|           0|
|        1600|   -1.419546|           0|
|        1650|   -1.425253|           0|
|        1700|   -1.436988|           0|
|        1750|   -1.451559|           0|
|        1800|   -1.468048|           0|
|        1850|   -1.481521|           0|
|        1900|   -1.491997|           0|
|        1950|   -1.499015|           0|
|        2000|   -1.499789|           0|
+-----------------------------------------------------------------------+
|        File Writing Summary       |              Filename             |
+-----------------------------------------------------------------------+
|SU2 binary restart                 |solution.dat                       |
|SU2 ASCII restart                  |solution.csv                       |
|Paraview                           |flow.vtu                           |
|Tecplot ASCII                      |flow.dat                           |
|Paraview surface                   |surface_flow.vtu                   |
+-----------------------------------------------------------------------+
+--------------------------------------+
|  Inner_Iter|    rms[Rho]|Nonphysical_|
+--------------------------------------+
|        2050|   -1.502206|           0|
|        2100|   -1.504379|           0|
|        2150|   -1.505934|           0|
|        2200|   -1.508690|           0|
|        2250|   -1.511124|           0|
|        2300|   -1.511540|           0|
|        2350|   -1.514138|           0|
|        2400|   -1.515338|           0|
|        2450|   -1.517060|           0|
|        2500|   -1.526162|           0|
|        2550|   -1.540096|           0|
|        2600|   -1.552002|           0|
|        2650|   -1.565310|           0|
|        2700|   -1.573426|           0|
|        2750|   -1.576507|           0|
|        2800|   -1.583099|           0|
|        2850|   -1.587092|           0|
|        2900|   -1.589605|           0|
|        2950|   -1.593504|           0|
|        2999|   -1.592621|           0|

----------------------------- Solver Exit -------------------------------

Maximum number of iterations reached (ITER = 3000) before convergence.
+-----------------------------------------------------------------------+
|      Convergence Field     |     Value    |   Criterion  |  Converged |
+-----------------------------------------------------------------------+
+-----------------------------------------------------------------------+
-------------------------------------------------------------------------
+-----------------------------------------------------------------------+
|        File Writing Summary       |              Filename             |
+-----------------------------------------------------------------------+
|SU2 binary restart                 |solution.dat                       |
|SU2 ASCII restart                  |solution.csv                       |
|Paraview                           |flow.vtu                           |
|Tecplot ASCII                      |flow.dat                           |
|Paraview surface                   |surface_flow.vtu                   |
+-----------------------------------------------------------------------+

------------------------- Solver Postprocessing -------------------------
Deleted CNumerics container.
Deleted CIntegration container.
Deleted CSolver container.
Deleted CIteration container.
Deleted CInterface container.
Deleted CGeometry container.
Deleted CFreeFormDefBox class.
Deleted CSurfaceMovement class.
Deleted CVolumetricMovement class.
Deleted CConfig container.
Deleted nInst container.
Deleted COutput class.
-------------------------------------------------------------------------

------------------------- Exit Success (SU2_CFD) ------------------------



=======================================================================
=======================================================================
                       PREPROCESSING - LEVEL 5
 
  -------------------------------------------------------------------
    NODE-PAIR CODE   -   PREPROCESSING PHASE
  -------------------------------------------------------------------
    Department of Aerospace Engineering - Politecnico di Milano
    authors: Alberto Guardone, Marco Fossati
 
    Warning: Check the status of file CORNERS.grid_name
 
 
    Domain nodes:        14331
    Boundary nodes:         1210
    Domain elements:        20274
    Boundary elements:          605
 
    Generating node-pairs...
    I have found        50166  node-pairs in the domain
    I have found          605  node-pairs in the boundary
 
    Generating metric quantities...
    Domain finite element metrics...
    Domain finite volumes metrics...
    Boundary metrics...
 
    Checking metric consistency...
      FEM maximum eta residual on DOMAIN points --->  1.0270733073992139E-26
      - on domain node          204
      - of coordinates   1.000000000000000E-003   3.25000000000000     
      FEM maximum eta residual on BOUNDARY points --->  3.1996268655707675E-26
      - on boundary node          390    (domain           165 )
      - of coordinates    57.3151785000000        16.2500000000000     
 
      Domain area (cell) =   1089.81007506821     
      Domain area (mass,mass_ii) =   1089.81007506820     
      Boundary closure (xi) =  3.944355387724600E-014
      Boundary closure (chi) =  4.481128872522980E-015
 
      FVM maximum eta residual on DOMAIN points --->  5.8283561477169503E-30
      - on domain node          258
      - of coordinates   0.497597672000000        16.2490000000000     
      FVM maximum eta residual on BOUNDARY points --->  1.3111326844131042E-25
      - on boundary node          340    (domain           140 )
      - of coordinates    36.1063178000000        16.2500000000000     
 
    done
 
    Checking AXISYMMETRIC metric consistency...
 
      FEM maximum eta residual on DOMAIN points --->  1.3302564159687078E-24
      - on domain node          608
      - of coordinates   0.497597672000000        16.2466256000000     
      FEM maximum eta residual on BOUNDARY points --->  8.9056379698041228E-24
      - on boundary node          390    (domain           165 )
      - of coordinates    57.3151785000000        16.2500000000000     
 
      Domain area (cell) =    1089.81007506821     
      Domain area (mass,mass_ii) =    1089.81007506820     
      Boundary closure (xi) =   1.819387843126959E-012
 
      FVM maximum eta residual on DOMAIN points --->  3.3317690226101566E-09
      - on domain node         3353
      - of coordinates   5.069340940000000E-002   3.20498728000000     
      FVM maximum eta residual on BOUNDARY points --->  3.9403933111648654E-01
      - on boundary node          224    (domain            82 )
      - of coordinates   0.000000000000000E+000   16.2500000000000     
      - resid -->   9.839948911148255E-003  4.166620026779810E-008
 
    done
 
 
    Generating rotation matrices...
    done
 
    Saving...
    node-pairs...
    metric quantities...
    axisymmetric metric quantities...
    done
 
    Elapsed time   0.1310E+01 s
 


=======================================================================
=======================================================================
                     MESH ADAPTATION - LEVEL 5
 
  -------------------------------------------------------------------
    DARWIN
  -------------------------------------------------------------------
    CFD Laboratory - McGill University
    2009-2012 - Marco Fossati
    Department of Aerospace Engineering - Politecnico di Milano
    2003-2009 - Alberto Guardone, Marco Fossati
 
    Reading grid 4 ...
    Reading SU2 solution
    - equations:  RANS SST model
    - thermodynamics:  not used
 
    Adapt grid from level 4 to level 5
    Averaging error...
    Quality enforcement...
    - edges marked for quality enforcement:      165
 
    Grid 1 nodes     8767 element    12885
    Grid 2 nodes     9852 element    14086
    Grid 3 nodes    11752 element    16467
    Grid 4 nodes    14331 element    20274
    Grid 5 nodes    15354 element    22125
 
    Postprocessing
    - errors.INL.plt
    - admesh.INL.plt
    - admesh.INL.su2
 


=======================================================================
=======================================================================
                            SU2 - LEVEL 5



MPI - REPORT BINDINGS:

-------------------------------------------------------------------------
|    ___ _   _ ___                                                      |
|   / __| | | |_  )   Release 7.5.1 "Blackbird"                         |
|   \__ \ |_| |/ /                                                      |
|   |___/\___//___|   Suite (Computational Fluid Dynamics Code)         |
|                                                                       |
-------------------------------------------------------------------------
| SU2 Project Website: https://su2code.github.io                        |
|                                                                       |
| The SU2 Project is maintained by the SU2 Foundation                   |
| (http://su2foundation.org)                                            |
-------------------------------------------------------------------------
| Copyright 2012-2023, SU2 Contributors                                 |
|                                                                       |
| SU2 is free software; you can redistribute it and/or                  |
| modify it under the terms of the GNU Lesser General Public            |
| License as published by the Free Software Foundation; either          |
| version 2.1 of the License, or (at your option) any later version.    |
|                                                                       |
| SU2 is distributed in the hope that it will be useful,                |
| but WITHOUT ANY WARRANTY; without even the implied warranty of        |
| MERCHANTABILITY or FITNESS FOR A PARTICULAR PURPOSE. See the GNU      |
| Lesser General Public License for more details.                       |
|                                                                       |
| You should have received a copy of the GNU Lesser General Public      |
| License along with SU2. If not, see <http://www.gnu.org/licenses/>.   |
-------------------------------------------------------------------------

Parsing config file for zone 0

----------------- Physical Case Definition ( Zone 0 ) -------------------
Compressible RANS equations.
Turbulence model: Menter's k-omega SST-2003m with sustaining terms, and with Vorticity production.
Hybrid RANS/LES: No Hybrid RANS/LES
Mach number: 0.001.
Angle of attack (AoA): 0 deg, and angle of sideslip (AoS): 0 deg.
Reynolds number: 0. Reference length 1.
Reading and writing binary SU2 native restart files.
Read flow solution from: solution_interpolated.dat.
Dimensional simulation.
The reference area is 1 m^2.
The semi-span will be computed using the max y(3D) value.
The reference length is 1 m.
Reference origin for moment evaluation is (0, 0, 0).
Surface(s) where the force coefficients are evaluated: 4.

Surface(s) plotted in the output file: 4.
Surface(s) to be analyzed in detail: 4.
Input mesh file name: admesh.INL.su2

--------------- Space Numerical Integration ( Zone 0 ) ------------------
Roe (with entropy fix = 1) solver for the flow inviscid terms.
Standard Roe without low-dissipation function.
Second order integration in space, with slope limiter.
Venkatakrishnan slope-limiting method, with constant: 0.05.
The reference element size is: 1. 
Scalar upwind solver for the turbulence model.
First order integration in space.
Average of gradients with correction (viscous flow terms).
Average of gradients with correction (viscous turbulence terms).
Gradient for upwind reconstruction: unweighted Least-Squares.
Gradient for viscous and source terms: Green-Gauss.

--------------- Time Numerical Integration  ( Zone 0 ) ------------------
Local time stepping (steady state simulation).
Euler implicit method for the flow equations.
FGMRES is used for solving the linear system.
Using a ILU(0) preconditioning.
Convergence criteria of the linear solver: 1e-06.
Max number of linear iterations: 20.
CFL adaptation. Factor down: 0.5, factor up: 1.25,
                lower limit: 0.1, upper limit: 5,
                acceptable linear residual: 0.001.
Courant-Friedrichs-Lewy number:        1
Euler implicit time integration for the turbulence model.

------------------ Convergence Criteria  ( Zone 0 ) ---------------------
Maximum number of solver subiterations: 3000.
Begin convergence monitoring at iteration 10.
Residual minimum value: 1e-20.
Cauchy series min. value: 1e-10.
Number of Cauchy elements: 100.
Begin windowed time average at iteration 0.

-------------------- Output Information ( Zone 0 ) ----------------------
File writing frequency: 
+------------------------------------+
|                     File| Frequency|
+------------------------------------+
|                  RESTART|      1000|
|            RESTART_ASCII|      1000|
|                 PARAVIEW|      1000|
|            TECPLOT_ASCII|      1000|
|         SURFACE_PARAVIEW|      1000|
+------------------------------------+
Writing the convergence history file every 1 inner iterations.
Writing the screen convergence history every 50 inner iterations.
The tabular file format is CSV (.csv).
Convergence history file name: history_2nd.
Forces breakdown file name: forces_breakdown.dat.
Surface file name: surface_flow.
Volume file name: flow.
Restart file name: solution.dat.

------------- Config File Boundary Information ( Zone 0 ) ---------------
+-----------------------------------------------------------------------+
|                        Marker Type|                        Marker Name|
+-----------------------------------------------------------------------+
|                     Symmetry plane|                                  6|
+-----------------------------------------------------------------------+
|                   Riemann boundary|                                  1|
|                                   |                                  5|
+-----------------------------------------------------------------------+
|                     Heat flux wall|                                 w2|
|                                   |                                 w3|
|                                   |                                 w4|
+-----------------------------------------------------------------------+

-------------------- Output Preprocessing ( Zone 0 ) --------------------

WARNING: SURFACE_PRESSURE_DROP can only be computed for at least 2 surfaces (outlet, inlet, ...)

Screen output fields: INNER_ITER, RMS_DENSITY, NONPHYSICAL_POINTS
History output group(s): ITER, RMS_RES
Ignoring Convergence Field(s): RESIDUAL 
Warning: No (valid) fields chosen for convergence monitoring. Convergence monitoring inactive.
Warning: No (valid) fields chosen for time convergence monitoring. Time convergence monitoring inactive.
Volume output fields: COORDINATES, SOLUTION, PRIMITIVE

------------------- Geometry Preprocessing ( Zone 0 ) -------------------
Two dimensional problem.
15354 grid points before partitioning.
22125 volume elements before partitioning.
6 surface markers.
31 boundary elements in index 0 (Marker = 1).
247 boundary elements in index 1 (Marker = w2).
67 boundary elements in index 2 (Marker = w3).
91 boundary elements in index 3 (Marker = w4).
35 boundary elements in index 4 (Marker = 5).
150 boundary elements in index 5 (Marker = 6).
Executing the partitioning functions.
Building the graph adjacency structure.
Calling ParMETIS... graph partitioning complete (659 edge cuts).
Distributing ParMETIS coloring.
Rebalancing vertices.
Rebalancing volume element connectivity.
Rebalancing markers and surface elements.
16220 vertices including ghost points. 
22781 interior elements including halo cells. 
14625 triangles.
8156 quadrilaterals.
Establishing MPI communication patterns.
Setting point connectivity.
Renumbering points (Reverse Cuthill McKee Ordering).
Recomputing point connectivity.
Setting element connectivity.
Checking the numerical grid orientation.
All volume elements are correctly orientend.
There has been a re-orientation of 631 LINE surface elements.
Identifying edges and vertices.
Setting the control volume structure.
Area of the computational grid: 1121.36.
Searching for the closest normal neighbors to the surfaces.
Storing a mapping from global to local point index.
Compute the surface curvature.
Max K: 104.146. Mean K: 0.509425. Standard deviation K: 6.00046.
Checking for periodicity.
Computing mesh quality statistics for the dual control volumes.
+--------------------------------------------------------------+
|           Mesh Quality Metric|        Minimum|        Maximum|
+--------------------------------------------------------------+
|    Orthogonality Angle (deg.)|        26.2574|             90|
|     CV Face Area Aspect Ratio|        1.00095|        1965.41|
|           CV Sub-Volume Ratio|              1|        209.029|
+--------------------------------------------------------------+
Finding max control volume width.
Communicating number of neighbors.
Wetted area = 0 m^2.
Area projection in the x-plane = 0 m, y-plane = 0 m.
Max. coordinate in the x-direction = -1e+10 m, y-direction = -1e+10 m.
Min. coordinate in the x-direction = 1e+10 m, y-direction = 1e+10 m.
Checking if Euler & Symmetry markers are straight/plane:
Boundary marker 6 is a single straight.
Computing wall distances.

-------------------- Solver Preprocessing ( Zone 0 ) --------------------
Viscous flow: Computing pressure using the ideal gas law
based on the free-stream temperature and a density computed
from the Reynolds number.
Force coefficients computed using free-stream values.

-- Models:
+------------------------------------------------------------------------------+
|          Viscosity Model|        Conductivity Model|              Fluid Model|
+------------------------------------------------------------------------------+
|               SUTHERLAND|          CONSTANT_PRANDTL|                IDEAL_GAS|
+------------------------------------------------------------------------------+
-- Fluid properties:
+------------------------------------------------------------------------------+
|                  Name|    Dim. value|    Ref. value|      Unit|Non-dim. value|
+------------------------------------------------------------------------------+
|        Ref. Viscosity|     1.716e-05|             1|   N.s/m^2|     1.716e-05|
|      Sutherland Temp.|        273.15|             1|         K|        273.15|
|     Sutherland Const.|         110.4|             1|         K|         110.4|
+------------------------------------------------------------------------------+
|        Prandtl (Lam.)|             -|             -|         -|          0.72|
|       Prandtl (Turb.)|             -|             -|         -|           0.9|
+------------------------------------------------------------------------------+
|          Gas Constant|           297|             1|  N.m/kg.K|           297|
|      Spec. Heat Ratio|             -|             -|         -|           1.4|
+------------------------------------------------------------------------------+
-- Initial and free-stream conditions:
+------------------------------------------------------------------------------+
|                  Name|    Dim. value|    Ref. value|      Unit|Non-dim. value|
+------------------------------------------------------------------------------+
|       Static Pressure|        800000|             1|        Pa|        800000|
|               Density|       7.99289|             1|    kg/m^3|       7.99289|
|           Temperature|           337|             1|         K|           337|
|          Total Energy|        250223|             1|   m^2/s^2|        250223|
|            Velocity-X|      0.374332|             1|       m/s|      0.374332|
|            Velocity-Y|             0|             1|       m/s|             0|
|    Velocity Magnitude|      0.374332|             1|       m/s|      0.374332|
+------------------------------------------------------------------------------+
|             Viscosity|   2.01598e-05|             1|   N.s/m^2|   2.01598e-05|
|          Conductivity|             -|             1|   W/m^2.K|             -|
|     Turb. Kin. Energy|   0.000525467|             1|   m^2/s^2|   0.000525467|
|     Spec. Dissipation|       20.8335|             1|       1/s|       20.8335|
+------------------------------------------------------------------------------+
|           Mach Number|             -|             -|         -|         0.001|
|       Reynolds Number|             -|             -|         -|        148414|
+------------------------------------------------------------------------------+
Initialize Jacobian structure (Navier-Stokes). MG level: 0.
Initialize Jacobian structure (SST model).

The number of points in the restart file (14331) does not match the mesh (15354).
A recursive nearest neighbor interpolation will be performed.
Number of recursions: 1.
Elapsed time: 0.011622s.


The number of points in the restart file (14331) does not match the mesh (15354).
A recursive nearest neighbor interpolation will be performed.
Number of recursions: 1.
Elapsed time: 0.0102757s.


------------------- Numerics Preprocessing ( Zone 0 ) -------------------

----------------- Integration Preprocessing ( Zone 0 ) ------------------

------------------- Iteration Preprocessing ( Zone 0 ) ------------------
Euler/Navier-Stokes/RANS fluid iteration.

------------------------------ Begin Solver -----------------------------

Simulation Run using the Single-zone Driver
WARNING: SU2 was not compiled for an AVX-capable architecture. Performance could be better,
         see https://su2code.github.io/docs_v7/Build-SU2-Linux-MacOS/#compiler-optimizations
+--------------------------------------+
|  Inner_Iter|    rms[Rho]|Nonphysical_|
+--------------------------------------+
|           0|    0.252981|           0|
|          50|   -1.212116|           0|
|         100|   -1.295823|           0|
|         150|   -1.309374|           0|
|         200|   -1.441314|           0|
|         250|   -1.515974|           0|
|         300|   -1.388203|           0|
|         350|   -1.674967|           0|
|         400|   -1.862575|           0|
|         450|   -1.651050|           0|
|         500|   -1.835537|           0|
|         550|   -1.939978|           0|
|         600|   -1.959740|           0|
|         650|   -1.740894|           0|
|         700|   -1.968643|           0|
|         750|   -2.154218|           0|
|         800|   -2.122628|           0|
|         850|   -1.298185|           0|
|         900|   -1.682467|           0|
|         950|   -1.524102|           0|
|        1000|   -1.613268|           0|
+-----------------------------------------------------------------------+
|        File Writing Summary       |              Filename             |
+-----------------------------------------------------------------------+
|SU2 binary restart                 |solution.dat                       |
|SU2 ASCII restart                  |solution.csv                       |
|Paraview                           |flow.vtu                           |
|Tecplot ASCII                      |flow.dat                           |
|Paraview surface                   |surface_flow.vtu                   |
+-----------------------------------------------------------------------+
+--------------------------------------+
|  Inner_Iter|    rms[Rho]|Nonphysical_|
+--------------------------------------+
|        1050|   -1.809494|           0|
|        1100|   -1.781626|           0|
|        1150|   -1.503784|           0|
|        1200|   -1.938173|           0|
|        1250|   -1.641129|           0|
|        1300|   -1.952195|           0|
|        1350|   -2.067745|           0|
|        1400|   -1.801040|           0|
|        1450|   -2.268098|           0|
|        1500|   -2.143605|           0|
|        1550|   -2.279000|           0|
|        1600|   -2.191351|           0|
|        1650|   -2.278346|           0|
|        1700|   -1.537390|           0|
|        1750|   -1.291352|           0|
|        1800|   -1.356260|           0|
|        1850|   -1.634484|           0|
|        1900|   -1.682603|           0|
|        1950|   -1.602615|           0|
|        2000|   -1.814507|           0|
+-----------------------------------------------------------------------+
|        File Writing Summary       |              Filename             |
+-----------------------------------------------------------------------+
|SU2 binary restart                 |solution.dat                       |
|SU2 ASCII restart                  |solution.csv                       |
|Paraview                           |flow.vtu                           |
|Tecplot ASCII                      |flow.dat                           |
|Paraview surface                   |surface_flow.vtu                   |
+-----------------------------------------------------------------------+
+--------------------------------------+
|  Inner_Iter|    rms[Rho]|Nonphysical_|
+--------------------------------------+
|        2050|   -2.031778|           0|
|        2100|   -1.636395|           0|
|        2150|   -2.191655|           0|
|        2200|   -2.136897|           0|
|        2250|   -2.148796|           0|
|        2300|   -2.170167|           0|
|        2350|   -2.046749|           0|
|        2400|   -2.396829|           0|
|        2450|   -1.705278|           0|
|        2500|   -1.218069|           0|
|        2550|   -1.789630|           0|
|        2600|   -1.490131|           0|
|        2650|   -1.645568|           0|
|        2700|   -1.590365|           0|
|        2750|   -1.874270|           0|
|        2800|   -1.674148|           0|
|        2850|   -1.993253|           0|
|        2900|   -1.837733|           0|
|        2950|   -1.446137|           0|
|        2999|   -1.258143|           0|

----------------------------- Solver Exit -------------------------------

Maximum number of iterations reached (ITER = 3000) before convergence.
+-----------------------------------------------------------------------+
|      Convergence Field     |     Value    |   Criterion  |  Converged |
+-----------------------------------------------------------------------+
+-----------------------------------------------------------------------+
-------------------------------------------------------------------------
+-----------------------------------------------------------------------+
|        File Writing Summary       |              Filename             |
+-----------------------------------------------------------------------+
|SU2 binary restart                 |solution.dat                       |
|SU2 ASCII restart                  |solution.csv                       |
|Paraview                           |flow.vtu                           |
|Tecplot ASCII                      |flow.dat                           |
|Paraview surface                   |surface_flow.vtu                   |
+-----------------------------------------------------------------------+

------------------------- Solver Postprocessing -------------------------
Deleted CNumerics container.
Deleted CIntegration container.
Deleted CSolver container.
Deleted CIteration container.
Deleted CInterface container.
Deleted CGeometry container.
Deleted CFreeFormDefBox class.
Deleted CSurfaceMovement class.
Deleted CVolumetricMovement class.
Deleted CConfig container.
Deleted nInst container.
Deleted COutput class.
-------------------------------------------------------------------------

------------------------- Exit Success (SU2_CFD) ------------------------



=======================================================================
=======================================================================
                       PREPROCESSING - LEVEL 6
 
  -------------------------------------------------------------------
    NODE-PAIR CODE   -   PREPROCESSING PHASE
  -------------------------------------------------------------------
    Department of Aerospace Engineering - Politecnico di Milano
    authors: Alberto Guardone, Marco Fossati
 
    Warning: Check the status of file CORNERS.grid_name
 
 
    Domain nodes:        15354
    Boundary nodes:         1242
    Domain elements:        22125
    Boundary elements:          621
 
    Generating node-pairs...
    I have found        53398  node-pairs in the domain
    I have found          621  node-pairs in the boundary
 
    Generating metric quantities...
    Domain finite element metrics...
    Domain finite volumes metrics...
    Boundary metrics...
 
    Checking metric consistency...
      FEM maximum eta residual on DOMAIN points --->  1.0270733073992139E-26
      - on domain node          204
      - of coordinates   1.000000000000000E-003   3.25000000000000     
      FEM maximum eta residual on BOUNDARY points --->  3.1996268655707675E-26
      - on boundary node          390    (domain           165 )
      - of coordinates    57.3151785000000        16.2500000000000     
 
      Domain area (cell) =   1089.81007506797     
      Domain area (mass,mass_ii) =   1089.81007506796     
      Boundary closure (xi) =  2.720861962127052E-014
      Boundary closure (chi) =  4.304351991299644E-015
 
      FVM maximum eta residual on DOMAIN points --->  5.8283561477169503E-30
      - on domain node          258
      - of coordinates   0.497597672000000        16.2490000000000     
      FVM maximum eta residual on BOUNDARY points --->  1.3111326844131042E-25
      - on boundary node          340    (domain           140 )
      - of coordinates    36.1063178000000        16.2500000000000     
 
    done
 
    Checking AXISYMMETRIC metric consistency...
 
      FEM maximum eta residual on DOMAIN points --->  1.3302564159687078E-24
      - on domain node          608
      - of coordinates   0.497597672000000        16.2466256000000     
      FEM maximum eta residual on BOUNDARY points --->  8.9056379698041228E-24
      - on boundary node          390    (domain           165 )
      - of coordinates    57.3151785000000        16.2500000000000     
 
      Domain area (cell) =    1089.81007506797     
      Domain area (mass,mass_ii) =    1089.81007506796     
      Boundary closure (xi) =   2.956015253495175E-012
 
      FVM maximum eta residual on DOMAIN points --->  3.3685892619526321E-09
      - on domain node         3353
      - of coordinates   5.069340940000000E-002   3.20498728000000     
      FVM maximum eta residual on BOUNDARY points --->  3.9403933111648654E-01
      - on boundary node          224    (domain            82 )
      - of coordinates   0.000000000000000E+000   16.2500000000000     
      - resid -->   9.839948911148255E-003  4.166620026779810E-008
 
    done
 
 
    Generating rotation matrices...
    done
 
    Saving...
    node-pairs...
    metric quantities...
    axisymmetric metric quantities...
    done
 
    Elapsed time   0.1382E+01 s
 


=======================================================================
=======================================================================
                     MESH ADAPTATION - LEVEL 6
 
  -------------------------------------------------------------------
    DARWIN
  -------------------------------------------------------------------
    CFD Laboratory - McGill University
    2009-2012 - Marco Fossati
    Department of Aerospace Engineering - Politecnico di Milano
    2003-2009 - Alberto Guardone, Marco Fossati
 
    Reading grid 5 ...
    Reading SU2 solution
    - equations:  RANS SST model
    - thermodynamics:  not used
 
    Adapt grid from level 5 to level 6
    Averaging error...
    Quality enforcement...
    - edges marked for quality enforcement:       13
 
    Grid 1 nodes     8767 element    12885
    Grid 2 nodes     9852 element    14086
    Grid 3 nodes    11752 element    16467
    Grid 4 nodes    14331 element    20274
    Grid 5 nodes    15354 element    22125
    Grid 6 nodes    15972 element    23358
 
    Postprocessing
    - errors.INL.plt
    - admesh.INL.plt
    - admesh.INL.su2
 


=======================================================================
=======================================================================
                            SU2 - LEVEL 6



MPI - REPORT BINDINGS:

-------------------------------------------------------------------------
|    ___ _   _ ___                                                      |
|   / __| | | |_  )   Release 7.5.1 "Blackbird"                         |
|   \__ \ |_| |/ /                                                      |
|   |___/\___//___|   Suite (Computational Fluid Dynamics Code)         |
|                                                                       |
-------------------------------------------------------------------------
| SU2 Project Website: https://su2code.github.io                        |
|                                                                       |
| The SU2 Project is maintained by the SU2 Foundation                   |
| (http://su2foundation.org)                                            |
-------------------------------------------------------------------------
| Copyright 2012-2023, SU2 Contributors                                 |
|                                                                       |
| SU2 is free software; you can redistribute it and/or                  |
| modify it under the terms of the GNU Lesser General Public            |
| License as published by the Free Software Foundation; either          |
| version 2.1 of the License, or (at your option) any later version.    |
|                                                                       |
| SU2 is distributed in the hope that it will be useful,                |
| but WITHOUT ANY WARRANTY; without even the implied warranty of        |
| MERCHANTABILITY or FITNESS FOR A PARTICULAR PURPOSE. See the GNU      |
| Lesser General Public License for more details.                       |
|                                                                       |
| You should have received a copy of the GNU Lesser General Public      |
| License along with SU2. If not, see <http://www.gnu.org/licenses/>.   |
-------------------------------------------------------------------------

Parsing config file for zone 0

----------------- Physical Case Definition ( Zone 0 ) -------------------
Compressible RANS equations.
Turbulence model: Menter's k-omega SST-2003m with sustaining terms, and with Vorticity production.
Hybrid RANS/LES: No Hybrid RANS/LES
Mach number: 0.001.
Angle of attack (AoA): 0 deg, and angle of sideslip (AoS): 0 deg.
Reynolds number: 0. Reference length 1.
Reading and writing binary SU2 native restart files.
Read flow solution from: solution_interpolated.dat.
Dimensional simulation.
The reference area is 1 m^2.
The semi-span will be computed using the max y(3D) value.
The reference length is 1 m.
Reference origin for moment evaluation is (0, 0, 0).
Surface(s) where the force coefficients are evaluated: 4.

Surface(s) plotted in the output file: 4.
Surface(s) to be analyzed in detail: 4.
Input mesh file name: admesh.INL.su2

--------------- Space Numerical Integration ( Zone 0 ) ------------------
Roe (with entropy fix = 1) solver for the flow inviscid terms.
Standard Roe without low-dissipation function.
Second order integration in space, with slope limiter.
Venkatakrishnan slope-limiting method, with constant: 0.05.
The reference element size is: 1. 
Scalar upwind solver for the turbulence model.
First order integration in space.
Average of gradients with correction (viscous flow terms).
Average of gradients with correction (viscous turbulence terms).
Gradient for upwind reconstruction: unweighted Least-Squares.
Gradient for viscous and source terms: Green-Gauss.

--------------- Time Numerical Integration  ( Zone 0 ) ------------------
Local time stepping (steady state simulation).
Euler implicit method for the flow equations.
FGMRES is used for solving the linear system.
Using a ILU(0) preconditioning.
Convergence criteria of the linear solver: 1e-06.
Max number of linear iterations: 20.
CFL adaptation. Factor down: 0.5, factor up: 1.25,
                lower limit: 0.1, upper limit: 5,
                acceptable linear residual: 0.001.
Courant-Friedrichs-Lewy number:        1
Euler implicit time integration for the turbulence model.

------------------ Convergence Criteria  ( Zone 0 ) ---------------------
Maximum number of solver subiterations: 3000.
Begin convergence monitoring at iteration 10.
Residual minimum value: 1e-20.
Cauchy series min. value: 1e-10.
Number of Cauchy elements: 100.
Begin windowed time average at iteration 0.

-------------------- Output Information ( Zone 0 ) ----------------------
File writing frequency: 
+------------------------------------+
|                     File| Frequency|
+------------------------------------+
|                  RESTART|      1000|
|            RESTART_ASCII|      1000|
|                 PARAVIEW|      1000|
|            TECPLOT_ASCII|      1000|
|         SURFACE_PARAVIEW|      1000|
+------------------------------------+
Writing the convergence history file every 1 inner iterations.
Writing the screen convergence history every 50 inner iterations.
The tabular file format is CSV (.csv).
Convergence history file name: history_2nd.
Forces breakdown file name: forces_breakdown.dat.
Surface file name: surface_flow.
Volume file name: flow.
Restart file name: solution.dat.

------------- Config File Boundary Information ( Zone 0 ) ---------------
+-----------------------------------------------------------------------+
|                        Marker Type|                        Marker Name|
+-----------------------------------------------------------------------+
|                     Symmetry plane|                                  6|
+-----------------------------------------------------------------------+
|                   Riemann boundary|                                  1|
|                                   |                                  5|
+-----------------------------------------------------------------------+
|                     Heat flux wall|                                 w2|
|                                   |                                 w3|
|                                   |                                 w4|
+-----------------------------------------------------------------------+

-------------------- Output Preprocessing ( Zone 0 ) --------------------

WARNING: SURFACE_PRESSURE_DROP can only be computed for at least 2 surfaces (outlet, inlet, ...)

Screen output fields: INNER_ITER, RMS_DENSITY, NONPHYSICAL_POINTS
History output group(s): ITER, RMS_RES
Ignoring Convergence Field(s): RESIDUAL 
Warning: No (valid) fields chosen for convergence monitoring. Convergence monitoring inactive.
Warning: No (valid) fields chosen for time convergence monitoring. Time convergence monitoring inactive.
Volume output fields: COORDINATES, SOLUTION, PRIMITIVE

------------------- Geometry Preprocessing ( Zone 0 ) -------------------
Two dimensional problem.
15972 grid points before partitioning.
23358 volume elements before partitioning.
6 surface markers.
31 boundary elements in index 0 (Marker = 1).
247 boundary elements in index 1 (Marker = w2).
67 boundary elements in index 2 (Marker = w3).
91 boundary elements in index 3 (Marker = w4).
35 boundary elements in index 4 (Marker = 5).
153 boundary elements in index 5 (Marker = 6).
Executing the partitioning functions.
Building the graph adjacency structure.
Calling ParMETIS... graph partitioning complete (664 edge cuts).
Distributing ParMETIS coloring.
Rebalancing vertices.
Rebalancing volume element connectivity.
Rebalancing markers and surface elements.
16793 vertices including ghost points. 
24020 interior elements including halo cells. 
15915 triangles.
8105 quadrilaterals.
Establishing MPI communication patterns.
Setting point connectivity.
Renumbering points (Reverse Cuthill McKee Ordering).
Recomputing point connectivity.
Setting element connectivity.
Checking the numerical grid orientation.
All volume elements are correctly orientend.
There has been a re-orientation of 633 LINE surface elements.
Identifying edges and vertices.
Setting the control volume structure.
Area of the computational grid: 1124.39.
Searching for the closest normal neighbors to the surfaces.
Storing a mapping from global to local point index.
Compute the surface curvature.
Max K: 104.146. Mean K: 0.506999. Standard deviation K: 5.98626.
Checking for periodicity.
Computing mesh quality statistics for the dual control volumes.
+--------------------------------------------------------------+
|           Mesh Quality Metric|        Minimum|        Maximum|
+--------------------------------------------------------------+
|    Orthogonality Angle (deg.)|         24.531|             90|
|     CV Face Area Aspect Ratio|        1.00026|        1965.41|
|           CV Sub-Volume Ratio|              1|        209.149|
+--------------------------------------------------------------+
Finding max control volume width.
Communicating number of neighbors.
Wetted area = 0 m^2.
Area projection in the x-plane = 0 m, y-plane = 0 m.
Max. coordinate in the x-direction = -1e+10 m, y-direction = -1e+10 m.
Min. coordinate in the x-direction = 1e+10 m, y-direction = 1e+10 m.
Checking if Euler & Symmetry markers are straight/plane:
Boundary marker 6 is a single straight.
Computing wall distances.

-------------------- Solver Preprocessing ( Zone 0 ) --------------------
Viscous flow: Computing pressure using the ideal gas law
based on the free-stream temperature and a density computed
from the Reynolds number.
Force coefficients computed using free-stream values.

-- Models:
+------------------------------------------------------------------------------+
|          Viscosity Model|        Conductivity Model|              Fluid Model|
+------------------------------------------------------------------------------+
|               SUTHERLAND|          CONSTANT_PRANDTL|                IDEAL_GAS|
+------------------------------------------------------------------------------+
-- Fluid properties:
+------------------------------------------------------------------------------+
|                  Name|    Dim. value|    Ref. value|      Unit|Non-dim. value|
+------------------------------------------------------------------------------+
|        Ref. Viscosity|     1.716e-05|             1|   N.s/m^2|     1.716e-05|
|      Sutherland Temp.|        273.15|             1|         K|        273.15|
|     Sutherland Const.|         110.4|             1|         K|         110.4|
+------------------------------------------------------------------------------+
|        Prandtl (Lam.)|             -|             -|         -|          0.72|
|       Prandtl (Turb.)|             -|             -|         -|           0.9|
+------------------------------------------------------------------------------+
|          Gas Constant|           297|             1|  N.m/kg.K|           297|
|      Spec. Heat Ratio|             -|             -|         -|           1.4|
+------------------------------------------------------------------------------+
-- Initial and free-stream conditions:
+------------------------------------------------------------------------------+
|                  Name|    Dim. value|    Ref. value|      Unit|Non-dim. value|
+------------------------------------------------------------------------------+
|       Static Pressure|        800000|             1|        Pa|        800000|
|               Density|       7.99289|             1|    kg/m^3|       7.99289|
|           Temperature|           337|             1|         K|           337|
|          Total Energy|        250223|             1|   m^2/s^2|        250223|
|            Velocity-X|      0.374332|             1|       m/s|      0.374332|
|            Velocity-Y|             0|             1|       m/s|             0|
|    Velocity Magnitude|      0.374332|             1|       m/s|      0.374332|
+------------------------------------------------------------------------------+
|             Viscosity|   2.01598e-05|             1|   N.s/m^2|   2.01598e-05|
|          Conductivity|             -|             1|   W/m^2.K|             -|
|     Turb. Kin. Energy|   0.000525467|             1|   m^2/s^2|   0.000525467|
|     Spec. Dissipation|       20.8335|             1|       1/s|       20.8335|
+------------------------------------------------------------------------------+
|           Mach Number|             -|             -|         -|         0.001|
|       Reynolds Number|             -|             -|         -|        148414|
+------------------------------------------------------------------------------+
Initialize Jacobian structure (Navier-Stokes). MG level: 0.
Initialize Jacobian structure (SST model).

The number of points in the restart file (15354) does not match the mesh (15972).
A recursive nearest neighbor interpolation will be performed.
Number of recursions: 1.
Elapsed time: 0.0115909s.


The number of points in the restart file (15354) does not match the mesh (15972).
A recursive nearest neighbor interpolation will be performed.
Number of recursions: 1.
Elapsed time: 0.0125558s.


------------------- Numerics Preprocessing ( Zone 0 ) -------------------

----------------- Integration Preprocessing ( Zone 0 ) ------------------

------------------- Iteration Preprocessing ( Zone 0 ) ------------------
Euler/Navier-Stokes/RANS fluid iteration.

------------------------------ Begin Solver -----------------------------

Simulation Run using the Single-zone Driver
WARNING: SU2 was not compiled for an AVX-capable architecture. Performance could be better,
         see https://su2code.github.io/docs_v7/Build-SU2-Linux-MacOS/#compiler-optimizations
+--------------------------------------+
|  Inner_Iter|    rms[Rho]|Nonphysical_|
+--------------------------------------+
|           0|   -0.175226|           0|
|          50|   -1.280824|           0|
|         100|   -1.207678|           0|
|         150|   -1.486462|           0|
|         200|   -1.490091|           0|
|         250|   -1.734238|           0|
|         300|   -1.549914|           0|
|         350|   -1.651796|           0|
|         400|   -1.927151|           0|
|         450|   -1.294564|           0|
|         500|   -1.717463|           0|
|         550|   -1.645146|           0|
|         600|   -1.586120|           0|
|         650|   -1.396722|           0|
|         700|   -1.945348|           0|
|         750|   -1.717119|           0|
|         800|   -1.927719|           0|
|         850|   -2.184399|           0|
|         900|   -1.774901|           0|
|         950|   -2.141223|           0|
|        1000|   -2.088052|           0|
+-----------------------------------------------------------------------+
|        File Writing Summary       |              Filename             |
+-----------------------------------------------------------------------+
|SU2 binary restart                 |solution.dat                       |
|SU2 ASCII restart                  |solution.csv                       |
|Paraview                           |flow.vtu                           |
|Tecplot ASCII                      |flow.dat                           |
|Paraview surface                   |surface_flow.vtu                   |
+-----------------------------------------------------------------------+
+--------------------------------------+
|  Inner_Iter|    rms[Rho]|Nonphysical_|
+--------------------------------------+
|        1050|   -1.915159|           0|
|        1100|   -1.332591|           0|
|        1150|   -1.357987|           0|
|        1200|   -1.596978|           0|
|        1250|   -1.544689|           0|
|        1300|   -1.899572|           0|
|        1350|   -1.625096|           0|
|        1400|   -1.978290|           0|
|        1450|   -1.897958|           0|
|        1500|   -2.138092|           0|
|        1550|   -1.653420|           0|
|        1600|   -1.935614|           0|
|        1650|   -1.624164|           0|
|        1700|   -2.303557|           0|
|        1750|   -1.795559|           0|
|        1800|   -1.378932|           0|
|        1850|   -1.834467|           0|
|        1900|   -1.302761|           0|
|        1950|   -1.693708|           0|
|        2000|   -1.504164|           0|
+-----------------------------------------------------------------------+
|        File Writing Summary       |              Filename             |
+-----------------------------------------------------------------------+
|SU2 binary restart                 |solution.dat                       |
|SU2 ASCII restart                  |solution.csv                       |
|Paraview                           |flow.vtu                           |
|Tecplot ASCII                      |flow.dat                           |
|Paraview surface                   |surface_flow.vtu                   |
+-----------------------------------------------------------------------+
+--------------------------------------+
|  Inner_Iter|    rms[Rho]|Nonphysical_|
+--------------------------------------+
|        2050|   -1.945606|           0|
|        2100|   -1.980381|           0|
|        2150|   -1.974350|           0|
|        2200|   -2.144375|           0|
|        2250|   -2.205283|           0|
|        2300|   -2.015679|           0|
|        2350|   -2.064515|           0|
|        2400|   -1.328580|           0|
|        2450|   -1.346269|           0|
|        2500|   -1.722449|           0|
|        2550|   -1.663029|           0|
|        2600|   -1.962570|           0|
|        2650|   -1.533553|           0|
|        2700|   -2.072701|           0|
|        2750|   -1.485176|           0|
|        2800|   -1.309184|           0|
|        2850|   -1.656100|           0|
|        2900|   -1.290799|           0|
|        2950|   -1.770089|           0|
|        2999|   -1.309624|           0|

----------------------------- Solver Exit -------------------------------

Maximum number of iterations reached (ITER = 3000) before convergence.
+-----------------------------------------------------------------------+
|      Convergence Field     |     Value    |   Criterion  |  Converged |
+-----------------------------------------------------------------------+
+-----------------------------------------------------------------------+
-------------------------------------------------------------------------
+-----------------------------------------------------------------------+
|        File Writing Summary       |              Filename             |
+-----------------------------------------------------------------------+
|SU2 binary restart                 |solution.dat                       |
|SU2 ASCII restart                  |solution.csv                       |
|Paraview                           |flow.vtu                           |
|Tecplot ASCII                      |flow.dat                           |
|Paraview surface                   |surface_flow.vtu                   |
+-----------------------------------------------------------------------+

------------------------- Solver Postprocessing -------------------------
Deleted CNumerics container.
Deleted CIntegration container.
Deleted CSolver container.
Deleted CIteration container.
Deleted CInterface container.
Deleted CGeometry container.
Deleted CFreeFormDefBox class.
Deleted CSurfaceMovement class.
Deleted CVolumetricMovement class.
Deleted CConfig container.
Deleted nInst container.
Deleted COutput class.
-------------------------------------------------------------------------

------------------------- Exit Success (SU2_CFD) ------------------------



=======================================================================
=======================================================================
                       PREPROCESSING - LEVEL 7
 
  -------------------------------------------------------------------
    NODE-PAIR CODE   -   PREPROCESSING PHASE
  -------------------------------------------------------------------
    Department of Aerospace Engineering - Politecnico di Milano
    authors: Alberto Guardone, Marco Fossati
 
    Warning: Check the status of file CORNERS.grid_name
 
 
    Domain nodes:        15972
    Boundary nodes:         1248
    Domain elements:        23358
    Boundary elements:          624
 
    Generating node-pairs...
    I have found        55249  node-pairs in the domain
    I have found          624  node-pairs in the boundary
 
    Generating metric quantities...
    Domain finite element metrics...
    Domain finite volumes metrics...
    Boundary metrics...
 
    Checking metric consistency...
      FEM maximum eta residual on DOMAIN points --->  1.0270733073992139E-26
      - on domain node          204
      - of coordinates   1.000000000000000E-003   3.25000000000000     
      FEM maximum eta residual on BOUNDARY points --->  3.1996268655707675E-26
      - on boundary node          390    (domain           165 )
      - of coordinates    57.3151785000000        16.2500000000000     
 
      Domain area (cell) =   1089.81007506797     
      Domain area (mass,mass_ii) =   1089.81007506796     
      Boundary closure (xi) =  2.432300764833220E-014
      Boundary closure (chi) =  4.722201527687396E-015
 
      FVM maximum eta residual on DOMAIN points --->  5.8283561477169503E-30
      - on domain node          258
      - of coordinates   0.497597672000000        16.2490000000000     
      FVM maximum eta residual on BOUNDARY points --->  1.3111326844131042E-25
      - on boundary node          340    (domain           140 )
      - of coordinates    36.1063178000000        16.2500000000000     
 
    done
 
    Checking AXISYMMETRIC metric consistency...
 
      FEM maximum eta residual on DOMAIN points --->  1.3302564159687078E-24
      - on domain node          608
      - of coordinates   0.497597672000000        16.2466256000000     
      FEM maximum eta residual on BOUNDARY points --->  8.9056379698041228E-24
      - on boundary node          390    (domain           165 )
      - of coordinates    57.3151785000000        16.2500000000000     
 
      Domain area (cell) =    1089.81007506797     
      Domain area (mass,mass_ii) =    1089.81007506796     
      Boundary closure (xi) =   1.091397907119309E-011
 
      FVM maximum eta residual on DOMAIN points --->  3.4021162472381100E-09
      - on domain node         3353
      - of coordinates   5.069340940000000E-002   3.20498728000000     
      FVM maximum eta residual on BOUNDARY points --->  3.9403933111648654E-01
      - on boundary node          224    (domain            82 )
      - of coordinates   0.000000000000000E+000   16.2500000000000     
      - resid -->   9.839948911148255E-003  4.166620026779810E-008
 
    done
 
 
    Generating rotation matrices...
    done
 
    Saving...
    node-pairs...
    metric quantities...
    axisymmetric metric quantities...
    done
 
    Elapsed time   0.1443E+01 s
 


=======================================================================
=======================================================================
                     MESH ADAPTATION - LEVEL 7
 
  -------------------------------------------------------------------
    DARWIN
  -------------------------------------------------------------------
    CFD Laboratory - McGill University
    2009-2012 - Marco Fossati
    Department of Aerospace Engineering - Politecnico di Milano
    2003-2009 - Alberto Guardone, Marco Fossati
 
    Reading grid 6 ...
    Reading SU2 solution
    - equations:  RANS SST model
    - thermodynamics:  not used
 
    Adapt grid from level 6 to level 7
    Averaging error...
    Quality enforcement...
    - edges marked for quality enforcement:       15
 
    Grid 1 nodes     8767 element    12885
    Grid 2 nodes     9852 element    14086
    Grid 3 nodes    11752 element    16467
    Grid 4 nodes    14331 element    20274
    Grid 5 nodes    15354 element    22125
    Grid 6 nodes    15972 element    23358
    Grid 7 nodes    16887 element    25185
 
    Postprocessing
    - errors.INL.plt
    - admesh.INL.plt
    - admesh.INL.su2
 


=======================================================================
=======================================================================
                            SU2 - LEVEL 7



MPI - REPORT BINDINGS:

-------------------------------------------------------------------------
|    ___ _   _ ___                                                      |
|   / __| | | |_  )   Release 7.5.1 "Blackbird"                         |
|   \__ \ |_| |/ /                                                      |
|   |___/\___//___|   Suite (Computational Fluid Dynamics Code)         |
|                                                                       |
-------------------------------------------------------------------------
| SU2 Project Website: https://su2code.github.io                        |
|                                                                       |
| The SU2 Project is maintained by the SU2 Foundation                   |
| (http://su2foundation.org)                                            |
-------------------------------------------------------------------------
| Copyright 2012-2023, SU2 Contributors                                 |
|                                                                       |
| SU2 is free software; you can redistribute it and/or                  |
| modify it under the terms of the GNU Lesser General Public            |
| License as published by the Free Software Foundation; either          |
| version 2.1 of the License, or (at your option) any later version.    |
|                                                                       |
| SU2 is distributed in the hope that it will be useful,                |
| but WITHOUT ANY WARRANTY; without even the implied warranty of        |
| MERCHANTABILITY or FITNESS FOR A PARTICULAR PURPOSE. See the GNU      |
| Lesser General Public License for more details.                       |
|                                                                       |
| You should have received a copy of the GNU Lesser General Public      |
| License along with SU2. If not, see <http://www.gnu.org/licenses/>.   |
-------------------------------------------------------------------------

Parsing config file for zone 0

----------------- Physical Case Definition ( Zone 0 ) -------------------
Compressible RANS equations.
Turbulence model: Menter's k-omega SST-2003m with sustaining terms, and with Vorticity production.
Hybrid RANS/LES: No Hybrid RANS/LES
Mach number: 0.001.
Angle of attack (AoA): 0 deg, and angle of sideslip (AoS): 0 deg.
Reynolds number: 0. Reference length 1.
Reading and writing binary SU2 native restart files.
Read flow solution from: solution_interpolated.dat.
Dimensional simulation.
The reference area is 1 m^2.
The semi-span will be computed using the max y(3D) value.
The reference length is 1 m.
Reference origin for moment evaluation is (0, 0, 0).
Surface(s) where the force coefficients are evaluated: 4.

Surface(s) plotted in the output file: 4.
Surface(s) to be analyzed in detail: 4.
Input mesh file name: admesh.INL.su2

--------------- Space Numerical Integration ( Zone 0 ) ------------------
Roe (with entropy fix = 1) solver for the flow inviscid terms.
Standard Roe without low-dissipation function.
Second order integration in space, with slope limiter.
Venkatakrishnan slope-limiting method, with constant: 0.05.
The reference element size is: 1. 
Scalar upwind solver for the turbulence model.
First order integration in space.
Average of gradients with correction (viscous flow terms).
Average of gradients with correction (viscous turbulence terms).
Gradient for upwind reconstruction: unweighted Least-Squares.
Gradient for viscous and source terms: Green-Gauss.

--------------- Time Numerical Integration  ( Zone 0 ) ------------------
Local time stepping (steady state simulation).
Euler implicit method for the flow equations.
FGMRES is used for solving the linear system.
Using a ILU(0) preconditioning.
Convergence criteria of the linear solver: 1e-06.
Max number of linear iterations: 20.
CFL adaptation. Factor down: 0.5, factor up: 1.25,
                lower limit: 0.1, upper limit: 5,
                acceptable linear residual: 0.001.
Courant-Friedrichs-Lewy number:        1
Euler implicit time integration for the turbulence model.

------------------ Convergence Criteria  ( Zone 0 ) ---------------------
Maximum number of solver subiterations: 3000.
Begin convergence monitoring at iteration 10.
Residual minimum value: 1e-20.
Cauchy series min. value: 1e-10.
Number of Cauchy elements: 100.
Begin windowed time average at iteration 0.

-------------------- Output Information ( Zone 0 ) ----------------------
File writing frequency: 
+------------------------------------+
|                     File| Frequency|
+------------------------------------+
|                  RESTART|      1000|
|            RESTART_ASCII|      1000|
|                 PARAVIEW|      1000|
|            TECPLOT_ASCII|      1000|
|         SURFACE_PARAVIEW|      1000|
+------------------------------------+
Writing the convergence history file every 1 inner iterations.
Writing the screen convergence history every 50 inner iterations.
The tabular file format is CSV (.csv).
Convergence history file name: history_2nd.
Forces breakdown file name: forces_breakdown.dat.
Surface file name: surface_flow.
Volume file name: flow.
Restart file name: solution.dat.

------------- Config File Boundary Information ( Zone 0 ) ---------------
+-----------------------------------------------------------------------+
|                        Marker Type|                        Marker Name|
+-----------------------------------------------------------------------+
|                     Symmetry plane|                                  6|
+-----------------------------------------------------------------------+
|                   Riemann boundary|                                  1|
|                                   |                                  5|
+-----------------------------------------------------------------------+
|                     Heat flux wall|                                 w2|
|                                   |                                 w3|
|                                   |                                 w4|
+-----------------------------------------------------------------------+

-------------------- Output Preprocessing ( Zone 0 ) --------------------

WARNING: SURFACE_PRESSURE_DROP can only be computed for at least 2 surfaces (outlet, inlet, ...)

Screen output fields: INNER_ITER, RMS_DENSITY, NONPHYSICAL_POINTS
History output group(s): ITER, RMS_RES
Ignoring Convergence Field(s): RESIDUAL 
Warning: No (valid) fields chosen for convergence monitoring. Convergence monitoring inactive.
Warning: No (valid) fields chosen for time convergence monitoring. Time convergence monitoring inactive.
Volume output fields: COORDINATES, SOLUTION, PRIMITIVE

------------------- Geometry Preprocessing ( Zone 0 ) -------------------
Two dimensional problem.
16887 grid points before partitioning.
25185 volume elements before partitioning.
6 surface markers.
31 boundary elements in index 0 (Marker = 1).
247 boundary elements in index 1 (Marker = w2).
67 boundary elements in index 2 (Marker = w3).
91 boundary elements in index 3 (Marker = w4).
35 boundary elements in index 4 (Marker = 5).
156 boundary elements in index 5 (Marker = 6).
Executing the partitioning functions.
Building the graph adjacency structure.
Calling ParMETIS... graph partitioning complete (680 edge cuts).
Distributing ParMETIS coloring.
Rebalancing vertices.
Rebalancing volume element connectivity.
Rebalancing markers and surface elements.
17733 vertices including ghost points. 
25859 interior elements including halo cells. 
17741 triangles.
8118 quadrilaterals.
Establishing MPI communication patterns.
Setting point connectivity.
Renumbering points (Reverse Cuthill McKee Ordering).
Recomputing point connectivity.
Setting element connectivity.
Checking the numerical grid orientation.
All volume elements are correctly orientend.
There has been a re-orientation of 640 LINE surface elements.
Identifying edges and vertices.
Setting the control volume structure.
Area of the computational grid: 1117.5.
Searching for the closest normal neighbors to the surfaces.
Storing a mapping from global to local point index.
Compute the surface curvature.
Max K: 104.146. Mean K: 0.504596. Standard deviation K: 5.97216.
Checking for periodicity.
Computing mesh quality statistics for the dual control volumes.
+--------------------------------------------------------------+
|           Mesh Quality Metric|        Minimum|        Maximum|
+--------------------------------------------------------------+
|    Orthogonality Angle (deg.)|        24.2015|             90|
|     CV Face Area Aspect Ratio|        1.00007|        1965.41|
|           CV Sub-Volume Ratio|              1|         209.23|
+--------------------------------------------------------------+
Finding max control volume width.
Communicating number of neighbors.
Wetted area = 0 m^2.
Area projection in the x-plane = 0 m, y-plane = 0 m.
Max. coordinate in the x-direction = -1e+10 m, y-direction = -1e+10 m.
Min. coordinate in the x-direction = 1e+10 m, y-direction = 1e+10 m.
Checking if Euler & Symmetry markers are straight/plane:
Boundary marker 6 is a single straight.
Computing wall distances.

-------------------- Solver Preprocessing ( Zone 0 ) --------------------
Viscous flow: Computing pressure using the ideal gas law
based on the free-stream temperature and a density computed
from the Reynolds number.
Force coefficients computed using free-stream values.

-- Models:
+------------------------------------------------------------------------------+
|          Viscosity Model|        Conductivity Model|              Fluid Model|
+------------------------------------------------------------------------------+
|               SUTHERLAND|          CONSTANT_PRANDTL|                IDEAL_GAS|
+------------------------------------------------------------------------------+
-- Fluid properties:
+------------------------------------------------------------------------------+
|                  Name|    Dim. value|    Ref. value|      Unit|Non-dim. value|
+------------------------------------------------------------------------------+
|        Ref. Viscosity|     1.716e-05|             1|   N.s/m^2|     1.716e-05|
|      Sutherland Temp.|        273.15|             1|         K|        273.15|
|     Sutherland Const.|         110.4|             1|         K|         110.4|
+------------------------------------------------------------------------------+
|        Prandtl (Lam.)|             -|             -|         -|          0.72|
|       Prandtl (Turb.)|             -|             -|         -|           0.9|
+------------------------------------------------------------------------------+
|          Gas Constant|           297|             1|  N.m/kg.K|           297|
|      Spec. Heat Ratio|             -|             -|         -|           1.4|
+------------------------------------------------------------------------------+
-- Initial and free-stream conditions:
+------------------------------------------------------------------------------+
|                  Name|    Dim. value|    Ref. value|      Unit|Non-dim. value|
+------------------------------------------------------------------------------+
|       Static Pressure|        800000|             1|        Pa|        800000|
|               Density|       7.99289|             1|    kg/m^3|       7.99289|
|           Temperature|           337|             1|         K|           337|
|          Total Energy|        250223|             1|   m^2/s^2|        250223|
|            Velocity-X|      0.374332|             1|       m/s|      0.374332|
|            Velocity-Y|             0|             1|       m/s|             0|
|    Velocity Magnitude|      0.374332|             1|       m/s|      0.374332|
+------------------------------------------------------------------------------+
|             Viscosity|   2.01598e-05|             1|   N.s/m^2|   2.01598e-05|
|          Conductivity|             -|             1|   W/m^2.K|             -|
|     Turb. Kin. Energy|   0.000525467|             1|   m^2/s^2|   0.000525467|
|     Spec. Dissipation|       20.8335|             1|       1/s|       20.8335|
+------------------------------------------------------------------------------+
|           Mach Number|             -|             -|         -|         0.001|
|       Reynolds Number|             -|             -|         -|        148414|
+------------------------------------------------------------------------------+
Initialize Jacobian structure (Navier-Stokes). MG level: 0.
Initialize Jacobian structure (SST model).

The number of points in the restart file (15972) does not match the mesh (16887).
A recursive nearest neighbor interpolation will be performed.
Number of recursions: 1.
Elapsed time: 0.0165124s.


The number of points in the restart file (15972) does not match the mesh (16887).
A recursive nearest neighbor interpolation will be performed.
Number of recursions: 1.
Elapsed time: 0.014521s.


------------------- Numerics Preprocessing ( Zone 0 ) -------------------

----------------- Integration Preprocessing ( Zone 0 ) ------------------

------------------- Iteration Preprocessing ( Zone 0 ) ------------------
Euler/Navier-Stokes/RANS fluid iteration.

------------------------------ Begin Solver -----------------------------

Simulation Run using the Single-zone Driver
WARNING: SU2 was not compiled for an AVX-capable architecture. Performance could be better,
         see https://su2code.github.io/docs_v7/Build-SU2-Linux-MacOS/#compiler-optimizations
+--------------------------------------+
|  Inner_Iter|    rms[Rho]|Nonphysical_|
+--------------------------------------+
|           0|   -0.456957|           0|
|          50|   -1.345777|           0|
|         100|   -1.221225|           0|
|         150|   -1.482859|           0|
|         200|   -1.566550|           0|
|         250|   -1.246721|           0|
|         300|   -1.465499|           0|
|         350|   -1.388923|           0|
|         400|   -1.798525|           0|
|         450|   -1.287362|           0|
|         500|   -1.282666|           0|
|         550|   -1.633775|           0|
|         600|   -1.476064|           0|
|         650|   -2.009673|           0|
|         700|   -1.835960|           0|
|         750|   -1.862832|           0|
|         800|   -1.892881|           0|
|         850|   -1.677130|           0|
|         900|   -2.052168|           0|
|         950|   -2.048391|           0|
|        1000|   -2.195657|           0|
+-----------------------------------------------------------------------+
|        File Writing Summary       |              Filename             |
+-----------------------------------------------------------------------+
|SU2 binary restart                 |solution.dat                       |
|SU2 ASCII restart                  |solution.csv                       |
|Paraview                           |flow.vtu                           |
|Tecplot ASCII                      |flow.dat                           |
|Paraview surface                   |surface_flow.vtu                   |
+-----------------------------------------------------------------------+
+--------------------------------------+
|  Inner_Iter|    rms[Rho]|Nonphysical_|
+--------------------------------------+
|        1050|   -2.081361|           0|
|        1100|   -1.854707|           0|
|        1150|   -1.372250|           0|
|        1200|   -1.797305|           0|
|        1250|   -1.362108|           0|
|        1300|   -1.939164|           0|
|        1350|   -1.858573|           0|
|        1400|   -1.792162|           0|
|        1450|   -1.656197|           0|
|        1500|   -1.889627|           0|
|        1550|   -1.751737|           0|
|        1600|   -2.123503|           0|
|        1650|   -1.754464|           0|
|        1700|   -1.345135|           0|
|        1750|   -1.852299|           0|
|        1800|   -1.289145|           0|
|        1850|   -1.670626|           0|
|        1900|   -1.264214|           0|
|        1950|   -1.705038|           0|
|        2000|   -1.545565|           0|
+-----------------------------------------------------------------------+
|        File Writing Summary       |              Filename             |
+-----------------------------------------------------------------------+
|SU2 binary restart                 |solution.dat                       |
|SU2 ASCII restart                  |solution.csv                       |
|Paraview                           |flow.vtu                           |
|Tecplot ASCII                      |flow.dat                           |
|Paraview surface                   |surface_flow.vtu                   |
+-----------------------------------------------------------------------+
+--------------------------------------+
|  Inner_Iter|    rms[Rho]|Nonphysical_|
+--------------------------------------+
|        2050|   -1.959134|           0|
|        2100|   -1.356239|           0|
|        2150|   -1.635641|           0|
|        2200|   -1.505662|           0|
|        2250|   -1.734448|           0|
|        2300|   -1.252485|           0|
|        2350|   -1.816049|           0|
|        2400|   -1.370760|           0|
|        2450|   -1.788116|           0|
|        2500|   -1.835403|           0|
|        2550|   -1.362193|           0|
|        2600|   -1.338056|           0|
|        2650|   -1.555540|           0|
|        2700|   -1.286094|           0|
|        2750|   -1.252177|           0|
|        2800|   -1.334163|           0|
|        2850|   -1.421318|           0|
|        2900|   -1.565496|           0|
|        2950|   -1.710910|           0|
|        2999|   -1.662240|           0|

----------------------------- Solver Exit -------------------------------

Maximum number of iterations reached (ITER = 3000) before convergence.
+-----------------------------------------------------------------------+
|      Convergence Field     |     Value    |   Criterion  |  Converged |
+-----------------------------------------------------------------------+
+-----------------------------------------------------------------------+
-------------------------------------------------------------------------
+-----------------------------------------------------------------------+
|        File Writing Summary       |              Filename             |
+-----------------------------------------------------------------------+
|SU2 binary restart                 |solution.dat                       |
|SU2 ASCII restart                  |solution.csv                       |
|Paraview                           |flow.vtu                           |
|Tecplot ASCII                      |flow.dat                           |
|Paraview surface                   |surface_flow.vtu                   |
+-----------------------------------------------------------------------+

------------------------- Solver Postprocessing -------------------------
Deleted CNumerics container.
Deleted CIntegration container.
Deleted CSolver container.
Deleted CIteration container.
Deleted CInterface container.
Deleted CGeometry container.
Deleted CFreeFormDefBox class.
Deleted CSurfaceMovement class.
Deleted CVolumetricMovement class.
Deleted CConfig container.
Deleted nInst container.
Deleted COutput class.
-------------------------------------------------------------------------

------------------------- Exit Success (SU2_CFD) ------------------------



=======================================================================
=======================================================================
                       PREPROCESSING - LEVEL 8
 
  -------------------------------------------------------------------
    NODE-PAIR CODE   -   PREPROCESSING PHASE
  -------------------------------------------------------------------
    Department of Aerospace Engineering - Politecnico di Milano
    authors: Alberto Guardone, Marco Fossati
 
    Warning: Check the status of file CORNERS.grid_name
 
 
    Domain nodes:        16887
    Boundary nodes:         1254
    Domain elements:        25185
    Boundary elements:          627
 
    Generating node-pairs...
    I have found        57991  node-pairs in the domain
    I have found          627  node-pairs in the boundary
 
    Generating metric quantities...
    Domain finite element metrics...
    Domain finite volumes metrics...
    Boundary metrics...
 
    Checking metric consistency...
      FEM maximum eta residual on DOMAIN points --->  1.0270733073992139E-26
      - on domain node          204
      - of coordinates   1.000000000000000E-003   3.25000000000000     
      FEM maximum eta residual on BOUNDARY points --->  3.1996268655707675E-26
      - on boundary node          390    (domain           165 )
      - of coordinates    57.3151785000000        16.2500000000000     
 
      Domain area (cell) =   1089.81007506796     
      Domain area (mass,mass_ii) =   1089.81007506796     
      Boundary closure (xi) =  2.332419777319341E-014
      Boundary closure (chi) =  4.722201527687396E-015
 
      FVM maximum eta residual on DOMAIN points --->  5.8283561477169503E-30
      - on domain node          258
      - of coordinates   0.497597672000000        16.2490000000000     
      FVM maximum eta residual on BOUNDARY points --->  1.3111326844131042E-25
      - on boundary node          340    (domain           140 )
      - of coordinates    36.1063178000000        16.2500000000000     
 
    done
 
    Checking AXISYMMETRIC metric consistency...
 
      FEM maximum eta residual on DOMAIN points --->  1.3302564159687078E-24
      - on domain node          608
      - of coordinates   0.497597672000000        16.2466256000000     
      FEM maximum eta residual on BOUNDARY points --->  8.9056379698041228E-24
      - on boundary node          390    (domain           165 )
      - of coordinates    57.3151785000000        16.2500000000000     
 
      Domain area (cell) =    1089.81007506796     
      Domain area (mass,mass_ii) =    1089.81007506796     
      Boundary closure (xi) =   2.046590533021809E-012
 
      FVM maximum eta residual on DOMAIN points --->  3.4183381312504284E-09
      - on domain node         3353
      - of coordinates   5.069340940000000E-002   3.20498728000000     
      FVM maximum eta residual on BOUNDARY points --->  3.9403933111648654E-01
      - on boundary node          224    (domain            82 )
      - of coordinates   0.000000000000000E+000   16.2500000000000     
      - resid -->   9.839948911148255E-003  4.166620026779810E-008
 
    done
 
 
    Generating rotation matrices...
    done
 
    Saving...
    node-pairs...
    metric quantities...
    axisymmetric metric quantities...
    done
 
    Elapsed time   0.1516E+01 s
 


=======================================================================
=======================================================================
                     MESH ADAPTATION - LEVEL 8
 
  -------------------------------------------------------------------
    DARWIN
  -------------------------------------------------------------------
    CFD Laboratory - McGill University
    2009-2012 - Marco Fossati
    Department of Aerospace Engineering - Politecnico di Milano
    2003-2009 - Alberto Guardone, Marco Fossati
 
    Reading grid 7 ...
    Reading SU2 solution
    - equations:  RANS SST model
    - thermodynamics:  not used
 
    Adapt grid from level 7 to level 8
    Averaging error...
    Quality enforcement...
    - edges marked for quality enforcement:       18
 
    Grid 1 nodes     8767 element    12885
    Grid 2 nodes     9852 element    14086
    Grid 3 nodes    11752 element    16467
    Grid 4 nodes    14331 element    20274
    Grid 5 nodes    15354 element    22125
    Grid 6 nodes    15972 element    23358
    Grid 7 nodes    16887 element    25185
    Grid 8 nodes    18085 element    27578
 
    Postprocessing
    - errors.INL.plt
    - admesh.INL.plt
    - admesh.INL.su2
 


=======================================================================
=======================================================================
                            SU2 - LEVEL 8



MPI - REPORT BINDINGS:

-------------------------------------------------------------------------
|    ___ _   _ ___                                                      |
|   / __| | | |_  )   Release 7.5.1 "Blackbird"                         |
|   \__ \ |_| |/ /                                                      |
|   |___/\___//___|   Suite (Computational Fluid Dynamics Code)         |
|                                                                       |
-------------------------------------------------------------------------
| SU2 Project Website: https://su2code.github.io                        |
|                                                                       |
| The SU2 Project is maintained by the SU2 Foundation                   |
| (http://su2foundation.org)                                            |
-------------------------------------------------------------------------
| Copyright 2012-2023, SU2 Contributors                                 |
|                                                                       |
| SU2 is free software; you can redistribute it and/or                  |
| modify it under the terms of the GNU Lesser General Public            |
| License as published by the Free Software Foundation; either          |
| version 2.1 of the License, or (at your option) any later version.    |
|                                                                       |
| SU2 is distributed in the hope that it will be useful,                |
| but WITHOUT ANY WARRANTY; without even the implied warranty of        |
| MERCHANTABILITY or FITNESS FOR A PARTICULAR PURPOSE. See the GNU      |
| Lesser General Public License for more details.                       |
|                                                                       |
| You should have received a copy of the GNU Lesser General Public      |
| License along with SU2. If not, see <http://www.gnu.org/licenses/>.   |
-------------------------------------------------------------------------

Parsing config file for zone 0

----------------- Physical Case Definition ( Zone 0 ) -------------------
Compressible RANS equations.
Turbulence model: Menter's k-omega SST-2003m with sustaining terms, and with Vorticity production.
Hybrid RANS/LES: No Hybrid RANS/LES
Mach number: 0.001.
Angle of attack (AoA): 0 deg, and angle of sideslip (AoS): 0 deg.
Reynolds number: 0. Reference length 1.
Reading and writing binary SU2 native restart files.
Read flow solution from: solution_interpolated.dat.
Dimensional simulation.
The reference area is 1 m^2.
The semi-span will be computed using the max y(3D) value.
The reference length is 1 m.
Reference origin for moment evaluation is (0, 0, 0).
Surface(s) where the force coefficients are evaluated: 4.

Surface(s) plotted in the output file: 4.
Surface(s) to be analyzed in detail: 4.
Input mesh file name: admesh.INL.su2

--------------- Space Numerical Integration ( Zone 0 ) ------------------
Roe (with entropy fix = 1) solver for the flow inviscid terms.
Standard Roe without low-dissipation function.
Second order integration in space, with slope limiter.
Venkatakrishnan slope-limiting method, with constant: 0.05.
The reference element size is: 1. 
Scalar upwind solver for the turbulence model.
First order integration in space.
Average of gradients with correction (viscous flow terms).
Average of gradients with correction (viscous turbulence terms).
Gradient for upwind reconstruction: unweighted Least-Squares.
Gradient for viscous and source terms: Green-Gauss.

--------------- Time Numerical Integration  ( Zone 0 ) ------------------
Local time stepping (steady state simulation).
Euler implicit method for the flow equations.
FGMRES is used for solving the linear system.
Using a ILU(0) preconditioning.
Convergence criteria of the linear solver: 1e-06.
Max number of linear iterations: 20.
CFL adaptation. Factor down: 0.5, factor up: 1.25,
                lower limit: 0.1, upper limit: 5,
                acceptable linear residual: 0.001.
Courant-Friedrichs-Lewy number:        1
Euler implicit time integration for the turbulence model.

------------------ Convergence Criteria  ( Zone 0 ) ---------------------
Maximum number of solver subiterations: 3000.
Begin convergence monitoring at iteration 10.
Residual minimum value: 1e-20.
Cauchy series min. value: 1e-10.
Number of Cauchy elements: 100.
Begin windowed time average at iteration 0.

-------------------- Output Information ( Zone 0 ) ----------------------
File writing frequency: 
+------------------------------------+
|                     File| Frequency|
+------------------------------------+
|                  RESTART|      1000|
|            RESTART_ASCII|      1000|
|                 PARAVIEW|      1000|
|            TECPLOT_ASCII|      1000|
|         SURFACE_PARAVIEW|      1000|
+------------------------------------+
Writing the convergence history file every 1 inner iterations.
Writing the screen convergence history every 50 inner iterations.
The tabular file format is CSV (.csv).
Convergence history file name: history_2nd.
Forces breakdown file name: forces_breakdown.dat.
Surface file name: surface_flow.
Volume file name: flow.
Restart file name: solution.dat.

------------- Config File Boundary Information ( Zone 0 ) ---------------
+-----------------------------------------------------------------------+
|                        Marker Type|                        Marker Name|
+-----------------------------------------------------------------------+
|                     Symmetry plane|                                  6|
+-----------------------------------------------------------------------+
|                   Riemann boundary|                                  1|
|                                   |                                  5|
+-----------------------------------------------------------------------+
|                     Heat flux wall|                                 w2|
|                                   |                                 w3|
|                                   |                                 w4|
+-----------------------------------------------------------------------+

-------------------- Output Preprocessing ( Zone 0 ) --------------------

WARNING: SURFACE_PRESSURE_DROP can only be computed for at least 2 surfaces (outlet, inlet, ...)

Screen output fields: INNER_ITER, RMS_DENSITY, NONPHYSICAL_POINTS
History output group(s): ITER, RMS_RES
Ignoring Convergence Field(s): RESIDUAL 
Warning: No (valid) fields chosen for convergence monitoring. Convergence monitoring inactive.
Warning: No (valid) fields chosen for time convergence monitoring. Time convergence monitoring inactive.
Volume output fields: COORDINATES, SOLUTION, PRIMITIVE

------------------- Geometry Preprocessing ( Zone 0 ) -------------------
Two dimensional problem.
18085 grid points before partitioning.
27578 volume elements before partitioning.
6 surface markers.
31 boundary elements in index 0 (Marker = 1).
247 boundary elements in index 1 (Marker = w2).
67 boundary elements in index 2 (Marker = w3).
91 boundary elements in index 3 (Marker = w4).
35 boundary elements in index 4 (Marker = 5).
159 boundary elements in index 5 (Marker = 6).
Executing the partitioning functions.
Building the graph adjacency structure.
Calling ParMETIS... graph partitioning complete (664 edge cuts).
Distributing ParMETIS coloring.
Rebalancing vertices.
Rebalancing volume element connectivity.
Rebalancing markers and surface elements.
18886 vertices including ghost points. 
28238 interior elements including halo cells. 
20151 triangles.
8087 quadrilaterals.
Establishing MPI communication patterns.
Setting point connectivity.
Renumbering points (Reverse Cuthill McKee Ordering).
Recomputing point connectivity.
Setting element connectivity.
Checking the numerical grid orientation.
All volume elements are correctly orientend.
There has been a re-orientation of 641 LINE surface elements.
Identifying edges and vertices.
Setting the control volume structure.
Area of the computational grid: 1115.79.
Searching for the closest normal neighbors to the surfaces.
Storing a mapping from global to local point index.
Compute the surface curvature.
Max K: 104.146. Mean K: 0.502216. Standard deviation K: 5.95815.
Checking for periodicity.
Computing mesh quality statistics for the dual control volumes.
+--------------------------------------------------------------+
|           Mesh Quality Metric|        Minimum|        Maximum|
+--------------------------------------------------------------+
|    Orthogonality Angle (deg.)|        24.1113|             90|
|     CV Face Area Aspect Ratio|        1.00015|        1965.41|
|           CV Sub-Volume Ratio|              1|        209.282|
+--------------------------------------------------------------+
Finding max control volume width.
Communicating number of neighbors.
Wetted area = 0 m^2.
Area projection in the x-plane = 0 m, y-plane = 0 m.
Max. coordinate in the x-direction = -1e+10 m, y-direction = -1e+10 m.
Min. coordinate in the x-direction = 1e+10 m, y-direction = 1e+10 m.
Checking if Euler & Symmetry markers are straight/plane:
Boundary marker 6 is a single straight.
Computing wall distances.

-------------------- Solver Preprocessing ( Zone 0 ) --------------------
Viscous flow: Computing pressure using the ideal gas law
based on the free-stream temperature and a density computed
from the Reynolds number.
Force coefficients computed using free-stream values.

-- Models:
+------------------------------------------------------------------------------+
|          Viscosity Model|        Conductivity Model|              Fluid Model|
+------------------------------------------------------------------------------+
|               SUTHERLAND|          CONSTANT_PRANDTL|                IDEAL_GAS|
+------------------------------------------------------------------------------+
-- Fluid properties:
+------------------------------------------------------------------------------+
|                  Name|    Dim. value|    Ref. value|      Unit|Non-dim. value|
+------------------------------------------------------------------------------+
|        Ref. Viscosity|     1.716e-05|             1|   N.s/m^2|     1.716e-05|
|      Sutherland Temp.|        273.15|             1|         K|        273.15|
|     Sutherland Const.|         110.4|             1|         K|         110.4|
+------------------------------------------------------------------------------+
|        Prandtl (Lam.)|             -|             -|         -|          0.72|
|       Prandtl (Turb.)|             -|             -|         -|           0.9|
+------------------------------------------------------------------------------+
|          Gas Constant|           297|             1|  N.m/kg.K|           297|
|      Spec. Heat Ratio|             -|             -|         -|           1.4|
+------------------------------------------------------------------------------+
-- Initial and free-stream conditions:
+------------------------------------------------------------------------------+
|                  Name|    Dim. value|    Ref. value|      Unit|Non-dim. value|
+------------------------------------------------------------------------------+
|       Static Pressure|        800000|             1|        Pa|        800000|
|               Density|       7.99289|             1|    kg/m^3|       7.99289|
|           Temperature|           337|             1|         K|           337|
|          Total Energy|        250223|             1|   m^2/s^2|        250223|
|            Velocity-X|      0.374332|             1|       m/s|      0.374332|
|            Velocity-Y|             0|             1|       m/s|             0|
|    Velocity Magnitude|      0.374332|             1|       m/s|      0.374332|
+------------------------------------------------------------------------------+
|             Viscosity|   2.01598e-05|             1|   N.s/m^2|   2.01598e-05|
|          Conductivity|             -|             1|   W/m^2.K|             -|
|     Turb. Kin. Energy|   0.000525467|             1|   m^2/s^2|   0.000525467|
|     Spec. Dissipation|       20.8335|             1|       1/s|       20.8335|
+------------------------------------------------------------------------------+
|           Mach Number|             -|             -|         -|         0.001|
|       Reynolds Number|             -|             -|         -|        148414|
+------------------------------------------------------------------------------+
Initialize Jacobian structure (Navier-Stokes). MG level: 0.
Initialize Jacobian structure (SST model).

The number of points in the restart file (16887) does not match the mesh (18085).
A recursive nearest neighbor interpolation will be performed.
Number of recursions: 1.
Elapsed time: 0.0134096s.


The number of points in the restart file (16887) does not match the mesh (18085).
A recursive nearest neighbor interpolation will be performed.
Number of recursions: 1.
Elapsed time: 0.012754s.


------------------- Numerics Preprocessing ( Zone 0 ) -------------------

----------------- Integration Preprocessing ( Zone 0 ) ------------------

------------------- Iteration Preprocessing ( Zone 0 ) ------------------
Euler/Navier-Stokes/RANS fluid iteration.

------------------------------ Begin Solver -----------------------------

Simulation Run using the Single-zone Driver
WARNING: SU2 was not compiled for an AVX-capable architecture. Performance could be better,
         see https://su2code.github.io/docs_v7/Build-SU2-Linux-MacOS/#compiler-optimizations
+--------------------------------------+
|  Inner_Iter|    rms[Rho]|Nonphysical_|
+--------------------------------------+
|           0|   -0.548265|           0|
|          50|   -1.358036|           0|
|         100|   -1.326132|           0|
|         150|   -1.276179|           0|
|         200|   -1.317027|           0|
|         250|   -1.453551|           0|
|         300|   -1.557595|           0|
|         350|   -1.571821|           0|
|         400|   -1.608760|           0|
|         450|   -1.501931|           0|
|         500|   -1.597936|           0|
|         550|   -1.817022|           0|
|         600|   -1.383456|           0|
|         650|   -1.320728|           0|
|         700|   -1.458645|           0|
|         750|   -1.370401|           0|
|         800|   -1.527464|           0|
|         850|   -2.029935|           0|
|         900|   -1.803331|           0|
|         950|   -1.846119|           0|
|        1000|   -1.972069|           0|
+-----------------------------------------------------------------------+
|        File Writing Summary       |              Filename             |
+-----------------------------------------------------------------------+
|SU2 binary restart                 |solution.dat                       |
|SU2 ASCII restart                  |solution.csv                       |
|Paraview                           |flow.vtu                           |
|Tecplot ASCII                      |flow.dat                           |
|Paraview surface                   |surface_flow.vtu                   |
+-----------------------------------------------------------------------+
+--------------------------------------+
|  Inner_Iter|    rms[Rho]|Nonphysical_|
+--------------------------------------+
|        1050|   -1.582798|           0|
|        1100|   -2.202302|           0|
|        1150|   -2.163456|           0|
|        1200|   -2.251915|           0|
|        1250|   -1.665461|           0|
|        1300|   -1.329262|           0|
|        1350|   -1.764476|           0|
|        1400|   -1.543833|           0|
|        1450|   -1.255754|           0|
|        1500|   -1.409749|           0|
|        1550|   -1.644737|           0|
|        1600|   -1.586162|           0|
|        1650|   -1.632311|           0|
|        1700|   -1.354425|           0|
|        1750|   -1.934367|           0|
|        1800|   -1.633160|           0|
|        1850|   -1.315364|           0|
|        1900|   -1.356909|           0|
|        1950|   -1.464298|           0|
|        2000|   -1.563259|           0|
+-----------------------------------------------------------------------+
|        File Writing Summary       |              Filename             |
+-----------------------------------------------------------------------+
|SU2 binary restart                 |solution.dat                       |
|SU2 ASCII restart                  |solution.csv                       |
|Paraview                           |flow.vtu                           |
|Tecplot ASCII                      |flow.dat                           |
|Paraview surface                   |surface_flow.vtu                   |
+-----------------------------------------------------------------------+
+--------------------------------------+
|  Inner_Iter|    rms[Rho]|Nonphysical_|
+--------------------------------------+
|        2050|   -1.351677|           0|
|        2100|   -1.351274|           0|
|        2150|   -1.510934|           0|
|        2200|   -1.558646|           0|
|        2250|   -1.753913|           0|
|        2300|   -1.439347|           0|
|        2350|   -1.245960|           0|
|        2400|   -1.517878|           0|
|        2450|   -1.332830|           0|
|        2500|   -1.740439|           0|
|        2550|   -1.479609|           0|
|        2600|   -1.400117|           0|
|        2650|   -1.251954|           0|
|        2700|   -1.612040|           0|
|        2750|   -1.711700|           0|
|        2800|   -1.814782|           0|
|        2850|   -1.582208|           0|
|        2900|   -2.015451|           0|
|        2950|   -1.988006|           0|
|        2999|   -2.005526|           0|

----------------------------- Solver Exit -------------------------------

Maximum number of iterations reached (ITER = 3000) before convergence.
+-----------------------------------------------------------------------+
|      Convergence Field     |     Value    |   Criterion  |  Converged |
+-----------------------------------------------------------------------+
+-----------------------------------------------------------------------+
-------------------------------------------------------------------------
+-----------------------------------------------------------------------+
|        File Writing Summary       |              Filename             |
+-----------------------------------------------------------------------+
|SU2 binary restart                 |solution.dat                       |
|SU2 ASCII restart                  |solution.csv                       |
|Paraview                           |flow.vtu                           |
|Tecplot ASCII                      |flow.dat                           |
|Paraview surface                   |surface_flow.vtu                   |
+-----------------------------------------------------------------------+

------------------------- Solver Postprocessing -------------------------
Deleted CNumerics container.
Deleted CIntegration container.
Deleted CSolver container.
Deleted CIteration container.
Deleted CInterface container.
Deleted CGeometry container.
Deleted CFreeFormDefBox class.
Deleted CSurfaceMovement class.
Deleted CVolumetricMovement class.
Deleted CConfig container.
Deleted nInst container.
Deleted COutput class.
-------------------------------------------------------------------------

------------------------- Exit Success (SU2_CFD) ------------------------



=======================================================================
=======================================================================
                       PREPROCESSING - LEVEL 9
 
  -------------------------------------------------------------------
    NODE-PAIR CODE   -   PREPROCESSING PHASE
  -------------------------------------------------------------------
    Department of Aerospace Engineering - Politecnico di Milano
    authors: Alberto Guardone, Marco Fossati
 
    Warning: Check the status of file CORNERS.grid_name
 
 
    Domain nodes:        18085
    Boundary nodes:         1260
    Domain elements:        27578
    Boundary elements:          630
 
    Generating node-pairs...
    I have found        61582  node-pairs in the domain
    I have found          630  node-pairs in the boundary
 
    Generating metric quantities...
    Domain finite element metrics...
    Domain finite volumes metrics...
    Boundary metrics...
 
    Checking metric consistency...
      FEM maximum eta residual on DOMAIN points --->  1.0270733073992139E-26
      - on domain node          204
      - of coordinates   1.000000000000000E-003   3.25000000000000     
      FEM maximum eta residual on BOUNDARY points --->  3.1996268655707675E-26
      - on boundary node          390    (domain           165 )
      - of coordinates    57.3151785000000        16.2500000000000     
 
      Domain area (cell) =   1089.81007506797     
      Domain area (mass,mass_ii) =   1089.81007506796     
      Boundary closure (xi) =  2.598428924324478E-014
      Boundary closure (chi) =  4.722201527687396E-015
 
      FVM maximum eta residual on DOMAIN points --->  5.8283561477169503E-30
      - on domain node          258
      - of coordinates   0.497597672000000        16.2490000000000     
      FVM maximum eta residual on BOUNDARY points --->  1.3111326844131042E-25
      - on boundary node          340    (domain           140 )
      - of coordinates    36.1063178000000        16.2500000000000     
 
    done
 
    Checking AXISYMMETRIC metric consistency...
 
      FEM maximum eta residual on DOMAIN points --->  1.3302564159687078E-24
      - on domain node          608
      - of coordinates   0.497597672000000        16.2466256000000     
      FEM maximum eta residual on BOUNDARY points --->  8.9056379698041228E-24
      - on boundary node          390    (domain           165 )
      - of coordinates    57.3151785000000        16.2500000000000     
 
      Domain area (cell) =    1089.81007506797     
      Domain area (mass,mass_ii) =    1089.81007506796     
      Boundary closure (xi) =   3.638106754845607E-012
 
      FVM maximum eta residual on DOMAIN points --->  3.4268680009805779E-09
      - on domain node         3353
      - of coordinates   5.069340940000000E-002   3.20498728000000     
      FVM maximum eta residual on BOUNDARY points --->  3.9403933111648654E-01
      - on boundary node          224    (domain            82 )
      - of coordinates   0.000000000000000E+000   16.2500000000000     
      - resid -->   9.839948911148255E-003  4.166620026779810E-008
 
    done
 
 
    Generating rotation matrices...
    done
 
    Saving...
    node-pairs...
    metric quantities...
    axisymmetric metric quantities...
    done
 
    Elapsed time   0.1632E+01 s
 


=======================================================================
=======================================================================
                     MESH ADAPTATION - LEVEL 9
 
  -------------------------------------------------------------------
    DARWIN
  -------------------------------------------------------------------
    CFD Laboratory - McGill University
    2009-2012 - Marco Fossati
    Department of Aerospace Engineering - Politecnico di Milano
    2003-2009 - Alberto Guardone, Marco Fossati
 
    Reading grid 8 ...
    Reading SU2 solution
    - equations:  RANS SST model
    - thermodynamics:  not used
 
    Adapt grid from level 8 to level 9
    Averaging error...
    Quality enforcement...
    - edges marked for quality enforcement:       93
 
    Grid 1 nodes     8767 element    12885
    Grid 2 nodes     9852 element    14086
    Grid 3 nodes    11752 element    16467
    Grid 4 nodes    14331 element    20274
    Grid 5 nodes    15354 element    22125
    Grid 6 nodes    15972 element    23358
    Grid 7 nodes    16887 element    25185
    Grid 8 nodes    18085 element    27578
    Grid 9 nodes    19260 element    29842
 
    Postprocessing
    - errors.INL.plt
    - admesh.INL.plt
    - admesh.INL.su2
 


=======================================================================
=======================================================================
                            SU2 - LEVEL 9



MPI - REPORT BINDINGS:

-------------------------------------------------------------------------
|    ___ _   _ ___                                                      |
|   / __| | | |_  )   Release 7.5.1 "Blackbird"                         |
|   \__ \ |_| |/ /                                                      |
|   |___/\___//___|   Suite (Computational Fluid Dynamics Code)         |
|                                                                       |
-------------------------------------------------------------------------
| SU2 Project Website: https://su2code.github.io                        |
|                                                                       |
| The SU2 Project is maintained by the SU2 Foundation                   |
| (http://su2foundation.org)                                            |
-------------------------------------------------------------------------
| Copyright 2012-2023, SU2 Contributors                                 |
|                                                                       |
| SU2 is free software; you can redistribute it and/or                  |
| modify it under the terms of the GNU Lesser General Public            |
| License as published by the Free Software Foundation; either          |
| version 2.1 of the License, or (at your option) any later version.    |
|                                                                       |
| SU2 is distributed in the hope that it will be useful,                |
| but WITHOUT ANY WARRANTY; without even the implied warranty of        |
| MERCHANTABILITY or FITNESS FOR A PARTICULAR PURPOSE. See the GNU      |
| Lesser General Public License for more details.                       |
|                                                                       |
| You should have received a copy of the GNU Lesser General Public      |
| License along with SU2. If not, see <http://www.gnu.org/licenses/>.   |
-------------------------------------------------------------------------

Parsing config file for zone 0

----------------- Physical Case Definition ( Zone 0 ) -------------------
Compressible RANS equations.
Turbulence model: Menter's k-omega SST-2003m with sustaining terms, and with Vorticity production.
Hybrid RANS/LES: No Hybrid RANS/LES
Mach number: 0.001.
Angle of attack (AoA): 0 deg, and angle of sideslip (AoS): 0 deg.
Reynolds number: 0. Reference length 1.
Reading and writing binary SU2 native restart files.
Read flow solution from: solution_interpolated.dat.
Dimensional simulation.
The reference area is 1 m^2.
The semi-span will be computed using the max y(3D) value.
The reference length is 1 m.
Reference origin for moment evaluation is (0, 0, 0).
Surface(s) where the force coefficients are evaluated: 4.

Surface(s) plotted in the output file: 4.
Surface(s) to be analyzed in detail: 4.
Input mesh file name: admesh.INL.su2

--------------- Space Numerical Integration ( Zone 0 ) ------------------
Roe (with entropy fix = 1) solver for the flow inviscid terms.
Standard Roe without low-dissipation function.
Second order integration in space, with slope limiter.
Venkatakrishnan slope-limiting method, with constant: 0.05.
The reference element size is: 1. 
Scalar upwind solver for the turbulence model.
First order integration in space.
Average of gradients with correction (viscous flow terms).
Average of gradients with correction (viscous turbulence terms).
Gradient for upwind reconstruction: unweighted Least-Squares.
Gradient for viscous and source terms: Green-Gauss.

--------------- Time Numerical Integration  ( Zone 0 ) ------------------
Local time stepping (steady state simulation).
Euler implicit method for the flow equations.
FGMRES is used for solving the linear system.
Using a ILU(0) preconditioning.
Convergence criteria of the linear solver: 1e-06.
Max number of linear iterations: 20.
CFL adaptation. Factor down: 0.5, factor up: 1.25,
                lower limit: 0.1, upper limit: 5,
                acceptable linear residual: 0.001.
Courant-Friedrichs-Lewy number:        1
Euler implicit time integration for the turbulence model.

------------------ Convergence Criteria  ( Zone 0 ) ---------------------
Maximum number of solver subiterations: 3000.
Begin convergence monitoring at iteration 10.
Residual minimum value: 1e-20.
Cauchy series min. value: 1e-10.
Number of Cauchy elements: 100.
Begin windowed time average at iteration 0.

-------------------- Output Information ( Zone 0 ) ----------------------
File writing frequency: 
+------------------------------------+
|                     File| Frequency|
+------------------------------------+
|                  RESTART|      1000|
|            RESTART_ASCII|      1000|
|                 PARAVIEW|      1000|
|            TECPLOT_ASCII|      1000|
|         SURFACE_PARAVIEW|      1000|
+------------------------------------+
Writing the convergence history file every 1 inner iterations.
Writing the screen convergence history every 50 inner iterations.
The tabular file format is CSV (.csv).
Convergence history file name: history_2nd.
Forces breakdown file name: forces_breakdown.dat.
Surface file name: surface_flow.
Volume file name: flow.
Restart file name: solution.dat.

------------- Config File Boundary Information ( Zone 0 ) ---------------
+-----------------------------------------------------------------------+
|                        Marker Type|                        Marker Name|
+-----------------------------------------------------------------------+
|                     Symmetry plane|                                  6|
+-----------------------------------------------------------------------+
|                   Riemann boundary|                                  1|
|                                   |                                  5|
+-----------------------------------------------------------------------+
|                     Heat flux wall|                                 w2|
|                                   |                                 w3|
|                                   |                                 w4|
+-----------------------------------------------------------------------+

-------------------- Output Preprocessing ( Zone 0 ) --------------------

WARNING: SURFACE_PRESSURE_DROP can only be computed for at least 2 surfaces (outlet, inlet, ...)

Screen output fields: INNER_ITER, RMS_DENSITY, NONPHYSICAL_POINTS
History output group(s): ITER, RMS_RES
Ignoring Convergence Field(s): RESIDUAL 
Warning: No (valid) fields chosen for convergence monitoring. Convergence monitoring inactive.
Warning: No (valid) fields chosen for time convergence monitoring. Time convergence monitoring inactive.
Volume output fields: COORDINATES, SOLUTION, PRIMITIVE

------------------- Geometry Preprocessing ( Zone 0 ) -------------------
Two dimensional problem.
19260 grid points before partitioning.
29842 volume elements before partitioning.
6 surface markers.
31 boundary elements in index 0 (Marker = 1).
249 boundary elements in index 1 (Marker = w2).
69 boundary elements in index 2 (Marker = w3).
91 boundary elements in index 3 (Marker = w4).
35 boundary elements in index 4 (Marker = 5).
161 boundary elements in index 5 (Marker = 6).
Executing the partitioning functions.
Building the graph adjacency structure.
Calling ParMETIS... graph partitioning complete (591 edge cuts).
Distributing ParMETIS coloring.
Rebalancing vertices.
Rebalancing volume element connectivity.
Rebalancing markers and surface elements.
19990 vertices including ghost points. 
30430 interior elements including halo cells. 
22262 triangles.
8168 quadrilaterals.
Establishing MPI communication patterns.
Setting point connectivity.
Renumbering points (Reverse Cuthill McKee Ordering).
Recomputing point connectivity.
Setting element connectivity.
Checking the numerical grid orientation.
All volume elements are correctly orientend.
There has been a re-orientation of 646 LINE surface elements.
Identifying edges and vertices.
Setting the control volume structure.
Area of the computational grid: 1112.32.
Searching for the closest normal neighbors to the surfaces.
Storing a mapping from global to local point index.
Compute the surface curvature.
Max K: 104.146. Mean K: 0.497522. Standard deviation K: 5.93044.
Checking for periodicity.
Computing mesh quality statistics for the dual control volumes.
+--------------------------------------------------------------+
|           Mesh Quality Metric|        Minimum|        Maximum|
+--------------------------------------------------------------+
|    Orthogonality Angle (deg.)|         24.036|             90|
|     CV Face Area Aspect Ratio|        1.00046|        1965.41|
|           CV Sub-Volume Ratio|              1|        209.317|
+--------------------------------------------------------------+
Finding max control volume width.
Communicating number of neighbors.
Wetted area = 0 m^2.
Area projection in the x-plane = 0 m, y-plane = 0 m.
Max. coordinate in the x-direction = -1e+10 m, y-direction = -1e+10 m.
Min. coordinate in the x-direction = 1e+10 m, y-direction = 1e+10 m.
Checking if Euler & Symmetry markers are straight/plane:
Boundary marker 6 is a single straight.
Computing wall distances.

-------------------- Solver Preprocessing ( Zone 0 ) --------------------
Viscous flow: Computing pressure using the ideal gas law
based on the free-stream temperature and a density computed
from the Reynolds number.
Force coefficients computed using free-stream values.

-- Models:
+------------------------------------------------------------------------------+
|          Viscosity Model|        Conductivity Model|              Fluid Model|
+------------------------------------------------------------------------------+
|               SUTHERLAND|          CONSTANT_PRANDTL|                IDEAL_GAS|
+------------------------------------------------------------------------------+
-- Fluid properties:
+------------------------------------------------------------------------------+
|                  Name|    Dim. value|    Ref. value|      Unit|Non-dim. value|
+------------------------------------------------------------------------------+
|        Ref. Viscosity|     1.716e-05|             1|   N.s/m^2|     1.716e-05|
|      Sutherland Temp.|        273.15|             1|         K|        273.15|
|     Sutherland Const.|         110.4|             1|         K|         110.4|
+------------------------------------------------------------------------------+
|        Prandtl (Lam.)|             -|             -|         -|          0.72|
|       Prandtl (Turb.)|             -|             -|         -|           0.9|
+------------------------------------------------------------------------------+
|          Gas Constant|           297|             1|  N.m/kg.K|           297|
|      Spec. Heat Ratio|             -|             -|         -|           1.4|
+------------------------------------------------------------------------------+
-- Initial and free-stream conditions:
+------------------------------------------------------------------------------+
|                  Name|    Dim. value|    Ref. value|      Unit|Non-dim. value|
+------------------------------------------------------------------------------+
|       Static Pressure|        800000|             1|        Pa|        800000|
|               Density|       7.99289|             1|    kg/m^3|       7.99289|
|           Temperature|           337|             1|         K|           337|
|          Total Energy|        250223|             1|   m^2/s^2|        250223|
|            Velocity-X|      0.374332|             1|       m/s|      0.374332|
|            Velocity-Y|             0|             1|       m/s|             0|
|    Velocity Magnitude|      0.374332|             1|       m/s|      0.374332|
+------------------------------------------------------------------------------+
|             Viscosity|   2.01598e-05|             1|   N.s/m^2|   2.01598e-05|
|          Conductivity|             -|             1|   W/m^2.K|             -|
|     Turb. Kin. Energy|   0.000525467|             1|   m^2/s^2|   0.000525467|
|     Spec. Dissipation|       20.8335|             1|       1/s|       20.8335|
+------------------------------------------------------------------------------+
|           Mach Number|             -|             -|         -|         0.001|
|       Reynolds Number|             -|             -|         -|        148414|
+------------------------------------------------------------------------------+
Initialize Jacobian structure (Navier-Stokes). MG level: 0.
Initialize Jacobian structure (SST model).

The number of points in the restart file (18085) does not match the mesh (19260).
A recursive nearest neighbor interpolation will be performed.
Number of recursions: 1.
Elapsed time: 0.0181638s.


The number of points in the restart file (18085) does not match the mesh (19260).
A recursive nearest neighbor interpolation will be performed.
Number of recursions: 1.
Elapsed time: 0.0165736s.


------------------- Numerics Preprocessing ( Zone 0 ) -------------------

----------------- Integration Preprocessing ( Zone 0 ) ------------------

------------------- Iteration Preprocessing ( Zone 0 ) ------------------
Euler/Navier-Stokes/RANS fluid iteration.

------------------------------ Begin Solver -----------------------------

Simulation Run using the Single-zone Driver
WARNING: SU2 was not compiled for an AVX-capable architecture. Performance could be better,
         see https://su2code.github.io/docs_v7/Build-SU2-Linux-MacOS/#compiler-optimizations
+--------------------------------------+
|  Inner_Iter|    rms[Rho]|Nonphysical_|
+--------------------------------------+
|           0|   -0.154490|           0|
|          50|   -1.313851|           0|
|         100|   -1.265321|           0|
|         150|   -1.261894|           0|
|         200|   -1.672008|           0|
|         250|   -1.447166|           0|
|         300|   -1.695894|           0|
|         350|   -1.843206|           0|
|         400|   -1.532296|           0|
|         450|   -1.692679|           0|
|         500|   -1.658175|           0|
|         550|   -2.251195|           0|
|         600|   -2.102730|           0|
|         650|   -1.904676|           0|
|         700|   -1.389316|           0|
|         750|   -1.372998|           0|
|         800|   -1.477105|           0|
|         850|   -1.412655|           0|
|         900|   -1.669647|           0|
|         950|   -1.473764|           0|
|        1000|   -1.689977|           0|
+-----------------------------------------------------------------------+
|        File Writing Summary       |              Filename             |
+-----------------------------------------------------------------------+
|SU2 binary restart                 |solution.dat                       |
|SU2 ASCII restart                  |solution.csv                       |
|Paraview                           |flow.vtu                           |
|Tecplot ASCII                      |flow.dat                           |
|Paraview surface                   |surface_flow.vtu                   |
+-----------------------------------------------------------------------+
+--------------------------------------+
|  Inner_Iter|    rms[Rho]|Nonphysical_|
+--------------------------------------+
|        1050|   -1.872792|           0|
|        1100|   -2.034010|           0|
|        1150|   -1.777766|           0|
|        1200|   -2.466443|           0|
|        1250|   -1.886401|           0|
|        1300|   -1.318253|           0|
|        1350|   -1.695148|           0|
|        1400|   -1.429547|           0|
|        1450|   -1.389946|           0|
|        1500|   -1.360270|           0|
|        1550|   -1.616962|           0|
|        1600|   -1.590294|           0|
|        1650|   -1.427578|           0|
|        1700|   -1.873840|           0|
|        1750|   -1.808193|           0|
|        1800|   -1.852117|           0|
|        1850|   -2.022755|           0|
|        1900|   -1.635977|           0|
|        1950|   -1.874252|           0|
|        2000|   -1.637893|           0|
+-----------------------------------------------------------------------+
|        File Writing Summary       |              Filename             |
+-----------------------------------------------------------------------+
|SU2 binary restart                 |solution.dat                       |
|SU2 ASCII restart                  |solution.csv                       |
|Paraview                           |flow.vtu                           |
|Tecplot ASCII                      |flow.dat                           |
|Paraview surface                   |surface_flow.vtu                   |
+-----------------------------------------------------------------------+
+--------------------------------------+
|  Inner_Iter|    rms[Rho]|Nonphysical_|
+--------------------------------------+
|        2050|   -2.344220|           0|
|        2100|   -1.852544|           0|
|        2150|   -1.325545|           0|
|        2200|   -1.307483|           0|
|        2250|   -1.551360|           0|
|        2300|   -1.600971|           0|
|        2350|   -1.926847|           0|
|        2400|   -1.644224|           0|
|        2450|   -1.971088|           0|
|        2500|   -2.059639|           0|
|        2550|   -2.083407|           0|
|        2600|   -2.077813|           0|
|        2650|   -2.207441|           0|
|        2700|   -1.684840|           0|
|        2750|   -1.331806|           0|
|        2800|   -1.790182|           0|
|        2850|   -1.653459|           0|
|        2900|   -1.283327|           0|
|        2950|   -1.507250|           0|
|        2999|   -1.645744|           0|

----------------------------- Solver Exit -------------------------------

Maximum number of iterations reached (ITER = 3000) before convergence.
+-----------------------------------------------------------------------+
|      Convergence Field     |     Value    |   Criterion  |  Converged |
+-----------------------------------------------------------------------+
+-----------------------------------------------------------------------+
-------------------------------------------------------------------------
+-----------------------------------------------------------------------+
|        File Writing Summary       |              Filename             |
+-----------------------------------------------------------------------+
|SU2 binary restart                 |solution.dat                       |
|SU2 ASCII restart                  |solution.csv                       |
|Paraview                           |flow.vtu                           |
|Tecplot ASCII                      |flow.dat                           |
|Paraview surface                   |surface_flow.vtu                   |
+-----------------------------------------------------------------------+

------------------------- Solver Postprocessing -------------------------
Deleted CNumerics container.
Deleted CIntegration container.
Deleted CSolver container.
Deleted CIteration container.
Deleted CInterface container.
Deleted CGeometry container.
Deleted CFreeFormDefBox class.
Deleted CSurfaceMovement class.
Deleted CVolumetricMovement class.
Deleted CConfig container.
Deleted nInst container.
Deleted COutput class.
-------------------------------------------------------------------------

------------------------- Exit Success (SU2_CFD) ------------------------



=======================================================================
=======================================================================
                       PREPROCESSING - LEVEL 10
 
  -------------------------------------------------------------------
    NODE-PAIR CODE   -   PREPROCESSING PHASE
  -------------------------------------------------------------------
    Department of Aerospace Engineering - Politecnico di Milano
    authors: Alberto Guardone, Marco Fossati
 
    Warning: Check the status of file CORNERS.grid_name
 
 
    Domain nodes:        19260
    Boundary nodes:         1272
    Domain elements:        29842
    Boundary elements:          636
 
    Generating node-pairs...
    I have found        65181  node-pairs in the domain
    I have found          636  node-pairs in the boundary
 
    Generating metric quantities...
    Domain finite element metrics...
    Domain finite volumes metrics...
    Boundary metrics...
 
    Checking metric consistency...
      FEM maximum eta residual on DOMAIN points --->  1.0270733073992139E-26
      - on domain node          204
      - of coordinates   1.000000000000000E-003   3.25000000000000     
      FEM maximum eta residual on BOUNDARY points --->  3.1996268655707675E-26
      - on boundary node          390    (domain           165 )
      - of coordinates    57.3151785000000        16.2500000000000     
 
      Domain area (cell) =   1089.81007506795     
      Domain area (mass,mass_ii) =   1089.81007506795     
      Boundary closure (xi) =  2.569776615356167E-014
      Boundary closure (chi) =  4.722201527687396E-015
 
      FVM maximum eta residual on DOMAIN points --->  5.8283561477169503E-30
      - on domain node          258
      - of coordinates   0.497597672000000        16.2490000000000     
      FVM maximum eta residual on BOUNDARY points --->  1.3111326844131042E-25
      - on boundary node          340    (domain           140 )
      - of coordinates    36.1063178000000        16.2500000000000     
 
    done
 
    Checking AXISYMMETRIC metric consistency...
 
      FEM maximum eta residual on DOMAIN points --->  1.3302564159687078E-24
      - on domain node          608
      - of coordinates   0.497597672000000        16.2466256000000     
      FEM maximum eta residual on BOUNDARY points --->  8.9056379698041228E-24
      - on boundary node          390    (domain           165 )
      - of coordinates    57.3151785000000        16.2500000000000     
 
      Domain area (cell) =    1089.81007506795     
      Domain area (mass,mass_ii) =    1089.81007506795     
      Boundary closure (xi) =   3.183825613244133E-012
 
      FVM maximum eta residual on DOMAIN points --->  3.4322670077917523E-09
      - on domain node         3353
      - of coordinates   5.069340940000000E-002   3.20498728000000     
      FVM maximum eta residual on BOUNDARY points --->  3.9403933111648654E-01
      - on boundary node          224    (domain            82 )
      - of coordinates   0.000000000000000E+000   16.2500000000000     
      - resid -->   9.839948911148255E-003  4.166620026779810E-008
 
    done
 
 
    Generating rotation matrices...
    done
 
    Saving...
    node-pairs...
    metric quantities...
    axisymmetric metric quantities...
    done
 
    Elapsed time   0.1728E+01 s
 


=======================================================================
=======================================================================
                     MESH ADAPTATION - LEVEL 10
 
  -------------------------------------------------------------------
    DARWIN
  -------------------------------------------------------------------
    CFD Laboratory - McGill University
    2009-2012 - Marco Fossati
    Department of Aerospace Engineering - Politecnico di Milano
    2003-2009 - Alberto Guardone, Marco Fossati
 
    Reading grid 9 ...
    Reading SU2 solution
    - equations:  RANS SST model
    - thermodynamics:  not used
 
    Adapt grid from level 9 to level *
    Averaging error...
    Quality enforcement...
    - edges marked for quality enforcement:       80
 
    Grid 1 nodes     8767 element    12885
    Grid 2 nodes     9852 element    14086
    Grid 3 nodes    11752 element    16467
    Grid 4 nodes    14331 element    20274
    Grid 5 nodes    15354 element    22125
    Grid 6 nodes    15972 element    23358
    Grid 7 nodes    16887 element    25185
    Grid 8 nodes    18085 element    27578
    Grid 9 nodes    19260 element    29842
    Grid * nodes    19920 element    31091
 
    Postprocessing
    - errors.INL.plt
    - admesh.INL.plt
    - admesh.INL.su2
 


=======================================================================
=======================================================================
                            SU2 - LEVEL 10



MPI - REPORT BINDINGS:

-------------------------------------------------------------------------
|    ___ _   _ ___                                                      |
|   / __| | | |_  )   Release 7.5.1 "Blackbird"                         |
|   \__ \ |_| |/ /                                                      |
|   |___/\___//___|   Suite (Computational Fluid Dynamics Code)         |
|                                                                       |
-------------------------------------------------------------------------
| SU2 Project Website: https://su2code.github.io                        |
|                                                                       |
| The SU2 Project is maintained by the SU2 Foundation                   |
| (http://su2foundation.org)                                            |
-------------------------------------------------------------------------
| Copyright 2012-2023, SU2 Contributors                                 |
|                                                                       |
| SU2 is free software; you can redistribute it and/or                  |
| modify it under the terms of the GNU Lesser General Public            |
| License as published by the Free Software Foundation; either          |
| version 2.1 of the License, or (at your option) any later version.    |
|                                                                       |
| SU2 is distributed in the hope that it will be useful,                |
| but WITHOUT ANY WARRANTY; without even the implied warranty of        |
| MERCHANTABILITY or FITNESS FOR A PARTICULAR PURPOSE. See the GNU      |
| Lesser General Public License for more details.                       |
|                                                                       |
| You should have received a copy of the GNU Lesser General Public      |
| License along with SU2. If not, see <http://www.gnu.org/licenses/>.   |
-------------------------------------------------------------------------

Parsing config file for zone 0

----------------- Physical Case Definition ( Zone 0 ) -------------------
Compressible RANS equations.
Turbulence model: Menter's k-omega SST-2003m with sustaining terms, and with Vorticity production.
Hybrid RANS/LES: No Hybrid RANS/LES
Mach number: 0.001.
Angle of attack (AoA): 0 deg, and angle of sideslip (AoS): 0 deg.
Reynolds number: 0. Reference length 1.
Reading and writing binary SU2 native restart files.
Read flow solution from: solution_interpolated.dat.
Dimensional simulation.
The reference area is 1 m^2.
The semi-span will be computed using the max y(3D) value.
The reference length is 1 m.
Reference origin for moment evaluation is (0, 0, 0).
Surface(s) where the force coefficients are evaluated: 4.

Surface(s) plotted in the output file: 4.
Surface(s) to be analyzed in detail: 4.
Input mesh file name: admesh.INL.su2

--------------- Space Numerical Integration ( Zone 0 ) ------------------
Roe (with entropy fix = 1) solver for the flow inviscid terms.
Standard Roe without low-dissipation function.
Second order integration in space, with slope limiter.
Venkatakrishnan slope-limiting method, with constant: 0.05.
The reference element size is: 1. 
Scalar upwind solver for the turbulence model.
First order integration in space.
Average of gradients with correction (viscous flow terms).
Average of gradients with correction (viscous turbulence terms).
Gradient for upwind reconstruction: unweighted Least-Squares.
Gradient for viscous and source terms: Green-Gauss.

--------------- Time Numerical Integration  ( Zone 0 ) ------------------
Local time stepping (steady state simulation).
Euler implicit method for the flow equations.
FGMRES is used for solving the linear system.
Using a ILU(0) preconditioning.
Convergence criteria of the linear solver: 1e-06.
Max number of linear iterations: 20.
CFL adaptation. Factor down: 0.5, factor up: 1.25,
                lower limit: 0.1, upper limit: 5,
                acceptable linear residual: 0.001.
Courant-Friedrichs-Lewy number:        1
Euler implicit time integration for the turbulence model.

------------------ Convergence Criteria  ( Zone 0 ) ---------------------
Maximum number of solver subiterations: 3000.
Begin convergence monitoring at iteration 10.
Residual minimum value: 1e-20.
Cauchy series min. value: 1e-10.
Number of Cauchy elements: 100.
Begin windowed time average at iteration 0.

-------------------- Output Information ( Zone 0 ) ----------------------
File writing frequency: 
+------------------------------------+
|                     File| Frequency|
+------------------------------------+
|                  RESTART|      1000|
|            RESTART_ASCII|      1000|
|                 PARAVIEW|      1000|
|            TECPLOT_ASCII|      1000|
|         SURFACE_PARAVIEW|      1000|
+------------------------------------+
Writing the convergence history file every 1 inner iterations.
Writing the screen convergence history every 50 inner iterations.
The tabular file format is CSV (.csv).
Convergence history file name: history_2nd.
Forces breakdown file name: forces_breakdown.dat.
Surface file name: surface_flow.
Volume file name: flow.
Restart file name: solution.dat.

------------- Config File Boundary Information ( Zone 0 ) ---------------
+-----------------------------------------------------------------------+
|                        Marker Type|                        Marker Name|
+-----------------------------------------------------------------------+
|                     Symmetry plane|                                  6|
+-----------------------------------------------------------------------+
|                   Riemann boundary|                                  1|
|                                   |                                  5|
+-----------------------------------------------------------------------+
|                     Heat flux wall|                                 w2|
|                                   |                                 w3|
|                                   |                                 w4|
+-----------------------------------------------------------------------+

-------------------- Output Preprocessing ( Zone 0 ) --------------------

WARNING: SURFACE_PRESSURE_DROP can only be computed for at least 2 surfaces (outlet, inlet, ...)

Screen output fields: INNER_ITER, RMS_DENSITY, NONPHYSICAL_POINTS
History output group(s): ITER, RMS_RES
Ignoring Convergence Field(s): RESIDUAL 
Warning: No (valid) fields chosen for convergence monitoring. Convergence monitoring inactive.
Warning: No (valid) fields chosen for time convergence monitoring. Time convergence monitoring inactive.
Volume output fields: COORDINATES, SOLUTION, PRIMITIVE

------------------- Geometry Preprocessing ( Zone 0 ) -------------------
Two dimensional problem.
19920 grid points before partitioning.
31091 volume elements before partitioning.
6 surface markers.
31 boundary elements in index 0 (Marker = 1).
251 boundary elements in index 1 (Marker = w2).
71 boundary elements in index 2 (Marker = w3).
91 boundary elements in index 3 (Marker = w4).
35 boundary elements in index 4 (Marker = 5).
161 boundary elements in index 5 (Marker = 6).
Executing the partitioning functions.
Building the graph adjacency structure.
Calling ParMETIS... graph partitioning complete (663 edge cuts).
Distributing ParMETIS coloring.
Rebalancing vertices.
Rebalancing volume element connectivity.
Rebalancing markers and surface elements.
20722 vertices including ghost points. 
31751 interior elements including halo cells. 
23516 triangles.
8235 quadrilaterals.
Establishing MPI communication patterns.
Setting point connectivity.
Renumbering points (Reverse Cuthill McKee Ordering).
Recomputing point connectivity.
Setting element connectivity.
Checking the numerical grid orientation.
All volume elements are correctly orientend.
There has been a re-orientation of 650 LINE surface elements.
Identifying edges and vertices.
Setting the control volume structure.
Area of the computational grid: 1114.92.
Searching for the closest normal neighbors to the surfaces.
Storing a mapping from global to local point index.
Compute the surface curvature.
Max K: 104.146. Mean K: 0.494447. Standard deviation K: 5.91218.
Checking for periodicity.
Computing mesh quality statistics for the dual control volumes.
+--------------------------------------------------------------+
|           Mesh Quality Metric|        Minimum|        Maximum|
+--------------------------------------------------------------+
|    Orthogonality Angle (deg.)|        24.1972|             90|
|     CV Face Area Aspect Ratio|        1.00005|        1965.41|
|           CV Sub-Volume Ratio|              1|        209.338|
+--------------------------------------------------------------+
Finding max control volume width.
Communicating number of neighbors.
Wetted area = 0 m^2.
Area projection in the x-plane = 0 m, y-plane = 0 m.
Max. coordinate in the x-direction = -1e+10 m, y-direction = -1e+10 m.
Min. coordinate in the x-direction = 1e+10 m, y-direction = 1e+10 m.
Checking if Euler & Symmetry markers are straight/plane:
Boundary marker 6 is a single straight.
Computing wall distances.

-------------------- Solver Preprocessing ( Zone 0 ) --------------------
Viscous flow: Computing pressure using the ideal gas law
based on the free-stream temperature and a density computed
from the Reynolds number.
Force coefficients computed using free-stream values.

-- Models:
+------------------------------------------------------------------------------+
|          Viscosity Model|        Conductivity Model|              Fluid Model|
+------------------------------------------------------------------------------+
|               SUTHERLAND|          CONSTANT_PRANDTL|                IDEAL_GAS|
+------------------------------------------------------------------------------+
-- Fluid properties:
+------------------------------------------------------------------------------+
|                  Name|    Dim. value|    Ref. value|      Unit|Non-dim. value|
+------------------------------------------------------------------------------+
|        Ref. Viscosity|     1.716e-05|             1|   N.s/m^2|     1.716e-05|
|      Sutherland Temp.|        273.15|             1|         K|        273.15|
|     Sutherland Const.|         110.4|             1|         K|         110.4|
+------------------------------------------------------------------------------+
|        Prandtl (Lam.)|             -|             -|         -|          0.72|
|       Prandtl (Turb.)|             -|             -|         -|           0.9|
+------------------------------------------------------------------------------+
|          Gas Constant|           297|             1|  N.m/kg.K|           297|
|      Spec. Heat Ratio|             -|             -|         -|           1.4|
+------------------------------------------------------------------------------+
-- Initial and free-stream conditions:
+------------------------------------------------------------------------------+
|                  Name|    Dim. value|    Ref. value|      Unit|Non-dim. value|
+------------------------------------------------------------------------------+
|       Static Pressure|        800000|             1|        Pa|        800000|
|               Density|       7.99289|             1|    kg/m^3|       7.99289|
|           Temperature|           337|             1|         K|           337|
|          Total Energy|        250223|             1|   m^2/s^2|        250223|
|            Velocity-X|      0.374332|             1|       m/s|      0.374332|
|            Velocity-Y|             0|             1|       m/s|             0|
|    Velocity Magnitude|      0.374332|             1|       m/s|      0.374332|
+------------------------------------------------------------------------------+
|             Viscosity|   2.01598e-05|             1|   N.s/m^2|   2.01598e-05|
|          Conductivity|             -|             1|   W/m^2.K|             -|
|     Turb. Kin. Energy|   0.000525467|             1|   m^2/s^2|   0.000525467|
|     Spec. Dissipation|       20.8335|             1|       1/s|       20.8335|
+------------------------------------------------------------------------------+
|           Mach Number|             -|             -|         -|         0.001|
|       Reynolds Number|             -|             -|         -|        148414|
+------------------------------------------------------------------------------+
Initialize Jacobian structure (Navier-Stokes). MG level: 0.
Initialize Jacobian structure (SST model).

The number of points in the restart file (19260) does not match the mesh (19920).
A recursive nearest neighbor interpolation will be performed.
Number of recursions: 1.
Elapsed time: 0.0195178s.


The number of points in the restart file (19260) does not match the mesh (19920).
A recursive nearest neighbor interpolation will be performed.
Number of recursions: 1.
Elapsed time: 0.0169852s.


------------------- Numerics Preprocessing ( Zone 0 ) -------------------

----------------- Integration Preprocessing ( Zone 0 ) ------------------

------------------- Iteration Preprocessing ( Zone 0 ) ------------------
Euler/Navier-Stokes/RANS fluid iteration.

------------------------------ Begin Solver -----------------------------

Simulation Run using the Single-zone Driver
WARNING: SU2 was not compiled for an AVX-capable architecture. Performance could be better,
         see https://su2code.github.io/docs_v7/Build-SU2-Linux-MacOS/#compiler-optimizations
+--------------------------------------+
|  Inner_Iter|    rms[Rho]|Nonphysical_|
+--------------------------------------+
|           0|   -0.039325|           0|
|          50|   -1.333989|           0|
|         100|   -1.351004|           0|
|         150|   -1.553028|           0|
|         200|   -1.652656|           0|
|         250|   -1.285327|           0|
|         300|   -1.376353|           0|
|         350|   -1.331386|           0|
|         400|   -1.430532|           0|
|         450|   -1.623761|           0|
|         500|   -1.670204|           0|
|         550|   -1.380991|           0|
|         600|   -1.826228|           0|
|         650|   -1.442346|           0|
|         700|   -1.862068|           0|
|         750|   -1.780904|           0|
|         800|   -1.582463|           0|
|         850|   -1.391957|           0|
|         900|   -1.712713|           0|
|         950|   -1.426673|           0|
|        1000|   -1.625117|           0|
+-----------------------------------------------------------------------+
|        File Writing Summary       |              Filename             |
+-----------------------------------------------------------------------+
|SU2 binary restart                 |solution.dat                       |
|SU2 ASCII restart                  |solution.csv                       |
|Paraview                           |flow.vtu                           |
|Tecplot ASCII                      |flow.dat                           |
|Paraview surface                   |surface_flow.vtu                   |
+-----------------------------------------------------------------------+
+--------------------------------------+
|  Inner_Iter|    rms[Rho]|Nonphysical_|
+--------------------------------------+
|        1050|   -1.462419|           0|
|        1100|   -1.325667|           0|
|        1150|   -1.845769|           0|
|        1200|   -1.302505|           0|
|        1250|   -1.894571|           0|
|        1300|   -1.625926|           0|
|        1350|   -2.072393|           0|
|        1400|   -1.699613|           0|
|        1450|   -1.366526|           0|
|        1500|   -1.668963|           0|
|        1550|   -1.360168|           0|
|        1600|   -1.867038|           0|
|        1650|   -1.706817|           0|
|        1700|   -1.841381|           0|
|        1750|   -1.689896|           0|
|        1800|   -2.176977|           0|
|        1850|   -2.105584|           0|
|        1900|   -2.241482|           0|
|        1950|   -1.838618|           0|
|        2000|   -1.282441|           0|
+-----------------------------------------------------------------------+
|        File Writing Summary       |              Filename             |
+-----------------------------------------------------------------------+
|SU2 binary restart                 |solution.dat                       |
|SU2 ASCII restart                  |solution.csv                       |
|Paraview                           |flow.vtu                           |
|Tecplot ASCII                      |flow.dat                           |
|Paraview surface                   |surface_flow.vtu                   |
+-----------------------------------------------------------------------+
+--------------------------------------+
|  Inner_Iter|    rms[Rho]|Nonphysical_|
+--------------------------------------+
|        2050|   -1.959405|           0|
|        2100|   -1.276509|           0|
|        2150|   -1.398474|           0|
|        2200|   -1.419564|           0|
|        2250|   -1.452452|           0|
|        2300|   -1.427728|           0|
|        2350|   -1.273620|           0|
|        2400|   -1.398013|           0|
|        2450|   -1.398408|           0|
|        2500|   -1.449171|           0|
|        2550|   -1.707704|           0|
|        2600|   -1.676606|           0|
|        2650|   -2.017657|           0|
|        2700|   -1.415149|           0|
|        2750|   -1.549650|           0|
|        2800|   -1.537455|           0|
|        2850|   -1.433385|           0|
|        2900|   -1.393806|           0|
|        2950|   -1.537336|           0|
|        2999|   -1.359911|           0|

----------------------------- Solver Exit -------------------------------

Maximum number of iterations reached (ITER = 3000) before convergence.
+-----------------------------------------------------------------------+
|      Convergence Field     |     Value    |   Criterion  |  Converged |
+-----------------------------------------------------------------------+
+-----------------------------------------------------------------------+
-------------------------------------------------------------------------
+-----------------------------------------------------------------------+
|        File Writing Summary       |              Filename             |
+-----------------------------------------------------------------------+
|SU2 binary restart                 |solution.dat                       |
|SU2 ASCII restart                  |solution.csv                       |
|Paraview                           |flow.vtu                           |
|Tecplot ASCII                      |flow.dat                           |
|Paraview surface                   |surface_flow.vtu                   |
+-----------------------------------------------------------------------+

------------------------- Solver Postprocessing -------------------------
Deleted CNumerics container.
Deleted CIntegration container.
Deleted CSolver container.
Deleted CIteration container.
Deleted CInterface container.
Deleted CGeometry container.
Deleted CFreeFormDefBox class.
Deleted CSurfaceMovement class.
Deleted CVolumetricMovement class.
Deleted CConfig container.
Deleted nInst container.
Deleted COutput class.
-------------------------------------------------------------------------

------------------------- Exit Success (SU2_CFD) ------------------------

mv: cannot stat 'history_2nd.csv': No such file or directory

real	11m12.416s
user	81m44.954s
sys	0m19.069s
