Replacing 'MARKER_TAG=       2' with 'MARKER_TAG=       w2' in file 'initial_grid/grid.INL.su2'.
grep: : No such file or directory
Replacement failed or '' not found in the file.


=======================================================================
=======================================================================
                       SU2 - INITIAL SOLUTION



MPI - REPORT BINDINGS:

-------------------------------------------------------------------------
|    ___ _   _ ___                                                      |
|   / __| | | |_  )   Release 7.5.1 "Blackbird"                         |
|   \__ \ |_| |/ /                                                      |
|   |___/\___//___|   Suite (Computational Fluid Dynamics Code)         |
|                                                                       |
-------------------------------------------------------------------------
| SU2 Project Website: https://su2code.github.io                        |
|                                                                       |
| The SU2 Project is maintained by the SU2 Foundation                   |
| (http://su2foundation.org)                                            |
-------------------------------------------------------------------------
| Copyright 2012-2023, SU2 Contributors                                 |
|                                                                       |
| SU2 is free software; you can redistribute it and/or                  |
| modify it under the terms of the GNU Lesser General Public            |
| License as published by the Free Software Foundation; either          |
| version 2.1 of the License, or (at your option) any later version.    |
|                                                                       |
| SU2 is distributed in the hope that it will be useful,                |
| but WITHOUT ANY WARRANTY; without even the implied warranty of        |
| MERCHANTABILITY or FITNESS FOR A PARTICULAR PURPOSE. See the GNU      |
| Lesser General Public License for more details.                       |
|                                                                       |
| You should have received a copy of the GNU Lesser General Public      |
| License along with SU2. If not, see <http://www.gnu.org/licenses/>.   |
-------------------------------------------------------------------------

Parsing config file for zone 0

----------------- Physical Case Definition ( Zone 0 ) -------------------
Compressible RANS equations.
Turbulence model: Menter's k-omega SST-2003m with sustaining terms, and with Vorticity production.
Hybrid RANS/LES: No Hybrid RANS/LES
Mach number: 0.001.
Angle of attack (AoA): 0 deg, and angle of sideslip (AoS): 0 deg.
Reynolds number: 0. Reference length 1.
No restart solution, use the values at infinity (freestream).
Dimensional simulation.
The reference area is 1 m^2.
The semi-span will be computed using the max y(3D) value.
The reference length is 1 m.
Reference origin for moment evaluation is (0, 0, 0).
Surface(s) where the force coefficients are evaluated: 4.

Surface(s) plotted in the output file: 4.
Surface(s) to be analyzed in detail: 4.
Input mesh file name: admesh.INL.su2

--------------- Space Numerical Integration ( Zone 0 ) ------------------
Roe (with entropy fix = 1) solver for the flow inviscid terms.
Standard Roe without low-dissipation function.
First order integration in space.
Scalar upwind solver for the turbulence model.
First order integration in space.
Average of gradients with correction (viscous flow terms).
Average of gradients with correction (viscous turbulence terms).
Gradient for upwind reconstruction: unweighted Least-Squares.
Gradient for viscous and source terms: Green-Gauss.

--------------- Time Numerical Integration  ( Zone 0 ) ------------------
Local time stepping (steady state simulation).
Euler implicit method for the flow equations.
FGMRES is used for solving the linear system.
Using a ILU(0) preconditioning.
Convergence criteria of the linear solver: 1e-06.
Max number of linear iterations: 20.
CFL adaptation. Factor down: 0.5, factor up: 1.25,
                lower limit: 0.1, upper limit: 5,
                acceptable linear residual: 0.001.
Courant-Friedrichs-Lewy number:        1
Euler implicit time integration for the turbulence model.

------------------ Convergence Criteria  ( Zone 0 ) ---------------------
Maximum number of solver subiterations: 3000.
Begin convergence monitoring at iteration 10.
Residual minimum value: 1e-20.
Cauchy series min. value: 1e-10.
Number of Cauchy elements: 100.
Begin windowed time average at iteration 0.

-------------------- Output Information ( Zone 0 ) ----------------------
File writing frequency: 
+------------------------------------+
|                     File| Frequency|
+------------------------------------+
|                  RESTART|      1000|
|            RESTART_ASCII|      1000|
|                 PARAVIEW|      1000|
|            TECPLOT_ASCII|      1000|
|         SURFACE_PARAVIEW|      1000|
+------------------------------------+
Writing the convergence history file every 1 inner iterations.
Writing the screen convergence history every 50 inner iterations.
The tabular file format is CSV (.csv).
Convergence history file name: history_2nd.
Forces breakdown file name: forces_breakdown.dat.
Surface file name: surface_flow.
Volume file name: flow.
Restart file name: solution.dat.

------------- Config File Boundary Information ( Zone 0 ) ---------------
+-----------------------------------------------------------------------+
|                        Marker Type|                        Marker Name|
+-----------------------------------------------------------------------+
|                     Symmetry plane|                                  6|
+-----------------------------------------------------------------------+
|                   Riemann boundary|                                  1|
|                                   |                                  5|
+-----------------------------------------------------------------------+
|                     Heat flux wall|                                 w2|
|                                   |                                 w3|
|                                   |                                 w4|
+-----------------------------------------------------------------------+

-------------------- Output Preprocessing ( Zone 0 ) --------------------

WARNING: SURFACE_PRESSURE_DROP can only be computed for at least 2 surfaces (outlet, inlet, ...)

Screen output fields: INNER_ITER, RMS_DENSITY, NONPHYSICAL_POINTS
History output group(s): ITER, RMS_RES
Ignoring Convergence Field(s): RESIDUAL 
Warning: No (valid) fields chosen for convergence monitoring. Convergence monitoring inactive.
Warning: No (valid) fields chosen for time convergence monitoring. Time convergence monitoring inactive.
Volume output fields: COORDINATES, SOLUTION, PRIMITIVE

------------------- Geometry Preprocessing ( Zone 0 ) -------------------
Two dimensional problem.
6810 grid points before partitioning.
9800 volume elements before partitioning.
6 surface markers.
31 boundary elements in index 0 (Marker = 1).
28 boundary elements in index 1 (Marker = w2).
53 boundary elements in index 2 (Marker = w3).
91 boundary elements in index 3 (Marker = w4).
35 boundary elements in index 4 (Marker = 5).
102 boundary elements in index 5 (Marker = 6).
Executing the partitioning functions.
Building the graph adjacency structure.
Calling ParMETIS... graph partitioning complete (450 edge cuts).
Distributing ParMETIS coloring.
Rebalancing vertices.
Rebalancing volume element connectivity.
Rebalancing markers and surface elements.
7463 vertices including ghost points. 
10250 interior elements including halo cells. 
6583 triangles.
3667 quadrilaterals.
Establishing MPI communication patterns.
Setting point connectivity.
Renumbering points (Reverse Cuthill McKee Ordering).
Recomputing point connectivity.
Setting element connectivity.
Checking the numerical grid orientation.
All volume elements are correctly orientend.
There has been a re-orientation of 347 LINE surface elements.
Identifying edges and vertices.
Setting the control volume structure.
Area of the computational grid: 1138.18.
Searching for the closest normal neighbors to the surfaces.
Storing a mapping from global to local point index.
Compute the surface curvature.
Max K: 13.0183. Mean K: 0.164825. Standard deviation K: 1.08684.
Checking for periodicity.
Computing mesh quality statistics for the dual control volumes.
+--------------------------------------------------------------+
|           Mesh Quality Metric|        Minimum|        Maximum|
+--------------------------------------------------------------+
|    Orthogonality Angle (deg.)|        66.9897|             90|
|     CV Face Area Aspect Ratio|        1.00688|        1965.41|
|           CV Sub-Volume Ratio|              1|        261.743|
+--------------------------------------------------------------+
Finding max control volume width.
Communicating number of neighbors.
Wetted area = 0 m^2.
Area projection in the x-plane = 0 m, y-plane = 0 m.
Max. coordinate in the x-direction = -1e+10 m, y-direction = -1e+10 m.
Min. coordinate in the x-direction = 1e+10 m, y-direction = 1e+10 m.
Checking if Euler & Symmetry markers are straight/plane:
Boundary marker 6 is a single straight.
Computing wall distances.

-------------------- Solver Preprocessing ( Zone 0 ) --------------------
Viscous flow: Computing pressure using the ideal gas law
based on the free-stream temperature and a density computed
from the Reynolds number.
Force coefficients computed using free-stream values.

-- Models:
+------------------------------------------------------------------------------+
|          Viscosity Model|        Conductivity Model|              Fluid Model|
+------------------------------------------------------------------------------+
|               SUTHERLAND|          CONSTANT_PRANDTL|                IDEAL_GAS|
+------------------------------------------------------------------------------+
-- Fluid properties:
+------------------------------------------------------------------------------+
|                  Name|    Dim. value|    Ref. value|      Unit|Non-dim. value|
+------------------------------------------------------------------------------+
|        Ref. Viscosity|     1.716e-05|             1|   N.s/m^2|     1.716e-05|
|      Sutherland Temp.|        273.15|             1|         K|        273.15|
|     Sutherland Const.|         110.4|             1|         K|         110.4|
+------------------------------------------------------------------------------+
|        Prandtl (Lam.)|             -|             -|         -|          0.72|
|       Prandtl (Turb.)|             -|             -|         -|           0.9|
+------------------------------------------------------------------------------+
|          Gas Constant|           297|             1|  N.m/kg.K|           297|
|      Spec. Heat Ratio|             -|             -|         -|           1.4|
+------------------------------------------------------------------------------+
-- Initial and free-stream conditions:
+------------------------------------------------------------------------------+
|                  Name|    Dim. value|    Ref. value|      Unit|Non-dim. value|
+------------------------------------------------------------------------------+
|       Static Pressure|        100000|             1|        Pa|        100000|
|               Density|       1.12233|             1|    kg/m^3|       1.12233|
|           Temperature|           300|             1|         K|           300|
|          Total Energy|        222750|             1|   m^2/s^2|        222750|
|            Velocity-X|      0.353186|             1|       m/s|      0.353186|
|            Velocity-Y|             0|             1|       m/s|             0|
|    Velocity Magnitude|      0.353186|             1|       m/s|      0.353186|
+------------------------------------------------------------------------------+
|             Viscosity|   1.84592e-05|             1|   N.s/m^2|   1.84592e-05|
|          Conductivity|             -|             1|   W/m^2.K|             -|
|     Turb. Kin. Energy|   0.000467775|             1|   m^2/s^2|   0.000467775|
|     Spec. Dissipation|       2.84412|             1|       1/s|       2.84412|
+------------------------------------------------------------------------------+
|           Mach Number|             -|             -|         -|         0.001|
|       Reynolds Number|             -|             -|         -|         21474|
+------------------------------------------------------------------------------+
Initialize Jacobian structure (Navier-Stokes). MG level: 0.
Initialize Jacobian structure (SST model).

------------------- Numerics Preprocessing ( Zone 0 ) -------------------

----------------- Integration Preprocessing ( Zone 0 ) ------------------

------------------- Iteration Preprocessing ( Zone 0 ) ------------------
Euler/Navier-Stokes/RANS fluid iteration.

------------------------------ Begin Solver -----------------------------

Simulation Run using the Single-zone Driver
WARNING: SU2 was not compiled for an AVX-capable architecture. Performance could be better,
         see https://su2code.github.io/docs_v7/Build-SU2-Linux-MacOS/#compiler-optimizations
+--------------------------------------+
|  Inner_Iter|    rms[Rho]|Nonphysical_|
+--------------------------------------+
|           0|    1.321683|           0|
|          50|    0.706220|           0|
|         100|    0.047500|           0|
|         150|   -0.228128|           0|
|         200|   -0.514157|           0|
|         250|   -0.480537|           0|
|         300|   -0.516233|           0|
|         350|   -0.623250|           0|
|         400|   -0.926468|           0|
|         450|   -1.195292|           0|
|         500|   -0.947916|           0|
|         550|   -0.819532|           0|
|         600|   -0.859292|           0|
|         650|   -1.093594|           0|
|         700|   -1.315936|           0|
|         750|   -1.258149|           0|
|         800|   -1.196154|           0|
|         850|   -1.210101|           0|
|         900|   -1.266749|           0|
|         950|   -1.355441|           0|
|        1000|   -1.457887|           0|
+-----------------------------------------------------------------------+
|        File Writing Summary       |              Filename             |
+-----------------------------------------------------------------------+
|SU2 binary restart                 |solution.dat                       |
|SU2 ASCII restart                  |solution.csv                       |
|Paraview                           |flow.vtu                           |
|Tecplot ASCII                      |flow.dat                           |
|Paraview surface                   |surface_flow.vtu                   |
+-----------------------------------------------------------------------+
+--------------------------------------+
|  Inner_Iter|    rms[Rho]|Nonphysical_|
+--------------------------------------+
|        1050|   -1.561532|           0|
|        1100|   -1.628496|           0|
|        1150|   -1.638259|           0|
|        1200|   -1.639784|           0|
|        1250|   -1.674832|           0|
|        1300|   -1.740963|           0|
|        1350|   -1.808804|           0|
|        1400|   -1.851779|           0|
|        1450|   -1.878464|           0|
|        1500|   -1.915223|           0|
|        1550|   -1.945945|           0|
|        1600|   -1.927986|           0|
|        1650|   -1.885766|           0|
|        1700|   -1.870914|           0|
|        1750|   -1.907377|           0|
|        1800|   -2.007475|           0|
|        1850|   -2.189723|           0|
|        1900|   -2.470715|           0|
|        1950|   -2.591509|           0|
|        2000|   -2.454802|           0|
+-----------------------------------------------------------------------+
|        File Writing Summary       |              Filename             |
+-----------------------------------------------------------------------+
|SU2 binary restart                 |solution.dat                       |
|SU2 ASCII restart                  |solution.csv                       |
|Paraview                           |flow.vtu                           |
|Tecplot ASCII                      |flow.dat                           |
|Paraview surface                   |surface_flow.vtu                   |
+-----------------------------------------------------------------------+
+--------------------------------------+
|  Inner_Iter|    rms[Rho]|Nonphysical_|
+--------------------------------------+
|        2050|   -2.410360|           0|
|        2100|   -2.459389|           0|
|        2150|   -2.552453|           0|
|        2200|   -2.587495|           0|
|        2250|   -2.545443|           0|
|        2300|   -2.520388|           0|
|        2350|   -2.552229|           0|
|        2400|   -2.645273|           0|
|        2450|   -2.787763|           0|
|        2500|   -2.919771|           0|
|        2550|   -2.952999|           0|
|        2600|   -2.940539|           0|
|        2650|   -2.951897|           0|
|        2700|   -2.983676|           0|
|        2750|   -3.003212|           0|
|        2800|   -2.998278|           0|
|        2850|   -2.993068|           0|
|        2900|   -3.011460|           0|
|        2950|   -3.060735|           0|
|        2999|   -3.132900|           0|

----------------------------- Solver Exit -------------------------------

Maximum number of iterations reached (ITER = 3000) before convergence.
+-----------------------------------------------------------------------+
|      Convergence Field     |     Value    |   Criterion  |  Converged |
+-----------------------------------------------------------------------+
+-----------------------------------------------------------------------+
-------------------------------------------------------------------------
+-----------------------------------------------------------------------+
|        File Writing Summary       |              Filename             |
+-----------------------------------------------------------------------+
|SU2 binary restart                 |solution.dat                       |
|SU2 ASCII restart                  |solution.csv                       |
|Paraview                           |flow.vtu                           |
|Tecplot ASCII                      |flow.dat                           |
|Paraview surface                   |surface_flow.vtu                   |
+-----------------------------------------------------------------------+

------------------------- Solver Postprocessing -------------------------
Deleted CNumerics container.
Deleted CIntegration container.
Deleted CSolver container.
Deleted CIteration container.
Deleted CInterface container.
Deleted CGeometry container.
Deleted CFreeFormDefBox class.
Deleted CSurfaceMovement class.
Deleted CVolumetricMovement class.
Deleted CConfig container.
Deleted nInst container.
Deleted COutput class.
-------------------------------------------------------------------------

------------------------- Exit Success (SU2_CFD) ------------------------



=======================================================================
=======================================================================
                       PREPROCESSING - LEVEL 1
 
  -------------------------------------------------------------------
    NODE-PAIR CODE   -   PREPROCESSING PHASE
  -------------------------------------------------------------------
    Department of Aerospace Engineering - Politecnico di Milano
    authors: Alberto Guardone, Marco Fossati
 
    Warning: Check the status of file CORNERS.grid_name
 
 
    Domain nodes:         6810
    Boundary nodes:          680
    Domain elements:         9800
    Boundary elements:          340
 
    Generating node-pairs...
    I have found        23565  node-pairs in the domain
    I have found          340  node-pairs in the boundary
 
    Generating metric quantities...
    Domain finite element metrics...
    Domain finite volumes metrics...
    Boundary metrics...
 
    Checking metric consistency...
      FEM maximum eta residual on DOMAIN points --->  1.9136265974366088E-26
      - on domain node          203
      - of coordinates   7.477615623883735E-004   3.24933603264703     
      FEM maximum eta residual on BOUNDARY points --->  1.8790336153112325E-26
      - on boundary node          412    (domain           698 )
      - of coordinates    64.9999999995302        16.2466256000000     
 
      Domain area (cell) =   1089.81007505249     
      Domain area (mass,mass_ii) =   1089.81007505249     
      Boundary closure (xi) =  2.324825636500870E-014
      Boundary closure (chi) =  4.951026010149555E-015
 
      FVM maximum eta residual on DOMAIN points --->  1.4999532504452872E-30
      - on domain node          376
      - of coordinates  -0.102366438916123        3.23566996446120     
      FVM maximum eta residual on BOUNDARY points --->  2.9224475853184638E-25
      - on boundary node          414    (domain           873 )
      - of coordinates    64.9999999993346        16.2452206720000     
 
    done
 
    Checking AXISYMMETRIC metric consistency...
 
      FEM maximum eta residual on DOMAIN points --->  3.8084929394020152E-24
      - on domain node          328
      - of coordinates    46.6304803439033        16.2490000000000     
      FEM maximum eta residual on BOUNDARY points --->  4.7031871030165749E-24
      - on boundary node          412    (domain           698 )
      - of coordinates    64.9999999995302        16.2466256000000     
 
      Domain area (cell) =    1089.81007505249     
      Domain area (mass,mass_ii) =    1089.81007505249     
      Boundary closure (xi) =   9.122058352100921E-013
 
      FVM maximum eta residual on DOMAIN points --->  1.8644452094687690E-09
      - on domain node         3528
      - of coordinates   5.758277751492979E-002   3.19886993530571     
      FVM maximum eta residual on BOUNDARY points --->  3.9403920660021058E-01
      - on boundary node          224    (domain            82 )
      - of coordinates   0.000000000000000E+000   16.2500000000000     
      - resid -->   9.839947225420254E-003  4.166667810778790E-008
 
    done
 
 
    Generating rotation matrices...
    done
 
    Saving...
    node-pairs...
    metric quantities...
    axisymmetric metric quantities...
    done
 
    Elapsed time   0.6284E+00 s
 


=======================================================================
=======================================================================
                     MESH ADAPTATION - LEVEL 1
 
  -------------------------------------------------------------------
    DARWIN
  -------------------------------------------------------------------
    CFD Laboratory - McGill University
    2009-2012 - Marco Fossati
    Department of Aerospace Engineering - Politecnico di Milano
    2003-2009 - Alberto Guardone, Marco Fossati
 
    Reading grid 0 ...
    Reading SU2 solution
    - equations:  RANS SST model
    - thermodynamics:  not used
 
    Adapt grid from level 0 to level 1
    Averaging error...
    Quality enforcement...
    - edges marked for quality enforcement:      254
 
    Grid 1 nodes     8398 element    12044
 
    Postprocessing
    - errors.INL.plt
    - admesh.INL.plt
    - admesh.INL.su2
 


=======================================================================
=======================================================================
                            SU2 - LEVEL 1



MPI - REPORT BINDINGS:

-------------------------------------------------------------------------
|    ___ _   _ ___                                                      |
|   / __| | | |_  )   Release 7.5.1 "Blackbird"                         |
|   \__ \ |_| |/ /                                                      |
|   |___/\___//___|   Suite (Computational Fluid Dynamics Code)         |
|                                                                       |
-------------------------------------------------------------------------
| SU2 Project Website: https://su2code.github.io                        |
|                                                                       |
| The SU2 Project is maintained by the SU2 Foundation                   |
| (http://su2foundation.org)                                            |
-------------------------------------------------------------------------
| Copyright 2012-2023, SU2 Contributors                                 |
|                                                                       |
| SU2 is free software; you can redistribute it and/or                  |
| modify it under the terms of the GNU Lesser General Public            |
| License as published by the Free Software Foundation; either          |
| version 2.1 of the License, or (at your option) any later version.    |
|                                                                       |
| SU2 is distributed in the hope that it will be useful,                |
| but WITHOUT ANY WARRANTY; without even the implied warranty of        |
| MERCHANTABILITY or FITNESS FOR A PARTICULAR PURPOSE. See the GNU      |
| Lesser General Public License for more details.                       |
|                                                                       |
| You should have received a copy of the GNU Lesser General Public      |
| License along with SU2. If not, see <http://www.gnu.org/licenses/>.   |
-------------------------------------------------------------------------

Parsing config file for zone 0

----------------- Physical Case Definition ( Zone 0 ) -------------------
Compressible RANS equations.
Turbulence model: Menter's k-omega SST-2003m with sustaining terms, and with Vorticity production.
Hybrid RANS/LES: No Hybrid RANS/LES
Mach number: 0.001.
Angle of attack (AoA): 0 deg, and angle of sideslip (AoS): 0 deg.
Reynolds number: 0. Reference length 1.
Reading and writing binary SU2 native restart files.
Read flow solution from: solution_interpolated.dat.
Dimensional simulation.
The reference area is 1 m^2.
The semi-span will be computed using the max y(3D) value.
The reference length is 1 m.
Reference origin for moment evaluation is (0, 0, 0).
Surface(s) where the force coefficients are evaluated: 4.

Surface(s) plotted in the output file: 4.
Surface(s) to be analyzed in detail: 4.
Input mesh file name: admesh.INL.su2

--------------- Space Numerical Integration ( Zone 0 ) ------------------
Roe (with entropy fix = 1) solver for the flow inviscid terms.
Standard Roe without low-dissipation function.
Second order integration in space, with slope limiter.
Venkatakrishnan slope-limiting method, with constant: 0.05.
The reference element size is: 1. 
Scalar upwind solver for the turbulence model.
First order integration in space.
Average of gradients with correction (viscous flow terms).
Average of gradients with correction (viscous turbulence terms).
Gradient for upwind reconstruction: unweighted Least-Squares.
Gradient for viscous and source terms: Green-Gauss.

--------------- Time Numerical Integration  ( Zone 0 ) ------------------
Local time stepping (steady state simulation).
Euler implicit method for the flow equations.
FGMRES is used for solving the linear system.
Using a ILU(0) preconditioning.
Convergence criteria of the linear solver: 1e-06.
Max number of linear iterations: 20.
CFL adaptation. Factor down: 0.5, factor up: 1.25,
                lower limit: 0.1, upper limit: 5,
                acceptable linear residual: 0.001.
Courant-Friedrichs-Lewy number:        1
Euler implicit time integration for the turbulence model.

------------------ Convergence Criteria  ( Zone 0 ) ---------------------
Maximum number of solver subiterations: 3000.
Begin convergence monitoring at iteration 10.
Residual minimum value: 1e-20.
Cauchy series min. value: 1e-10.
Number of Cauchy elements: 100.
Begin windowed time average at iteration 0.

-------------------- Output Information ( Zone 0 ) ----------------------
File writing frequency: 
+------------------------------------+
|                     File| Frequency|
+------------------------------------+
|                  RESTART|      1000|
|            RESTART_ASCII|      1000|
|                 PARAVIEW|      1000|
|            TECPLOT_ASCII|      1000|
|         SURFACE_PARAVIEW|      1000|
+------------------------------------+
Writing the convergence history file every 1 inner iterations.
Writing the screen convergence history every 50 inner iterations.
The tabular file format is CSV (.csv).
Convergence history file name: history_2nd.
Forces breakdown file name: forces_breakdown.dat.
Surface file name: surface_flow.
Volume file name: flow.
Restart file name: solution.dat.

------------- Config File Boundary Information ( Zone 0 ) ---------------
+-----------------------------------------------------------------------+
|                        Marker Type|                        Marker Name|
+-----------------------------------------------------------------------+
|                     Symmetry plane|                                  6|
+-----------------------------------------------------------------------+
|                   Riemann boundary|                                  1|
|                                   |                                  5|
+-----------------------------------------------------------------------+
|                     Heat flux wall|                                 w2|
|                                   |                                 w3|
|                                   |                                 w4|
+-----------------------------------------------------------------------+

-------------------- Output Preprocessing ( Zone 0 ) --------------------

WARNING: SURFACE_PRESSURE_DROP can only be computed for at least 2 surfaces (outlet, inlet, ...)

Screen output fields: INNER_ITER, RMS_DENSITY, NONPHYSICAL_POINTS
History output group(s): ITER, RMS_RES
Ignoring Convergence Field(s): RESIDUAL 
Warning: No (valid) fields chosen for convergence monitoring. Convergence monitoring inactive.
Warning: No (valid) fields chosen for time convergence monitoring. Time convergence monitoring inactive.
Volume output fields: COORDINATES, SOLUTION, PRIMITIVE

------------------- Geometry Preprocessing ( Zone 0 ) -------------------
Two dimensional problem.
8398 grid points before partitioning.
12044 volume elements before partitioning.
6 surface markers.
31 boundary elements in index 0 (Marker = 1).
51 boundary elements in index 1 (Marker = w2).
74 boundary elements in index 2 (Marker = w3).
91 boundary elements in index 3 (Marker = w4).
35 boundary elements in index 4 (Marker = 5).
102 boundary elements in index 5 (Marker = 6).
Executing the partitioning functions.
Building the graph adjacency structure.
Calling ParMETIS... graph partitioning complete (493 edge cuts).
Distributing ParMETIS coloring.
Rebalancing vertices.
Rebalancing volume element connectivity.
Rebalancing markers and surface elements.
9043 vertices including ghost points. 
12535 interior elements including halo cells. 
8029 triangles.
4506 quadrilaterals.
Establishing MPI communication patterns.
Setting point connectivity.
Renumbering points (Reverse Cuthill McKee Ordering).
Recomputing point connectivity.
Setting element connectivity.
Checking the numerical grid orientation.
All volume elements are correctly orientend.
There has been a re-orientation of 393 LINE surface elements.
Identifying edges and vertices.
Setting the control volume structure.
Area of the computational grid: 1133.54.
Searching for the closest normal neighbors to the surfaces.
Storing a mapping from global to local point index.
Compute the surface curvature.
Max K: 26.0365. Mean K: 0.221022. Standard deviation K: 1.90736.
Checking for periodicity.
Computing mesh quality statistics for the dual control volumes.
+--------------------------------------------------------------+
|           Mesh Quality Metric|        Minimum|        Maximum|
+--------------------------------------------------------------+
|    Orthogonality Angle (deg.)|        65.5096|             90|
|     CV Face Area Aspect Ratio|        1.00689|        1965.41|
|           CV Sub-Volume Ratio|              1|        207.458|
+--------------------------------------------------------------+
Finding max control volume width.
Communicating number of neighbors.
Wetted area = 0 m^2.
Area projection in the x-plane = 0 m, y-plane = 0 m.
Max. coordinate in the x-direction = -1e+10 m, y-direction = -1e+10 m.
Min. coordinate in the x-direction = 1e+10 m, y-direction = 1e+10 m.
Checking if Euler & Symmetry markers are straight/plane:
Boundary marker 6 is a single straight.
Computing wall distances.

-------------------- Solver Preprocessing ( Zone 0 ) --------------------
Viscous flow: Computing pressure using the ideal gas law
based on the free-stream temperature and a density computed
from the Reynolds number.
Force coefficients computed using free-stream values.

-- Models:
+------------------------------------------------------------------------------+
|          Viscosity Model|        Conductivity Model|              Fluid Model|
+------------------------------------------------------------------------------+
|               SUTHERLAND|          CONSTANT_PRANDTL|                IDEAL_GAS|
+------------------------------------------------------------------------------+
-- Fluid properties:
+------------------------------------------------------------------------------+
|                  Name|    Dim. value|    Ref. value|      Unit|Non-dim. value|
+------------------------------------------------------------------------------+
|        Ref. Viscosity|     1.716e-05|             1|   N.s/m^2|     1.716e-05|
|      Sutherland Temp.|        273.15|             1|         K|        273.15|
|     Sutherland Const.|         110.4|             1|         K|         110.4|
+------------------------------------------------------------------------------+
|        Prandtl (Lam.)|             -|             -|         -|          0.72|
|       Prandtl (Turb.)|             -|             -|         -|           0.9|
+------------------------------------------------------------------------------+
|          Gas Constant|           297|             1|  N.m/kg.K|           297|
|      Spec. Heat Ratio|             -|             -|         -|           1.4|
+------------------------------------------------------------------------------+
-- Initial and free-stream conditions:
+------------------------------------------------------------------------------+
|                  Name|    Dim. value|    Ref. value|      Unit|Non-dim. value|
+------------------------------------------------------------------------------+
|       Static Pressure|        100000|             1|        Pa|        100000|
|               Density|       1.12233|             1|    kg/m^3|       1.12233|
|           Temperature|           300|             1|         K|           300|
|          Total Energy|        222750|             1|   m^2/s^2|        222750|
|            Velocity-X|      0.353186|             1|       m/s|      0.353186|
|            Velocity-Y|             0|             1|       m/s|             0|
|    Velocity Magnitude|      0.353186|             1|       m/s|      0.353186|
+------------------------------------------------------------------------------+
|             Viscosity|   1.84592e-05|             1|   N.s/m^2|   1.84592e-05|
|          Conductivity|             -|             1|   W/m^2.K|             -|
|     Turb. Kin. Energy|   0.000467775|             1|   m^2/s^2|   0.000467775|
|     Spec. Dissipation|       2.84412|             1|       1/s|       2.84412|
+------------------------------------------------------------------------------+
|           Mach Number|             -|             -|         -|         0.001|
|       Reynolds Number|             -|             -|         -|         21474|
+------------------------------------------------------------------------------+
Initialize Jacobian structure (Navier-Stokes). MG level: 0.
Initialize Jacobian structure (SST model).

The number of points in the restart file (6810) does not match the mesh (8398).
A recursive nearest neighbor interpolation will be performed.
Number of recursions: 1.
Elapsed time: 0.00479626s.


The number of points in the restart file (6810) does not match the mesh (8398).
A recursive nearest neighbor interpolation will be performed.
Number of recursions: 1.
Elapsed time: 0.00470371s.


------------------- Numerics Preprocessing ( Zone 0 ) -------------------

----------------- Integration Preprocessing ( Zone 0 ) ------------------

------------------- Iteration Preprocessing ( Zone 0 ) ------------------
Euler/Navier-Stokes/RANS fluid iteration.

------------------------------ Begin Solver -----------------------------

Simulation Run using the Single-zone Driver
WARNING: SU2 was not compiled for an AVX-capable architecture. Performance could be better,
         see https://su2code.github.io/docs_v7/Build-SU2-Linux-MacOS/#compiler-optimizations
+--------------------------------------+
|  Inner_Iter|    rms[Rho]|Nonphysical_|
+--------------------------------------+
|           0|    0.886974|           0|
|          50|   -0.234248|           0|
|         100|   -0.294703|           0|
|         150|   -0.176361|           0|
|         200|   -0.240910|           0|
|         250|   -0.329149|           0|
|         300|   -0.372122|           0|
|         350|   -0.601931|           0|
|         400|   -0.565569|           0|
|         450|   -0.656294|           0|
|         500|   -0.742989|           0|
|         550|   -0.867118|           0|
|         600|   -0.764518|           0|
|         650|   -0.793526|           0|
|         700|   -0.899581|           0|
|         750|   -0.924878|           0|
|         800|   -0.953220|           0|
|         850|   -0.905080|           0|
|         900|   -0.761715|           0|
|         950|   -0.949892|           0|
|        1000|   -0.774542|           0|
+-----------------------------------------------------------------------+
|        File Writing Summary       |              Filename             |
+-----------------------------------------------------------------------+
|SU2 binary restart                 |solution.dat                       |
|SU2 ASCII restart                  |solution.csv                       |
|Paraview                           |flow.vtu                           |
|Tecplot ASCII                      |flow.dat                           |
|Paraview surface                   |surface_flow.vtu                   |
+-----------------------------------------------------------------------+
+--------------------------------------+
|  Inner_Iter|    rms[Rho]|Nonphysical_|
+--------------------------------------+
|        1050|   -1.172896|           0|
|        1100|   -1.177476|           0|
|        1150|   -1.239135|           0|
|        1200|   -1.179944|           0|
|        1250|   -1.245547|           0|
|        1300|   -1.442415|           0|
|        1350|   -1.449981|           0|
|        1400|   -0.889163|           0|
|        1450|   -1.110935|           0|
|        1500|   -1.141868|           0|
|        1550|   -1.331322|           0|
|        1600|   -1.174438|           0|
|        1650|   -1.370044|           0|
|        1700|   -1.486848|           0|
|        1750|   -0.948708|           0|
|        1800|   -1.292374|           0|
|        1850|   -1.209447|           0|
|        1900|   -1.443764|           0|
|        1950|   -0.944921|           0|
|        2000|   -1.008115|           0|
+-----------------------------------------------------------------------+
|        File Writing Summary       |              Filename             |
+-----------------------------------------------------------------------+
|SU2 binary restart                 |solution.dat                       |
|SU2 ASCII restart                  |solution.csv                       |
|Paraview                           |flow.vtu                           |
|Tecplot ASCII                      |flow.dat                           |
|Paraview surface                   |surface_flow.vtu                   |
+-----------------------------------------------------------------------+
+--------------------------------------+
|  Inner_Iter|    rms[Rho]|Nonphysical_|
+--------------------------------------+
|        2050|   -1.012796|           0|
|        2100|   -1.356532|           0|
|        2150|   -1.551479|           0|
|        2200|   -1.260177|           0|
|        2250|   -0.884031|           0|
|        2300|   -1.116811|           0|
|        2350|   -1.360997|           0|
|        2400|   -1.378026|           0|
|        2450|   -1.444906|           0|
|        2500|   -1.425747|           0|
|        2550|   -1.610105|           0|
|        2600|   -0.914211|           0|
|        2650|   -1.117084|           0|
|        2700|   -1.119249|           0|
|        2750|   -1.046048|           0|
|        2800|   -1.381198|           0|
|        2850|   -1.296028|           0|
|        2900|   -1.626186|           0|
|        2950|   -1.013042|           0|
|        2999|   -0.851571|           0|

----------------------------- Solver Exit -------------------------------

Maximum number of iterations reached (ITER = 3000) before convergence.
+-----------------------------------------------------------------------+
|      Convergence Field     |     Value    |   Criterion  |  Converged |
+-----------------------------------------------------------------------+
+-----------------------------------------------------------------------+
-------------------------------------------------------------------------
+-----------------------------------------------------------------------+
|        File Writing Summary       |              Filename             |
+-----------------------------------------------------------------------+
|SU2 binary restart                 |solution.dat                       |
|SU2 ASCII restart                  |solution.csv                       |
|Paraview                           |flow.vtu                           |
|Tecplot ASCII                      |flow.dat                           |
|Paraview surface                   |surface_flow.vtu                   |
+-----------------------------------------------------------------------+

------------------------- Solver Postprocessing -------------------------
Deleted CNumerics container.
Deleted CIntegration container.
Deleted CSolver container.
Deleted CIteration container.
Deleted CInterface container.
Deleted CGeometry container.
Deleted CFreeFormDefBox class.
Deleted CSurfaceMovement class.
Deleted CVolumetricMovement class.
Deleted CConfig container.
Deleted nInst container.
Deleted COutput class.
-------------------------------------------------------------------------

------------------------- Exit Success (SU2_CFD) ------------------------



=======================================================================
=======================================================================
                       PREPROCESSING - LEVEL 2
 
  -------------------------------------------------------------------
    NODE-PAIR CODE   -   PREPROCESSING PHASE
  -------------------------------------------------------------------
    Department of Aerospace Engineering - Politecnico di Milano
    authors: Alberto Guardone, Marco Fossati
 
    Warning: Check the status of file CORNERS.grid_name
 
 
    Domain nodes:         8398
    Boundary nodes:          768
    Domain elements:        12044
    Boundary elements:          384
 
    Generating node-pairs...
    I have found        29173  node-pairs in the domain
    I have found          384  node-pairs in the boundary
 
    Generating metric quantities...
    Domain finite element metrics...
    Domain finite volumes metrics...
    Boundary metrics...
 
    Checking metric consistency...
      FEM maximum eta residual on DOMAIN points --->  5.0563470726511916E-27
      - on domain node          608
      - of coordinates   0.497597672000000        16.2466256000000     
      FEM maximum eta residual on BOUNDARY points --->  3.1996268655707675E-26
      - on boundary node          390    (domain           165 )
      - of coordinates    57.3151785000000        16.2500000000000     
 
      Domain area (cell) =   1089.81007506569     
      Domain area (mass,mass_ii) =   1089.81007506570     
      Boundary closure (xi) =  2.183628458606445E-014
      Boundary closure (chi) =  5.027514752851361E-015
 
      FVM maximum eta residual on DOMAIN points --->  5.8283561477169503E-30
      - on domain node          258
      - of coordinates   0.497597672000000        16.2490000000000     
      FVM maximum eta residual on BOUNDARY points --->  1.3111326844131042E-25
      - on boundary node          340    (domain           140 )
      - of coordinates    36.1063178000000        16.2500000000000     
 
    done
 
    Checking AXISYMMETRIC metric consistency...
 
      FEM maximum eta residual on DOMAIN points --->  1.3302564159687078E-24
      - on domain node          608
      - of coordinates   0.497597672000000        16.2466256000000     
      FEM maximum eta residual on BOUNDARY points --->  8.9056379698041228E-24
      - on boundary node          390    (domain           165 )
      - of coordinates    57.3151785000000        16.2500000000000     
 
      Domain area (cell) =    1089.81007506569     
      Domain area (mass,mass_ii) =    1089.81007506570     
      Boundary closure (xi) =   7.048632636736645E-012
 
      FVM maximum eta residual on DOMAIN points --->  4.1783659860588802E-09
      - on domain node         7724
      - of coordinates   3.952809950000000E-002   3.18943308000000     
      FVM maximum eta residual on BOUNDARY points --->  3.9403933111648654E-01
      - on boundary node          224    (domain            82 )
      - of coordinates   0.000000000000000E+000   16.2500000000000     
      - resid -->   9.839948911148255E-003  4.166620026779810E-008
 
    done
 
 
    Generating rotation matrices...
    done
 
    Saving...
    node-pairs...
    metric quantities...
    axisymmetric metric quantities...
    done
 
    Elapsed time   0.7542E+00 s
 


=======================================================================
=======================================================================
                     MESH ADAPTATION - LEVEL 2
 
  -------------------------------------------------------------------
    DARWIN
  -------------------------------------------------------------------
    CFD Laboratory - McGill University
    2009-2012 - Marco Fossati
    Department of Aerospace Engineering - Politecnico di Milano
    2003-2009 - Alberto Guardone, Marco Fossati
 
    Reading grid 1 ...
    Reading SU2 solution
    - equations:  RANS SST model
    - thermodynamics:  not used
 
    Adapt grid from level 1 to level 2
    Averaging error...
    Quality enforcement...
    - edges marked for quality enforcement:      403
 
    Grid 1 nodes     8398 element    12044
    Grid 2 nodes     8902 element    12548
 
    Postprocessing
    - errors.INL.plt
    - admesh.INL.plt
    - admesh.INL.su2
 


=======================================================================
=======================================================================
                            SU2 - LEVEL 2



MPI - REPORT BINDINGS:

-------------------------------------------------------------------------
|    ___ _   _ ___                                                      |
|   / __| | | |_  )   Release 7.5.1 "Blackbird"                         |
|   \__ \ |_| |/ /                                                      |
|   |___/\___//___|   Suite (Computational Fluid Dynamics Code)         |
|                                                                       |
-------------------------------------------------------------------------
| SU2 Project Website: https://su2code.github.io                        |
|                                                                       |
| The SU2 Project is maintained by the SU2 Foundation                   |
| (http://su2foundation.org)                                            |
-------------------------------------------------------------------------
| Copyright 2012-2023, SU2 Contributors                                 |
|                                                                       |
| SU2 is free software; you can redistribute it and/or                  |
| modify it under the terms of the GNU Lesser General Public            |
| License as published by the Free Software Foundation; either          |
| version 2.1 of the License, or (at your option) any later version.    |
|                                                                       |
| SU2 is distributed in the hope that it will be useful,                |
| but WITHOUT ANY WARRANTY; without even the implied warranty of        |
| MERCHANTABILITY or FITNESS FOR A PARTICULAR PURPOSE. See the GNU      |
| Lesser General Public License for more details.                       |
|                                                                       |
| You should have received a copy of the GNU Lesser General Public      |
| License along with SU2. If not, see <http://www.gnu.org/licenses/>.   |
-------------------------------------------------------------------------

Parsing config file for zone 0

----------------- Physical Case Definition ( Zone 0 ) -------------------
Compressible RANS equations.
Turbulence model: Menter's k-omega SST-2003m with sustaining terms, and with Vorticity production.
Hybrid RANS/LES: No Hybrid RANS/LES
Mach number: 0.001.
Angle of attack (AoA): 0 deg, and angle of sideslip (AoS): 0 deg.
Reynolds number: 0. Reference length 1.
Reading and writing binary SU2 native restart files.
Read flow solution from: solution_interpolated.dat.
Dimensional simulation.
The reference area is 1 m^2.
The semi-span will be computed using the max y(3D) value.
The reference length is 1 m.
Reference origin for moment evaluation is (0, 0, 0).
Surface(s) where the force coefficients are evaluated: 4.

Surface(s) plotted in the output file: 4.
Surface(s) to be analyzed in detail: 4.
Input mesh file name: admesh.INL.su2

--------------- Space Numerical Integration ( Zone 0 ) ------------------
Roe (with entropy fix = 1) solver for the flow inviscid terms.
Standard Roe without low-dissipation function.
Second order integration in space, with slope limiter.
Venkatakrishnan slope-limiting method, with constant: 0.05.
The reference element size is: 1. 
Scalar upwind solver for the turbulence model.
First order integration in space.
Average of gradients with correction (viscous flow terms).
Average of gradients with correction (viscous turbulence terms).
Gradient for upwind reconstruction: unweighted Least-Squares.
Gradient for viscous and source terms: Green-Gauss.

--------------- Time Numerical Integration  ( Zone 0 ) ------------------
Local time stepping (steady state simulation).
Euler implicit method for the flow equations.
FGMRES is used for solving the linear system.
Using a ILU(0) preconditioning.
Convergence criteria of the linear solver: 1e-06.
Max number of linear iterations: 20.
CFL adaptation. Factor down: 0.5, factor up: 1.25,
                lower limit: 0.1, upper limit: 5,
                acceptable linear residual: 0.001.
Courant-Friedrichs-Lewy number:        1
Euler implicit time integration for the turbulence model.

------------------ Convergence Criteria  ( Zone 0 ) ---------------------
Maximum number of solver subiterations: 3000.
Begin convergence monitoring at iteration 10.
Residual minimum value: 1e-20.
Cauchy series min. value: 1e-10.
Number of Cauchy elements: 100.
Begin windowed time average at iteration 0.

-------------------- Output Information ( Zone 0 ) ----------------------
File writing frequency: 
+------------------------------------+
|                     File| Frequency|
+------------------------------------+
|                  RESTART|      1000|
|            RESTART_ASCII|      1000|
|                 PARAVIEW|      1000|
|            TECPLOT_ASCII|      1000|
|         SURFACE_PARAVIEW|      1000|
+------------------------------------+
Writing the convergence history file every 1 inner iterations.
Writing the screen convergence history every 50 inner iterations.
The tabular file format is CSV (.csv).
Convergence history file name: history_2nd.
Forces breakdown file name: forces_breakdown.dat.
Surface file name: surface_flow.
Volume file name: flow.
Restart file name: solution.dat.

------------- Config File Boundary Information ( Zone 0 ) ---------------
+-----------------------------------------------------------------------+
|                        Marker Type|                        Marker Name|
+-----------------------------------------------------------------------+
|                     Symmetry plane|                                  6|
+-----------------------------------------------------------------------+
|                   Riemann boundary|                                  1|
|                                   |                                  5|
+-----------------------------------------------------------------------+
|                     Heat flux wall|                                 w2|
|                                   |                                 w3|
|                                   |                                 w4|
+-----------------------------------------------------------------------+

-------------------- Output Preprocessing ( Zone 0 ) --------------------

WARNING: SURFACE_PRESSURE_DROP can only be computed for at least 2 surfaces (outlet, inlet, ...)

Screen output fields: INNER_ITER, RMS_DENSITY, NONPHYSICAL_POINTS
History output group(s): ITER, RMS_RES
Ignoring Convergence Field(s): RESIDUAL 
Warning: No (valid) fields chosen for convergence monitoring. Convergence monitoring inactive.
Warning: No (valid) fields chosen for time convergence monitoring. Time convergence monitoring inactive.
Volume output fields: COORDINATES, SOLUTION, PRIMITIVE

------------------- Geometry Preprocessing ( Zone 0 ) -------------------
Two dimensional problem.
8902 grid points before partitioning.
12548 volume elements before partitioning.
6 surface markers.
31 boundary elements in index 0 (Marker = 1).
74 boundary elements in index 1 (Marker = w2).
75 boundary elements in index 2 (Marker = w3).
91 boundary elements in index 3 (Marker = w4).
35 boundary elements in index 4 (Marker = 5).
102 boundary elements in index 5 (Marker = 6).
Executing the partitioning functions.
Building the graph adjacency structure.
Calling ParMETIS... graph partitioning complete (484 edge cuts).
Distributing ParMETIS coloring.
Rebalancing vertices.
Rebalancing volume element connectivity.
Rebalancing markers and surface elements.
9540 vertices including ghost points. 
13029 interior elements including halo cells. 
8040 triangles.
4989 quadrilaterals.
Establishing MPI communication patterns.
Setting point connectivity.
Renumbering points (Reverse Cuthill McKee Ordering).
Recomputing point connectivity.
Setting element connectivity.
Checking the numerical grid orientation.
All volume elements are correctly orientend.
There has been a re-orientation of 418 LINE surface elements.
Identifying edges and vertices.
Setting the control volume structure.
Area of the computational grid: 1131.6.
Searching for the closest normal neighbors to the surfaces.
Storing a mapping from global to local point index.
Compute the surface curvature.
Max K: 52.073. Mean K: 0.34436. Standard deviation K: 3.6331.
Checking for periodicity.
Computing mesh quality statistics for the dual control volumes.
+--------------------------------------------------------------+
|           Mesh Quality Metric|        Minimum|        Maximum|
+--------------------------------------------------------------+
|    Orthogonality Angle (deg.)|        49.8656|             90|
|     CV Face Area Aspect Ratio|        1.00683|        1965.41|
|           CV Sub-Volume Ratio|              1|        208.145|
+--------------------------------------------------------------+
Finding max control volume width.
Communicating number of neighbors.
Wetted area = 0 m^2.
Area projection in the x-plane = 0 m, y-plane = 0 m.
Max. coordinate in the x-direction = -1e+10 m, y-direction = -1e+10 m.
Min. coordinate in the x-direction = 1e+10 m, y-direction = 1e+10 m.
Checking if Euler & Symmetry markers are straight/plane:
Boundary marker 6 is a single straight.
Computing wall distances.

-------------------- Solver Preprocessing ( Zone 0 ) --------------------
Viscous flow: Computing pressure using the ideal gas law
based on the free-stream temperature and a density computed
from the Reynolds number.
Force coefficients computed using free-stream values.

-- Models:
+------------------------------------------------------------------------------+
|          Viscosity Model|        Conductivity Model|              Fluid Model|
+------------------------------------------------------------------------------+
|               SUTHERLAND|          CONSTANT_PRANDTL|                IDEAL_GAS|
+------------------------------------------------------------------------------+
-- Fluid properties:
+------------------------------------------------------------------------------+
|                  Name|    Dim. value|    Ref. value|      Unit|Non-dim. value|
+------------------------------------------------------------------------------+
|        Ref. Viscosity|     1.716e-05|             1|   N.s/m^2|     1.716e-05|
|      Sutherland Temp.|        273.15|             1|         K|        273.15|
|     Sutherland Const.|         110.4|             1|         K|         110.4|
+------------------------------------------------------------------------------+
|        Prandtl (Lam.)|             -|             -|         -|          0.72|
|       Prandtl (Turb.)|             -|             -|         -|           0.9|
+------------------------------------------------------------------------------+
|          Gas Constant|           297|             1|  N.m/kg.K|           297|
|      Spec. Heat Ratio|             -|             -|         -|           1.4|
+------------------------------------------------------------------------------+
-- Initial and free-stream conditions:
+------------------------------------------------------------------------------+
|                  Name|    Dim. value|    Ref. value|      Unit|Non-dim. value|
+------------------------------------------------------------------------------+
|       Static Pressure|        100000|             1|        Pa|        100000|
|               Density|       1.12233|             1|    kg/m^3|       1.12233|
|           Temperature|           300|             1|         K|           300|
|          Total Energy|        222750|             1|   m^2/s^2|        222750|
|            Velocity-X|      0.353186|             1|       m/s|      0.353186|
|            Velocity-Y|             0|             1|       m/s|             0|
|    Velocity Magnitude|      0.353186|             1|       m/s|      0.353186|
+------------------------------------------------------------------------------+
|             Viscosity|   1.84592e-05|             1|   N.s/m^2|   1.84592e-05|
|          Conductivity|             -|             1|   W/m^2.K|             -|
|     Turb. Kin. Energy|   0.000467775|             1|   m^2/s^2|   0.000467775|
|     Spec. Dissipation|       2.84412|             1|       1/s|       2.84412|
+------------------------------------------------------------------------------+
|           Mach Number|             -|             -|         -|         0.001|
|       Reynolds Number|             -|             -|         -|         21474|
+------------------------------------------------------------------------------+
Initialize Jacobian structure (Navier-Stokes). MG level: 0.
Initialize Jacobian structure (SST model).

The number of points in the restart file (8398) does not match the mesh (8902).
A recursive nearest neighbor interpolation will be performed.
Number of recursions: 1.
Elapsed time: 0.00818529s.


The number of points in the restart file (8398) does not match the mesh (8902).
A recursive nearest neighbor interpolation will be performed.
Number of recursions: 1.
Elapsed time: 0.00718882s.


------------------- Numerics Preprocessing ( Zone 0 ) -------------------

----------------- Integration Preprocessing ( Zone 0 ) ------------------

------------------- Iteration Preprocessing ( Zone 0 ) ------------------
Euler/Navier-Stokes/RANS fluid iteration.

------------------------------ Begin Solver -----------------------------

Simulation Run using the Single-zone Driver
WARNING: SU2 was not compiled for an AVX-capable architecture. Performance could be better,
         see https://su2code.github.io/docs_v7/Build-SU2-Linux-MacOS/#compiler-optimizations
+--------------------------------------+
|  Inner_Iter|    rms[Rho]|Nonphysical_|
+--------------------------------------+
|           0|   -0.365589|           0|
|          50|   -0.884308|           0|
|         100|   -0.866116|           0|
|         150|   -1.268272|           0|
|         200|   -1.166974|           0|
|         250|   -1.396673|           0|
|         300|   -0.938521|           0|
|         350|   -1.353057|           0|
|         400|   -1.557692|           0|
|         450|   -1.455615|           0|
|         500|   -1.563369|           0|
|         550|   -0.937332|           0|
|         600|   -1.330491|           0|
|         650|   -1.272830|           0|
|         700|   -1.472702|           0|
|         750|   -1.319739|           0|
|         800|   -1.335405|           0|
|         850|   -1.569196|           0|
|         900|   -1.303539|           0|
|         950|   -1.364757|           0|
|        1000|   -1.852358|           0|
+-----------------------------------------------------------------------+
|        File Writing Summary       |              Filename             |
+-----------------------------------------------------------------------+
|SU2 binary restart                 |solution.dat                       |
|SU2 ASCII restart                  |solution.csv                       |
|Paraview                           |flow.vtu                           |
|Tecplot ASCII                      |flow.dat                           |
|Paraview surface                   |surface_flow.vtu                   |
+-----------------------------------------------------------------------+
+--------------------------------------+
|  Inner_Iter|    rms[Rho]|Nonphysical_|
+--------------------------------------+
|        1050|   -1.715141|           0|
|        1100|   -0.955910|           0|
|        1150|   -1.222165|           0|
|        1200|   -0.944620|           0|
|        1250|   -1.280196|           0|
|        1300|   -1.360873|           0|
|        1350|   -1.572162|           0|
|        1400|   -1.222818|           0|
|        1450|   -1.632800|           0|
|        1500|   -1.728447|           0|
|        1550|   -2.005166|           0|
|        1600|   -1.290931|           0|
|        1650|   -0.952962|           0|
|        1700|   -1.074248|           0|
|        1750|   -1.003326|           0|
|        1800|   -1.380751|           0|
|        1850|   -1.630587|           0|
|        1900|   -1.293835|           0|
|        1950|   -1.475960|           0|
|        2000|   -1.276813|           0|
+-----------------------------------------------------------------------+
|        File Writing Summary       |              Filename             |
+-----------------------------------------------------------------------+
|SU2 binary restart                 |solution.dat                       |
|SU2 ASCII restart                  |solution.csv                       |
|Paraview                           |flow.vtu                           |
|Tecplot ASCII                      |flow.dat                           |
|Paraview surface                   |surface_flow.vtu                   |
+-----------------------------------------------------------------------+
+--------------------------------------+
|  Inner_Iter|    rms[Rho]|Nonphysical_|
+--------------------------------------+
|        2050|   -1.421654|           0|
|        2100|   -1.414711|           0|
|        2150|   -1.978559|           0|
|        2200|   -2.129169|           0|
|        2250|   -2.029336|           0|
|        2300|   -1.280721|           0|
|        2350|   -0.996270|           0|
|        2400|   -1.437267|           0|
|        2450|   -1.280483|           0|
|        2500|   -1.568024|           0|
|        2550|   -1.186036|           0|
|        2600|   -1.494852|           0|
|        2650|   -1.292409|           0|
|        2700|   -1.551953|           0|
|        2750|   -1.687019|           0|
|        2800|   -1.655287|           0|
|        2850|   -1.948991|           0|
|        2900|   -1.229777|           0|
|        2950|   -2.110759|           0|
|        2999|   -1.799957|           0|

----------------------------- Solver Exit -------------------------------

Maximum number of iterations reached (ITER = 3000) before convergence.
+-----------------------------------------------------------------------+
|      Convergence Field     |     Value    |   Criterion  |  Converged |
+-----------------------------------------------------------------------+
+-----------------------------------------------------------------------+
-------------------------------------------------------------------------
+-----------------------------------------------------------------------+
|        File Writing Summary       |              Filename             |
+-----------------------------------------------------------------------+
|SU2 binary restart                 |solution.dat                       |
|SU2 ASCII restart                  |solution.csv                       |
|Paraview                           |flow.vtu                           |
|Tecplot ASCII                      |flow.dat                           |
|Paraview surface                   |surface_flow.vtu                   |
+-----------------------------------------------------------------------+

------------------------- Solver Postprocessing -------------------------
Deleted CNumerics container.
Deleted CIntegration container.
Deleted CSolver container.
Deleted CIteration container.
Deleted CInterface container.
Deleted CGeometry container.
Deleted CFreeFormDefBox class.
Deleted CSurfaceMovement class.
Deleted CVolumetricMovement class.
Deleted CConfig container.
Deleted nInst container.
Deleted COutput class.
-------------------------------------------------------------------------

------------------------- Exit Success (SU2_CFD) ------------------------



=======================================================================
=======================================================================
                       PREPROCESSING - LEVEL 3
 
  -------------------------------------------------------------------
    NODE-PAIR CODE   -   PREPROCESSING PHASE
  -------------------------------------------------------------------
    Department of Aerospace Engineering - Politecnico di Milano
    authors: Alberto Guardone, Marco Fossati
 
    Warning: Check the status of file CORNERS.grid_name
 
 
    Domain nodes:         8902
    Boundary nodes:          816
    Domain elements:        12548
    Boundary elements:          408
 
    Generating node-pairs...
    I have found        31141  node-pairs in the domain
    I have found          408  node-pairs in the boundary
 
    Generating metric quantities...
    Domain finite element metrics...
    Domain finite volumes metrics...
    Boundary metrics...
 
    Checking metric consistency...
      FEM maximum eta residual on DOMAIN points --->  5.0563470726511916E-27
      - on domain node          608
      - of coordinates   0.497597672000000        16.2466256000000     
      FEM maximum eta residual on BOUNDARY points --->  3.1996268655707675E-26
      - on boundary node          390    (domain           165 )
      - of coordinates    57.3151785000000        16.2500000000000     
 
      Domain area (cell) =   1089.81007506656     
      Domain area (mass,mass_ii) =   1089.81007506656     
      Boundary closure (xi) =  1.197058966006928E-014
      Boundary closure (chi) =  5.027514752851361E-015
 
      FVM maximum eta residual on DOMAIN points --->  5.8283561477169503E-30
      - on domain node          258
      - of coordinates   0.497597672000000        16.2490000000000     
      FVM maximum eta residual on BOUNDARY points --->  1.3111326844131042E-25
      - on boundary node          340    (domain           140 )
      - of coordinates    36.1063178000000        16.2500000000000     
 
    done
 
    Checking AXISYMMETRIC metric consistency...
 
      FEM maximum eta residual on DOMAIN points --->  1.3302564159687078E-24
      - on domain node          608
      - of coordinates   0.497597672000000        16.2466256000000     
      FEM maximum eta residual on BOUNDARY points --->  8.9056379698041228E-24
      - on boundary node          390    (domain           165 )
      - of coordinates    57.3151785000000        16.2500000000000     
 
      Domain area (cell) =    1089.81007506656     
      Domain area (mass,mass_ii) =    1089.81007506656     
      Boundary closure (xi) =   1.591687345789133E-012
 
      FVM maximum eta residual on DOMAIN points --->  4.3294198139700748E-09
      - on domain node         7724
      - of coordinates   3.952809950000000E-002   3.18943308000000     
      FVM maximum eta residual on BOUNDARY points --->  3.9403933111648654E-01
      - on boundary node          224    (domain            82 )
      - of coordinates   0.000000000000000E+000   16.2500000000000     
      - resid -->   9.839948911148255E-003  4.166620026779810E-008
 
    done
 
 
    Generating rotation matrices...
    done
 
    Saving...
    node-pairs...
    metric quantities...
    axisymmetric metric quantities...
    done
 
    Elapsed time   0.8036E+00 s
 


=======================================================================
=======================================================================
                     MESH ADAPTATION - LEVEL 3
 
  -------------------------------------------------------------------
    DARWIN
  -------------------------------------------------------------------
    CFD Laboratory - McGill University
    2009-2012 - Marco Fossati
    Department of Aerospace Engineering - Politecnico di Milano
    2003-2009 - Alberto Guardone, Marco Fossati
 
    Reading grid 2 ...
    Reading SU2 solution
    - equations:  RANS SST model
    - thermodynamics:  not used
 
    Adapt grid from level 2 to level 3
    Averaging error...
    Quality enforcement...
    - edges marked for quality enforcement:      130
 
    Grid 1 nodes     8398 element    12044
    Grid 2 nodes     8902 element    12548
    Grid 3 nodes     9064 element    12722
 
    Postprocessing
    - errors.INL.plt
    - admesh.INL.plt
    - admesh.INL.su2
 


=======================================================================
=======================================================================
                            SU2 - LEVEL 3



MPI - REPORT BINDINGS:

-------------------------------------------------------------------------
|    ___ _   _ ___                                                      |
|   / __| | | |_  )   Release 7.5.1 "Blackbird"                         |
|   \__ \ |_| |/ /                                                      |
|   |___/\___//___|   Suite (Computational Fluid Dynamics Code)         |
|                                                                       |
-------------------------------------------------------------------------
| SU2 Project Website: https://su2code.github.io                        |
|                                                                       |
| The SU2 Project is maintained by the SU2 Foundation                   |
| (http://su2foundation.org)                                            |
-------------------------------------------------------------------------
| Copyright 2012-2023, SU2 Contributors                                 |
|                                                                       |
| SU2 is free software; you can redistribute it and/or                  |
| modify it under the terms of the GNU Lesser General Public            |
| License as published by the Free Software Foundation; either          |
| version 2.1 of the License, or (at your option) any later version.    |
|                                                                       |
| SU2 is distributed in the hope that it will be useful,                |
| but WITHOUT ANY WARRANTY; without even the implied warranty of        |
| MERCHANTABILITY or FITNESS FOR A PARTICULAR PURPOSE. See the GNU      |
| Lesser General Public License for more details.                       |
|                                                                       |
| You should have received a copy of the GNU Lesser General Public      |
| License along with SU2. If not, see <http://www.gnu.org/licenses/>.   |
-------------------------------------------------------------------------

Parsing config file for zone 0

----------------- Physical Case Definition ( Zone 0 ) -------------------
Compressible RANS equations.
Turbulence model: Menter's k-omega SST-2003m with sustaining terms, and with Vorticity production.
Hybrid RANS/LES: No Hybrid RANS/LES
Mach number: 0.001.
Angle of attack (AoA): 0 deg, and angle of sideslip (AoS): 0 deg.
Reynolds number: 0. Reference length 1.
Reading and writing binary SU2 native restart files.
Read flow solution from: solution_interpolated.dat.
Dimensional simulation.
The reference area is 1 m^2.
The semi-span will be computed using the max y(3D) value.
The reference length is 1 m.
Reference origin for moment evaluation is (0, 0, 0).
Surface(s) where the force coefficients are evaluated: 4.

Surface(s) plotted in the output file: 4.
Surface(s) to be analyzed in detail: 4.
Input mesh file name: admesh.INL.su2

--------------- Space Numerical Integration ( Zone 0 ) ------------------
Roe (with entropy fix = 1) solver for the flow inviscid terms.
Standard Roe without low-dissipation function.
Second order integration in space, with slope limiter.
Venkatakrishnan slope-limiting method, with constant: 0.05.
The reference element size is: 1. 
Scalar upwind solver for the turbulence model.
First order integration in space.
Average of gradients with correction (viscous flow terms).
Average of gradients with correction (viscous turbulence terms).
Gradient for upwind reconstruction: unweighted Least-Squares.
Gradient for viscous and source terms: Green-Gauss.

--------------- Time Numerical Integration  ( Zone 0 ) ------------------
Local time stepping (steady state simulation).
Euler implicit method for the flow equations.
FGMRES is used for solving the linear system.
Using a ILU(0) preconditioning.
Convergence criteria of the linear solver: 1e-06.
Max number of linear iterations: 20.
CFL adaptation. Factor down: 0.5, factor up: 1.25,
                lower limit: 0.1, upper limit: 5,
                acceptable linear residual: 0.001.
Courant-Friedrichs-Lewy number:        1
Euler implicit time integration for the turbulence model.

------------------ Convergence Criteria  ( Zone 0 ) ---------------------
Maximum number of solver subiterations: 3000.
Begin convergence monitoring at iteration 10.
Residual minimum value: 1e-20.
Cauchy series min. value: 1e-10.
Number of Cauchy elements: 100.
Begin windowed time average at iteration 0.

-------------------- Output Information ( Zone 0 ) ----------------------
File writing frequency: 
+------------------------------------+
|                     File| Frequency|
+------------------------------------+
|                  RESTART|      1000|
|            RESTART_ASCII|      1000|
|                 PARAVIEW|      1000|
|            TECPLOT_ASCII|      1000|
|         SURFACE_PARAVIEW|      1000|
+------------------------------------+
Writing the convergence history file every 1 inner iterations.
Writing the screen convergence history every 50 inner iterations.
The tabular file format is CSV (.csv).
Convergence history file name: history_2nd.
Forces breakdown file name: forces_breakdown.dat.
Surface file name: surface_flow.
Volume file name: flow.
Restart file name: solution.dat.

------------- Config File Boundary Information ( Zone 0 ) ---------------
+-----------------------------------------------------------------------+
|                        Marker Type|                        Marker Name|
+-----------------------------------------------------------------------+
|                     Symmetry plane|                                  6|
+-----------------------------------------------------------------------+
|                   Riemann boundary|                                  1|
|                                   |                                  5|
+-----------------------------------------------------------------------+
|                     Heat flux wall|                                 w2|
|                                   |                                 w3|
|                                   |                                 w4|
+-----------------------------------------------------------------------+

-------------------- Output Preprocessing ( Zone 0 ) --------------------

WARNING: SURFACE_PRESSURE_DROP can only be computed for at least 2 surfaces (outlet, inlet, ...)

Screen output fields: INNER_ITER, RMS_DENSITY, NONPHYSICAL_POINTS
History output group(s): ITER, RMS_RES
Ignoring Convergence Field(s): RESIDUAL 
Warning: No (valid) fields chosen for convergence monitoring. Convergence monitoring inactive.
Warning: No (valid) fields chosen for time convergence monitoring. Time convergence monitoring inactive.
Volume output fields: COORDINATES, SOLUTION, PRIMITIVE

------------------- Geometry Preprocessing ( Zone 0 ) -------------------
Two dimensional problem.
9064 grid points before partitioning.
12722 volume elements before partitioning.
6 surface markers.
31 boundary elements in index 0 (Marker = 1).
81 boundary elements in index 1 (Marker = w2).
76 boundary elements in index 2 (Marker = w3).
91 boundary elements in index 3 (Marker = w4).
35 boundary elements in index 4 (Marker = 5).
102 boundary elements in index 5 (Marker = 6).
Executing the partitioning functions.
Building the graph adjacency structure.
Calling ParMETIS... graph partitioning complete (492 edge cuts).
Distributing ParMETIS coloring.
Rebalancing vertices.
Rebalancing volume element connectivity.
Rebalancing markers and surface elements.
9708 vertices including ghost points. 
13211 interior elements including halo cells. 
8082 triangles.
5129 quadrilaterals.
Establishing MPI communication patterns.
Setting point connectivity.
Renumbering points (Reverse Cuthill McKee Ordering).
Recomputing point connectivity.
Setting element connectivity.
Checking the numerical grid orientation.
All volume elements are correctly orientend.
There has been a re-orientation of 426 LINE surface elements.
Identifying edges and vertices.
Setting the control volume structure.
Area of the computational grid: 1132.47.
Searching for the closest normal neighbors to the surfaces.
Storing a mapping from global to local point index.
Compute the surface curvature.
Max K: 104.146. Mean K: 0.586348. Standard deviation K: 7.16094.
Checking for periodicity.
Computing mesh quality statistics for the dual control volumes.
+--------------------------------------------------------------+
|           Mesh Quality Metric|        Minimum|        Maximum|
+--------------------------------------------------------------+
|    Orthogonality Angle (deg.)|        49.6528|             90|
|     CV Face Area Aspect Ratio|         1.0062|        1965.41|
|           CV Sub-Volume Ratio|              1|        208.573|
+--------------------------------------------------------------+
Finding max control volume width.
Communicating number of neighbors.
Wetted area = 0 m^2.
Area projection in the x-plane = 0 m, y-plane = 0 m.
Max. coordinate in the x-direction = -1e+10 m, y-direction = -1e+10 m.
Min. coordinate in the x-direction = 1e+10 m, y-direction = 1e+10 m.
Checking if Euler & Symmetry markers are straight/plane:
Boundary marker 6 is a single straight.
Computing wall distances.

-------------------- Solver Preprocessing ( Zone 0 ) --------------------
Viscous flow: Computing pressure using the ideal gas law
based on the free-stream temperature and a density computed
from the Reynolds number.
Force coefficients computed using free-stream values.

-- Models:
+------------------------------------------------------------------------------+
|          Viscosity Model|        Conductivity Model|              Fluid Model|
+------------------------------------------------------------------------------+
|               SUTHERLAND|          CONSTANT_PRANDTL|                IDEAL_GAS|
+------------------------------------------------------------------------------+
-- Fluid properties:
+------------------------------------------------------------------------------+
|                  Name|    Dim. value|    Ref. value|      Unit|Non-dim. value|
+------------------------------------------------------------------------------+
|        Ref. Viscosity|     1.716e-05|             1|   N.s/m^2|     1.716e-05|
|      Sutherland Temp.|        273.15|             1|         K|        273.15|
|     Sutherland Const.|         110.4|             1|         K|         110.4|
+------------------------------------------------------------------------------+
|        Prandtl (Lam.)|             -|             -|         -|          0.72|
|       Prandtl (Turb.)|             -|             -|         -|           0.9|
+------------------------------------------------------------------------------+
|          Gas Constant|           297|             1|  N.m/kg.K|           297|
|      Spec. Heat Ratio|             -|             -|         -|           1.4|
+------------------------------------------------------------------------------+
-- Initial and free-stream conditions:
+------------------------------------------------------------------------------+
|                  Name|    Dim. value|    Ref. value|      Unit|Non-dim. value|
+------------------------------------------------------------------------------+
|       Static Pressure|        100000|             1|        Pa|        100000|
|               Density|       1.12233|             1|    kg/m^3|       1.12233|
|           Temperature|           300|             1|         K|           300|
|          Total Energy|        222750|             1|   m^2/s^2|        222750|
|            Velocity-X|      0.353186|             1|       m/s|      0.353186|
|            Velocity-Y|             0|             1|       m/s|             0|
|    Velocity Magnitude|      0.353186|             1|       m/s|      0.353186|
+------------------------------------------------------------------------------+
|             Viscosity|   1.84592e-05|             1|   N.s/m^2|   1.84592e-05|
|          Conductivity|             -|             1|   W/m^2.K|             -|
|     Turb. Kin. Energy|   0.000467775|             1|   m^2/s^2|   0.000467775|
|     Spec. Dissipation|       2.84412|             1|       1/s|       2.84412|
+------------------------------------------------------------------------------+
|           Mach Number|             -|             -|         -|         0.001|
|       Reynolds Number|             -|             -|         -|         21474|
+------------------------------------------------------------------------------+
Initialize Jacobian structure (Navier-Stokes). MG level: 0.
Initialize Jacobian structure (SST model).

The number of points in the restart file (8902) does not match the mesh (9064).
A recursive nearest neighbor interpolation will be performed.
Number of recursions: 1.
Elapsed time: 0.0072847s.


The number of points in the restart file (8902) does not match the mesh (9064).
A recursive nearest neighbor interpolation will be performed.
Number of recursions: 1.
Elapsed time: 0.00719861s.


------------------- Numerics Preprocessing ( Zone 0 ) -------------------

----------------- Integration Preprocessing ( Zone 0 ) ------------------

------------------- Iteration Preprocessing ( Zone 0 ) ------------------
Euler/Navier-Stokes/RANS fluid iteration.

------------------------------ Begin Solver -----------------------------

Simulation Run using the Single-zone Driver
WARNING: SU2 was not compiled for an AVX-capable architecture. Performance could be better,
         see https://su2code.github.io/docs_v7/Build-SU2-Linux-MacOS/#compiler-optimizations
+--------------------------------------+
|  Inner_Iter|    rms[Rho]|Nonphysical_|
+--------------------------------------+
|           0|   -0.557725|           0|
|          50|   -0.844944|           0|
|         100|   -0.926593|           0|
|         150|   -1.147919|           0|
|         200|   -0.917700|           0|
|         250|   -1.023697|           0|
|         300|   -1.273924|           0|
|         350|   -1.471157|           0|
|         400|   -1.437277|           0|
|         450|   -1.777797|           0|
|         500|   -1.370836|           0|
|         550|   -1.546156|           0|
|         600|   -0.872747|           0|
|         650|   -0.985246|           0|
|         700|   -1.267802|           0|
|         750|   -1.060264|           0|
|         800|   -1.160111|           0|
|         850|   -1.662515|           0|
|         900|   -1.359332|           0|
|         950|   -1.654517|           0|
|        1000|   -1.938603|           0|
+-----------------------------------------------------------------------+
|        File Writing Summary       |              Filename             |
+-----------------------------------------------------------------------+
|SU2 binary restart                 |solution.dat                       |
|SU2 ASCII restart                  |solution.csv                       |
|Paraview                           |flow.vtu                           |
|Tecplot ASCII                      |flow.dat                           |
|Paraview surface                   |surface_flow.vtu                   |
+-----------------------------------------------------------------------+
+--------------------------------------+
|  Inner_Iter|    rms[Rho]|Nonphysical_|
+--------------------------------------+
|        1050|   -1.261402|           0|
|        1100|   -1.030120|           0|
|        1150|   -1.075368|           0|
|        1200|   -1.110553|           0|
|        1250|   -1.287236|           0|
|        1300|   -1.574059|           0|
|        1350|   -1.181064|           0|
|        1400|   -0.853007|           0|
|        1450|   -1.519573|           0|
|        1500|   -1.121357|           0|
|        1550|   -1.417145|           0|
|        1600|   -1.276673|           0|
|        1650|   -1.412042|           0|
|        1700|   -1.525285|           0|
|        1750|   -1.632583|           0|
|        1800|   -1.610044|           0|
|        1850|   -1.359041|           0|
|        1900|   -1.803665|           0|
|        1950|   -1.919155|           0|
|        2000|   -1.702376|           0|
+-----------------------------------------------------------------------+
|        File Writing Summary       |              Filename             |
+-----------------------------------------------------------------------+
|SU2 binary restart                 |solution.dat                       |
|SU2 ASCII restart                  |solution.csv                       |
|Paraview                           |flow.vtu                           |
|Tecplot ASCII                      |flow.dat                           |
|Paraview surface                   |surface_flow.vtu                   |
+-----------------------------------------------------------------------+
+--------------------------------------+
|  Inner_Iter|    rms[Rho]|Nonphysical_|
+--------------------------------------+
|        2050|   -1.997323|           0|
|        2100|   -1.919236|           0|
|        2150|   -2.042595|           0|
|        2200|   -1.940094|           0|
|        2250|   -2.073541|           0|
|        2300|   -1.082681|           0|
|        2350|   -0.934679|           0|
|        2400|   -1.224445|           0|
|        2450|   -1.221204|           0|
|        2500|   -1.301126|           0|
|        2550|   -1.266219|           0|
|        2600|   -1.515483|           0|
|        2650|   -1.519668|           0|
|        2700|   -1.610080|           0|
|        2750|   -1.693679|           0|
|        2800|   -1.870674|           0|
|        2850|   -1.561735|           0|
|        2900|   -1.688509|           0|
|        2950|   -2.096113|           0|
|        2999|   -0.865768|           0|

----------------------------- Solver Exit -------------------------------

Maximum number of iterations reached (ITER = 3000) before convergence.
+-----------------------------------------------------------------------+
|      Convergence Field     |     Value    |   Criterion  |  Converged |
+-----------------------------------------------------------------------+
+-----------------------------------------------------------------------+
-------------------------------------------------------------------------
+-----------------------------------------------------------------------+
|        File Writing Summary       |              Filename             |
+-----------------------------------------------------------------------+
|SU2 binary restart                 |solution.dat                       |
|SU2 ASCII restart                  |solution.csv                       |
|Paraview                           |flow.vtu                           |
|Tecplot ASCII                      |flow.dat                           |
|Paraview surface                   |surface_flow.vtu                   |
+-----------------------------------------------------------------------+

------------------------- Solver Postprocessing -------------------------
Deleted CNumerics container.
Deleted CIntegration container.
Deleted CSolver container.
Deleted CIteration container.
Deleted CInterface container.
Deleted CGeometry container.
Deleted CFreeFormDefBox class.
Deleted CSurfaceMovement class.
Deleted CVolumetricMovement class.
Deleted CConfig container.
Deleted nInst container.
Deleted COutput class.
-------------------------------------------------------------------------

------------------------- Exit Success (SU2_CFD) ------------------------



=======================================================================
=======================================================================
                       PREPROCESSING - LEVEL 4
 
  -------------------------------------------------------------------
    NODE-PAIR CODE   -   PREPROCESSING PHASE
  -------------------------------------------------------------------
    Department of Aerospace Engineering - Politecnico di Milano
    authors: Alberto Guardone, Marco Fossati
 
    Warning: Check the status of file CORNERS.grid_name
 
 
    Domain nodes:         9064
    Boundary nodes:          832
    Domain elements:        12722
    Boundary elements:          416
 
    Generating node-pairs...
    I have found        31761  node-pairs in the domain
    I have found          416  node-pairs in the boundary
 
    Generating metric quantities...
    Domain finite element metrics...
    Domain finite volumes metrics...
    Boundary metrics...
 
    Checking metric consistency...
      FEM maximum eta residual on DOMAIN points --->  1.0270733073992139E-26
      - on domain node          204
      - of coordinates   1.000000000000000E-003   3.25000000000000     
      FEM maximum eta residual on BOUNDARY points --->  3.1996268655707675E-26
      - on boundary node          390    (domain           165 )
      - of coordinates    57.3151785000000        16.2500000000000     
 
      Domain area (cell) =   1089.81007506582     
      Domain area (mass,mass_ii) =   1089.81007506581     
      Boundary closure (xi) =  1.392561425777274E-014
      Boundary closure (chi) =  5.064156705657955E-015
 
      FVM maximum eta residual on DOMAIN points --->  5.8283561477169503E-30
      - on domain node          258
      - of coordinates   0.497597672000000        16.2490000000000     
      FVM maximum eta residual on BOUNDARY points --->  1.3111326844131042E-25
      - on boundary node          340    (domain           140 )
      - of coordinates    36.1063178000000        16.2500000000000     
 
    done
 
    Checking AXISYMMETRIC metric consistency...
 
      FEM maximum eta residual on DOMAIN points --->  1.3302564159687078E-24
      - on domain node          608
      - of coordinates   0.497597672000000        16.2466256000000     
      FEM maximum eta residual on BOUNDARY points --->  8.9056379698041228E-24
      - on boundary node          390    (domain           165 )
      - of coordinates    57.3151785000000        16.2500000000000     
 
      Domain area (cell) =    1089.81007506582     
      Domain area (mass,mass_ii) =    1089.81007506581     
      Boundary closure (xi) =   1.023181974681157E-011
 
      FVM maximum eta residual on DOMAIN points --->  4.3780246060669165E-09
      - on domain node         7724
      - of coordinates   3.952809950000000E-002   3.18943308000000     
      FVM maximum eta residual on BOUNDARY points --->  3.9403933111648654E-01
      - on boundary node          224    (domain            82 )
      - of coordinates   0.000000000000000E+000   16.2500000000000     
      - resid -->   9.839948911148255E-003  4.166620026779810E-008
 
    done
 
 
    Generating rotation matrices...
    done
 
    Saving...
    node-pairs...
    metric quantities...
    axisymmetric metric quantities...
    done
 
    Elapsed time   0.8407E+00 s
 


=======================================================================
=======================================================================
                     MESH ADAPTATION - LEVEL 4
 
  -------------------------------------------------------------------
    DARWIN
  -------------------------------------------------------------------
    CFD Laboratory - McGill University
    2009-2012 - Marco Fossati
    Department of Aerospace Engineering - Politecnico di Milano
    2003-2009 - Alberto Guardone, Marco Fossati
 
    Reading grid 3 ...
    Reading SU2 solution
    - equations:  RANS SST model
    - thermodynamics:  not used
 
    Adapt grid from level 3 to level 4
    Averaging error...
    Quality enforcement...
    - edges marked for quality enforcement:        0
 
    Grid 1 nodes     8398 element    12044
    Grid 2 nodes     8902 element    12548
    Grid 3 nodes     9064 element    12722
    Grid 4 nodes     9064 element    12722
 
    Postprocessing
    - errors.INL.plt
    - admesh.INL.plt
    - admesh.INL.su2
 


=======================================================================
=======================================================================
                            SU2 - LEVEL 4



MPI - REPORT BINDINGS:

-------------------------------------------------------------------------
|    ___ _   _ ___                                                      |
|   / __| | | |_  )   Release 7.5.1 "Blackbird"                         |
|   \__ \ |_| |/ /                                                      |
|   |___/\___//___|   Suite (Computational Fluid Dynamics Code)         |
|                                                                       |
-------------------------------------------------------------------------
| SU2 Project Website: https://su2code.github.io                        |
|                                                                       |
| The SU2 Project is maintained by the SU2 Foundation                   |
| (http://su2foundation.org)                                            |
-------------------------------------------------------------------------
| Copyright 2012-2023, SU2 Contributors                                 |
|                                                                       |
| SU2 is free software; you can redistribute it and/or                  |
| modify it under the terms of the GNU Lesser General Public            |
| License as published by the Free Software Foundation; either          |
| version 2.1 of the License, or (at your option) any later version.    |
|                                                                       |
| SU2 is distributed in the hope that it will be useful,                |
| but WITHOUT ANY WARRANTY; without even the implied warranty of        |
| MERCHANTABILITY or FITNESS FOR A PARTICULAR PURPOSE. See the GNU      |
| Lesser General Public License for more details.                       |
|                                                                       |
| You should have received a copy of the GNU Lesser General Public      |
| License along with SU2. If not, see <http://www.gnu.org/licenses/>.   |
-------------------------------------------------------------------------

Parsing config file for zone 0

----------------- Physical Case Definition ( Zone 0 ) -------------------
Compressible RANS equations.
Turbulence model: Menter's k-omega SST-2003m with sustaining terms, and with Vorticity production.
Hybrid RANS/LES: No Hybrid RANS/LES
Mach number: 0.001.
Angle of attack (AoA): 0 deg, and angle of sideslip (AoS): 0 deg.
Reynolds number: 0. Reference length 1.
Reading and writing binary SU2 native restart files.
Read flow solution from: solution_interpolated.dat.
Dimensional simulation.
The reference area is 1 m^2.
The semi-span will be computed using the max y(3D) value.
The reference length is 1 m.
Reference origin for moment evaluation is (0, 0, 0).
Surface(s) where the force coefficients are evaluated: 4.

Surface(s) plotted in the output file: 4.
Surface(s) to be analyzed in detail: 4.
Input mesh file name: admesh.INL.su2

--------------- Space Numerical Integration ( Zone 0 ) ------------------
Roe (with entropy fix = 1) solver for the flow inviscid terms.
Standard Roe without low-dissipation function.
Second order integration in space, with slope limiter.
Venkatakrishnan slope-limiting method, with constant: 0.05.
The reference element size is: 1. 
Scalar upwind solver for the turbulence model.
First order integration in space.
Average of gradients with correction (viscous flow terms).
Average of gradients with correction (viscous turbulence terms).
Gradient for upwind reconstruction: unweighted Least-Squares.
Gradient for viscous and source terms: Green-Gauss.

--------------- Time Numerical Integration  ( Zone 0 ) ------------------
Local time stepping (steady state simulation).
Euler implicit method for the flow equations.
FGMRES is used for solving the linear system.
Using a ILU(0) preconditioning.
Convergence criteria of the linear solver: 1e-06.
Max number of linear iterations: 20.
CFL adaptation. Factor down: 0.5, factor up: 1.25,
                lower limit: 0.1, upper limit: 5,
                acceptable linear residual: 0.001.
Courant-Friedrichs-Lewy number:        1
Euler implicit time integration for the turbulence model.

------------------ Convergence Criteria  ( Zone 0 ) ---------------------
Maximum number of solver subiterations: 3000.
Begin convergence monitoring at iteration 10.
Residual minimum value: 1e-20.
Cauchy series min. value: 1e-10.
Number of Cauchy elements: 100.
Begin windowed time average at iteration 0.

-------------------- Output Information ( Zone 0 ) ----------------------
File writing frequency: 
+------------------------------------+
|                     File| Frequency|
+------------------------------------+
|                  RESTART|      1000|
|            RESTART_ASCII|      1000|
|                 PARAVIEW|      1000|
|            TECPLOT_ASCII|      1000|
|         SURFACE_PARAVIEW|      1000|
+------------------------------------+
Writing the convergence history file every 1 inner iterations.
Writing the screen convergence history every 50 inner iterations.
The tabular file format is CSV (.csv).
Convergence history file name: history_2nd.
Forces breakdown file name: forces_breakdown.dat.
Surface file name: surface_flow.
Volume file name: flow.
Restart file name: solution.dat.

------------- Config File Boundary Information ( Zone 0 ) ---------------
+-----------------------------------------------------------------------+
|                        Marker Type|                        Marker Name|
+-----------------------------------------------------------------------+
|                     Symmetry plane|                                  6|
+-----------------------------------------------------------------------+
|                   Riemann boundary|                                  1|
|                                   |                                  5|
+-----------------------------------------------------------------------+
|                     Heat flux wall|                                 w2|
|                                   |                                 w3|
|                                   |                                 w4|
+-----------------------------------------------------------------------+

-------------------- Output Preprocessing ( Zone 0 ) --------------------

WARNING: SURFACE_PRESSURE_DROP can only be computed for at least 2 surfaces (outlet, inlet, ...)

Screen output fields: INNER_ITER, RMS_DENSITY, NONPHYSICAL_POINTS
History output group(s): ITER, RMS_RES
Ignoring Convergence Field(s): RESIDUAL 
Warning: No (valid) fields chosen for convergence monitoring. Convergence monitoring inactive.
Warning: No (valid) fields chosen for time convergence monitoring. Time convergence monitoring inactive.
Volume output fields: COORDINATES, SOLUTION, PRIMITIVE

------------------- Geometry Preprocessing ( Zone 0 ) -------------------
Two dimensional problem.
9064 grid points before partitioning.
12722 volume elements before partitioning.
6 surface markers.
31 boundary elements in index 0 (Marker = 1).
81 boundary elements in index 1 (Marker = w2).
76 boundary elements in index 2 (Marker = w3).
91 boundary elements in index 3 (Marker = w4).
35 boundary elements in index 4 (Marker = 5).
102 boundary elements in index 5 (Marker = 6).
Executing the partitioning functions.
Building the graph adjacency structure.
Calling ParMETIS... graph partitioning complete (492 edge cuts).
Distributing ParMETIS coloring.
Rebalancing vertices.
Rebalancing volume element connectivity.
Rebalancing markers and surface elements.
9708 vertices including ghost points. 
13211 interior elements including halo cells. 
8082 triangles.
5129 quadrilaterals.
Establishing MPI communication patterns.
Setting point connectivity.
Renumbering points (Reverse Cuthill McKee Ordering).
Recomputing point connectivity.
Setting element connectivity.
Checking the numerical grid orientation.
All volume elements are correctly orientend.
There has been a re-orientation of 426 LINE surface elements.
Identifying edges and vertices.
Setting the control volume structure.
Area of the computational grid: 1132.45.
Searching for the closest normal neighbors to the surfaces.
Storing a mapping from global to local point index.
Compute the surface curvature.
Max K: 104.146. Mean K: 0.586348. Standard deviation K: 7.16094.
Checking for periodicity.
Computing mesh quality statistics for the dual control volumes.
+--------------------------------------------------------------+
|           Mesh Quality Metric|        Minimum|        Maximum|
+--------------------------------------------------------------+
|    Orthogonality Angle (deg.)|        49.4897|             90|
|     CV Face Area Aspect Ratio|        1.00572|        1965.41|
|           CV Sub-Volume Ratio|              1|        208.849|
+--------------------------------------------------------------+
Finding max control volume width.
Communicating number of neighbors.
Wetted area = 0 m^2.
Area projection in the x-plane = 0 m, y-plane = 0 m.
Max. coordinate in the x-direction = -1e+10 m, y-direction = -1e+10 m.
Min. coordinate in the x-direction = 1e+10 m, y-direction = 1e+10 m.
Checking if Euler & Symmetry markers are straight/plane:
Boundary marker 6 is a single straight.
Computing wall distances.

-------------------- Solver Preprocessing ( Zone 0 ) --------------------
Viscous flow: Computing pressure using the ideal gas law
based on the free-stream temperature and a density computed
from the Reynolds number.
Force coefficients computed using free-stream values.

-- Models:
+------------------------------------------------------------------------------+
|          Viscosity Model|        Conductivity Model|              Fluid Model|
+------------------------------------------------------------------------------+
|               SUTHERLAND|          CONSTANT_PRANDTL|                IDEAL_GAS|
+------------------------------------------------------------------------------+
-- Fluid properties:
+------------------------------------------------------------------------------+
|                  Name|    Dim. value|    Ref. value|      Unit|Non-dim. value|
+------------------------------------------------------------------------------+
|        Ref. Viscosity|     1.716e-05|             1|   N.s/m^2|     1.716e-05|
|      Sutherland Temp.|        273.15|             1|         K|        273.15|
|     Sutherland Const.|         110.4|             1|         K|         110.4|
+------------------------------------------------------------------------------+
|        Prandtl (Lam.)|             -|             -|         -|          0.72|
|       Prandtl (Turb.)|             -|             -|         -|           0.9|
+------------------------------------------------------------------------------+
|          Gas Constant|           297|             1|  N.m/kg.K|           297|
|      Spec. Heat Ratio|             -|             -|         -|           1.4|
+------------------------------------------------------------------------------+
-- Initial and free-stream conditions:
+------------------------------------------------------------------------------+
|                  Name|    Dim. value|    Ref. value|      Unit|Non-dim. value|
+------------------------------------------------------------------------------+
|       Static Pressure|        100000|             1|        Pa|        100000|
|               Density|       1.12233|             1|    kg/m^3|       1.12233|
|           Temperature|           300|             1|         K|           300|
|          Total Energy|        222750|             1|   m^2/s^2|        222750|
|            Velocity-X|      0.353186|             1|       m/s|      0.353186|
|            Velocity-Y|             0|             1|       m/s|             0|
|    Velocity Magnitude|      0.353186|             1|       m/s|      0.353186|
+------------------------------------------------------------------------------+
|             Viscosity|   1.84592e-05|             1|   N.s/m^2|   1.84592e-05|
|          Conductivity|             -|             1|   W/m^2.K|             -|
|     Turb. Kin. Energy|   0.000467775|             1|   m^2/s^2|   0.000467775|
|     Spec. Dissipation|       2.84412|             1|       1/s|       2.84412|
+------------------------------------------------------------------------------+
|           Mach Number|             -|             -|         -|         0.001|
|       Reynolds Number|             -|             -|         -|         21474|
+------------------------------------------------------------------------------+
Initialize Jacobian structure (Navier-Stokes). MG level: 0.
Initialize Jacobian structure (SST model).

------------------- Numerics Preprocessing ( Zone 0 ) -------------------

----------------- Integration Preprocessing ( Zone 0 ) ------------------

------------------- Iteration Preprocessing ( Zone 0 ) ------------------
Euler/Navier-Stokes/RANS fluid iteration.

------------------------------ Begin Solver -----------------------------

Simulation Run using the Single-zone Driver
WARNING: SU2 was not compiled for an AVX-capable architecture. Performance could be better,
         see https://su2code.github.io/docs_v7/Build-SU2-Linux-MacOS/#compiler-optimizations
+--------------------------------------+
|  Inner_Iter|    rms[Rho]|Nonphysical_|
+--------------------------------------+
|           0|   -0.834997|           0|
|          50|   -0.978562|           0|
|         100|   -0.869164|           0|
|         150|   -1.153795|           0|
|         200|   -0.955735|           0|
|         250|   -1.256122|           0|
|         300|   -1.264610|           0|
|         350|   -1.426594|           0|
|         400|   -1.372445|           0|
|         450|   -1.578441|           0|
|         500|   -1.143292|           0|
|         550|   -1.751913|           0|
|         600|   -1.660435|           0|
|         650|   -1.248370|           0|
|         700|   -0.909041|           0|
|         750|   -1.102586|           0|
|         800|   -1.088918|           0|
|         850|   -0.950890|           0|
|         900|   -1.029004|           0|
|         950|   -1.329789|           0|
|        1000|   -1.434346|           0|
+-----------------------------------------------------------------------+
|        File Writing Summary       |              Filename             |
+-----------------------------------------------------------------------+
|SU2 binary restart                 |solution.dat                       |
|SU2 ASCII restart                  |solution.csv                       |
|Paraview                           |flow.vtu                           |
|Tecplot ASCII                      |flow.dat                           |
|Paraview surface                   |surface_flow.vtu                   |
+-----------------------------------------------------------------------+
+--------------------------------------+
|  Inner_Iter|    rms[Rho]|Nonphysical_|
+--------------------------------------+
|        1050|   -1.702813|           0|
|        1100|   -1.687273|           0|
|        1150|   -1.178590|           0|
|        1200|   -0.955697|           0|
|        1250|   -1.523504|           0|
|        1300|   -1.001559|           0|
|        1350|   -1.341841|           0|
|        1400|   -1.156918|           0|
|        1450|   -1.740283|           0|
|        1500|   -1.701131|           0|
|        1550|   -1.866920|           0|
|        1600|   -1.326596|           0|
|        1650|   -1.618959|           0|
|        1700|   -0.912841|           0|
|        1750|   -1.363752|           0|
|        1800|   -1.286877|           0|
|        1850|   -1.084849|           0|
|        1900|   -0.984238|           0|
|        1950|   -1.203213|           0|
|        2000|   -1.172259|           0|
+-----------------------------------------------------------------------+
|        File Writing Summary       |              Filename             |
+-----------------------------------------------------------------------+
|SU2 binary restart                 |solution.dat                       |
|SU2 ASCII restart                  |solution.csv                       |
|Paraview                           |flow.vtu                           |
|Tecplot ASCII                      |flow.dat                           |
|Paraview surface                   |surface_flow.vtu                   |
+-----------------------------------------------------------------------+
+--------------------------------------+
|  Inner_Iter|    rms[Rho]|Nonphysical_|
+--------------------------------------+
|        2050|   -1.391755|           0|
|        2100|   -0.964773|           0|
|        2150|   -0.938533|           0|
|        2200|   -0.841451|           0|
|        2250|   -1.165046|           0|
|        2300|   -0.994007|           0|
|        2350|   -1.267466|           0|
|        2400|   -1.260119|           0|
|        2450|   -0.852792|           0|
|        2500|   -1.162643|           0|
|        2550|   -0.910399|           0|
|        2600|   -1.571741|           0|
|        2650|   -1.317864|           0|
|        2700|   -1.612608|           0|
|        2750|   -1.518539|           0|
|        2800|   -1.558056|           0|
|        2850|   -1.212529|           0|
|        2900|   -1.342947|           0|
|        2950|   -0.855446|           0|
|        2999|   -1.154099|           0|

----------------------------- Solver Exit -------------------------------

Maximum number of iterations reached (ITER = 3000) before convergence.
+-----------------------------------------------------------------------+
|      Convergence Field     |     Value    |   Criterion  |  Converged |
+-----------------------------------------------------------------------+
+-----------------------------------------------------------------------+
-------------------------------------------------------------------------
+-----------------------------------------------------------------------+
|        File Writing Summary       |              Filename             |
+-----------------------------------------------------------------------+
|SU2 binary restart                 |solution.dat                       |
|SU2 ASCII restart                  |solution.csv                       |
|Paraview                           |flow.vtu                           |
|Tecplot ASCII                      |flow.dat                           |
|Paraview surface                   |surface_flow.vtu                   |
+-----------------------------------------------------------------------+

------------------------- Solver Postprocessing -------------------------
Deleted CNumerics container.
Deleted CIntegration container.
Deleted CSolver container.
Deleted CIteration container.
Deleted CInterface container.
Deleted CGeometry container.
Deleted CFreeFormDefBox class.
Deleted CSurfaceMovement class.
Deleted CVolumetricMovement class.
Deleted CConfig container.
Deleted nInst container.
Deleted COutput class.
-------------------------------------------------------------------------

------------------------- Exit Success (SU2_CFD) ------------------------



=======================================================================
=======================================================================
                       PREPROCESSING - LEVEL 5
 
  -------------------------------------------------------------------
    NODE-PAIR CODE   -   PREPROCESSING PHASE
  -------------------------------------------------------------------
    Department of Aerospace Engineering - Politecnico di Milano
    authors: Alberto Guardone, Marco Fossati
 
    Warning: Check the status of file CORNERS.grid_name
 
 
    Domain nodes:         9064
    Boundary nodes:          832
    Domain elements:        12722
    Boundary elements:          416
 
    Generating node-pairs...
    I have found        31761  node-pairs in the domain
    I have found          416  node-pairs in the boundary
 
    Generating metric quantities...
    Domain finite element metrics...
    Domain finite volumes metrics...
    Boundary metrics...
 
    Checking metric consistency...
      FEM maximum eta residual on DOMAIN points --->  1.0270733073992139E-26
      - on domain node          204
      - of coordinates   1.000000000000000E-003   3.25000000000000     
      FEM maximum eta residual on BOUNDARY points --->  3.1996268655707675E-26
      - on boundary node          390    (domain           165 )
      - of coordinates    57.3151785000000        16.2500000000000     
 
      Domain area (cell) =   1089.81007506582     
      Domain area (mass,mass_ii) =   1089.81007506581     
      Boundary closure (xi) =  1.392561425777274E-014
      Boundary closure (chi) =  5.064156705657955E-015
 
      FVM maximum eta residual on DOMAIN points --->  5.8283561477169503E-30
      - on domain node          258
      - of coordinates   0.497597672000000        16.2490000000000     
      FVM maximum eta residual on BOUNDARY points --->  1.3111326844131042E-25
      - on boundary node          340    (domain           140 )
      - of coordinates    36.1063178000000        16.2500000000000     
 
    done
 
    Checking AXISYMMETRIC metric consistency...
 
      FEM maximum eta residual on DOMAIN points --->  1.3302564159687078E-24
      - on domain node          608
      - of coordinates   0.497597672000000        16.2466256000000     
      FEM maximum eta residual on BOUNDARY points --->  8.9056379698041228E-24
      - on boundary node          390    (domain           165 )
      - of coordinates    57.3151785000000        16.2500000000000     
 
      Domain area (cell) =    1089.81007506582     
      Domain area (mass,mass_ii) =    1089.81007506581     
      Boundary closure (xi) =   3.865364002165862E-012
 
      FVM maximum eta residual on DOMAIN points --->  4.3876265211949012E-09
      - on domain node         7724
      - of coordinates   3.952809950000000E-002   3.18943308000000     
      FVM maximum eta residual on BOUNDARY points --->  3.9403933111648654E-01
      - on boundary node          224    (domain            82 )
      - of coordinates   0.000000000000000E+000   16.2500000000000     
      - resid -->   9.839948911148255E-003  4.166620026779810E-008
 
    done
 
 
    Generating rotation matrices...
    done
 
    Saving...
    node-pairs...
    metric quantities...
    axisymmetric metric quantities...
    done
 
    Elapsed time   0.8043E+00 s
 


=======================================================================
=======================================================================
                     MESH ADAPTATION - LEVEL 5
 
  -------------------------------------------------------------------
    DARWIN
  -------------------------------------------------------------------
    CFD Laboratory - McGill University
    2009-2012 - Marco Fossati
    Department of Aerospace Engineering - Politecnico di Milano
    2003-2009 - Alberto Guardone, Marco Fossati
 
    Reading grid 4 ...
    Reading SU2 solution
    - equations:  RANS SST model
    - thermodynamics:  not used
 
    Adapt grid from level 4 to level 5
    Averaging error...
    Quality enforcement...
    - edges marked for quality enforcement:        0
 
    Grid 1 nodes     8398 element    12044
    Grid 2 nodes     8902 element    12548
    Grid 3 nodes     9064 element    12722
    Grid 4 nodes     9064 element    12722
    Grid 5 nodes     9064 element    12722
 
    Postprocessing
    - errors.INL.plt
    - admesh.INL.plt
    - admesh.INL.su2
 


=======================================================================
=======================================================================
                            SU2 - LEVEL 5



MPI - REPORT BINDINGS:

-------------------------------------------------------------------------
|    ___ _   _ ___                                                      |
|   / __| | | |_  )   Release 7.5.1 "Blackbird"                         |
|   \__ \ |_| |/ /                                                      |
|   |___/\___//___|   Suite (Computational Fluid Dynamics Code)         |
|                                                                       |
-------------------------------------------------------------------------
| SU2 Project Website: https://su2code.github.io                        |
|                                                                       |
| The SU2 Project is maintained by the SU2 Foundation                   |
| (http://su2foundation.org)                                            |
-------------------------------------------------------------------------
| Copyright 2012-2023, SU2 Contributors                                 |
|                                                                       |
| SU2 is free software; you can redistribute it and/or                  |
| modify it under the terms of the GNU Lesser General Public            |
| License as published by the Free Software Foundation; either          |
| version 2.1 of the License, or (at your option) any later version.    |
|                                                                       |
| SU2 is distributed in the hope that it will be useful,                |
| but WITHOUT ANY WARRANTY; without even the implied warranty of        |
| MERCHANTABILITY or FITNESS FOR A PARTICULAR PURPOSE. See the GNU      |
| Lesser General Public License for more details.                       |
|                                                                       |
| You should have received a copy of the GNU Lesser General Public      |
| License along with SU2. If not, see <http://www.gnu.org/licenses/>.   |
-------------------------------------------------------------------------

Parsing config file for zone 0

----------------- Physical Case Definition ( Zone 0 ) -------------------
Compressible RANS equations.
Turbulence model: Menter's k-omega SST-2003m with sustaining terms, and with Vorticity production.
Hybrid RANS/LES: No Hybrid RANS/LES
Mach number: 0.001.
Angle of attack (AoA): 0 deg, and angle of sideslip (AoS): 0 deg.
Reynolds number: 0. Reference length 1.
Reading and writing binary SU2 native restart files.
Read flow solution from: solution_interpolated.dat.
Dimensional simulation.
The reference area is 1 m^2.
The semi-span will be computed using the max y(3D) value.
The reference length is 1 m.
Reference origin for moment evaluation is (0, 0, 0).
Surface(s) where the force coefficients are evaluated: 4.

Surface(s) plotted in the output file: 4.
Surface(s) to be analyzed in detail: 4.
Input mesh file name: admesh.INL.su2

--------------- Space Numerical Integration ( Zone 0 ) ------------------
Roe (with entropy fix = 1) solver for the flow inviscid terms.
Standard Roe without low-dissipation function.
Second order integration in space, with slope limiter.
Venkatakrishnan slope-limiting method, with constant: 0.05.
The reference element size is: 1. 
Scalar upwind solver for the turbulence model.
First order integration in space.
Average of gradients with correction (viscous flow terms).
Average of gradients with correction (viscous turbulence terms).
Gradient for upwind reconstruction: unweighted Least-Squares.
Gradient for viscous and source terms: Green-Gauss.

--------------- Time Numerical Integration  ( Zone 0 ) ------------------
Local time stepping (steady state simulation).
Euler implicit method for the flow equations.
FGMRES is used for solving the linear system.
Using a ILU(0) preconditioning.
Convergence criteria of the linear solver: 1e-06.
Max number of linear iterations: 20.
CFL adaptation. Factor down: 0.5, factor up: 1.25,
                lower limit: 0.1, upper limit: 5,
                acceptable linear residual: 0.001.
Courant-Friedrichs-Lewy number:        1
Euler implicit time integration for the turbulence model.

------------------ Convergence Criteria  ( Zone 0 ) ---------------------
Maximum number of solver subiterations: 3000.
Begin convergence monitoring at iteration 10.
Residual minimum value: 1e-20.
Cauchy series min. value: 1e-10.
Number of Cauchy elements: 100.
Begin windowed time average at iteration 0.

-------------------- Output Information ( Zone 0 ) ----------------------
File writing frequency: 
+------------------------------------+
|                     File| Frequency|
+------------------------------------+
|                  RESTART|      1000|
|            RESTART_ASCII|      1000|
|                 PARAVIEW|      1000|
|            TECPLOT_ASCII|      1000|
|         SURFACE_PARAVIEW|      1000|
+------------------------------------+
Writing the convergence history file every 1 inner iterations.
Writing the screen convergence history every 50 inner iterations.
The tabular file format is CSV (.csv).
Convergence history file name: history_2nd.
Forces breakdown file name: forces_breakdown.dat.
Surface file name: surface_flow.
Volume file name: flow.
Restart file name: solution.dat.

------------- Config File Boundary Information ( Zone 0 ) ---------------
+-----------------------------------------------------------------------+
|                        Marker Type|                        Marker Name|
+-----------------------------------------------------------------------+
|                     Symmetry plane|                                  6|
+-----------------------------------------------------------------------+
|                   Riemann boundary|                                  1|
|                                   |                                  5|
+-----------------------------------------------------------------------+
|                     Heat flux wall|                                 w2|
|                                   |                                 w3|
|                                   |                                 w4|
+-----------------------------------------------------------------------+

-------------------- Output Preprocessing ( Zone 0 ) --------------------

WARNING: SURFACE_PRESSURE_DROP can only be computed for at least 2 surfaces (outlet, inlet, ...)

Screen output fields: INNER_ITER, RMS_DENSITY, NONPHYSICAL_POINTS
History output group(s): ITER, RMS_RES
Ignoring Convergence Field(s): RESIDUAL 
Warning: No (valid) fields chosen for convergence monitoring. Convergence monitoring inactive.
Warning: No (valid) fields chosen for time convergence monitoring. Time convergence monitoring inactive.
Volume output fields: COORDINATES, SOLUTION, PRIMITIVE

------------------- Geometry Preprocessing ( Zone 0 ) -------------------
Two dimensional problem.
9064 grid points before partitioning.
12722 volume elements before partitioning.
6 surface markers.
31 boundary elements in index 0 (Marker = 1).
81 boundary elements in index 1 (Marker = w2).
76 boundary elements in index 2 (Marker = w3).
91 boundary elements in index 3 (Marker = w4).
35 boundary elements in index 4 (Marker = 5).
102 boundary elements in index 5 (Marker = 6).
Executing the partitioning functions.
Building the graph adjacency structure.
Calling ParMETIS... graph partitioning complete (492 edge cuts).
Distributing ParMETIS coloring.
Rebalancing vertices.
Rebalancing volume element connectivity.
Rebalancing markers and surface elements.
9708 vertices including ghost points. 
13211 interior elements including halo cells. 
8082 triangles.
5129 quadrilaterals.
Establishing MPI communication patterns.
Setting point connectivity.
Renumbering points (Reverse Cuthill McKee Ordering).
Recomputing point connectivity.
Setting element connectivity.
Checking the numerical grid orientation.
All volume elements are correctly orientend.
There has been a re-orientation of 426 LINE surface elements.
Identifying edges and vertices.
Setting the control volume structure.
Area of the computational grid: 1132.44.
Searching for the closest normal neighbors to the surfaces.
Storing a mapping from global to local point index.
Compute the surface curvature.
Max K: 104.146. Mean K: 0.586348. Standard deviation K: 7.16094.
Checking for periodicity.
Computing mesh quality statistics for the dual control volumes.
+--------------------------------------------------------------+
|           Mesh Quality Metric|        Minimum|        Maximum|
+--------------------------------------------------------------+
|    Orthogonality Angle (deg.)|        49.3403|             90|
|     CV Face Area Aspect Ratio|         1.0019|        1965.41|
|           CV Sub-Volume Ratio|              1|        209.029|
+--------------------------------------------------------------+
Finding max control volume width.
Communicating number of neighbors.
Wetted area = 0 m^2.
Area projection in the x-plane = 0 m, y-plane = 0 m.
Max. coordinate in the x-direction = -1e+10 m, y-direction = -1e+10 m.
Min. coordinate in the x-direction = 1e+10 m, y-direction = 1e+10 m.
Checking if Euler & Symmetry markers are straight/plane:
Boundary marker 6 is a single straight.
Computing wall distances.

-------------------- Solver Preprocessing ( Zone 0 ) --------------------
Viscous flow: Computing pressure using the ideal gas law
based on the free-stream temperature and a density computed
from the Reynolds number.
Force coefficients computed using free-stream values.

-- Models:
+------------------------------------------------------------------------------+
|          Viscosity Model|        Conductivity Model|              Fluid Model|
+------------------------------------------------------------------------------+
|               SUTHERLAND|          CONSTANT_PRANDTL|                IDEAL_GAS|
+------------------------------------------------------------------------------+
-- Fluid properties:
+------------------------------------------------------------------------------+
|                  Name|    Dim. value|    Ref. value|      Unit|Non-dim. value|
+------------------------------------------------------------------------------+
|        Ref. Viscosity|     1.716e-05|             1|   N.s/m^2|     1.716e-05|
|      Sutherland Temp.|        273.15|             1|         K|        273.15|
|     Sutherland Const.|         110.4|             1|         K|         110.4|
+------------------------------------------------------------------------------+
|        Prandtl (Lam.)|             -|             -|         -|          0.72|
|       Prandtl (Turb.)|             -|             -|         -|           0.9|
+------------------------------------------------------------------------------+
|          Gas Constant|           297|             1|  N.m/kg.K|           297|
|      Spec. Heat Ratio|             -|             -|         -|           1.4|
+------------------------------------------------------------------------------+
-- Initial and free-stream conditions:
+------------------------------------------------------------------------------+
|                  Name|    Dim. value|    Ref. value|      Unit|Non-dim. value|
+------------------------------------------------------------------------------+
|       Static Pressure|        100000|             1|        Pa|        100000|
|               Density|       1.12233|             1|    kg/m^3|       1.12233|
|           Temperature|           300|             1|         K|           300|
|          Total Energy|        222750|             1|   m^2/s^2|        222750|
|            Velocity-X|      0.353186|             1|       m/s|      0.353186|
|            Velocity-Y|             0|             1|       m/s|             0|
|    Velocity Magnitude|      0.353186|             1|       m/s|      0.353186|
+------------------------------------------------------------------------------+
|             Viscosity|   1.84592e-05|             1|   N.s/m^2|   1.84592e-05|
|          Conductivity|             -|             1|   W/m^2.K|             -|
|     Turb. Kin. Energy|   0.000467775|             1|   m^2/s^2|   0.000467775|
|     Spec. Dissipation|       2.84412|             1|       1/s|       2.84412|
+------------------------------------------------------------------------------+
|           Mach Number|             -|             -|         -|         0.001|
|       Reynolds Number|             -|             -|         -|         21474|
+------------------------------------------------------------------------------+
Initialize Jacobian structure (Navier-Stokes). MG level: 0.
Initialize Jacobian structure (SST model).

------------------- Numerics Preprocessing ( Zone 0 ) -------------------

----------------- Integration Preprocessing ( Zone 0 ) ------------------

------------------- Iteration Preprocessing ( Zone 0 ) ------------------
Euler/Navier-Stokes/RANS fluid iteration.

------------------------------ Begin Solver -----------------------------

Simulation Run using the Single-zone Driver
WARNING: SU2 was not compiled for an AVX-capable architecture. Performance could be better,
         see https://su2code.github.io/docs_v7/Build-SU2-Linux-MacOS/#compiler-optimizations
+--------------------------------------+
|  Inner_Iter|    rms[Rho]|Nonphysical_|
+--------------------------------------+
|           0|   -1.091197|           0|
|          50|   -0.847642|           0|
|         100|   -0.820876|           0|
|         150|   -1.128052|           0|
|         200|   -0.881133|           0|
|         250|   -1.267253|           0|
|         300|   -1.197963|           0|
|         350|   -1.523848|           0|
|         400|   -0.950099|           0|
|         450|   -1.157644|           0|
|         500|   -1.232540|           0|
|         550|   -1.418655|           0|
|         600|   -1.326021|           0|
|         650|   -1.357933|           0|
|         700|   -1.436031|           0|
|         750|   -1.662263|           0|
|         800|   -1.802856|           0|
|         850|   -1.611523|           0|
|         900|   -0.903872|           0|
|         950|   -1.123982|           0|
|        1000|   -0.987872|           0|
+-----------------------------------------------------------------------+
|        File Writing Summary       |              Filename             |
+-----------------------------------------------------------------------+
|SU2 binary restart                 |solution.dat                       |
|SU2 ASCII restart                  |solution.csv                       |
|Paraview                           |flow.vtu                           |
|Tecplot ASCII                      |flow.dat                           |
|Paraview surface                   |surface_flow.vtu                   |
+-----------------------------------------------------------------------+
+--------------------------------------+
|  Inner_Iter|    rms[Rho]|Nonphysical_|
+--------------------------------------+
|        1050|   -1.060934|           0|
|        1100|   -1.165828|           0|
|        1150|   -1.409803|           0|
|        1200|   -1.531667|           0|
|        1250|   -1.594424|           0|
|        1300|   -1.705961|           0|
|        1350|   -1.634721|           0|
|        1400|   -1.087896|           0|
|        1450|   -0.961767|           0|
|        1500|   -1.337667|           0|
|        1550|   -0.907006|           0|
|        1600|   -1.339686|           0|
|        1650|   -0.928994|           0|
|        1700|   -1.518499|           0|
|        1750|   -1.566469|           0|
|        1800|   -1.501159|           0|
|        1850|   -1.457917|           0|
|        1900|   -1.721210|           0|
|        1950|   -1.437790|           0|
|        2000|   -2.140003|           0|
+-----------------------------------------------------------------------+
|        File Writing Summary       |              Filename             |
+-----------------------------------------------------------------------+
|SU2 binary restart                 |solution.dat                       |
|SU2 ASCII restart                  |solution.csv                       |
|Paraview                           |flow.vtu                           |
|Tecplot ASCII                      |flow.dat                           |
|Paraview surface                   |surface_flow.vtu                   |
+-----------------------------------------------------------------------+
+--------------------------------------+
|  Inner_Iter|    rms[Rho]|Nonphysical_|
+--------------------------------------+
|        2050|   -1.501937|           0|
|        2100|   -0.938127|           0|
|        2150|   -1.251212|           0|
|        2200|   -0.941907|           0|
|        2250|   -1.300225|           0|
|        2300|   -1.028045|           0|
|        2350|   -1.466984|           0|
|        2400|   -1.751119|           0|
|        2450|   -1.578253|           0|
|        2500|   -1.894561|           0|
|        2550|   -1.776422|           0|
|        2600|   -1.998817|           0|
|        2650|   -0.976215|           0|
|        2700|   -1.083568|           0|
|        2750|   -0.844723|           0|
|        2800|   -1.297264|           0|
|        2850|   -1.035051|           0|
|        2900|   -1.226451|           0|
|        2950|   -1.823599|           0|
|        2999|   -1.567852|           0|

----------------------------- Solver Exit -------------------------------

Maximum number of iterations reached (ITER = 3000) before convergence.
+-----------------------------------------------------------------------+
|      Convergence Field     |     Value    |   Criterion  |  Converged |
+-----------------------------------------------------------------------+
+-----------------------------------------------------------------------+
-------------------------------------------------------------------------
+-----------------------------------------------------------------------+
|        File Writing Summary       |              Filename             |
+-----------------------------------------------------------------------+
|SU2 binary restart                 |solution.dat                       |
|SU2 ASCII restart                  |solution.csv                       |
|Paraview                           |flow.vtu                           |
|Tecplot ASCII                      |flow.dat                           |
|Paraview surface                   |surface_flow.vtu                   |
+-----------------------------------------------------------------------+

------------------------- Solver Postprocessing -------------------------
Deleted CNumerics container.
Deleted CIntegration container.
Deleted CSolver container.
Deleted CIteration container.
Deleted CInterface container.
Deleted CGeometry container.
Deleted CFreeFormDefBox class.
Deleted CSurfaceMovement class.
Deleted CVolumetricMovement class.
Deleted CConfig container.
Deleted nInst container.
Deleted COutput class.
-------------------------------------------------------------------------

------------------------- Exit Success (SU2_CFD) ------------------------



=======================================================================
=======================================================================
                       PREPROCESSING - LEVEL 6
 
  -------------------------------------------------------------------
    NODE-PAIR CODE   -   PREPROCESSING PHASE
  -------------------------------------------------------------------
    Department of Aerospace Engineering - Politecnico di Milano
    authors: Alberto Guardone, Marco Fossati
 
    Warning: Check the status of file CORNERS.grid_name
 
 
    Domain nodes:         9064
    Boundary nodes:          832
    Domain elements:        12722
    Boundary elements:          416
 
    Generating node-pairs...
    I have found        31761  node-pairs in the domain
    I have found          416  node-pairs in the boundary
 
    Generating metric quantities...
    Domain finite element metrics...
    Domain finite volumes metrics...
    Boundary metrics...
 
    Checking metric consistency...
      FEM maximum eta residual on DOMAIN points --->  1.0270733073992139E-26
      - on domain node          204
      - of coordinates   1.000000000000000E-003   3.25000000000000     
      FEM maximum eta residual on BOUNDARY points --->  3.1996268655707675E-26
      - on boundary node          390    (domain           165 )
      - of coordinates    57.3151785000000        16.2500000000000     
 
      Domain area (cell) =   1089.81007506582     
      Domain area (mass,mass_ii) =   1089.81007506581     
      Boundary closure (xi) =  1.392561425777274E-014
      Boundary closure (chi) =  5.064156705657955E-015
 
      FVM maximum eta residual on DOMAIN points --->  5.8283561477169503E-30
      - on domain node          258
      - of coordinates   0.497597672000000        16.2490000000000     
      FVM maximum eta residual on BOUNDARY points --->  1.3111326844131042E-25
      - on boundary node          340    (domain           140 )
      - of coordinates    36.1063178000000        16.2500000000000     
 
    done
 
    Checking AXISYMMETRIC metric consistency...
 
      FEM maximum eta residual on DOMAIN points --->  1.3302564159687078E-24
      - on domain node          608
      - of coordinates   0.497597672000000        16.2466256000000     
      FEM maximum eta residual on BOUNDARY points --->  8.9056379698041228E-24
      - on boundary node          390    (domain           165 )
      - of coordinates    57.3151785000000        16.2500000000000     
 
      Domain area (cell) =    1089.81007506582     
      Domain area (mass,mass_ii) =    1089.81007506581     
      Boundary closure (xi) =   1.591643704144956E-012
 
      FVM maximum eta residual on DOMAIN points --->  4.3884771088683490E-09
      - on domain node         7724
      - of coordinates   3.952809950000000E-002   3.18943308000000     
      FVM maximum eta residual on BOUNDARY points --->  3.9403933111648654E-01
      - on boundary node          224    (domain            82 )
      - of coordinates   0.000000000000000E+000   16.2500000000000     
      - resid -->   9.839948911148255E-003  4.166620026779810E-008
 
    done
 
 
    Generating rotation matrices...
    done
 
    Saving...
    node-pairs...
    metric quantities...
    axisymmetric metric quantities...
    done
 
    Elapsed time   0.9287E+00 s
 


=======================================================================
=======================================================================
                     MESH ADAPTATION - LEVEL 6
 
  -------------------------------------------------------------------
    DARWIN
  -------------------------------------------------------------------
    CFD Laboratory - McGill University
    2009-2012 - Marco Fossati
    Department of Aerospace Engineering - Politecnico di Milano
    2003-2009 - Alberto Guardone, Marco Fossati
 
    Reading grid 5 ...
    Reading SU2 solution
    - equations:  RANS SST model
    - thermodynamics:  not used
 
    Adapt grid from level 5 to level 6
    Averaging error...
    Quality enforcement...
    - edges marked for quality enforcement:       38
 
    Grid 1 nodes     8398 element    12044
    Grid 2 nodes     8902 element    12548
    Grid 3 nodes     9064 element    12722
    Grid 4 nodes     9064 element    12722
    Grid 5 nodes     9064 element    12722
    Grid 6 nodes     9106 element    12764
 
    Postprocessing
    - errors.INL.plt
    - admesh.INL.plt
    - admesh.INL.su2
 


=======================================================================
=======================================================================
                            SU2 - LEVEL 6



MPI - REPORT BINDINGS:

-------------------------------------------------------------------------
|    ___ _   _ ___                                                      |
|   / __| | | |_  )   Release 7.5.1 "Blackbird"                         |
|   \__ \ |_| |/ /                                                      |
|   |___/\___//___|   Suite (Computational Fluid Dynamics Code)         |
|                                                                       |
-------------------------------------------------------------------------
| SU2 Project Website: https://su2code.github.io                        |
|                                                                       |
| The SU2 Project is maintained by the SU2 Foundation                   |
| (http://su2foundation.org)                                            |
-------------------------------------------------------------------------
| Copyright 2012-2023, SU2 Contributors                                 |
|                                                                       |
| SU2 is free software; you can redistribute it and/or                  |
| modify it under the terms of the GNU Lesser General Public            |
| License as published by the Free Software Foundation; either          |
| version 2.1 of the License, or (at your option) any later version.    |
|                                                                       |
| SU2 is distributed in the hope that it will be useful,                |
| but WITHOUT ANY WARRANTY; without even the implied warranty of        |
| MERCHANTABILITY or FITNESS FOR A PARTICULAR PURPOSE. See the GNU      |
| Lesser General Public License for more details.                       |
|                                                                       |
| You should have received a copy of the GNU Lesser General Public      |
| License along with SU2. If not, see <http://www.gnu.org/licenses/>.   |
-------------------------------------------------------------------------

Parsing config file for zone 0

----------------- Physical Case Definition ( Zone 0 ) -------------------
Compressible RANS equations.
Turbulence model: Menter's k-omega SST-2003m with sustaining terms, and with Vorticity production.
Hybrid RANS/LES: No Hybrid RANS/LES
Mach number: 0.001.
Angle of attack (AoA): 0 deg, and angle of sideslip (AoS): 0 deg.
Reynolds number: 0. Reference length 1.
Reading and writing binary SU2 native restart files.
Read flow solution from: solution_interpolated.dat.
Dimensional simulation.
The reference area is 1 m^2.
The semi-span will be computed using the max y(3D) value.
The reference length is 1 m.
Reference origin for moment evaluation is (0, 0, 0).
Surface(s) where the force coefficients are evaluated: 4.

Surface(s) plotted in the output file: 4.
Surface(s) to be analyzed in detail: 4.
Input mesh file name: admesh.INL.su2

--------------- Space Numerical Integration ( Zone 0 ) ------------------
Roe (with entropy fix = 1) solver for the flow inviscid terms.
Standard Roe without low-dissipation function.
Second order integration in space, with slope limiter.
Venkatakrishnan slope-limiting method, with constant: 0.05.
The reference element size is: 1. 
Scalar upwind solver for the turbulence model.
First order integration in space.
Average of gradients with correction (viscous flow terms).
Average of gradients with correction (viscous turbulence terms).
Gradient for upwind reconstruction: unweighted Least-Squares.
Gradient for viscous and source terms: Green-Gauss.

--------------- Time Numerical Integration  ( Zone 0 ) ------------------
Local time stepping (steady state simulation).
Euler implicit method for the flow equations.
FGMRES is used for solving the linear system.
Using a ILU(0) preconditioning.
Convergence criteria of the linear solver: 1e-06.
Max number of linear iterations: 20.
CFL adaptation. Factor down: 0.5, factor up: 1.25,
                lower limit: 0.1, upper limit: 5,
                acceptable linear residual: 0.001.
Courant-Friedrichs-Lewy number:        1
Euler implicit time integration for the turbulence model.

------------------ Convergence Criteria  ( Zone 0 ) ---------------------
Maximum number of solver subiterations: 3000.
Begin convergence monitoring at iteration 10.
Residual minimum value: 1e-20.
Cauchy series min. value: 1e-10.
Number of Cauchy elements: 100.
Begin windowed time average at iteration 0.

-------------------- Output Information ( Zone 0 ) ----------------------
File writing frequency: 
+------------------------------------+
|                     File| Frequency|
+------------------------------------+
|                  RESTART|      1000|
|            RESTART_ASCII|      1000|
|                 PARAVIEW|      1000|
|            TECPLOT_ASCII|      1000|
|         SURFACE_PARAVIEW|      1000|
+------------------------------------+
Writing the convergence history file every 1 inner iterations.
Writing the screen convergence history every 50 inner iterations.
The tabular file format is CSV (.csv).
Convergence history file name: history_2nd.
Forces breakdown file name: forces_breakdown.dat.
Surface file name: surface_flow.
Volume file name: flow.
Restart file name: solution.dat.

------------- Config File Boundary Information ( Zone 0 ) ---------------
+-----------------------------------------------------------------------+
|                        Marker Type|                        Marker Name|
+-----------------------------------------------------------------------+
|                     Symmetry plane|                                  6|
+-----------------------------------------------------------------------+
|                   Riemann boundary|                                  1|
|                                   |                                  5|
+-----------------------------------------------------------------------+
|                     Heat flux wall|                                 w2|
|                                   |                                 w3|
|                                   |                                 w4|
+-----------------------------------------------------------------------+

-------------------- Output Preprocessing ( Zone 0 ) --------------------

WARNING: SURFACE_PRESSURE_DROP can only be computed for at least 2 surfaces (outlet, inlet, ...)

Screen output fields: INNER_ITER, RMS_DENSITY, NONPHYSICAL_POINTS
History output group(s): ITER, RMS_RES
Ignoring Convergence Field(s): RESIDUAL 
Warning: No (valid) fields chosen for convergence monitoring. Convergence monitoring inactive.
Warning: No (valid) fields chosen for time convergence monitoring. Time convergence monitoring inactive.
Volume output fields: COORDINATES, SOLUTION, PRIMITIVE

------------------- Geometry Preprocessing ( Zone 0 ) -------------------
Two dimensional problem.
9106 grid points before partitioning.
12764 volume elements before partitioning.
6 surface markers.
31 boundary elements in index 0 (Marker = 1).
83 boundary elements in index 1 (Marker = w2).
76 boundary elements in index 2 (Marker = w3).
91 boundary elements in index 3 (Marker = w4).
35 boundary elements in index 4 (Marker = 5).
102 boundary elements in index 5 (Marker = 6).
Executing the partitioning functions.
Building the graph adjacency structure.
Calling ParMETIS... graph partitioning complete (487 edge cuts).
Distributing ParMETIS coloring.
Rebalancing vertices.
Rebalancing volume element connectivity.
Rebalancing markers and surface elements.
9734 vertices including ghost points. 
13247 interior elements including halo cells. 
8088 triangles.
5159 quadrilaterals.
Establishing MPI communication patterns.
Setting point connectivity.
Renumbering points (Reverse Cuthill McKee Ordering).
Recomputing point connectivity.
Setting element connectivity.
Checking the numerical grid orientation.
All volume elements are correctly orientend.
There has been a re-orientation of 429 LINE surface elements.
Identifying edges and vertices.
Setting the control volume structure.
Area of the computational grid: 1130.66.
Searching for the closest normal neighbors to the surfaces.
Storing a mapping from global to local point index.
Compute the surface curvature.
Max K: 104.146. Mean K: 0.603208. Standard deviation K: 7.15871.
Checking for periodicity.
Computing mesh quality statistics for the dual control volumes.
+--------------------------------------------------------------+
|           Mesh Quality Metric|        Minimum|        Maximum|
+--------------------------------------------------------------+
|    Orthogonality Angle (deg.)|        49.1996|             90|
|     CV Face Area Aspect Ratio|        1.00222|        1965.41|
|           CV Sub-Volume Ratio|              1|        209.149|
+--------------------------------------------------------------+
Finding max control volume width.
Communicating number of neighbors.
Wetted area = 0 m^2.
Area projection in the x-plane = 0 m, y-plane = 0 m.
Max. coordinate in the x-direction = -1e+10 m, y-direction = -1e+10 m.
Min. coordinate in the x-direction = 1e+10 m, y-direction = 1e+10 m.
Checking if Euler & Symmetry markers are straight/plane:
Boundary marker 6 is a single straight.
Computing wall distances.

-------------------- Solver Preprocessing ( Zone 0 ) --------------------
Viscous flow: Computing pressure using the ideal gas law
based on the free-stream temperature and a density computed
from the Reynolds number.
Force coefficients computed using free-stream values.

-- Models:
+------------------------------------------------------------------------------+
|          Viscosity Model|        Conductivity Model|              Fluid Model|
+------------------------------------------------------------------------------+
|               SUTHERLAND|          CONSTANT_PRANDTL|                IDEAL_GAS|
+------------------------------------------------------------------------------+
-- Fluid properties:
+------------------------------------------------------------------------------+
|                  Name|    Dim. value|    Ref. value|      Unit|Non-dim. value|
+------------------------------------------------------------------------------+
|        Ref. Viscosity|     1.716e-05|             1|   N.s/m^2|     1.716e-05|
|      Sutherland Temp.|        273.15|             1|         K|        273.15|
|     Sutherland Const.|         110.4|             1|         K|         110.4|
+------------------------------------------------------------------------------+
|        Prandtl (Lam.)|             -|             -|         -|          0.72|
|       Prandtl (Turb.)|             -|             -|         -|           0.9|
+------------------------------------------------------------------------------+
|          Gas Constant|           297|             1|  N.m/kg.K|           297|
|      Spec. Heat Ratio|             -|             -|         -|           1.4|
+------------------------------------------------------------------------------+
-- Initial and free-stream conditions:
+------------------------------------------------------------------------------+
|                  Name|    Dim. value|    Ref. value|      Unit|Non-dim. value|
+------------------------------------------------------------------------------+
|       Static Pressure|        100000|             1|        Pa|        100000|
|               Density|       1.12233|             1|    kg/m^3|       1.12233|
|           Temperature|           300|             1|         K|           300|
|          Total Energy|        222750|             1|   m^2/s^2|        222750|
|            Velocity-X|      0.353186|             1|       m/s|      0.353186|
|            Velocity-Y|             0|             1|       m/s|             0|
|    Velocity Magnitude|      0.353186|             1|       m/s|      0.353186|
+------------------------------------------------------------------------------+
|             Viscosity|   1.84592e-05|             1|   N.s/m^2|   1.84592e-05|
|          Conductivity|             -|             1|   W/m^2.K|             -|
|     Turb. Kin. Energy|   0.000467775|             1|   m^2/s^2|   0.000467775|
|     Spec. Dissipation|       2.84412|             1|       1/s|       2.84412|
+------------------------------------------------------------------------------+
|           Mach Number|             -|             -|         -|         0.001|
|       Reynolds Number|             -|             -|         -|         21474|
+------------------------------------------------------------------------------+
Initialize Jacobian structure (Navier-Stokes). MG level: 0.
Initialize Jacobian structure (SST model).

The number of points in the restart file (9064) does not match the mesh (9106).
A recursive nearest neighbor interpolation will be performed.
Number of recursions: 1.
Elapsed time: 0.00889294s.


The number of points in the restart file (9064) does not match the mesh (9106).
A recursive nearest neighbor interpolation will be performed.
Number of recursions: 1.
Elapsed time: 0.00554121s.


------------------- Numerics Preprocessing ( Zone 0 ) -------------------

----------------- Integration Preprocessing ( Zone 0 ) ------------------

------------------- Iteration Preprocessing ( Zone 0 ) ------------------
Euler/Navier-Stokes/RANS fluid iteration.

------------------------------ Begin Solver -----------------------------

Simulation Run using the Single-zone Driver
WARNING: SU2 was not compiled for an AVX-capable architecture. Performance could be better,
         see https://su2code.github.io/docs_v7/Build-SU2-Linux-MacOS/#compiler-optimizations
+--------------------------------------+
|  Inner_Iter|    rms[Rho]|Nonphysical_|
+--------------------------------------+
|           0|   -1.063998|           0|
|          50|   -0.891145|           0|
|         100|   -0.955599|           0|
|         150|   -1.137446|           0|
|         200|   -1.339035|           0|
|         250|   -1.349456|           0|
|         300|   -1.236932|           0|
|         350|   -1.350956|           0|
|         400|   -1.343793|           0|
|         450|   -0.886915|           0|
|         500|   -1.012650|           0|
|         550|   -1.029944|           0|
|         600|   -1.181611|           0|
|         650|   -1.349700|           0|
|         700|   -1.167128|           0|
|         750|   -1.755585|           0|
|         800|   -1.351066|           0|
|         850|   -1.795420|           0|
|         900|   -1.187479|           0|
|         950|   -0.920247|           0|
|        1000|   -1.320839|           0|
+-----------------------------------------------------------------------+
|        File Writing Summary       |              Filename             |
+-----------------------------------------------------------------------+
|SU2 binary restart                 |solution.dat                       |
|SU2 ASCII restart                  |solution.csv                       |
|Paraview                           |flow.vtu                           |
|Tecplot ASCII                      |flow.dat                           |
|Paraview surface                   |surface_flow.vtu                   |
+-----------------------------------------------------------------------+
+--------------------------------------+
|  Inner_Iter|    rms[Rho]|Nonphysical_|
+--------------------------------------+
|        1050|   -1.241071|           0|
|        1100|   -1.149265|           0|
|        1150|   -1.102002|           0|
|        1200|   -1.391491|           0|
|        1250|   -1.520687|           0|
|        1300|   -1.273291|           0|
|        1350|   -1.486555|           0|
|        1400|   -1.640202|           0|
|        1450|   -1.589137|           0|
|        1500|   -1.357178|           0|
|        1550|   -1.796224|           0|
|        1600|   -0.980690|           0|
|        1650|   -1.059385|           0|
|        1700|   -1.151562|           0|
|        1750|   -1.255017|           0|
|        1800|   -1.678832|           0|
|        1850|   -0.927827|           0|
|        1900|   -0.978545|           0|
|        1950|   -0.947589|           0|
|        2000|   -1.349141|           0|
+-----------------------------------------------------------------------+
|        File Writing Summary       |              Filename             |
+-----------------------------------------------------------------------+
|SU2 binary restart                 |solution.dat                       |
|SU2 ASCII restart                  |solution.csv                       |
|Paraview                           |flow.vtu                           |
|Tecplot ASCII                      |flow.dat                           |
|Paraview surface                   |surface_flow.vtu                   |
+-----------------------------------------------------------------------+
+--------------------------------------+
|  Inner_Iter|    rms[Rho]|Nonphysical_|
+--------------------------------------+
|        2050|   -1.288190|           0|
|        2100|   -1.355156|           0|
|        2150|   -1.527695|           0|
|        2200|   -1.478509|           0|
|        2250|   -1.643530|           0|
|        2300|   -1.666106|           0|
|        2350|   -1.683448|           0|
|        2400|   -0.962700|           0|
|        2450|   -1.035263|           0|
|        2500|   -0.954148|           0|
|        2550|   -1.318585|           0|
|        2600|   -1.557018|           0|
|        2650|   -1.386738|           0|
|        2700|   -1.266563|           0|
|        2750|   -1.221808|           0|
|        2800|   -1.531498|           0|
|        2850|   -1.333916|           0|
|        2900|   -0.919485|           0|
|        2950|   -0.848701|           0|
|        2999|   -1.048070|           0|

----------------------------- Solver Exit -------------------------------

Maximum number of iterations reached (ITER = 3000) before convergence.
+-----------------------------------------------------------------------+
|      Convergence Field     |     Value    |   Criterion  |  Converged |
+-----------------------------------------------------------------------+
+-----------------------------------------------------------------------+
-------------------------------------------------------------------------
+-----------------------------------------------------------------------+
|        File Writing Summary       |              Filename             |
+-----------------------------------------------------------------------+
|SU2 binary restart                 |solution.dat                       |
|SU2 ASCII restart                  |solution.csv                       |
|Paraview                           |flow.vtu                           |
|Tecplot ASCII                      |flow.dat                           |
|Paraview surface                   |surface_flow.vtu                   |
+-----------------------------------------------------------------------+

------------------------- Solver Postprocessing -------------------------
Deleted CNumerics container.
Deleted CIntegration container.
Deleted CSolver container.
Deleted CIteration container.
Deleted CInterface container.
Deleted CGeometry container.
Deleted CFreeFormDefBox class.
Deleted CSurfaceMovement class.
Deleted CVolumetricMovement class.
Deleted CConfig container.
Deleted nInst container.
Deleted COutput class.
-------------------------------------------------------------------------

------------------------- Exit Success (SU2_CFD) ------------------------



=======================================================================
=======================================================================
                       PREPROCESSING - LEVEL 7
 
  -------------------------------------------------------------------
    NODE-PAIR CODE   -   PREPROCESSING PHASE
  -------------------------------------------------------------------
    Department of Aerospace Engineering - Politecnico di Milano
    authors: Alberto Guardone, Marco Fossati
 
    Warning: Check the status of file CORNERS.grid_name
 
 
    Domain nodes:         9106
    Boundary nodes:          836
    Domain elements:        12764
    Boundary elements:          418
 
    Generating node-pairs...
    I have found        31925  node-pairs in the domain
    I have found          418  node-pairs in the boundary
 
    Generating metric quantities...
    Domain finite element metrics...
    Domain finite volumes metrics...
    Boundary metrics...
 
    Checking metric consistency...
      FEM maximum eta residual on DOMAIN points --->  1.0270733073992139E-26
      - on domain node          204
      - of coordinates   1.000000000000000E-003   3.25000000000000     
      FEM maximum eta residual on BOUNDARY points --->  3.1996268655707675E-26
      - on boundary node          390    (domain           165 )
      - of coordinates    57.3151785000000        16.2500000000000     
 
      Domain area (cell) =   1089.81007506704     
      Domain area (mass,mass_ii) =   1089.81007506704     
      Boundary closure (xi) =  4.261163616574381E-014
      Boundary closure (chi) =  5.064156705657955E-015
 
      FVM maximum eta residual on DOMAIN points --->  5.8283561477169503E-30
      - on domain node          258
      - of coordinates   0.497597672000000        16.2490000000000     
      FVM maximum eta residual on BOUNDARY points --->  1.3111326844131042E-25
      - on boundary node          340    (domain           140 )
      - of coordinates    36.1063178000000        16.2500000000000     
 
    done
 
    Checking AXISYMMETRIC metric consistency...
 
      FEM maximum eta residual on DOMAIN points --->  1.3302564159687078E-24
      - on domain node          608
      - of coordinates   0.497597672000000        16.2466256000000     
      FEM maximum eta residual on BOUNDARY points --->  8.9056379698041228E-24
      - on boundary node          390    (domain           165 )
      - of coordinates    57.3151785000000        16.2500000000000     
 
      Domain area (cell) =    1089.81007506704     
      Domain area (mass,mass_ii) =    1089.81007506704     
      Boundary closure (xi) =   4.774847206270228E-012
 
      FVM maximum eta residual on DOMAIN points --->  4.3879313671353936E-09
      - on domain node         7724
      - of coordinates   3.952809950000000E-002   3.18943308000000     
      FVM maximum eta residual on BOUNDARY points --->  3.9403933111648654E-01
      - on boundary node          224    (domain            82 )
      - of coordinates   0.000000000000000E+000   16.2500000000000     
      - resid -->   9.839948911148255E-003  4.166620026779810E-008
 
    done
 
 
    Generating rotation matrices...
    done
 
    Saving...
    node-pairs...
    metric quantities...
    axisymmetric metric quantities...
    done
 
    Elapsed time   0.8265E+00 s
 


=======================================================================
=======================================================================
                     MESH ADAPTATION - LEVEL 7
 
  -------------------------------------------------------------------
    DARWIN
  -------------------------------------------------------------------
    CFD Laboratory - McGill University
    2009-2012 - Marco Fossati
    Department of Aerospace Engineering - Politecnico di Milano
    2003-2009 - Alberto Guardone, Marco Fossati
 
    Reading grid 6 ...
    Reading SU2 solution
    - equations:  RANS SST model
    - thermodynamics:  not used
 
    Adapt grid from level 6 to level 7
    Averaging error...
    Quality enforcement...
    - edges marked for quality enforcement:        0
 
    Grid 1 nodes     8398 element    12044
    Grid 2 nodes     8902 element    12548
    Grid 3 nodes     9064 element    12722
    Grid 4 nodes     9064 element    12722
    Grid 5 nodes     9064 element    12722
    Grid 6 nodes     9106 element    12764
    Grid 7 nodes     9108 element    12768
 
    Postprocessing
    - errors.INL.plt
    - admesh.INL.plt
    - admesh.INL.su2
 


=======================================================================
=======================================================================
                            SU2 - LEVEL 7



MPI - REPORT BINDINGS:

-------------------------------------------------------------------------
|    ___ _   _ ___                                                      |
|   / __| | | |_  )   Release 7.5.1 "Blackbird"                         |
|   \__ \ |_| |/ /                                                      |
|   |___/\___//___|   Suite (Computational Fluid Dynamics Code)         |
|                                                                       |
-------------------------------------------------------------------------
| SU2 Project Website: https://su2code.github.io                        |
|                                                                       |
| The SU2 Project is maintained by the SU2 Foundation                   |
| (http://su2foundation.org)                                            |
-------------------------------------------------------------------------
| Copyright 2012-2023, SU2 Contributors                                 |
|                                                                       |
| SU2 is free software; you can redistribute it and/or                  |
| modify it under the terms of the GNU Lesser General Public            |
| License as published by the Free Software Foundation; either          |
| version 2.1 of the License, or (at your option) any later version.    |
|                                                                       |
| SU2 is distributed in the hope that it will be useful,                |
| but WITHOUT ANY WARRANTY; without even the implied warranty of        |
| MERCHANTABILITY or FITNESS FOR A PARTICULAR PURPOSE. See the GNU      |
| Lesser General Public License for more details.                       |
|                                                                       |
| You should have received a copy of the GNU Lesser General Public      |
| License along with SU2. If not, see <http://www.gnu.org/licenses/>.   |
-------------------------------------------------------------------------

Parsing config file for zone 0

----------------- Physical Case Definition ( Zone 0 ) -------------------
Compressible RANS equations.
Turbulence model: Menter's k-omega SST-2003m with sustaining terms, and with Vorticity production.
Hybrid RANS/LES: No Hybrid RANS/LES
Mach number: 0.001.
Angle of attack (AoA): 0 deg, and angle of sideslip (AoS): 0 deg.
Reynolds number: 0. Reference length 1.
Reading and writing binary SU2 native restart files.
Read flow solution from: solution_interpolated.dat.
Dimensional simulation.
The reference area is 1 m^2.
The semi-span will be computed using the max y(3D) value.
The reference length is 1 m.
Reference origin for moment evaluation is (0, 0, 0).
Surface(s) where the force coefficients are evaluated: 4.

Surface(s) plotted in the output file: 4.
Surface(s) to be analyzed in detail: 4.
Input mesh file name: admesh.INL.su2

--------------- Space Numerical Integration ( Zone 0 ) ------------------
Roe (with entropy fix = 1) solver for the flow inviscid terms.
Standard Roe without low-dissipation function.
Second order integration in space, with slope limiter.
Venkatakrishnan slope-limiting method, with constant: 0.05.
The reference element size is: 1. 
Scalar upwind solver for the turbulence model.
First order integration in space.
Average of gradients with correction (viscous flow terms).
Average of gradients with correction (viscous turbulence terms).
Gradient for upwind reconstruction: unweighted Least-Squares.
Gradient for viscous and source terms: Green-Gauss.

--------------- Time Numerical Integration  ( Zone 0 ) ------------------
Local time stepping (steady state simulation).
Euler implicit method for the flow equations.
FGMRES is used for solving the linear system.
Using a ILU(0) preconditioning.
Convergence criteria of the linear solver: 1e-06.
Max number of linear iterations: 20.
CFL adaptation. Factor down: 0.5, factor up: 1.25,
                lower limit: 0.1, upper limit: 5,
                acceptable linear residual: 0.001.
Courant-Friedrichs-Lewy number:        1
Euler implicit time integration for the turbulence model.

------------------ Convergence Criteria  ( Zone 0 ) ---------------------
Maximum number of solver subiterations: 3000.
Begin convergence monitoring at iteration 10.
Residual minimum value: 1e-20.
Cauchy series min. value: 1e-10.
Number of Cauchy elements: 100.
Begin windowed time average at iteration 0.

-------------------- Output Information ( Zone 0 ) ----------------------
File writing frequency: 
+------------------------------------+
|                     File| Frequency|
+------------------------------------+
|                  RESTART|      1000|
|            RESTART_ASCII|      1000|
|                 PARAVIEW|      1000|
|            TECPLOT_ASCII|      1000|
|         SURFACE_PARAVIEW|      1000|
+------------------------------------+
Writing the convergence history file every 1 inner iterations.
Writing the screen convergence history every 50 inner iterations.
The tabular file format is CSV (.csv).
Convergence history file name: history_2nd.
Forces breakdown file name: forces_breakdown.dat.
Surface file name: surface_flow.
Volume file name: flow.
Restart file name: solution.dat.

------------- Config File Boundary Information ( Zone 0 ) ---------------
+-----------------------------------------------------------------------+
|                        Marker Type|                        Marker Name|
+-----------------------------------------------------------------------+
|                     Symmetry plane|                                  6|
+-----------------------------------------------------------------------+
|                   Riemann boundary|                                  1|
|                                   |                                  5|
+-----------------------------------------------------------------------+
|                     Heat flux wall|                                 w2|
|                                   |                                 w3|
|                                   |                                 w4|
+-----------------------------------------------------------------------+

-------------------- Output Preprocessing ( Zone 0 ) --------------------

WARNING: SURFACE_PRESSURE_DROP can only be computed for at least 2 surfaces (outlet, inlet, ...)

Screen output fields: INNER_ITER, RMS_DENSITY, NONPHYSICAL_POINTS
History output group(s): ITER, RMS_RES
Ignoring Convergence Field(s): RESIDUAL 
Warning: No (valid) fields chosen for convergence monitoring. Convergence monitoring inactive.
Warning: No (valid) fields chosen for time convergence monitoring. Time convergence monitoring inactive.
Volume output fields: COORDINATES, SOLUTION, PRIMITIVE

------------------- Geometry Preprocessing ( Zone 0 ) -------------------
Two dimensional problem.
9108 grid points before partitioning.
12768 volume elements before partitioning.
6 surface markers.
31 boundary elements in index 0 (Marker = 1).
83 boundary elements in index 1 (Marker = w2).
76 boundary elements in index 2 (Marker = w3).
91 boundary elements in index 3 (Marker = w4).
35 boundary elements in index 4 (Marker = 5).
102 boundary elements in index 5 (Marker = 6).
Executing the partitioning functions.
Building the graph adjacency structure.
Calling ParMETIS... graph partitioning complete (488 edge cuts).
Distributing ParMETIS coloring.
Rebalancing vertices.
Rebalancing volume element connectivity.
Rebalancing markers and surface elements.
9749 vertices including ghost points. 
13252 interior elements including halo cells. 
8081 triangles.
5171 quadrilaterals.
Establishing MPI communication patterns.
Setting point connectivity.
Renumbering points (Reverse Cuthill McKee Ordering).
Recomputing point connectivity.
Setting element connectivity.
Checking the numerical grid orientation.
All volume elements are correctly orientend.
There has been a re-orientation of 429 LINE surface elements.
Identifying edges and vertices.
Setting the control volume structure.
Area of the computational grid: 1130.65.
Searching for the closest normal neighbors to the surfaces.
Storing a mapping from global to local point index.
Compute the surface curvature.
Max K: 104.146. Mean K: 0.603208. Standard deviation K: 7.15871.
Checking for periodicity.
Computing mesh quality statistics for the dual control volumes.
+--------------------------------------------------------------+
|           Mesh Quality Metric|        Minimum|        Maximum|
+--------------------------------------------------------------+
|    Orthogonality Angle (deg.)|        49.0658|             90|
|     CV Face Area Aspect Ratio|        1.00475|        1965.41|
|           CV Sub-Volume Ratio|              1|         209.23|
+--------------------------------------------------------------+
Finding max control volume width.
Communicating number of neighbors.
Wetted area = 0 m^2.
Area projection in the x-plane = 0 m, y-plane = 0 m.
Max. coordinate in the x-direction = -1e+10 m, y-direction = -1e+10 m.
Min. coordinate in the x-direction = 1e+10 m, y-direction = 1e+10 m.
Checking if Euler & Symmetry markers are straight/plane:
Boundary marker 6 is a single straight.
Computing wall distances.

-------------------- Solver Preprocessing ( Zone 0 ) --------------------
Viscous flow: Computing pressure using the ideal gas law
based on the free-stream temperature and a density computed
from the Reynolds number.
Force coefficients computed using free-stream values.

-- Models:
+------------------------------------------------------------------------------+
|          Viscosity Model|        Conductivity Model|              Fluid Model|
+------------------------------------------------------------------------------+
|               SUTHERLAND|          CONSTANT_PRANDTL|                IDEAL_GAS|
+------------------------------------------------------------------------------+
-- Fluid properties:
+------------------------------------------------------------------------------+
|                  Name|    Dim. value|    Ref. value|      Unit|Non-dim. value|
+------------------------------------------------------------------------------+
|        Ref. Viscosity|     1.716e-05|             1|   N.s/m^2|     1.716e-05|
|      Sutherland Temp.|        273.15|             1|         K|        273.15|
|     Sutherland Const.|         110.4|             1|         K|         110.4|
+------------------------------------------------------------------------------+
|        Prandtl (Lam.)|             -|             -|         -|          0.72|
|       Prandtl (Turb.)|             -|             -|         -|           0.9|
+------------------------------------------------------------------------------+
|          Gas Constant|           297|             1|  N.m/kg.K|           297|
|      Spec. Heat Ratio|             -|             -|         -|           1.4|
+------------------------------------------------------------------------------+
-- Initial and free-stream conditions:
+------------------------------------------------------------------------------+
|                  Name|    Dim. value|    Ref. value|      Unit|Non-dim. value|
+------------------------------------------------------------------------------+
|       Static Pressure|        100000|             1|        Pa|        100000|
|               Density|       1.12233|             1|    kg/m^3|       1.12233|
|           Temperature|           300|             1|         K|           300|
|          Total Energy|        222750|             1|   m^2/s^2|        222750|
|            Velocity-X|      0.353186|             1|       m/s|      0.353186|
|            Velocity-Y|             0|             1|       m/s|             0|
|    Velocity Magnitude|      0.353186|             1|       m/s|      0.353186|
+------------------------------------------------------------------------------+
|             Viscosity|   1.84592e-05|             1|   N.s/m^2|   1.84592e-05|
|          Conductivity|             -|             1|   W/m^2.K|             -|
|     Turb. Kin. Energy|   0.000467775|             1|   m^2/s^2|   0.000467775|
|     Spec. Dissipation|       2.84412|             1|       1/s|       2.84412|
+------------------------------------------------------------------------------+
|           Mach Number|             -|             -|         -|         0.001|
|       Reynolds Number|             -|             -|         -|         21474|
+------------------------------------------------------------------------------+
Initialize Jacobian structure (Navier-Stokes). MG level: 0.
Initialize Jacobian structure (SST model).

The number of points in the restart file (9106) does not match the mesh (9108).
A recursive nearest neighbor interpolation will be performed.
Number of recursions: 1.
Elapsed time: 0.00671865s.


The number of points in the restart file (9106) does not match the mesh (9108).
A recursive nearest neighbor interpolation will be performed.
Number of recursions: 1.
Elapsed time: 0.00640826s.


------------------- Numerics Preprocessing ( Zone 0 ) -------------------

----------------- Integration Preprocessing ( Zone 0 ) ------------------

------------------- Iteration Preprocessing ( Zone 0 ) ------------------
Euler/Navier-Stokes/RANS fluid iteration.

------------------------------ Begin Solver -----------------------------

Simulation Run using the Single-zone Driver
WARNING: SU2 was not compiled for an AVX-capable architecture. Performance could be better,
         see https://su2code.github.io/docs_v7/Build-SU2-Linux-MacOS/#compiler-optimizations
+--------------------------------------+
|  Inner_Iter|    rms[Rho]|Nonphysical_|
+--------------------------------------+
|           0|   -0.840316|           0|
|          50|   -0.931483|           0|
|         100|   -0.949391|           0|
|         150|   -1.160864|           0|
|         200|   -1.020326|           0|
|         250|   -1.306063|           0|
|         300|   -1.225403|           0|
|         350|   -1.544686|           0|
|         400|   -1.713384|           0|
|         450|   -1.433973|           0|
|         500|   -0.892336|           0|
|         550|   -1.283536|           0|
|         600|   -1.211275|           0|
|         650|   -1.163613|           0|
|         700|   -1.096738|           0|
|         750|   -1.632889|           0|
|         800|   -1.297251|           0|
|         850|   -1.164310|           0|
|         900|   -1.237599|           0|
|         950|   -0.972153|           0|
|        1000|   -1.341310|           0|
+-----------------------------------------------------------------------+
|        File Writing Summary       |              Filename             |
+-----------------------------------------------------------------------+
|SU2 binary restart                 |solution.dat                       |
|SU2 ASCII restart                  |solution.csv                       |
|Paraview                           |flow.vtu                           |
|Tecplot ASCII                      |flow.dat                           |
|Paraview surface                   |surface_flow.vtu                   |
+-----------------------------------------------------------------------+
+--------------------------------------+
|  Inner_Iter|    rms[Rho]|Nonphysical_|
+--------------------------------------+
|        1050|   -1.316110|           0|
|        1100|   -1.122028|           0|
|        1150|   -1.566434|           0|
|        1200|   -1.878479|           0|
|        1250|   -1.365012|           0|
|        1300|   -1.190319|           0|
|        1350|   -0.960032|           0|
|        1400|   -1.289255|           0|
|        1450|   -1.080892|           0|
|        1500|   -1.460590|           0|
|        1550|   -1.374218|           0|
|        1600|   -1.223922|           0|
|        1650|   -0.943277|           0|
|        1700|   -1.476293|           0|
|        1750|   -0.946605|           0|
|        1800|   -1.551006|           0|
|        1850|   -1.374848|           0|
|        1900|   -1.434054|           0|
|        1950|   -1.213402|           0|
|        2000|   -1.402571|           0|
+-----------------------------------------------------------------------+
|        File Writing Summary       |              Filename             |
+-----------------------------------------------------------------------+
|SU2 binary restart                 |solution.dat                       |
|SU2 ASCII restart                  |solution.csv                       |
|Paraview                           |flow.vtu                           |
|Tecplot ASCII                      |flow.dat                           |
|Paraview surface                   |surface_flow.vtu                   |
+-----------------------------------------------------------------------+
+--------------------------------------+
|  Inner_Iter|    rms[Rho]|Nonphysical_|
+--------------------------------------+
|        2050|   -1.101164|           0|
|        2100|   -1.398676|           0|
|        2150|   -0.905836|           0|
|        2200|   -1.048920|           0|
|        2250|   -1.270601|           0|
|        2300|   -1.235674|           0|
|        2350|   -0.941843|           0|
|        2400|   -1.423503|           0|
|        2450|   -1.355200|           0|
|        2500|   -1.279830|           0|
|        2550|   -1.072524|           0|
|        2600|   -1.655618|           0|
|        2650|   -1.746373|           0|
|        2700|   -1.326298|           0|
|        2750|   -1.831686|           0|
|        2800|   -2.053277|           0|
|        2850|   -2.061736|           0|
|        2900|   -0.890176|           0|
|        2950|   -0.891639|           0|
|        2999|   -1.016100|           0|

----------------------------- Solver Exit -------------------------------

Maximum number of iterations reached (ITER = 3000) before convergence.
+-----------------------------------------------------------------------+
|      Convergence Field     |     Value    |   Criterion  |  Converged |
+-----------------------------------------------------------------------+
+-----------------------------------------------------------------------+
-------------------------------------------------------------------------
+-----------------------------------------------------------------------+
|        File Writing Summary       |              Filename             |
+-----------------------------------------------------------------------+
|SU2 binary restart                 |solution.dat                       |
|SU2 ASCII restart                  |solution.csv                       |
|Paraview                           |flow.vtu                           |
|Tecplot ASCII                      |flow.dat                           |
|Paraview surface                   |surface_flow.vtu                   |
+-----------------------------------------------------------------------+

------------------------- Solver Postprocessing -------------------------
Deleted CNumerics container.
Deleted CIntegration container.
Deleted CSolver container.
Deleted CIteration container.
Deleted CInterface container.
Deleted CGeometry container.
Deleted CFreeFormDefBox class.
Deleted CSurfaceMovement class.
Deleted CVolumetricMovement class.
Deleted CConfig container.
Deleted nInst container.
Deleted COutput class.
-------------------------------------------------------------------------

------------------------- Exit Success (SU2_CFD) ------------------------



=======================================================================
=======================================================================
                       PREPROCESSING - LEVEL 8
 
  -------------------------------------------------------------------
    NODE-PAIR CODE   -   PREPROCESSING PHASE
  -------------------------------------------------------------------
    Department of Aerospace Engineering - Politecnico di Milano
    authors: Alberto Guardone, Marco Fossati
 
    Warning: Check the status of file CORNERS.grid_name
 
 
    Domain nodes:         9108
    Boundary nodes:          836
    Domain elements:        12768
    Boundary elements:          418
 
    Generating node-pairs...
    I have found        31931  node-pairs in the domain
    I have found          418  node-pairs in the boundary
 
    Generating metric quantities...
    Domain finite element metrics...
    Domain finite volumes metrics...
    Boundary metrics...
 
    Checking metric consistency...
      FEM maximum eta residual on DOMAIN points --->  1.0270733073992139E-26
      - on domain node          204
      - of coordinates   1.000000000000000E-003   3.25000000000000     
      FEM maximum eta residual on BOUNDARY points --->  3.1996268655707675E-26
      - on boundary node          390    (domain           165 )
      - of coordinates    57.3151785000000        16.2500000000000     
 
      Domain area (cell) =   1089.81007506704     
      Domain area (mass,mass_ii) =   1089.81007506704     
      Boundary closure (xi) =  4.261163616574381E-014
      Boundary closure (chi) =  5.064156705657955E-015
 
      FVM maximum eta residual on DOMAIN points --->  5.8283561477169503E-30
      - on domain node          258
      - of coordinates   0.497597672000000        16.2490000000000     
      FVM maximum eta residual on BOUNDARY points --->  1.3111326844131042E-25
      - on boundary node          340    (domain           140 )
      - of coordinates    36.1063178000000        16.2500000000000     
 
    done
 
    Checking AXISYMMETRIC metric consistency...
 
      FEM maximum eta residual on DOMAIN points --->  1.3302564159687078E-24
      - on domain node          608
      - of coordinates   0.497597672000000        16.2466256000000     
      FEM maximum eta residual on BOUNDARY points --->  8.9056379698041228E-24
      - on boundary node          390    (domain           165 )
      - of coordinates    57.3151785000000        16.2500000000000     
 
      Domain area (cell) =    1089.81007506704     
      Domain area (mass,mass_ii) =    1089.81007506704     
      Boundary closure (xi) =   4.092726183600924E-012
 
      FVM maximum eta residual on DOMAIN points --->  4.3875941539741130E-09
      - on domain node         7724
      - of coordinates   3.952809950000000E-002   3.18943308000000     
      FVM maximum eta residual on BOUNDARY points --->  3.9403933111648654E-01
      - on boundary node          224    (domain            82 )
      - of coordinates   0.000000000000000E+000   16.2500000000000     
      - resid -->   9.839948911148255E-003  4.166620026779810E-008
 
    done
 
 
    Generating rotation matrices...
    done
 
    Saving...
    node-pairs...
    metric quantities...
    axisymmetric metric quantities...
    done
 
    Elapsed time   0.8159E+00 s
 


=======================================================================
=======================================================================
                     MESH ADAPTATION - LEVEL 8
 
  -------------------------------------------------------------------
    DARWIN
  -------------------------------------------------------------------
    CFD Laboratory - McGill University
    2009-2012 - Marco Fossati
    Department of Aerospace Engineering - Politecnico di Milano
    2003-2009 - Alberto Guardone, Marco Fossati
 
    Reading grid 7 ...
    Reading SU2 solution
    - equations:  RANS SST model
    - thermodynamics:  not used
 
    Adapt grid from level 7 to level 8
    Averaging error...
    Quality enforcement...
    - edges marked for quality enforcement:       19
 
    Grid 1 nodes     8398 element    12044
    Grid 2 nodes     8902 element    12548
    Grid 3 nodes     9064 element    12722
    Grid 4 nodes     9064 element    12722
    Grid 5 nodes     9064 element    12722
    Grid 6 nodes     9106 element    12764
    Grid 7 nodes     9108 element    12768
    Grid 8 nodes     9141 element    12813
 
    Postprocessing
    - errors.INL.plt
    - admesh.INL.plt
    - admesh.INL.su2
 


=======================================================================
=======================================================================
                            SU2 - LEVEL 8



MPI - REPORT BINDINGS:

-------------------------------------------------------------------------
|    ___ _   _ ___                                                      |
|   / __| | | |_  )   Release 7.5.1 "Blackbird"                         |
|   \__ \ |_| |/ /                                                      |
|   |___/\___//___|   Suite (Computational Fluid Dynamics Code)         |
|                                                                       |
-------------------------------------------------------------------------
| SU2 Project Website: https://su2code.github.io                        |
|                                                                       |
| The SU2 Project is maintained by the SU2 Foundation                   |
| (http://su2foundation.org)                                            |
-------------------------------------------------------------------------
| Copyright 2012-2023, SU2 Contributors                                 |
|                                                                       |
| SU2 is free software; you can redistribute it and/or                  |
| modify it under the terms of the GNU Lesser General Public            |
| License as published by the Free Software Foundation; either          |
| version 2.1 of the License, or (at your option) any later version.    |
|                                                                       |
| SU2 is distributed in the hope that it will be useful,                |
| but WITHOUT ANY WARRANTY; without even the implied warranty of        |
| MERCHANTABILITY or FITNESS FOR A PARTICULAR PURPOSE. See the GNU      |
| Lesser General Public License for more details.                       |
|                                                                       |
| You should have received a copy of the GNU Lesser General Public      |
| License along with SU2. If not, see <http://www.gnu.org/licenses/>.   |
-------------------------------------------------------------------------

Parsing config file for zone 0

----------------- Physical Case Definition ( Zone 0 ) -------------------
Compressible RANS equations.
Turbulence model: Menter's k-omega SST-2003m with sustaining terms, and with Vorticity production.
Hybrid RANS/LES: No Hybrid RANS/LES
Mach number: 0.001.
Angle of attack (AoA): 0 deg, and angle of sideslip (AoS): 0 deg.
Reynolds number: 0. Reference length 1.
Reading and writing binary SU2 native restart files.
Read flow solution from: solution_interpolated.dat.
Dimensional simulation.
The reference area is 1 m^2.
The semi-span will be computed using the max y(3D) value.
The reference length is 1 m.
Reference origin for moment evaluation is (0, 0, 0).
Surface(s) where the force coefficients are evaluated: 4.

Surface(s) plotted in the output file: 4.
Surface(s) to be analyzed in detail: 4.
Input mesh file name: admesh.INL.su2

--------------- Space Numerical Integration ( Zone 0 ) ------------------
Roe (with entropy fix = 1) solver for the flow inviscid terms.
Standard Roe without low-dissipation function.
Second order integration in space, with slope limiter.
Venkatakrishnan slope-limiting method, with constant: 0.05.
The reference element size is: 1. 
Scalar upwind solver for the turbulence model.
First order integration in space.
Average of gradients with correction (viscous flow terms).
Average of gradients with correction (viscous turbulence terms).
Gradient for upwind reconstruction: unweighted Least-Squares.
Gradient for viscous and source terms: Green-Gauss.

--------------- Time Numerical Integration  ( Zone 0 ) ------------------
Local time stepping (steady state simulation).
Euler implicit method for the flow equations.
FGMRES is used for solving the linear system.
Using a ILU(0) preconditioning.
Convergence criteria of the linear solver: 1e-06.
Max number of linear iterations: 20.
CFL adaptation. Factor down: 0.5, factor up: 1.25,
                lower limit: 0.1, upper limit: 5,
                acceptable linear residual: 0.001.
Courant-Friedrichs-Lewy number:        1
Euler implicit time integration for the turbulence model.

------------------ Convergence Criteria  ( Zone 0 ) ---------------------
Maximum number of solver subiterations: 3000.
Begin convergence monitoring at iteration 10.
Residual minimum value: 1e-20.
Cauchy series min. value: 1e-10.
Number of Cauchy elements: 100.
Begin windowed time average at iteration 0.

-------------------- Output Information ( Zone 0 ) ----------------------
File writing frequency: 
+------------------------------------+
|                     File| Frequency|
+------------------------------------+
|                  RESTART|      1000|
|            RESTART_ASCII|      1000|
|                 PARAVIEW|      1000|
|            TECPLOT_ASCII|      1000|
|         SURFACE_PARAVIEW|      1000|
+------------------------------------+
Writing the convergence history file every 1 inner iterations.
Writing the screen convergence history every 50 inner iterations.
The tabular file format is CSV (.csv).
Convergence history file name: history_2nd.
Forces breakdown file name: forces_breakdown.dat.
Surface file name: surface_flow.
Volume file name: flow.
Restart file name: solution.dat.

------------- Config File Boundary Information ( Zone 0 ) ---------------
+-----------------------------------------------------------------------+
|                        Marker Type|                        Marker Name|
+-----------------------------------------------------------------------+
|                     Symmetry plane|                                  6|
+-----------------------------------------------------------------------+
|                   Riemann boundary|                                  1|
|                                   |                                  5|
+-----------------------------------------------------------------------+
|                     Heat flux wall|                                 w2|
|                                   |                                 w3|
|                                   |                                 w4|
+-----------------------------------------------------------------------+

-------------------- Output Preprocessing ( Zone 0 ) --------------------

WARNING: SURFACE_PRESSURE_DROP can only be computed for at least 2 surfaces (outlet, inlet, ...)

Screen output fields: INNER_ITER, RMS_DENSITY, NONPHYSICAL_POINTS
History output group(s): ITER, RMS_RES
Ignoring Convergence Field(s): RESIDUAL 
Warning: No (valid) fields chosen for convergence monitoring. Convergence monitoring inactive.
Warning: No (valid) fields chosen for time convergence monitoring. Time convergence monitoring inactive.
Volume output fields: COORDINATES, SOLUTION, PRIMITIVE

------------------- Geometry Preprocessing ( Zone 0 ) -------------------
Two dimensional problem.
9141 grid points before partitioning.
12813 volume elements before partitioning.
6 surface markers.
31 boundary elements in index 0 (Marker = 1).
83 boundary elements in index 1 (Marker = w2).
77 boundary elements in index 2 (Marker = w3).
91 boundary elements in index 3 (Marker = w4).
35 boundary elements in index 4 (Marker = 5).
102 boundary elements in index 5 (Marker = 6).
Executing the partitioning functions.
Building the graph adjacency structure.
Calling ParMETIS... graph partitioning complete (483 edge cuts).
Distributing ParMETIS coloring.
Rebalancing vertices.
Rebalancing volume element connectivity.
Rebalancing markers and surface elements.
9775 vertices including ghost points. 
13294 interior elements including halo cells. 
8107 triangles.
5187 quadrilaterals.
Establishing MPI communication patterns.
Setting point connectivity.
Renumbering points (Reverse Cuthill McKee Ordering).
Recomputing point connectivity.
Setting element connectivity.
Checking the numerical grid orientation.
All volume elements are correctly orientend.
There has been a re-orientation of 428 LINE surface elements.
Identifying edges and vertices.
Setting the control volume structure.
Area of the computational grid: 1130.62.
Searching for the closest normal neighbors to the surfaces.
Storing a mapping from global to local point index.
Compute the surface curvature.
Max K: 104.146. Mean K: 0.601788. Standard deviation K: 7.15034.
Checking for periodicity.
Computing mesh quality statistics for the dual control volumes.
+--------------------------------------------------------------+
|           Mesh Quality Metric|        Minimum|        Maximum|
+--------------------------------------------------------------+
|    Orthogonality Angle (deg.)|         48.938|             90|
|     CV Face Area Aspect Ratio|        1.00452|        1965.41|
|           CV Sub-Volume Ratio|              1|        209.282|
+--------------------------------------------------------------+
Finding max control volume width.
Communicating number of neighbors.
Wetted area = 0 m^2.
Area projection in the x-plane = 0 m, y-plane = 0 m.
Max. coordinate in the x-direction = -1e+10 m, y-direction = -1e+10 m.
Min. coordinate in the x-direction = 1e+10 m, y-direction = 1e+10 m.
Checking if Euler & Symmetry markers are straight/plane:
Boundary marker 6 is a single straight.
Computing wall distances.

-------------------- Solver Preprocessing ( Zone 0 ) --------------------
Viscous flow: Computing pressure using the ideal gas law
based on the free-stream temperature and a density computed
from the Reynolds number.
Force coefficients computed using free-stream values.

-- Models:
+------------------------------------------------------------------------------+
|          Viscosity Model|        Conductivity Model|              Fluid Model|
+------------------------------------------------------------------------------+
|               SUTHERLAND|          CONSTANT_PRANDTL|                IDEAL_GAS|
+------------------------------------------------------------------------------+
-- Fluid properties:
+------------------------------------------------------------------------------+
|                  Name|    Dim. value|    Ref. value|      Unit|Non-dim. value|
+------------------------------------------------------------------------------+
|        Ref. Viscosity|     1.716e-05|             1|   N.s/m^2|     1.716e-05|
|      Sutherland Temp.|        273.15|             1|         K|        273.15|
|     Sutherland Const.|         110.4|             1|         K|         110.4|
+------------------------------------------------------------------------------+
|        Prandtl (Lam.)|             -|             -|         -|          0.72|
|       Prandtl (Turb.)|             -|             -|         -|           0.9|
+------------------------------------------------------------------------------+
|          Gas Constant|           297|             1|  N.m/kg.K|           297|
|      Spec. Heat Ratio|             -|             -|         -|           1.4|
+------------------------------------------------------------------------------+
-- Initial and free-stream conditions:
+------------------------------------------------------------------------------+
|                  Name|    Dim. value|    Ref. value|      Unit|Non-dim. value|
+------------------------------------------------------------------------------+
|       Static Pressure|        100000|             1|        Pa|        100000|
|               Density|       1.12233|             1|    kg/m^3|       1.12233|
|           Temperature|           300|             1|         K|           300|
|          Total Energy|        222750|             1|   m^2/s^2|        222750|
|            Velocity-X|      0.353186|             1|       m/s|      0.353186|
|            Velocity-Y|             0|             1|       m/s|             0|
|    Velocity Magnitude|      0.353186|             1|       m/s|      0.353186|
+------------------------------------------------------------------------------+
|             Viscosity|   1.84592e-05|             1|   N.s/m^2|   1.84592e-05|
|          Conductivity|             -|             1|   W/m^2.K|             -|
|     Turb. Kin. Energy|   0.000467775|             1|   m^2/s^2|   0.000467775|
|     Spec. Dissipation|       2.84412|             1|       1/s|       2.84412|
+------------------------------------------------------------------------------+
|           Mach Number|             -|             -|         -|         0.001|
|       Reynolds Number|             -|             -|         -|         21474|
+------------------------------------------------------------------------------+
Initialize Jacobian structure (Navier-Stokes). MG level: 0.
Initialize Jacobian structure (SST model).

The number of points in the restart file (9108) does not match the mesh (9141).
A recursive nearest neighbor interpolation will be performed.
Number of recursions: 1.
Elapsed time: 0.00772904s.


The number of points in the restart file (9108) does not match the mesh (9141).
A recursive nearest neighbor interpolation will be performed.
Number of recursions: 1.
Elapsed time: 0.00753252s.


------------------- Numerics Preprocessing ( Zone 0 ) -------------------

----------------- Integration Preprocessing ( Zone 0 ) ------------------

------------------- Iteration Preprocessing ( Zone 0 ) ------------------
Euler/Navier-Stokes/RANS fluid iteration.

------------------------------ Begin Solver -----------------------------

Simulation Run using the Single-zone Driver
WARNING: SU2 was not compiled for an AVX-capable architecture. Performance could be better,
         see https://su2code.github.io/docs_v7/Build-SU2-Linux-MacOS/#compiler-optimizations
+--------------------------------------+
|  Inner_Iter|    rms[Rho]|Nonphysical_|
+--------------------------------------+
|           0|   -0.564826|           0|
|          50|   -0.890399|           0|
|         100|   -0.890912|           0|
|         150|   -1.159234|           0|
|         200|   -1.165770|           0|
|         250|   -1.268678|           0|
|         300|   -1.127608|           0|
|         350|   -1.387819|           0|
|         400|   -1.375367|           0|
|         450|   -1.474997|           0|
|         500|   -1.203906|           0|
|         550|   -0.899859|           0|
|         600|   -1.420345|           0|
|         650|   -1.122984|           0|
|         700|   -1.343518|           0|
|         750|   -1.288877|           0|
|         800|   -1.432214|           0|
|         850|   -1.213662|           0|
|         900|   -0.897009|           0|
|         950|   -1.236520|           0|
|        1000|   -1.006482|           0|
+-----------------------------------------------------------------------+
|        File Writing Summary       |              Filename             |
+-----------------------------------------------------------------------+
|SU2 binary restart                 |solution.dat                       |
|SU2 ASCII restart                  |solution.csv                       |
|Paraview                           |flow.vtu                           |
|Tecplot ASCII                      |flow.dat                           |
|Paraview surface                   |surface_flow.vtu                   |
+-----------------------------------------------------------------------+
+--------------------------------------+
|  Inner_Iter|    rms[Rho]|Nonphysical_|
+--------------------------------------+
|        1050|   -1.358814|           0|
|        1100|   -1.256603|           0|
|        1150|   -1.302854|           0|
|        1200|   -1.266314|           0|
|        1250|   -1.731950|           0|
|        1300|   -1.372602|           0|
|        1350|   -0.802392|           0|
|        1400|   -1.170483|           0|
|        1450|   -1.133872|           0|
|        1500|   -1.010632|           0|
|        1550|   -0.949045|           0|
|        1600|   -0.977689|           0|
|        1650|   -0.848712|           0|
|        1700|   -0.993251|           0|
|        1750|   -0.937698|           0|
|        1800|   -0.959758|           0|
|        1850|   -0.996966|           0|
|        1900|   -1.163667|           0|
|        1950|   -0.994234|           0|
|        2000|   -0.969928|           0|
+-----------------------------------------------------------------------+
|        File Writing Summary       |              Filename             |
+-----------------------------------------------------------------------+
|SU2 binary restart                 |solution.dat                       |
|SU2 ASCII restart                  |solution.csv                       |
|Paraview                           |flow.vtu                           |
|Tecplot ASCII                      |flow.dat                           |
|Paraview surface                   |surface_flow.vtu                   |
+-----------------------------------------------------------------------+
+--------------------------------------+
|  Inner_Iter|    rms[Rho]|Nonphysical_|
+--------------------------------------+
|        2050|   -1.034138|           0|
|        2100|   -0.919263|           0|
|        2150|   -0.979414|           0|
|        2200|   -1.100780|           0|
|        2250|   -1.004644|           0|
|        2300|   -1.269547|           0|
|        2350|   -1.470484|           0|
|        2400|   -1.316311|           0|
|        2450|   -1.336142|           0|
|        2500|   -1.659468|           0|
|        2550|   -0.932358|           0|
|        2600|   -0.869962|           0|
|        2650|   -1.400754|           0|
|        2700|   -1.206177|           0|
|        2750|   -1.392540|           0|
|        2800|   -1.353940|           0|
|        2850|   -0.951590|           0|
|        2900|   -0.979501|           0|
|        2950|   -1.272418|           0|
|        2999|   -1.229331|           0|

----------------------------- Solver Exit -------------------------------

Maximum number of iterations reached (ITER = 3000) before convergence.
+-----------------------------------------------------------------------+
|      Convergence Field     |     Value    |   Criterion  |  Converged |
+-----------------------------------------------------------------------+
+-----------------------------------------------------------------------+
-------------------------------------------------------------------------
+-----------------------------------------------------------------------+
|        File Writing Summary       |              Filename             |
+-----------------------------------------------------------------------+
|SU2 binary restart                 |solution.dat                       |
|SU2 ASCII restart                  |solution.csv                       |
|Paraview                           |flow.vtu                           |
|Tecplot ASCII                      |flow.dat                           |
|Paraview surface                   |surface_flow.vtu                   |
+-----------------------------------------------------------------------+

------------------------- Solver Postprocessing -------------------------
Deleted CNumerics container.
Deleted CIntegration container.
Deleted CSolver container.
Deleted CIteration container.
Deleted CInterface container.
Deleted CGeometry container.
Deleted CFreeFormDefBox class.
Deleted CSurfaceMovement class.
Deleted CVolumetricMovement class.
Deleted CConfig container.
Deleted nInst container.
Deleted COutput class.
-------------------------------------------------------------------------

------------------------- Exit Success (SU2_CFD) ------------------------



=======================================================================
=======================================================================
                       PREPROCESSING - LEVEL 9
 
  -------------------------------------------------------------------
    NODE-PAIR CODE   -   PREPROCESSING PHASE
  -------------------------------------------------------------------
    Department of Aerospace Engineering - Politecnico di Milano
    authors: Alberto Guardone, Marco Fossati
 
    Warning: Check the status of file CORNERS.grid_name
 
 
    Domain nodes:         9141
    Boundary nodes:          838
    Domain elements:        12813
    Boundary elements:          419
 
    Generating node-pairs...
    I have found        32049  node-pairs in the domain
    I have found          419  node-pairs in the boundary
 
    Generating metric quantities...
    Domain finite element metrics...
    Domain finite volumes metrics...
    Boundary metrics...
 
    Checking metric consistency...
      FEM maximum eta residual on DOMAIN points --->  1.0270733073992139E-26
      - on domain node          204
      - of coordinates   1.000000000000000E-003   3.25000000000000     
      FEM maximum eta residual on BOUNDARY points --->  3.1996268655707675E-26
      - on boundary node          390    (domain           165 )
      - of coordinates    57.3151785000000        16.2500000000000     
 
      Domain area (cell) =   1089.81007506704     
      Domain area (mass,mass_ii) =   1089.81007506704     
      Boundary closure (xi) =  4.261104863239623E-014
      Boundary closure (chi) =  5.064156705657955E-015
 
      FVM maximum eta residual on DOMAIN points --->  5.8283561477169503E-30
      - on domain node          258
      - of coordinates   0.497597672000000        16.2490000000000     
      FVM maximum eta residual on BOUNDARY points --->  1.3111326844131042E-25
      - on boundary node          340    (domain           140 )
      - of coordinates    36.1063178000000        16.2500000000000     
 
    done
 
    Checking AXISYMMETRIC metric consistency...
 
      FEM maximum eta residual on DOMAIN points --->  1.3302564159687078E-24
      - on domain node          608
      - of coordinates   0.497597672000000        16.2466256000000     
      FEM maximum eta residual on BOUNDARY points --->  8.9056379698041228E-24
      - on boundary node          390    (domain           165 )
      - of coordinates    57.3151785000000        16.2500000000000     
 
      Domain area (cell) =    1089.81007506704     
      Domain area (mass,mass_ii) =    1089.81007506704     
      Boundary closure (xi) =   1.364282929927603E-012
 
      FVM maximum eta residual on DOMAIN points --->  4.3878177641034162E-09
      - on domain node         7724
      - of coordinates   3.952809950000000E-002   3.18943308000000     
      FVM maximum eta residual on BOUNDARY points --->  3.9403933111648654E-01
      - on boundary node          224    (domain            82 )
      - of coordinates   0.000000000000000E+000   16.2500000000000     
      - resid -->   9.839948911148255E-003  4.166620026779810E-008
 
    done
 
 
    Generating rotation matrices...
    done
 
    Saving...
    node-pairs...
    metric quantities...
    axisymmetric metric quantities...
    done
 
    Elapsed time   0.8384E+00 s
 


=======================================================================
=======================================================================
                     MESH ADAPTATION - LEVEL 9
 
  -------------------------------------------------------------------
    DARWIN
  -------------------------------------------------------------------
    CFD Laboratory - McGill University
    2009-2012 - Marco Fossati
    Department of Aerospace Engineering - Politecnico di Milano
    2003-2009 - Alberto Guardone, Marco Fossati
 
    Reading grid 8 ...
    Reading SU2 solution
    - equations:  RANS SST model
    - thermodynamics:  not used
 
    Adapt grid from level 8 to level 9
    Averaging error...
    Quality enforcement...
    - edges marked for quality enforcement:       20
 
    Grid 1 nodes     8398 element    12044
    Grid 2 nodes     8902 element    12548
    Grid 3 nodes     9064 element    12722
    Grid 4 nodes     9064 element    12722
    Grid 5 nodes     9064 element    12722
    Grid 6 nodes     9106 element    12764
    Grid 7 nodes     9108 element    12768
    Grid 8 nodes     9141 element    12813
    Grid 9 nodes     9212 element    12934
 
    Postprocessing
    - errors.INL.plt
    - admesh.INL.plt
    - admesh.INL.su2
 


=======================================================================
=======================================================================
                            SU2 - LEVEL 9



MPI - REPORT BINDINGS:

-------------------------------------------------------------------------
|    ___ _   _ ___                                                      |
|   / __| | | |_  )   Release 7.5.1 "Blackbird"                         |
|   \__ \ |_| |/ /                                                      |
|   |___/\___//___|   Suite (Computational Fluid Dynamics Code)         |
|                                                                       |
-------------------------------------------------------------------------
| SU2 Project Website: https://su2code.github.io                        |
|                                                                       |
| The SU2 Project is maintained by the SU2 Foundation                   |
| (http://su2foundation.org)                                            |
-------------------------------------------------------------------------
| Copyright 2012-2023, SU2 Contributors                                 |
|                                                                       |
| SU2 is free software; you can redistribute it and/or                  |
| modify it under the terms of the GNU Lesser General Public            |
| License as published by the Free Software Foundation; either          |
| version 2.1 of the License, or (at your option) any later version.    |
|                                                                       |
| SU2 is distributed in the hope that it will be useful,                |
| but WITHOUT ANY WARRANTY; without even the implied warranty of        |
| MERCHANTABILITY or FITNESS FOR A PARTICULAR PURPOSE. See the GNU      |
| Lesser General Public License for more details.                       |
|                                                                       |
| You should have received a copy of the GNU Lesser General Public      |
| License along with SU2. If not, see <http://www.gnu.org/licenses/>.   |
-------------------------------------------------------------------------

Parsing config file for zone 0

----------------- Physical Case Definition ( Zone 0 ) -------------------
Compressible RANS equations.
Turbulence model: Menter's k-omega SST-2003m with sustaining terms, and with Vorticity production.
Hybrid RANS/LES: No Hybrid RANS/LES
Mach number: 0.001.
Angle of attack (AoA): 0 deg, and angle of sideslip (AoS): 0 deg.
Reynolds number: 0. Reference length 1.
Reading and writing binary SU2 native restart files.
Read flow solution from: solution_interpolated.dat.
Dimensional simulation.
The reference area is 1 m^2.
The semi-span will be computed using the max y(3D) value.
The reference length is 1 m.
Reference origin for moment evaluation is (0, 0, 0).
Surface(s) where the force coefficients are evaluated: 4.

Surface(s) plotted in the output file: 4.
Surface(s) to be analyzed in detail: 4.
Input mesh file name: admesh.INL.su2

--------------- Space Numerical Integration ( Zone 0 ) ------------------
Roe (with entropy fix = 1) solver for the flow inviscid terms.
Standard Roe without low-dissipation function.
Second order integration in space, with slope limiter.
Venkatakrishnan slope-limiting method, with constant: 0.05.
The reference element size is: 1. 
Scalar upwind solver for the turbulence model.
First order integration in space.
Average of gradients with correction (viscous flow terms).
Average of gradients with correction (viscous turbulence terms).
Gradient for upwind reconstruction: unweighted Least-Squares.
Gradient for viscous and source terms: Green-Gauss.

--------------- Time Numerical Integration  ( Zone 0 ) ------------------
Local time stepping (steady state simulation).
Euler implicit method for the flow equations.
FGMRES is used for solving the linear system.
Using a ILU(0) preconditioning.
Convergence criteria of the linear solver: 1e-06.
Max number of linear iterations: 20.
CFL adaptation. Factor down: 0.5, factor up: 1.25,
                lower limit: 0.1, upper limit: 5,
                acceptable linear residual: 0.001.
Courant-Friedrichs-Lewy number:        1
Euler implicit time integration for the turbulence model.

------------------ Convergence Criteria  ( Zone 0 ) ---------------------
Maximum number of solver subiterations: 3000.
Begin convergence monitoring at iteration 10.
Residual minimum value: 1e-20.
Cauchy series min. value: 1e-10.
Number of Cauchy elements: 100.
Begin windowed time average at iteration 0.

-------------------- Output Information ( Zone 0 ) ----------------------
File writing frequency: 
+------------------------------------+
|                     File| Frequency|
+------------------------------------+
|                  RESTART|      1000|
|            RESTART_ASCII|      1000|
|                 PARAVIEW|      1000|
|            TECPLOT_ASCII|      1000|
|         SURFACE_PARAVIEW|      1000|
+------------------------------------+
Writing the convergence history file every 1 inner iterations.
Writing the screen convergence history every 50 inner iterations.
The tabular file format is CSV (.csv).
Convergence history file name: history_2nd.
Forces breakdown file name: forces_breakdown.dat.
Surface file name: surface_flow.
Volume file name: flow.
Restart file name: solution.dat.

------------- Config File Boundary Information ( Zone 0 ) ---------------
+-----------------------------------------------------------------------+
|                        Marker Type|                        Marker Name|
+-----------------------------------------------------------------------+
|                     Symmetry plane|                                  6|
+-----------------------------------------------------------------------+
|                   Riemann boundary|                                  1|
|                                   |                                  5|
+-----------------------------------------------------------------------+
|                     Heat flux wall|                                 w2|
|                                   |                                 w3|
|                                   |                                 w4|
+-----------------------------------------------------------------------+

-------------------- Output Preprocessing ( Zone 0 ) --------------------

WARNING: SURFACE_PRESSURE_DROP can only be computed for at least 2 surfaces (outlet, inlet, ...)

Screen output fields: INNER_ITER, RMS_DENSITY, NONPHYSICAL_POINTS
History output group(s): ITER, RMS_RES
Ignoring Convergence Field(s): RESIDUAL 
Warning: No (valid) fields chosen for convergence monitoring. Convergence monitoring inactive.
Warning: No (valid) fields chosen for time convergence monitoring. Time convergence monitoring inactive.
Volume output fields: COORDINATES, SOLUTION, PRIMITIVE

------------------- Geometry Preprocessing ( Zone 0 ) -------------------
Two dimensional problem.
9212 grid points before partitioning.
12934 volume elements before partitioning.
6 surface markers.
31 boundary elements in index 0 (Marker = 1).
84 boundary elements in index 1 (Marker = w2).
77 boundary elements in index 2 (Marker = w3).
91 boundary elements in index 3 (Marker = w4).
35 boundary elements in index 4 (Marker = 5).
102 boundary elements in index 5 (Marker = 6).
Executing the partitioning functions.
Building the graph adjacency structure.
Calling ParMETIS... graph partitioning complete (487 edge cuts).
Distributing ParMETIS coloring.
Rebalancing vertices.
Rebalancing volume element connectivity.
Rebalancing markers and surface elements.
9834 vertices including ghost points. 
13417 interior elements including halo cells. 
8224 triangles.
5193 quadrilaterals.
Establishing MPI communication patterns.
Setting point connectivity.
Renumbering points (Reverse Cuthill McKee Ordering).
Recomputing point connectivity.
Setting element connectivity.
Checking the numerical grid orientation.
All volume elements are correctly orientend.
There has been a re-orientation of 431 LINE surface elements.
Identifying edges and vertices.
Setting the control volume structure.
Area of the computational grid: 1132.87.
Searching for the closest normal neighbors to the surfaces.
Storing a mapping from global to local point index.
Compute the surface curvature.
Max K: 104.146. Mean K: 0.601761. Standard deviation K: 7.14227.
Checking for periodicity.
Computing mesh quality statistics for the dual control volumes.
+--------------------------------------------------------------+
|           Mesh Quality Metric|        Minimum|        Maximum|
+--------------------------------------------------------------+
|    Orthogonality Angle (deg.)|        48.8158|             90|
|     CV Face Area Aspect Ratio|        1.00433|        1965.41|
|           CV Sub-Volume Ratio|              1|        209.317|
+--------------------------------------------------------------+
Finding max control volume width.
Communicating number of neighbors.
Wetted area = 0 m^2.
Area projection in the x-plane = 0 m, y-plane = 0 m.
Max. coordinate in the x-direction = -1e+10 m, y-direction = -1e+10 m.
Min. coordinate in the x-direction = 1e+10 m, y-direction = 1e+10 m.
Checking if Euler & Symmetry markers are straight/plane:
Boundary marker 6 is a single straight.
Computing wall distances.

-------------------- Solver Preprocessing ( Zone 0 ) --------------------
Viscous flow: Computing pressure using the ideal gas law
based on the free-stream temperature and a density computed
from the Reynolds number.
Force coefficients computed using free-stream values.

-- Models:
+------------------------------------------------------------------------------+
|          Viscosity Model|        Conductivity Model|              Fluid Model|
+------------------------------------------------------------------------------+
|               SUTHERLAND|          CONSTANT_PRANDTL|                IDEAL_GAS|
+------------------------------------------------------------------------------+
-- Fluid properties:
+------------------------------------------------------------------------------+
|                  Name|    Dim. value|    Ref. value|      Unit|Non-dim. value|
+------------------------------------------------------------------------------+
|        Ref. Viscosity|     1.716e-05|             1|   N.s/m^2|     1.716e-05|
|      Sutherland Temp.|        273.15|             1|         K|        273.15|
|     Sutherland Const.|         110.4|             1|         K|         110.4|
+------------------------------------------------------------------------------+
|        Prandtl (Lam.)|             -|             -|         -|          0.72|
|       Prandtl (Turb.)|             -|             -|         -|           0.9|
+------------------------------------------------------------------------------+
|          Gas Constant|           297|             1|  N.m/kg.K|           297|
|      Spec. Heat Ratio|             -|             -|         -|           1.4|
+------------------------------------------------------------------------------+
-- Initial and free-stream conditions:
+------------------------------------------------------------------------------+
|                  Name|    Dim. value|    Ref. value|      Unit|Non-dim. value|
+------------------------------------------------------------------------------+
|       Static Pressure|        100000|             1|        Pa|        100000|
|               Density|       1.12233|             1|    kg/m^3|       1.12233|
|           Temperature|           300|             1|         K|           300|
|          Total Energy|        222750|             1|   m^2/s^2|        222750|
|            Velocity-X|      0.353186|             1|       m/s|      0.353186|
|            Velocity-Y|             0|             1|       m/s|             0|
|    Velocity Magnitude|      0.353186|             1|       m/s|      0.353186|
+------------------------------------------------------------------------------+
|             Viscosity|   1.84592e-05|             1|   N.s/m^2|   1.84592e-05|
|          Conductivity|             -|             1|   W/m^2.K|             -|
|     Turb. Kin. Energy|   0.000467775|             1|   m^2/s^2|   0.000467775|
|     Spec. Dissipation|       2.84412|             1|       1/s|       2.84412|
+------------------------------------------------------------------------------+
|           Mach Number|             -|             -|         -|         0.001|
|       Reynolds Number|             -|             -|         -|         21474|
+------------------------------------------------------------------------------+
Initialize Jacobian structure (Navier-Stokes). MG level: 0.
Initialize Jacobian structure (SST model).

The number of points in the restart file (9141) does not match the mesh (9212).
A recursive nearest neighbor interpolation will be performed.
Number of recursions: 1.
Elapsed time: 0.00795168s.


The number of points in the restart file (9141) does not match the mesh (9212).
A recursive nearest neighbor interpolation will be performed.
Number of recursions: 1.
Elapsed time: 0.00783904s.


------------------- Numerics Preprocessing ( Zone 0 ) -------------------

----------------- Integration Preprocessing ( Zone 0 ) ------------------

------------------- Iteration Preprocessing ( Zone 0 ) ------------------
Euler/Navier-Stokes/RANS fluid iteration.

------------------------------ Begin Solver -----------------------------

Simulation Run using the Single-zone Driver
WARNING: SU2 was not compiled for an AVX-capable architecture. Performance could be better,
         see https://su2code.github.io/docs_v7/Build-SU2-Linux-MacOS/#compiler-optimizations
+--------------------------------------+
|  Inner_Iter|    rms[Rho]|Nonphysical_|
+--------------------------------------+
|           0|   -0.373245|           0|
|          50|   -0.879140|           0|
|         100|   -1.005240|           0|
|         150|   -0.948236|           0|
|         200|   -1.015509|           0|
|         250|   -0.795739|           0|
|         300|   -1.282759|           0|
|         350|   -1.234004|           0|
|         400|   -1.355781|           0|
|         450|   -1.444290|           0|
|         500|   -1.776031|           0|
|         550|   -0.848758|           0|
|         600|   -1.160246|           0|
|         650|   -1.202385|           0|
|         700|   -1.333663|           0|
|         750|   -1.215292|           0|
|         800|   -1.431968|           0|
|         850|   -1.557607|           0|
|         900|   -1.330248|           0|
|         950|   -1.724224|           0|
|        1000|   -1.673538|           0|
+-----------------------------------------------------------------------+
|        File Writing Summary       |              Filename             |
+-----------------------------------------------------------------------+
|SU2 binary restart                 |solution.dat                       |
|SU2 ASCII restart                  |solution.csv                       |
|Paraview                           |flow.vtu                           |
|Tecplot ASCII                      |flow.dat                           |
|Paraview surface                   |surface_flow.vtu                   |
+-----------------------------------------------------------------------+
+--------------------------------------+
|  Inner_Iter|    rms[Rho]|Nonphysical_|
+--------------------------------------+
|        1050|   -1.387465|           0|
|        1100|   -1.940860|           0|
|        1150|   -2.174144|           0|
|        1200|   -1.942611|           0|
|        1250|   -0.908192|           0|
|        1300|   -0.930372|           0|
|        1350|   -1.321134|           0|
|        1400|   -0.979014|           0|
|        1450|   -1.664884|           0|
|        1500|   -1.273816|           0|
|        1550|   -1.531303|           0|
|        1600|   -1.362676|           0|
|        1650|   -1.709414|           0|
|        1700|   -1.426097|           0|
|        1750|   -1.811502|           0|
|        1800|   -0.848940|           0|
|        1850|   -0.896107|           0|
|        1900|   -1.012956|           0|
|        1950|   -1.188475|           0|
|        2000|   -1.541117|           0|
+-----------------------------------------------------------------------+
|        File Writing Summary       |              Filename             |
+-----------------------------------------------------------------------+
|SU2 binary restart                 |solution.dat                       |
|SU2 ASCII restart                  |solution.csv                       |
|Paraview                           |flow.vtu                           |
|Tecplot ASCII                      |flow.dat                           |
|Paraview surface                   |surface_flow.vtu                   |
+-----------------------------------------------------------------------+
+--------------------------------------+
|  Inner_Iter|    rms[Rho]|Nonphysical_|
+--------------------------------------+
|        2050|   -1.426339|           0|
|        2100|   -1.366347|           0|
|        2150|   -1.499402|           0|
|        2200|   -1.187703|           0|
|        2250|   -1.363577|           0|
|        2300|   -1.778652|           0|
|        2350|   -1.612167|           0|
|        2400|   -1.832202|           0|
|        2450|   -0.898476|           0|
|        2500|   -1.077459|           0|
|        2550|   -1.047630|           0|
|        2600|   -1.434734|           0|
|        2650|   -1.404527|           0|
|        2700|   -1.458253|           0|
|        2750|   -1.570010|           0|
|        2800|   -1.507241|           0|
|        2850|   -1.665715|           0|
|        2900|   -1.707224|           0|
|        2950|   -1.471391|           0|
|        2999|   -1.781011|           0|

----------------------------- Solver Exit -------------------------------

Maximum number of iterations reached (ITER = 3000) before convergence.
+-----------------------------------------------------------------------+
|      Convergence Field     |     Value    |   Criterion  |  Converged |
+-----------------------------------------------------------------------+
+-----------------------------------------------------------------------+
-------------------------------------------------------------------------
+-----------------------------------------------------------------------+
|        File Writing Summary       |              Filename             |
+-----------------------------------------------------------------------+
|SU2 binary restart                 |solution.dat                       |
|SU2 ASCII restart                  |solution.csv                       |
|Paraview                           |flow.vtu                           |
|Tecplot ASCII                      |flow.dat                           |
|Paraview surface                   |surface_flow.vtu                   |
+-----------------------------------------------------------------------+

------------------------- Solver Postprocessing -------------------------
Deleted CNumerics container.
Deleted CIntegration container.
Deleted CSolver container.
Deleted CIteration container.
Deleted CInterface container.
Deleted CGeometry container.
Deleted CFreeFormDefBox class.
Deleted CSurfaceMovement class.
Deleted CVolumetricMovement class.
Deleted CConfig container.
Deleted nInst container.
Deleted COutput class.
-------------------------------------------------------------------------

------------------------- Exit Success (SU2_CFD) ------------------------



=======================================================================
=======================================================================
                       PREPROCESSING - LEVEL 10
 
  -------------------------------------------------------------------
    NODE-PAIR CODE   -   PREPROCESSING PHASE
  -------------------------------------------------------------------
    Department of Aerospace Engineering - Politecnico di Milano
    authors: Alberto Guardone, Marco Fossati
 
    Warning: Check the status of file CORNERS.grid_name
 
 
    Domain nodes:         9212
    Boundary nodes:          840
    Domain elements:        12934
    Boundary elements:          420
 
    Generating node-pairs...
    I have found        32281  node-pairs in the domain
    I have found          420  node-pairs in the boundary
 
    Generating metric quantities...
    Domain finite element metrics...
    Domain finite volumes metrics...
    Boundary metrics...
 
    Checking metric consistency...
      FEM maximum eta residual on DOMAIN points --->  1.0270733073992139E-26
      - on domain node          204
      - of coordinates   1.000000000000000E-003   3.25000000000000     
      FEM maximum eta residual on BOUNDARY points --->  3.1996268655707675E-26
      - on boundary node          390    (domain           165 )
      - of coordinates    57.3151785000000        16.2500000000000     
 
      Domain area (cell) =   1089.81007506723     
      Domain area (mass,mass_ii) =   1089.81007506722     
      Boundary closure (xi) =  4.019785746647195E-014
      Boundary closure (chi) =  5.064156705657955E-015
 
      FVM maximum eta residual on DOMAIN points --->  5.8283561477169503E-30
      - on domain node          258
      - of coordinates   0.497597672000000        16.2490000000000     
      FVM maximum eta residual on BOUNDARY points --->  1.3111326844131042E-25
      - on boundary node          340    (domain           140 )
      - of coordinates    36.1063178000000        16.2500000000000     
 
    done
 
    Checking AXISYMMETRIC metric consistency...
 
      FEM maximum eta residual on DOMAIN points --->  1.3302564159687078E-24
      - on domain node          608
      - of coordinates   0.497597672000000        16.2466256000000     
      FEM maximum eta residual on BOUNDARY points --->  8.9056379698041228E-24
      - on boundary node          390    (domain           165 )
      - of coordinates    57.3151785000000        16.2500000000000     
 
      Domain area (cell) =    1089.81007506723     
      Domain area (mass,mass_ii) =    1089.81007506722     
      Boundary closure (xi) =   5.229595558052767E-012
 
      FVM maximum eta residual on DOMAIN points --->  4.3887311406494155E-09
      - on domain node         7724
      - of coordinates   3.952809950000000E-002   3.18943308000000     
      FVM maximum eta residual on BOUNDARY points --->  3.9403933111648654E-01
      - on boundary node          224    (domain            82 )
      - of coordinates   0.000000000000000E+000   16.2500000000000     
      - resid -->   9.839948911148255E-003  4.166620026779810E-008
 
    done
 
 
    Generating rotation matrices...
    done
 
    Saving...
    node-pairs...
    metric quantities...
    axisymmetric metric quantities...
    done
 
    Elapsed time   0.8597E+00 s
 


=======================================================================
=======================================================================
                     MESH ADAPTATION - LEVEL 10
 
  -------------------------------------------------------------------
    DARWIN
  -------------------------------------------------------------------
    CFD Laboratory - McGill University
    2009-2012 - Marco Fossati
    Department of Aerospace Engineering - Politecnico di Milano
    2003-2009 - Alberto Guardone, Marco Fossati
 
    Reading grid 9 ...
    Reading SU2 solution
    - equations:  RANS SST model
    - thermodynamics:  not used
 
    Adapt grid from level 9 to level *
    Averaging error...
    Quality enforcement...
    - edges marked for quality enforcement:       20
 
    Grid 1 nodes     8398 element    12044
    Grid 2 nodes     8902 element    12548
    Grid 3 nodes     9064 element    12722
    Grid 4 nodes     9064 element    12722
    Grid 5 nodes     9064 element    12722
    Grid 6 nodes     9106 element    12764
    Grid 7 nodes     9108 element    12768
    Grid 8 nodes     9141 element    12813
    Grid 9 nodes     9212 element    12934
    Grid * nodes     9301 element    13091
 
    Postprocessing
    - errors.INL.plt
    - admesh.INL.plt
    - admesh.INL.su2
 


=======================================================================
=======================================================================
                            SU2 - LEVEL 10



MPI - REPORT BINDINGS:

-------------------------------------------------------------------------
|    ___ _   _ ___                                                      |
|   / __| | | |_  )   Release 7.5.1 "Blackbird"                         |
|   \__ \ |_| |/ /                                                      |
|   |___/\___//___|   Suite (Computational Fluid Dynamics Code)         |
|                                                                       |
-------------------------------------------------------------------------
| SU2 Project Website: https://su2code.github.io                        |
|                                                                       |
| The SU2 Project is maintained by the SU2 Foundation                   |
| (http://su2foundation.org)                                            |
-------------------------------------------------------------------------
| Copyright 2012-2023, SU2 Contributors                                 |
|                                                                       |
| SU2 is free software; you can redistribute it and/or                  |
| modify it under the terms of the GNU Lesser General Public            |
| License as published by the Free Software Foundation; either          |
| version 2.1 of the License, or (at your option) any later version.    |
|                                                                       |
| SU2 is distributed in the hope that it will be useful,                |
| but WITHOUT ANY WARRANTY; without even the implied warranty of        |
| MERCHANTABILITY or FITNESS FOR A PARTICULAR PURPOSE. See the GNU      |
| Lesser General Public License for more details.                       |
|                                                                       |
| You should have received a copy of the GNU Lesser General Public      |
| License along with SU2. If not, see <http://www.gnu.org/licenses/>.   |
-------------------------------------------------------------------------

Parsing config file for zone 0

----------------- Physical Case Definition ( Zone 0 ) -------------------
Compressible RANS equations.
Turbulence model: Menter's k-omega SST-2003m with sustaining terms, and with Vorticity production.
Hybrid RANS/LES: No Hybrid RANS/LES
Mach number: 0.001.
Angle of attack (AoA): 0 deg, and angle of sideslip (AoS): 0 deg.
Reynolds number: 0. Reference length 1.
Reading and writing binary SU2 native restart files.
Read flow solution from: solution_interpolated.dat.
Dimensional simulation.
The reference area is 1 m^2.
The semi-span will be computed using the max y(3D) value.
The reference length is 1 m.
Reference origin for moment evaluation is (0, 0, 0).
Surface(s) where the force coefficients are evaluated: 4.

Surface(s) plotted in the output file: 4.
Surface(s) to be analyzed in detail: 4.
Input mesh file name: admesh.INL.su2

--------------- Space Numerical Integration ( Zone 0 ) ------------------
Roe (with entropy fix = 1) solver for the flow inviscid terms.
Standard Roe without low-dissipation function.
Second order integration in space, with slope limiter.
Venkatakrishnan slope-limiting method, with constant: 0.05.
The reference element size is: 1. 
Scalar upwind solver for the turbulence model.
First order integration in space.
Average of gradients with correction (viscous flow terms).
Average of gradients with correction (viscous turbulence terms).
Gradient for upwind reconstruction: unweighted Least-Squares.
Gradient for viscous and source terms: Green-Gauss.

--------------- Time Numerical Integration  ( Zone 0 ) ------------------
Local time stepping (steady state simulation).
Euler implicit method for the flow equations.
FGMRES is used for solving the linear system.
Using a ILU(0) preconditioning.
Convergence criteria of the linear solver: 1e-06.
Max number of linear iterations: 20.
CFL adaptation. Factor down: 0.5, factor up: 1.25,
                lower limit: 0.1, upper limit: 5,
                acceptable linear residual: 0.001.
Courant-Friedrichs-Lewy number:        1
Euler implicit time integration for the turbulence model.

------------------ Convergence Criteria  ( Zone 0 ) ---------------------
Maximum number of solver subiterations: 3000.
Begin convergence monitoring at iteration 10.
Residual minimum value: 1e-20.
Cauchy series min. value: 1e-10.
Number of Cauchy elements: 100.
Begin windowed time average at iteration 0.

-------------------- Output Information ( Zone 0 ) ----------------------
File writing frequency: 
+------------------------------------+
|                     File| Frequency|
+------------------------------------+
|                  RESTART|      1000|
|            RESTART_ASCII|      1000|
|                 PARAVIEW|      1000|
|            TECPLOT_ASCII|      1000|
|         SURFACE_PARAVIEW|      1000|
+------------------------------------+
Writing the convergence history file every 1 inner iterations.
Writing the screen convergence history every 50 inner iterations.
The tabular file format is CSV (.csv).
Convergence history file name: history_2nd.
Forces breakdown file name: forces_breakdown.dat.
Surface file name: surface_flow.
Volume file name: flow.
Restart file name: solution.dat.

------------- Config File Boundary Information ( Zone 0 ) ---------------
+-----------------------------------------------------------------------+
|                        Marker Type|                        Marker Name|
+-----------------------------------------------------------------------+
|                     Symmetry plane|                                  6|
+-----------------------------------------------------------------------+
|                   Riemann boundary|                                  1|
|                                   |                                  5|
+-----------------------------------------------------------------------+
|                     Heat flux wall|                                 w2|
|                                   |                                 w3|
|                                   |                                 w4|
+-----------------------------------------------------------------------+

-------------------- Output Preprocessing ( Zone 0 ) --------------------

WARNING: SURFACE_PRESSURE_DROP can only be computed for at least 2 surfaces (outlet, inlet, ...)

Screen output fields: INNER_ITER, RMS_DENSITY, NONPHYSICAL_POINTS
History output group(s): ITER, RMS_RES
Ignoring Convergence Field(s): RESIDUAL 
Warning: No (valid) fields chosen for convergence monitoring. Convergence monitoring inactive.
Warning: No (valid) fields chosen for time convergence monitoring. Time convergence monitoring inactive.
Volume output fields: COORDINATES, SOLUTION, PRIMITIVE

------------------- Geometry Preprocessing ( Zone 0 ) -------------------
Two dimensional problem.
9301 grid points before partitioning.
13091 volume elements before partitioning.
6 surface markers.
31 boundary elements in index 0 (Marker = 1).
85 boundary elements in index 1 (Marker = w2).
77 boundary elements in index 2 (Marker = w3).
91 boundary elements in index 3 (Marker = w4).
35 boundary elements in index 4 (Marker = 5).
102 boundary elements in index 5 (Marker = 6).
Executing the partitioning functions.
Building the graph adjacency structure.
Calling ParMETIS... graph partitioning complete (492 edge cuts).
Distributing ParMETIS coloring.
Rebalancing vertices.
Rebalancing volume element connectivity.
Rebalancing markers and surface elements.
9938 vertices including ghost points. 
13581 interior elements including halo cells. 
8360 triangles.
5221 quadrilaterals.
Establishing MPI communication patterns.
Setting point connectivity.
Renumbering points (Reverse Cuthill McKee Ordering).
Recomputing point connectivity.
Setting element connectivity.
Checking the numerical grid orientation.
All volume elements are correctly orientend.
There has been a re-orientation of 430 LINE surface elements.
Identifying edges and vertices.
Setting the control volume structure.
Area of the computational grid: 1131.3.
Searching for the closest normal neighbors to the surfaces.
Storing a mapping from global to local point index.
Compute the surface curvature.
Max K: 104.146. Mean K: 0.600352. Standard deviation K: 7.13396.
Checking for periodicity.
Computing mesh quality statistics for the dual control volumes.
+--------------------------------------------------------------+
|           Mesh Quality Metric|        Minimum|        Maximum|
+--------------------------------------------------------------+
|    Orthogonality Angle (deg.)|        48.6973|             90|
|     CV Face Area Aspect Ratio|        1.00028|        1965.41|
|           CV Sub-Volume Ratio|              1|        209.338|
+--------------------------------------------------------------+
Finding max control volume width.
Communicating number of neighbors.
Wetted area = 0 m^2.
Area projection in the x-plane = 0 m, y-plane = 0 m.
Max. coordinate in the x-direction = -1e+10 m, y-direction = -1e+10 m.
Min. coordinate in the x-direction = 1e+10 m, y-direction = 1e+10 m.
Checking if Euler & Symmetry markers are straight/plane:
Boundary marker 6 is a single straight.
Computing wall distances.

-------------------- Solver Preprocessing ( Zone 0 ) --------------------
Viscous flow: Computing pressure using the ideal gas law
based on the free-stream temperature and a density computed
from the Reynolds number.
Force coefficients computed using free-stream values.

-- Models:
+------------------------------------------------------------------------------+
|          Viscosity Model|        Conductivity Model|              Fluid Model|
+------------------------------------------------------------------------------+
|               SUTHERLAND|          CONSTANT_PRANDTL|                IDEAL_GAS|
+------------------------------------------------------------------------------+
-- Fluid properties:
+------------------------------------------------------------------------------+
|                  Name|    Dim. value|    Ref. value|      Unit|Non-dim. value|
+------------------------------------------------------------------------------+
|        Ref. Viscosity|     1.716e-05|             1|   N.s/m^2|     1.716e-05|
|      Sutherland Temp.|        273.15|             1|         K|        273.15|
|     Sutherland Const.|         110.4|             1|         K|         110.4|
+------------------------------------------------------------------------------+
|        Prandtl (Lam.)|             -|             -|         -|          0.72|
|       Prandtl (Turb.)|             -|             -|         -|           0.9|
+------------------------------------------------------------------------------+
|          Gas Constant|           297|             1|  N.m/kg.K|           297|
|      Spec. Heat Ratio|             -|             -|         -|           1.4|
+------------------------------------------------------------------------------+
-- Initial and free-stream conditions:
+------------------------------------------------------------------------------+
|                  Name|    Dim. value|    Ref. value|      Unit|Non-dim. value|
+------------------------------------------------------------------------------+
|       Static Pressure|        100000|             1|        Pa|        100000|
|               Density|       1.12233|             1|    kg/m^3|       1.12233|
|           Temperature|           300|             1|         K|           300|
|          Total Energy|        222750|             1|   m^2/s^2|        222750|
|            Velocity-X|      0.353186|             1|       m/s|      0.353186|
|            Velocity-Y|             0|             1|       m/s|             0|
|    Velocity Magnitude|      0.353186|             1|       m/s|      0.353186|
+------------------------------------------------------------------------------+
|             Viscosity|   1.84592e-05|             1|   N.s/m^2|   1.84592e-05|
|          Conductivity|             -|             1|   W/m^2.K|             -|
|     Turb. Kin. Energy|   0.000467775|             1|   m^2/s^2|   0.000467775|
|     Spec. Dissipation|       2.84412|             1|       1/s|       2.84412|
+------------------------------------------------------------------------------+
|           Mach Number|             -|             -|         -|         0.001|
|       Reynolds Number|             -|             -|         -|         21474|
+------------------------------------------------------------------------------+
Initialize Jacobian structure (Navier-Stokes). MG level: 0.
Initialize Jacobian structure (SST model).

The number of points in the restart file (9212) does not match the mesh (9301).
A recursive nearest neighbor interpolation will be performed.
Number of recursions: 1.
Elapsed time: 0.0092151s.


The number of points in the restart file (9212) does not match the mesh (9301).
A recursive nearest neighbor interpolation will be performed.
Number of recursions: 1.
Elapsed time: 0.00874924s.


------------------- Numerics Preprocessing ( Zone 0 ) -------------------

----------------- Integration Preprocessing ( Zone 0 ) ------------------

------------------- Iteration Preprocessing ( Zone 0 ) ------------------
Euler/Navier-Stokes/RANS fluid iteration.

------------------------------ Begin Solver -----------------------------

Simulation Run using the Single-zone Driver
WARNING: SU2 was not compiled for an AVX-capable architecture. Performance could be better,
         see https://su2code.github.io/docs_v7/Build-SU2-Linux-MacOS/#compiler-optimizations
+--------------------------------------+
|  Inner_Iter|    rms[Rho]|Nonphysical_|
+--------------------------------------+
|           0|   -0.306544|           0|
|          50|   -0.942020|           0|
|         100|   -0.903917|           0|
|         150|   -1.002276|           0|
|         200|   -0.906301|           0|
|         250|   -1.303883|           0|
|         300|   -0.897514|           0|
|         350|   -0.870718|           0|
|         400|   -1.194640|           0|
|         450|   -1.091593|           0|
|         500|   -1.017378|           0|
|         550|   -1.342883|           0|
|         600|   -1.032559|           0|
|         650|   -1.104711|           0|
|         700|   -1.633084|           0|
|         750|   -1.666655|           0|
|         800|   -0.884463|           0|
|         850|   -1.229898|           0|
|         900|   -1.439319|           0|
|         950|   -1.133164|           0|
|        1000|   -1.717397|           0|
+-----------------------------------------------------------------------+
|        File Writing Summary       |              Filename             |
+-----------------------------------------------------------------------+
|SU2 binary restart                 |solution.dat                       |
|SU2 ASCII restart                  |solution.csv                       |
|Paraview                           |flow.vtu                           |
|Tecplot ASCII                      |flow.dat                           |
|Paraview surface                   |surface_flow.vtu                   |
+-----------------------------------------------------------------------+
+--------------------------------------+
|  Inner_Iter|    rms[Rho]|Nonphysical_|
+--------------------------------------+
|        1050|   -1.387232|           0|
|        1100|   -1.594103|           0|
|        1150|   -1.362924|           0|
|        1200|   -1.784180|           0|
|        1250|   -1.986881|           0|
|        1300|   -1.458037|           0|
|        1350|   -2.247325|           0|
|        1400|   -1.330541|           0|
|        1450|   -0.894469|           0|
|        1500|   -0.989907|           0|
|        1550|   -1.092217|           0|
|        1600|   -1.341544|           0|
|        1650|   -1.207572|           0|
|        1700|   -1.374384|           0|
|        1750|   -1.313538|           0|
|        1800|   -1.334871|           0|
|        1850|   -1.806535|           0|
|        1900|   -1.905872|           0|
|        1950|   -1.866281|           0|
|        2000|   -2.138181|           0|
+-----------------------------------------------------------------------+
|        File Writing Summary       |              Filename             |
+-----------------------------------------------------------------------+
|SU2 binary restart                 |solution.dat                       |
|SU2 ASCII restart                  |solution.csv                       |
|Paraview                           |flow.vtu                           |
|Tecplot ASCII                      |flow.dat                           |
|Paraview surface                   |surface_flow.vtu                   |
+-----------------------------------------------------------------------+
+--------------------------------------+
|  Inner_Iter|    rms[Rho]|Nonphysical_|
+--------------------------------------+
|        2050|   -2.031853|           0|
|        2100|   -0.908661|           0|
|        2150|   -0.919286|           0|
|        2200|   -1.237678|           0|
|        2250|   -0.926600|           0|
|        2300|   -1.424317|           0|
|        2350|   -1.331762|           0|
|        2400|   -1.303910|           0|
|        2450|   -0.929728|           0|
|        2500|   -1.284319|           0|
|        2550|   -0.990863|           0|
|        2600|   -1.403332|           0|
|        2650|   -1.263976|           0|
|        2700|   -1.276998|           0|
|        2750|   -1.428272|           0|
|        2800|   -1.376558|           0|
|        2850|   -1.934560|           0|
|        2900|   -1.014815|           0|
|        2950|   -0.937010|           0|
|        2999|   -1.360692|           0|

----------------------------- Solver Exit -------------------------------

Maximum number of iterations reached (ITER = 3000) before convergence.
+-----------------------------------------------------------------------+
|      Convergence Field     |     Value    |   Criterion  |  Converged |
+-----------------------------------------------------------------------+
+-----------------------------------------------------------------------+
-------------------------------------------------------------------------
+-----------------------------------------------------------------------+
|        File Writing Summary       |              Filename             |
+-----------------------------------------------------------------------+
|SU2 binary restart                 |solution.dat                       |
|SU2 ASCII restart                  |solution.csv                       |
|Paraview                           |flow.vtu                           |
|Tecplot ASCII                      |flow.dat                           |
|Paraview surface                   |surface_flow.vtu                   |
+-----------------------------------------------------------------------+

------------------------- Solver Postprocessing -------------------------
Deleted CNumerics container.
Deleted CIntegration container.
Deleted CSolver container.
Deleted CIteration container.
Deleted CInterface container.
Deleted CGeometry container.
Deleted CFreeFormDefBox class.
Deleted CSurfaceMovement class.
Deleted CVolumetricMovement class.
Deleted CConfig container.
Deleted nInst container.
Deleted COutput class.
-------------------------------------------------------------------------

------------------------- Exit Success (SU2_CFD) ------------------------

mv: cannot stat 'history_2nd.csv': No such file or directory

real	6m42.256s
user	48m51.126s
sys	0m14.186s
